2026-09-02T11:26:15Z	arith_court.py	0	АРИФМЕТИКА PASS: 0 ложных равенств из 55337 судимых (107 файлов, неразобрано 90342)
2026-09-02T11:26:16Z	algo_court.py	0	АЛГОРИТМЫ PASS: 0 ложных утверждений из 4181 судимых (107 файлов)
2026-09-02T11:27:05Z	formula_court.py	0	ФОРМУЛЫ PASS: 0 ложных записей из 7527 судимых (107 файлов)
2026-09-02T11:27:08Z	logic_court.py	0	ЛОГИКА PASS: 0 ложных утверждений из 3579 судимых (107 файлов)
2026-09-02T11:27:09Z	physics_court.py	0	ФИЗИКА PASS: 0 ложных утверждений из 1300 судимых (107 файлов)
2026-09-02T11:27:11Z	cyber_court.py	0	КИБЕРНЕТИКА PASS: 0 ложных утверждений из 850 судимых (107 файлов)
2026-09-02T11:27:13Z	agreement_court.py	0	СОГЛАСОВАНИЕ PASS: 0 рассогласований при рубеже 0 (2363 верных, 107 файлов, закон 2)
2026-09-02T11:27:16Z	notation_court.py	0	ЗАПИСЬ PASS: 0 ложных записей из 1058 судимых (107 файлов)
2026-09-02T11:27:18Z	unit_court.py	0	ЕДИНИЦЫ PASS: 0 ложных переводов из 1080 судимых (107 файлов)
2026-09-02T11:27:20Z	number_court.py	0	ЧИСЛА PASS: 0 ложных из 3130 судимых (107 файлов)
2026-09-02T11:27:23Z	inquiry_court.py	0	ДОЗНАНИЕ PASS: 0 ложных из 2770 судимых (107 файлов)
2026-09-02T11:27:24Z	surfaces_court.py	0	ПОВЕРХНОСТИ PASS: 0 ложных из 2200 судимых (107 файлов)
2026-09-02T11:27:25Z	markdown_court.py	0	РАЗМЕТКА-ПОЛНАЯ PASS: 0 ложных из 4265 судимых (107 файлов, обратимость дома цела)
2026-09-02T11:27:26Z	doctree_court.py	0	СТРУКТУРА PASS: 0 ложных из 1290 судимых (107 файлов, дерево обратимо)
2026-09-02T11:27:28Z	rates_court.py	0	СТАВКИ PASS: 0 ложных из 885 судимых (107 файлов)
2026-09-02T11:27:31Z	formula_lang_court.py	0	КОНВЕРСИЯ PASS: 0 ложных из 2590 судимых (107 файлов)
2026-09-02T11:27:33Z	percent_court.py	0	ПРОЦЕНТЫ PASS: 0 ложных из 720 судимых (107 файлов)
2026-09-02T11:27:34Z	average_court.py	0	СВОДКА PASS: 0 ложных из 1300 судимых (107 файлов)
2026-09-02T11:27:36Z	equation_court.py	0	УРАВНЕНИЕ PASS: 0 ложных из 2420 судимых (107 файлов)
2026-09-02T11:27:37Z	dataformat_court.py	0	ФОРМАТЫ PASS: 0 ложных из 1040 судимых (107 файлов, обратимость дома цела)
2026-09-02T11:27:40Z	everyday_court.py	0	БЫТ PASS: 0 ложных из 4813 судимых (107 файлов)
2026-09-02T11:27:41Z	story_chain_court.py	0	ЦЕПОЧКА PASS: 0 ложных из 890 судимых (107 файлов)
2026-09-02T11:27:42Z	age_court.py	0	ВОЗРАСТ PASS: 0 ложных из 1112 судимых (107 файлов)
2026-09-02T11:27:42Z	halves_court.py	0	ПОЛОВИНЫ PASS: 0 ложных из 1240 судимых (107 файлов)
2026-09-02T11:27:43Z	inquiry_de_fr_court.py	0	ДОЗНАНИЕ-DE-FR PASS: 0 ложных из 1800 судимых (107 файлов)
2026-09-02T11:27:44Z	ru_conversion_court.py	0	РУССКИЙ ПЕРЕВОД PASS: 0 ложных из 95 судимых (107 файлов)
2026-09-02T11:27:44Z	selfmeasure_court.py	0	РАССКАЗ О СЕБЕ PASS: 0 ложных из 140 судимых (107 файлов)
2026-09-02T11:27:45Z	ru_compare_court.py	0	РУССКОЕ СРАВНЕНИЕ PASS: 0 ложных из 225 судимых (107 файлов)
2026-09-02T11:27:45Z	ru_story_court.py	0	РУССКАЯ ЗАДАЧА PASS: 0 ложных из 685 судимых (107 файлов)
2026-09-02T11:27:46Z	inquiry_es_it_court.py	0	ДОЗНАНИЕ-ES-IT PASS: 0 ложных из 1196 судимых (107 файлов)
2026-09-02T11:27:47Z	share_court.py	0	ДОЛЯ PASS: 0 ложных из 988 судимых (107 файлов)
2026-09-02T11:27:48Z	compare_mult_court.py	0	КРАТНОЕ PASS: 0 ложных из 1579 судимых (107 файлов)
2026-09-02T11:27:49Z	sequence_court.py	0	ПОСЛЕДОВАТЕЛЬНОСТИ PASS: 0 ложных из 4000 судимых (107 файлов)
2026-09-02T11:27:50Z	geometry_court.py	0	ГЕОМЕТРИЯ PASS: 0 ложных из 2902 судимых (107 файлов)
2026-09-02T11:27:50Z	linalg_court.py	0	ВЕКТОР PASS: 0 ложных из 3028 судимых (107 файлов)
2026-09-02T11:27:51Z	calendar_court.py	0	КАЛЕНДАРЬ PASS: 0 ложных из 1795 судимых (107 файлов)
2026-09-02T11:27:52Z	speech_court.py	0	РЕЧЬ PASS: 0 ложных из 3770 судимых (107 файлов)
2026-09-02T11:27:54Z	rugram_court.py	0	РУССКОЕ СОГЛАСОВАНИЕ PASS: 0 ложных из 8637 судимых (107 файлов)
2026-09-02T11:27:54Z	physlaw_court.py	0	ЗАКОНЫ ФИЗИКИ PASS: 0 ложных из 1390 судимых (107 файлов)
2026-09-02T11:27:55Z	compsci_court.py	0	ИНФОРМАТИКА PASS: 0 ложных из 1394 судимых (107 файлов)
2026-09-02T11:27:56Z	case_court.py	0	ПАДЕЖ PASS: 0 ложных из 2156 судимых (107 файлов)
2026-09-02T11:27:56Z	valence_court.py	0	ОЦЕНКА PASS: 0 ложных из 1350 судимых (107 файлов)
2026-09-02T11:27:57Z	shadow_court.py	0	ЗАТЕНЕНИЕ PASS: 0 имён определены дважды (204 файлов, рубеж 0)
2026-09-02T11:28:14Z	syllabus_court.py	0	ПОЛНОТА PASS: 0 предметов свода не покрыты из 62 (рубеж 0, 107 файлов)
2026-09-02T11:28:21Z	richness_court.py	0	БОГАТСТВО[показано] PASS: не показаны 0 форм из 20 и 0 стыков из 6 (рубеж 0, 107 файлов); КУПЛЕНО и ИСПОЛНЕНО мерятся на стороне организма
2026-09-02T11:28:32Z	langpack_court.py	0	ЯЗЫКИ PASS: 29 зелёных из 29, красных 0 (рубеж 6)
2026-09-02T11:28:33Z	langrule_court.py	0	ПРАВИЛО ЯЗЫКА PASS: 0 разладов формы с правилом из 1014 сверенных (19 пакетов с правилом из 29)
2026-09-02T11:29:28Z	external:holon-heldout	0	HOLDOUT-3 (sha 92bc0367, бинарь f61b4e57): третья группа 60/60 wrong=0 — простота 26, делимость 14, инъективность 10, условие 10; пространство контроль 30/30 wrong=0
2026-09-02T11:29:28Z	external:holon-surfaces	0	рынок поверхностей (b81d56f2): имена глифов RU 12/12, преобразования сетки 12/12 — 24/24 wrong=0; QA-SURFACE купил 7 рамок
2026-09-02T11:30:49Z	claims_court.py	1	РОДЫ FAIL: 365 строк прочтены НЕ ХОЗЯИНОМ рода из 21707 с видимым родом (рубеж 0, 107 файлов, родов объявлено 4)
2026-09-02T11:30:50Z	program_court.py	0	ПРОГРАММЫ PASS: 0 ложных из 1428 судимых (107 файлов)
2026-09-02T11:30:51Z	statistics_court.py	0	СТАТИСТИКА PASS: 0 ложных из 1088 судимых (107 файлов)
2026-09-02T11:30:53Z	proof_court.py	0	ДОКАЗАТЕЛЬСТВО PASS: 0 ложных из 925 судимых (107 файлов)
2026-09-02T11:30:53Z	machine_court.py	0	МАШИНА PASS: 0 ложных из 2268 судимых (107 файлов)
2026-09-02T11:30:57Z	episode_court.py	0	ЭПИЗОД PASS: 0 ложных из 12381 судимых (107 файлов), вне владения 12 слов: ['day', 'dollar', 'foot', 'hour', 'kilometer']
2026-09-02T11:30:58Z	copula_court.py	0	СВЯЗКИ PASS: 0 ложных из 380 судимых (107 файлов), НЕЗНАКОМЫХ ПАР 14942: ['contain: does the node body contain the node liquid? in the tree of kinds the node body / the node liquid', 'contain: does the node measure contain the node weight? in the tree of kinds the node measure / the node weight', 'contain: does the node sign contain the node digit? in the tree of kinds the node sign / the node digit']
2026-09-02T11:30:59Z	markup_court.py	0	РАЗМЕТКА PASS: 0 ложных из 5840 судимых (107 файлов)
2026-09-02T11:31:12Z	langlayer_court.py	0	ПЛАСТ PASS: 0 необъявленных слов (84389 строк, 29 пластов)
2026-09-02T11:31:12Z	langform_court.py	0	ФОРМА ПЛАСТА PASS: 0 ложных из 67533 судимых (84389 строк пласта, 29 пластов, дословных 940, рамок без опознавателя 3, рубеж 0)
2026-09-02T11:31:12Z	gsm_census.py	0	GSM-CENSUS PASS: 0 расхождений (72 выведено, 69 в слое, 3 удержано)
2026-09-02T11:31:16Z	reproducible.py	0	ВОСПРОИЗВОДИМОСТЬ PASS: 0 расхождений из 77 сличённых (без объявленной цели 0, рубеж 0)
2026-09-02T11:31:16Z	bash32_court.py	0	BASH32-COURT PASS: ни одного имени, съедаемого bash 3.2
2026-09-02T11:31:17Z	manifest_court.py	0	МАНИФЕСТ PASS: 0 разладов объявления с делом (187 миров, сборок 2, обязательств дела 133)
2026-09-02T11:35:12Z	external:holon-heldout	0	HOLDOUT-4 (13 566 032 Б, бинарь b81d56f2, 236 вопросов): третья группа 60/60 wrong=0; пространство — соседи 30/30, ответ-сетка 12/12; глифы — имена 12/12; итого 54/54 wrong=0; HIDDEN 0/75 — роды без повествования и вопроса, природа органа композиции (e9), не корпуса
2026-09-02T13:01:23Z	prose_court.py	1	ПРОЗА FAIL: 0 разладов объявления (рубеж 0) и 11193 возражений судов (рубеж 12, чтение вне подсудности) — 78 миров, 828893 строк, прочтено 25148 (3%), судов живых 63
2026-09-02T13:01:29Z	mutants.py	0	МУТАНТЫ PASS: 9 полей из 9 поймали свою подсадку, чужих задето 0
2026-09-02T13:01:29Z	lexicon_reach.py	0	ОХВАТ PASS: 366 из 366 объявленных слов прожиты >=2 раз (100% при рубеже 100%)
2026-09-02T13:01:30Z	inquiry_pt_nl_court.py	0	ДОЗНАНИЕ-PT-NL PASS: 0 ложных из 1800 судимых (108 файлов)
2026-09-02T13:01:32Z	inquiry_pl_tr_court.py	0	ДОЗНАНИЕ-PL-TR PASS: 0 ложных из 1235 судимых (108 файлов)
2026-09-02T13:01:34Z	metalang_court.py	0	МЕТАЯЗЫК PASS: 0 ложных из 1934 судимых (108 файлов)
2026-09-02T13:01:35Z	glyph_court.py	0	ГЛИФЫ PASS: 0 ложных, 1085 истинных, 0 несудимых
2026-09-02T13:01:35Z	space_court.py	0	ПРОСТРАНСТВО PASS: 0 ложных, 1645 истинных, 0 несудимых
2026-09-02T13:01:35Z	stenogram_court.py	0	СТЕНОГРАММЫ PASS: 0 ложных, 550 истинных, 0 несудимых
2026-09-02T13:01:35Z	mathspaces_court.py	0	ПРОСТРАНСТВА PASS: 0 ложных, 652 истинных, 0 несудимых
2026-09-02T13:01:37Z	relation_court.py	0	СТРОЕНИЕ PASS: 0 ложных из 3612 судимых (108 файлов, структуры обходимы)
2026-09-02T13:01:55Z	court_mutants.py	1	МУТАНТЫ СУДОВ FAIL: 59 поймали, 2 онемели, 1 не поймали (рубеж 1), 0 со свободным числом, 2 без числовой истинной строки, 1 без истинной строки вовсе (судов 65)
2026-09-02T13:01:56Z	panel_court.py	1	СОСТАВ FAIL: 8 расхождений (рубеж 0) — палата: судов живых 65, незаявленных 7, призраков 0; набор: приборов 83, вне набора 1, призраков 0
2026-09-02T13:01:57Z	concept_reach.py	0	ОХВАТ ПОНЯТИЯ PASS: 1115 из 11204 предметов показаны (9%); не показано из НАШИХ сводов 6090 (рубеж 6556), из полки 3999 — 100 корпусов прозы, отсеяно рубрик 303, слов в показах 5725
2026-09-02T13:02:20Z	ask_reach.py	0	ВОПРОСНАЯ ПОВЕРХНОСТЬ ОТЧЁТ: 106 из 108 миров спрашивают, только сообщают 2; вопросных строк 58382 из 236577 (24%); миров с непроверяемым вопросом 1
2026-09-02T13:02:21Z	band_reach.py	0	МИР × ПОЛОСА ОТЧЁТ: строк реестра 46, исполнимых опознаний 33, расхождений записи 2, родов без мира 11; миров показов 108, из них без полосы 98; полос в реестре 5
2026-09-02T13:02:22Z	biblio_reach.py	0	БИБЛИОТЕКА PASS: названо 1684 источников (12 трудов по заглавию, 1672 по автору с годом), НЕТ НА ПОЛКЕ 1602 — из них свободно по праву 327, защищено 1269; корпусов прозы 7
2026-09-02T13:02:24Z	ruverbs_court.py	0	РУССКИЕ ГЛАГОЛЫ PASS: 0 ложных из 758 судимых (210 файлов, рубеж 0)
2026-09-02T13:02:27Z	script_court.py	0	ПИСЬМО PASS: 0 смешанных слов в 236577 строках показов (108 файлов, рубеж 0)
2026-09-02T13:02:48Z	word_mutants.py	0	ПОДСАДКА СЛОВОМ ОТЧЁТ: проб 2363 — ПОЙМАН 1793 (75%), ОНЕМЕЛ 441 (18%), НЕ ПОЙМАН 129 (5%); строк без слова 21601; миров с дырой 48
2026-09-02T13:07:08Z	shelf_court.py	0	ПОЛКА PASS: 0 разладов объявления с делом (рубеж 0), никем не читаемых 66 миров, недоговорено 4 — оба числа считаны, но не судимы — 93 миров полки, судов живых 65
2026-09-02T13:07:26Z	ask_width.py	1	ШИРОТА ВОПРОСА FAIL: 466 из 1299 родов суда имеют вопросную поверхность (35%); БЕЗ ВОПРОСА 833 (рубеж 745) — от судов 833, от манифеста 0; роды объявлены судами (57 из 68, образцов 1378, вопросных слов от пакетов 33); от манифеста 40 актов в 21 мирах — с вопросом 0, без 0, не разрешено 40; строк без рода 108961 из 236577
2026-09-02T13:07:28Z	notationvar_court.py	0	НАЧЕРТАНИЕ PASS: 0 ложных из 16158 судимых (210 файлов, рубеж 0)
2026-09-02T13:08:50Z	prosetree_court.py	1	ДЕРЕВО ПРОЗЫ FAIL: 71 ложных из 11586 судимых (100 файлов)
2026-09-02T13:08:51Z	longdiv_court.py	0	УГОЛ PASS: 0 ложных из 1695 судимых (108 файлов)
2026-09-02T13:21:45Z	coverage.py	0	СУДИМОСТЬ PASS: 236577 из 236577 строк судимы (100% при рубеже 100%, судов живых 65), слепых 0, зачтено словарём пакета 2007 (0% свода, долг 2007)
2026-09-02T14:34:59Z	arith_court.py	0	АРИФМЕТИКА PASS: 0 ложных равенств из 56355 судимых (110 файлов, неразобрано 94939)
2026-09-02T14:35:00Z	algo_court.py	0	АЛГОРИТМЫ PASS: 0 ложных утверждений из 4181 судимых (110 файлов)
2026-09-02T14:35:49Z	formula_court.py	0	ФОРМУЛЫ PASS: 0 ложных записей из 7527 судимых (110 файлов)
2026-09-02T14:35:51Z	logic_court.py	0	ЛОГИКА PASS: 0 ложных утверждений из 3579 судимых (110 файлов)
2026-09-02T14:35:52Z	physics_court.py	0	ФИЗИКА PASS: 0 ложных утверждений из 1300 судимых (110 файлов)
2026-09-02T14:35:52Z	cyber_court.py	0	КИБЕРНЕТИКА PASS: 0 ложных утверждений из 850 судимых (110 файлов)
2026-09-02T14:35:53Z	agreement_court.py	1	СОГЛАСОВАНИЕ FAIL: 33 рассогласований при рубеже 0 (2375 верных, 110 файлов, закон 2)
2026-09-02T14:35:54Z	notation_court.py	0	ЗАПИСЬ PASS: 0 ложных записей из 1098 судимых (110 файлов)
2026-09-02T14:35:55Z	unit_court.py	0	ЕДИНИЦЫ PASS: 0 ложных переводов из 1080 судимых (110 файлов)
2026-09-02T14:35:56Z	number_court.py	0	ЧИСЛА PASS: 0 ложных из 3610 судимых (110 файлов)
2026-09-02T14:35:57Z	inquiry_court.py	0	ДОЗНАНИЕ PASS: 0 ложных из 2770 судимых (110 файлов)
2026-09-02T14:35:57Z	surfaces_court.py	0	ПОВЕРХНОСТИ PASS: 0 ложных из 2200 судимых (110 файлов)
2026-09-02T14:35:58Z	markdown_court.py	0	РАЗМЕТКА-ПОЛНАЯ PASS: 0 ложных из 4265 судимых (110 файлов, обратимость дома цела)
2026-09-02T14:35:58Z	doctree_court.py	0	СТРУКТУРА PASS: 0 ложных из 1290 судимых (110 файлов, дерево обратимо)
2026-09-02T14:35:59Z	rates_court.py	0	СТАВКИ PASS: 0 ложных из 885 судимых (110 файлов)
2026-09-02T14:36:01Z	formula_lang_court.py	0	КОНВЕРСИЯ PASS: 0 ложных из 2590 судимых (110 файлов)
2026-09-02T14:36:02Z	percent_court.py	0	ПРОЦЕНТЫ PASS: 0 ложных из 760 судимых (110 файлов)
2026-09-02T14:36:03Z	average_court.py	0	СВОДКА PASS: 0 ложных из 1300 судимых (110 файлов)
2026-09-02T14:36:05Z	equation_court.py	0	УРАВНЕНИЕ PASS: 0 ложных из 2420 судимых (110 файлов)
2026-09-02T14:36:06Z	dataformat_court.py	0	ФОРМАТЫ PASS: 0 ложных из 1040 судимых (110 файлов, обратимость дома цела)
2026-09-02T14:36:09Z	everyday_court.py	0	БЫТ PASS: 0 ложных из 4813 судимых (110 файлов)
2026-09-02T14:36:09Z	story_chain_court.py	0	ЦЕПОЧКА PASS: 0 ложных из 890 судимых (110 файлов)
2026-09-02T14:36:10Z	age_court.py	0	ВОЗРАСТ PASS: 0 ложных из 1112 судимых (110 файлов)
2026-09-02T14:36:11Z	halves_court.py	0	ПОЛОВИНЫ PASS: 0 ложных из 1260 судимых (110 файлов)
2026-09-02T14:36:12Z	inquiry_de_fr_court.py	0	ДОЗНАНИЕ-DE-FR PASS: 0 ложных из 1800 судимых (110 файлов)
2026-09-02T14:36:12Z	ru_conversion_court.py	0	РУССКИЙ ПЕРЕВОД PASS: 0 ложных из 95 судимых (110 файлов)
2026-09-02T14:36:13Z	selfmeasure_court.py	0	РАССКАЗ О СЕБЕ PASS: 0 ложных из 140 судимых (110 файлов)
2026-09-02T14:36:13Z	ru_compare_court.py	0	РУССКОЕ СРАВНЕНИЕ PASS: 0 ложных из 225 судимых (110 файлов)
2026-09-02T14:36:13Z	ru_story_court.py	0	РУССКАЯ ЗАДАЧА PASS: 0 ложных из 685 судимых (110 файлов)
2026-09-02T14:36:15Z	inquiry_es_it_court.py	0	ДОЗНАНИЕ-ES-IT PASS: 0 ложных из 1196 судимых (110 файлов)
2026-09-02T14:36:15Z	share_court.py	0	ДОЛЯ PASS: 0 ложных из 988 судимых (110 файлов)
2026-09-02T14:36:17Z	compare_mult_court.py	0	КРАТНОЕ PASS: 0 ложных из 1579 судимых (110 файлов)
2026-09-02T14:36:17Z	sequence_court.py	0	ПОСЛЕДОВАТЕЛЬНОСТИ PASS: 0 ложных из 4120 судимых (110 файлов)
2026-09-02T14:36:18Z	geometry_court.py	0	ГЕОМЕТРИЯ PASS: 0 ложных из 2902 судимых (110 файлов)
2026-09-02T14:36:19Z	linalg_court.py	0	ВЕКТОР PASS: 0 ложных из 3028 судимых (110 файлов)
2026-09-02T14:36:19Z	calendar_court.py	0	КАЛЕНДАРЬ PASS: 0 ложных из 1800 судимых (110 файлов)
2026-09-02T14:36:21Z	speech_court.py	0	РЕЧЬ PASS: 0 ложных из 3770 судимых (110 файлов)
2026-09-02T14:36:22Z	rugram_court.py	0	РУССКОЕ СОГЛАСОВАНИЕ PASS: 0 ложных из 9292 судимых (110 файлов)
2026-09-02T14:36:23Z	physlaw_court.py	0	ЗАКОНЫ ФИЗИКИ PASS: 0 ложных из 1390 судимых (110 файлов)
2026-09-02T14:36:24Z	compsci_court.py	0	ИНФОРМАТИКА PASS: 0 ложных из 1410 судимых (110 файлов)
2026-09-02T14:36:24Z	case_court.py	0	ПАДЕЖ PASS: 0 ложных из 2156 судимых (110 файлов)
2026-09-02T14:36:25Z	valence_court.py	0	ОЦЕНКА PASS: 0 ложных из 1350 судимых (110 файлов)
2026-09-02T14:36:26Z	shadow_court.py	1	ЗАТЕНЕНИЕ FAIL: 1 имён определены дважды (214 файлов, рубеж 0)
2026-09-02T14:36:45Z	syllabus_court.py	0	ПОЛНОТА PASS: 0 предметов свода не покрыты из 62 (рубеж 0, 110 файлов)
2026-09-02T14:36:53Z	richness_court.py	0	БОГАТСТВО[показано] PASS: не показаны 0 форм из 20 и 0 стыков из 6 (рубеж 0, 110 файлов); КУПЛЕНО и ИСПОЛНЕНО мерятся на стороне организма
2026-09-02T14:37:05Z	langpack_court.py	0	ЯЗЫКИ PASS: 29 зелёных из 29, красных 0 (рубеж 6)
2026-09-02T14:37:05Z	langrule_court.py	0	ПРАВИЛО ЯЗЫКА PASS: 0 разладов формы с правилом из 1014 сверенных (19 пакетов с правилом из 29)
2026-09-02T14:39:41Z	claims_court.py	1	РОДЫ FAIL: 65 строк прочтены НЕ ХОЗЯИНОМ рода из 23101 с видимым родом (рубеж 0, 110 файлов, родов объявлено 4)
2026-09-02T14:39:43Z	program_court.py	0	ПРОГРАММЫ PASS: 0 ложных из 1428 судимых (110 файлов)
2026-09-02T14:39:44Z	statistics_court.py	0	СТАТИСТИКА PASS: 0 ложных из 1088 судимых (110 файлов)
2026-09-02T14:39:45Z	proof_court.py	0	ДОКАЗАТЕЛЬСТВО PASS: 0 ложных из 1005 судимых (110 файлов)
2026-09-02T14:39:46Z	machine_court.py	0	МАШИНА PASS: 0 ложных из 2288 судимых (110 файлов)
2026-09-02T14:39:50Z	episode_court.py	0	ЭПИЗОД PASS: 0 ложных из 12381 судимых (110 файлов), вне владения 12 слов: ['day', 'dollar', 'foot', 'hour', 'kilometer']
2026-09-02T14:39:51Z	copula_court.py	0	СВЯЗКИ PASS: 0 ложных из 380 судимых (110 файлов), НЕЗНАКОМЫХ ПАР 16663: ["cause: philosophy is literally, the love of, including the search after, wisdom; in actual usage, the knowledge of phenomena as explained by, and resolved into, / and reasons, powers and laws: webster's unabridged dictionary, 1913", 'cause: электричество — это то, содержащееся в теле, что сообщает этому телу особые свойства, / в нем способность действовать механически на некоторые другие тела, притягивать или при известных условиях отталкивать их, а также вызывает в самом этом теле способность испытывать подобные же механические действия других тел: эсбе, статья «электричество»', 'contain: does the node body contain the node liquid? in the tree of kinds the node body / the node liquid']
2026-09-02T14:39:52Z	markup_court.py	0	РАЗМЕТКА PASS: 0 ложных из 5840 судимых (110 файлов)
2026-09-02T14:40:05Z	langlayer_court.py	0	ПЛАСТ PASS: 0 необъявленных слов (84389 строк, 29 пластов)
2026-09-02T14:40:05Z	langform_court.py	0	ФОРМА ПЛАСТА PASS: 0 ложных из 67533 судимых (84389 строк пласта, 29 пластов, дословных 940, рамок без опознавателя 3, рубеж 0)
2026-09-02T14:40:05Z	gsm_census.py	0	GSM-CENSUS PASS: 0 расхождений (72 выведено, 69 в слое, 3 удержано)
2026-09-02T14:40:41Z	reproducible.py	1	ВОСПРОИЗВОДИМОСТЬ FAIL: 2 расхождений из 80 сличённых (без объявленной цели 0, рубеж 0)
2026-09-02T14:40:41Z	bash32_court.py	0	BASH32-COURT PASS: ни одного имени, съедаемого bash 3.2
2026-09-02T14:40:42Z	manifest_court.py	0	МАНИФЕСТ PASS: 0 разладов объявления с делом (213 миров, сборок 2, обязательств дела 135)
2026-09-02T16:39:37Z	arith_court.py	0	АРИФМЕТИКА PASS: 0 ложных равенств из 56992 судимых (110 файлов, неразобрано 104691)
2026-09-02T16:39:39Z	algo_court.py	0	АЛГОРИТМЫ PASS: 0 ложных утверждений из 3701 судимых (110 файлов)
2026-09-02T16:40:33Z	formula_court.py	0	ФОРМУЛЫ PASS: 0 ложных записей из 7527 судимых (110 файлов)
2026-09-02T16:40:36Z	logic_court.py	0	ЛОГИКА PASS: 0 ложных утверждений из 3579 судимых (110 файлов)
2026-09-02T16:40:36Z	physics_court.py	0	ФИЗИКА PASS: 0 ложных утверждений из 1300 судимых (110 файлов)
2026-09-02T16:40:37Z	cyber_court.py	0	КИБЕРНЕТИКА PASS: 0 ложных утверждений из 1030 судимых (110 файлов)
2026-09-02T16:40:38Z	agreement_court.py	0	СОГЛАСОВАНИЕ PASS: 0 рассогласований при рубеже 0 (2381 верных, 110 файлов, закон 2)
2026-09-02T16:40:39Z	notation_court.py	0	ЗАПИСЬ PASS: 0 ложных записей из 978 судимых (110 файлов)
2026-09-02T16:40:40Z	unit_court.py	1	ValueError: too many values to unpack (expected 4)
2026-09-02T16:40:41Z	number_court.py	0	ЧИСЛА PASS: 0 ложных из 3730 судимых (110 файлов)
2026-09-02T16:40:42Z	inquiry_court.py	0	ДОЗНАНИЕ PASS: 0 ложных из 3030 судимых (110 файлов)
2026-09-02T16:40:43Z	surfaces_court.py	0	ПОВЕРХНОСТИ PASS: 0 ложных из 2200 судимых (110 файлов)
2026-09-02T16:40:43Z	markdown_court.py	0	РАЗМЕТКА-ПОЛНАЯ PASS: 0 ложных из 4265 судимых (110 файлов, обратимость дома цела)
2026-09-02T16:40:43Z	doctree_court.py	0	СТРУКТУРА PASS: 0 ложных из 1290 судимых (110 файлов, дерево обратимо)
2026-09-02T16:40:44Z	rates_court.py	0	СТАВКИ PASS: 0 ложных из 885 судимых (110 файлов)
2026-09-02T16:40:46Z	formula_lang_court.py	0	КОНВЕРСИЯ PASS: 0 ложных из 2590 судимых (110 файлов)
2026-09-02T16:40:47Z	percent_court.py	0	ПРОЦЕНТЫ PASS: 0 ложных из 640 судимых (110 файлов)
2026-09-02T16:40:47Z	average_court.py	0	СВОДКА PASS: 0 ложных из 1300 судимых (110 файлов)
2026-09-02T16:40:49Z	equation_court.py	0	УРАВНЕНИЕ PASS: 0 ложных из 3484 судимых (110 файлов)
2026-09-02T16:40:50Z	dataformat_court.py	0	ФОРМАТЫ PASS: 0 ложных из 1040 судимых (110 файлов, обратимость дома цела)
2026-09-02T16:40:53Z	everyday_court.py	0	БЫТ PASS: 0 ложных из 4813 судимых (110 файлов)
2026-09-02T16:40:53Z	story_chain_court.py	0	ЦЕПОЧКА PASS: 0 ложных из 890 судимых (110 файлов)
2026-09-02T16:40:54Z	age_court.py	0	ВОЗРАСТ PASS: 0 ложных из 1112 судимых (110 файлов)
2026-09-02T16:40:55Z	halves_court.py	0	ПОЛОВИНЫ PASS: 0 ложных из 1260 судимых (110 файлов)
2026-09-02T16:40:56Z	inquiry_de_fr_court.py	0	ДОЗНАНИЕ-DE-FR PASS: 0 ложных из 1800 судимых (110 файлов)
2026-09-02T16:40:56Z	ru_conversion_court.py	0	РУССКИЙ ПЕРЕВОД PASS: 0 ложных из 95 судимых (110 файлов)
2026-09-02T16:40:57Z	selfmeasure_court.py	0	РАССКАЗ О СЕБЕ PASS: 0 ложных из 140 судимых (110 файлов)
2026-09-02T16:40:57Z	ru_compare_court.py	0	РУССКОЕ СРАВНЕНИЕ PASS: 0 ложных из 225 судимых (110 файлов)
2026-09-02T16:40:57Z	ru_story_court.py	0	РУССКАЯ ЗАДАЧА PASS: 0 ложных из 685 судимых (110 файлов)
2026-09-02T16:40:58Z	inquiry_es_it_court.py	0	ДОЗНАНИЕ-ES-IT PASS: 0 ложных из 1196 судимых (110 файлов)
2026-09-02T16:40:59Z	share_court.py	0	ДОЛЯ PASS: 0 ложных из 988 судимых (110 файлов)
2026-09-02T16:41:00Z	compare_mult_court.py	0	КРАТНОЕ PASS: 0 ложных из 1579 судимых (110 файлов)
2026-09-02T16:41:02Z	sequence_court.py	0	ПОСЛЕДОВАТЕЛЬНОСТИ PASS: 0 ложных из 4440 судимых (110 файлов)
2026-09-02T16:41:03Z	geometry_court.py	0	ГЕОМЕТРИЯ PASS: 0 ложных из 3202 судимых (110 файлов)
2026-09-02T16:41:04Z	linalg_court.py	0	ВЕКТОР PASS: 0 ложных из 3308 судимых (110 файлов)
2026-09-02T16:41:05Z	calendar_court.py	0	КАЛЕНДАРЬ PASS: 0 ложных из 1800 судимых (110 файлов)
2026-09-02T16:41:06Z	speech_court.py	0	РЕЧЬ PASS: 0 ложных из 3770 судимых (110 файлов)
2026-09-02T16:41:08Z	rugram_court.py	0	РУССКОЕ СОГЛАСОВАНИЕ PASS: 0 ложных из 9472 судимых (110 файлов)
2026-09-02T16:41:09Z	physlaw_court.py	0	ЗАКОНЫ ФИЗИКИ PASS: 0 ложных из 1570 судимых (110 файлов)
2026-09-02T16:41:10Z	compsci_court.py	0	ИНФОРМАТИКА PASS: 0 ложных из 1570 судимых (110 файлов)
2026-09-02T16:41:11Z	case_court.py	0	ПАДЕЖ PASS: 0 ложных из 2156 судимых (110 файлов)
2026-09-02T16:41:12Z	valence_court.py	0	ОЦЕНКА PASS: 0 ложных из 1350 судимых (110 файлов)
2026-09-02T16:41:12Z	shadow_court.py	0	ЗАТЕНЕНИЕ PASS: 0 имён определены дважды (221 файлов, рубеж 0)
2026-09-02T16:41:32Z	syllabus_court.py	0	ПОЛНОТА PASS: 0 предметов свода не покрыты из 62 (рубеж 0, 110 файлов)
2026-09-02T16:41:41Z	richness_court.py	0	БОГАТСТВО[показано] PASS: не показаны 0 форм из 20 и 0 стыков из 6 (рубеж 0, 110 файлов); КУПЛЕНО и ИСПОЛНЕНО мерятся на стороне организма
2026-09-02T16:41:56Z	langpack_court.py	0	ЯЗЫКИ PASS: 29 зелёных из 29, красных 0 (рубеж 6)
2026-09-02T16:41:56Z	langrule_court.py	0	ПРАВИЛО ЯЗЫКА PASS: 0 разладов формы с правилом из 1014 сверенных (19 пакетов с правилом из 29)
2026-09-02T16:45:30Z	claims_court.py	0	РОДЫ PASS: 0 строк прочтены НЕ ХОЗЯИНОМ рода из 23276 с видимым родом (рубеж 0, 110 файлов, родов объявлено 4)
2026-09-02T16:45:32Z	program_court.py	0	ПРОГРАММЫ PASS: 0 ложных из 1428 судимых (110 файлов)
2026-09-02T16:45:34Z	statistics_court.py	0	СТАТИСТИКА PASS: 0 ложных из 1288 судимых (110 файлов)
2026-09-02T16:45:36Z	proof_court.py	0	ДОКАЗАТЕЛЬСТВО PASS: 0 ложных из 1005 судимых (110 файлов)
2026-09-02T16:45:37Z	machine_court.py	0	МАШИНА PASS: 0 ложных из 2288 судимых (110 файлов)
2026-09-02T16:45:41Z	episode_court.py	0	ЭПИЗОД PASS: 0 ложных из 12276 судимых (110 файлов), вне владения 12 слов: ['day', 'dollar', 'foot', 'hour', 'kilometer']
2026-09-02T16:45:43Z	copula_court.py	0	СВЯЗКИ PASS: 0 ложных из 380 судимых (110 файлов), НЕЗНАКОМЫХ ПАР 18263: ["cause: philosophy is literally, the love of, including the search after, wisdom; in actual usage, the knowledge of phenomena as explained by, and resolved into, / and reasons, powers and laws: webster's unabridged dictionary, 1913", 'cause: электричество — это то, содержащееся в теле, что сообщает этому телу особые свойства, / в нем способность действовать механически на некоторые другие тела, притягивать или при известных условиях отталкивать их, а также вызывает в самом этом теле способность испытывать подобные же механические действия других тел: эсбе, статья «электричество»', 'contain: does the node body contain the node liquid? in the tree of kinds the node body / the node liquid']
2026-09-02T16:45:44Z	markup_court.py	0	РАЗМЕТКА PASS: 0 ложных из 5840 судимых (110 файлов)
2026-09-02T16:46:02Z	langlayer_court.py	0	ПЛАСТ PASS: 0 необъявленных слов (84389 строк, 29 пластов)
2026-09-02T16:46:03Z	langform_court.py	0	ФОРМА ПЛАСТА PASS: 0 ложных из 67533 судимых (84389 строк пласта, 29 пластов, дословных 940, рамок без опознавателя 3, рубеж 0)
2026-09-02T16:46:03Z	gsm_census.py	0	GSM-CENSUS PASS: 0 расхождений (72 выведено, 69 в слое, 3 удержано)
2026-09-02T16:46:54Z	reproducible.py	0	ВОСПРОИЗВОДИМОСТЬ PASS: 0 расхождений из 80 сличённых (без объявленной цели 0, рубеж 0)
2026-09-02T16:46:55Z	bash32_court.py	0	BASH32-COURT PASS: ни одного имени, съедаемого bash 3.2
2026-09-02T16:46:55Z	manifest_court.py	0	МАНИФЕСТ PASS: 0 разладов объявления с делом (278 миров, сборок 2, обязательств дела 135)
2026-09-02T18:58:54Z	prose_court.py	1	ПРОЗА FAIL: 0 разладов объявления (рубеж 0) и 11644 возражений судов (рубеж 12, чтение вне подсудности) — 166 миров, 1014049 строк, прочтено 27076 (2%), судов живых 66
2026-09-02T18:58:59Z	mutants.py	0	МУТАНТЫ PASS: 9 полей из 9 поймали свою подсадку, чужих задето 0
2026-09-02T18:58:59Z	lexicon_reach.py	0	ОХВАТ PASS: 366 из 366 объявленных слов прожиты >=2 раз (100% при рубеже 100%)
2026-09-02T18:59:01Z	inquiry_pt_nl_court.py	0	ДОЗНАНИЕ-PT-NL PASS: 0 ложных из 1800 судимых (110 файлов)
2026-09-02T18:59:02Z	inquiry_pl_tr_court.py	0	ДОЗНАНИЕ-PL-TR PASS: 0 ложных из 1310 судимых (110 файлов)
2026-09-02T18:59:05Z	metalang_court.py	0	МЕТАЯЗЫК PASS: 0 ложных из 1934 судимых (110 файлов)
2026-09-02T18:59:05Z	glyph_court.py	0	ГЛИФЫ PASS: 0 ложных, 1125 истинных, 0 несудимых
2026-09-02T18:59:05Z	space_court.py	0	ПРОСТРАНСТВО PASS: 0 ложных, 1765 истинных, 0 несудимых
2026-09-02T18:59:05Z	stenogram_court.py	0	СТЕНОГРАММЫ PASS: 0 ложных, 550 истинных, 0 несудимых
2026-09-02T18:59:06Z	mathspaces_court.py	0	ПРОСТРАНСТВА PASS: 0 ложных, 1036 истинных, 0 несудимых
2026-09-02T18:59:06Z	gsmforms_court.py	0	ШКОЛЬНЫЕ ФОРМЫ PASS: 0 ложных, 2400 истинных, 0 несудимых
2026-09-02T18:59:15Z	definitions_court.py	0	ОПРЕДЕЛЕНИЯ PASS: 0 ложных, 2982 истинных, 0 несудимых
2026-09-02T18:59:15Z	pronoun_court.py	0	МЕСТОИМЕНИЯ PASS: 0 ложных из 240 судимых, несудимых 0
2026-09-02T18:59:17Z	relation_court.py	0	СТРОЕНИЕ PASS: 0 ложных из 3612 судимых (110 файлов, структуры обходимы)
2026-09-02T18:59:39Z	court_mutants.py	0	МУТАНТЫ СУДОВ PASS: 62 поймали, 1 онемели, 1 не поймали (рубеж 1), 0 со свободным числом, 2 без числовой истинной строки, 0 без истинной строки вовсе (судов 66)
2026-09-02T18:59:40Z	panel_court.py	0	СОСТАВ PASS: 0 расхождений (рубеж 0) — палата: судов живых 66, незаявленных 0, призраков 0; набор: приборов 83, вне набора 0, призраков 0
2026-09-02T18:59:42Z	concept_reach.py	0	ОХВАТ ПОНЯТИЯ PASS: 2907 из 17042 предметов показаны (17%); не показано из НАШИХ сводов 5134 (рубеж 6556), из полки 9001 — 166 корпусов прозы, отсеяно рубрик 555, слов в показах 9577
2026-09-02T19:00:09Z	ask_reach.py	0	ВОПРОСНАЯ ПОВЕРХНОСТЬ ОТЧЁТ: 109 из 110 миров спрашивают, только сообщают 1; вопросных строк 63945 из 246020 (25%); миров с непроверяемым вопросом 1
2026-09-02T19:00:09Z	band_reach.py	0	МИР × ПОЛОСА ОТЧЁТ: строк реестра 46, исполнимых опознаний 33, расхождений записи 2, родов без мира 11; миров показов 110, из них без полосы 100; полос в реестре 5
2026-09-02T19:00:10Z	biblio_reach.py	0	БИБЛИОТЕКА PASS: названо 1684 источников (12 трудов по заглавию, 1672 по автору с годом), НЕТ НА ПОЛКЕ 1568 — из них свободно по праву 326, защищено 1236; корпусов прозы 7
2026-09-02T19:00:13Z	ruverbs_court.py	0	РУССКИЕ ГЛАГОЛЫ PASS: 0 ложных из 758 судимых (278 файлов, рубеж 0)
2026-09-02T19:00:15Z	script_court.py	0	ПИСЬМО PASS: 0 смешанных слов в 246020 строках показов (110 файлов, рубеж 0)
2026-09-02T19:00:35Z	word_mutants.py	0	ПОДСАДКА СЛОВОМ ОТЧЁТ: проб 2418 — ПОЙМАН 1891 (78%), ОНЕМЕЛ 397 (16%), НЕ ПОЙМАН 130 (5%); строк без слова 21601; миров с дырой 49
2026-09-02T19:05:02Z	shelf_court.py	0	ПОЛКА PASS: 0 разладов объявления с делом (рубеж 0), никем не читаемых 130 миров, недоговорено 9 — оба числа считаны, но не судимы — 159 миров полки, судов живых 66
2026-09-02T19:05:14Z	ask_width.py	1	ШИРОТА ВОПРОСА FAIL: 555 из 1340 родов суда имеют вопросную поверхность (41%); БЕЗ ВОПРОСА 785 (рубеж 745) — от судов 785, от манифеста 0; роды объявлены судами (58 из 69, образцов 1356, вопросных слов от пакетов 33); от манифеста 40 актов в 21 мирах — с вопросом 0, без 0, не разрешено 40; строк без рода 109208 из 246020
2026-09-02T19:05:17Z	notationvar_court.py	0	НАЧЕРТАНИЕ PASS: 0 ложных из 16158 судимых (278 файлов, рубеж 0)
2026-09-02T19:07:03Z	prosetree_court.py	1	ДЕРЕВО ПРОЗЫ FAIL: 75 ложных из 11696 судимых (166 файлов)
2026-09-02T19:07:03Z	longdiv_court.py	0	УГОЛ PASS: 0 ложных из 1757 судимых (110 файлов)
2026-09-02T19:24:04Z	coverage.py	0	СУДИМОСТЬ PASS: 246020 из 246020 строк судимы (100% при рубеже 100%, судов живых 66), слепых 0, зачтено словарём пакета 2007 (0% свода, долг 2007)
2026-09-02T19:27:37Z	form_census.py	0	ПЕРЕПИСЬ ФОРМ ОТЧЁТ: строк 246020, рамок 35839 (масса ≥ 9: 7890), родов 29893 (масса ≥ 9: 7952); минимальный корпус при массе 9: 140971 строк по рамкам (57 %), 129068 по родам (52 %); насыщение: последняя доля даёт 216 новых рамок на тысячу строк
2026-09-02T19:27:37Z	crystal.py	1	  суды миров: 78 в леджере, пали 3: prose_court.py, prosetree_court.py, unit_court.py
2026-09-02T19:29:17Z	unit_court.py	0	ЕДИНИЦЫ PASS: 0 ложных переводов из 1080 судимых (110 файлов)
2026-09-02T19:29:18Z	crystal.py	1	  суды миров: 79 в леджере, пали 3: crystal.py, prose_court.py, prosetree_court.py
2026-09-02T22:09:36Z	arith_court.py	0	АРИФМЕТИКА PASS: 0 ложных равенств из 59797 судимых (111 файлов, неразобрано 114105)
2026-09-02T22:09:38Z	algo_court.py	0	АЛГОРИТМЫ PASS: 0 ложных утверждений из 3701 судимых (111 файлов)
2026-09-02T22:10:55Z	formula_court.py	0	ФОРМУЛЫ PASS: 0 ложных записей из 7593 судимых (111 файлов)
2026-09-02T22:10:58Z	logic_court.py	0	ЛОГИКА PASS: 0 ложных утверждений из 3579 судимых (111 файлов)
2026-09-02T22:10:59Z	physics_court.py	0	ФИЗИКА PASS: 0 ложных утверждений из 1300 судимых (111 файлов)
2026-09-02T22:11:00Z	cyber_court.py	0	КИБЕРНЕТИКА PASS: 0 ложных утверждений из 1230 судимых (111 файлов)
2026-09-02T22:11:01Z	agreement_court.py	0	СОГЛАСОВАНИЕ PASS: 0 рассогласований при рубеже 0 (2348 верных, 111 файлов, закон 2)
2026-09-02T22:11:03Z	notation_court.py	0	ЗАПИСЬ PASS: 0 ложных записей из 978 судимых (111 файлов)
2026-09-02T22:11:04Z	unit_court.py	0	ЕДИНИЦЫ PASS: 0 ложных переводов из 1080 судимых (111 файлов)
2026-09-02T22:11:05Z	number_court.py	0	ЧИСЛА PASS: 0 ложных из 4290 судимых (111 файлов)
2026-09-02T22:11:06Z	inquiry_court.py	1	ДОЗНАНИЕ FAIL: 400 ложных из 5055 судимых (111 файлов)
2026-09-02T22:11:07Z	surfaces_court.py	0	ПОВЕРХНОСТИ PASS: 0 ложных из 2200 судимых (111 файлов)
2026-09-02T22:11:07Z	markdown_court.py	0	РАЗМЕТКА-ПОЛНАЯ PASS: 0 ложных из 4265 судимых (111 файлов, обратимость дома цела)
2026-09-02T22:11:08Z	doctree_court.py	0	СТРУКТУРА PASS: 0 ложных из 1290 судимых (111 файлов, дерево обратимо)
2026-09-02T22:11:09Z	rates_court.py	0	СТАВКИ PASS: 0 ложных из 885 судимых (111 файлов)
2026-09-02T22:11:10Z	formula_lang_court.py	0	КОНВЕРСИЯ PASS: 0 ложных из 2590 судимых (111 файлов)
2026-09-02T22:11:12Z	percent_court.py	0	ПРОЦЕНТЫ PASS: 0 ложных из 640 судимых (111 файлов)
2026-09-02T22:11:12Z	average_court.py	0	СВОДКА PASS: 0 ложных из 1300 судимых (111 файлов)
2026-09-02T22:11:15Z	equation_court.py	0	УРАВНЕНИЕ PASS: 0 ложных из 3484 судимых (111 файлов)
2026-09-02T22:11:16Z	dataformat_court.py	0	ФОРМАТЫ PASS: 0 ложных из 1040 судимых (111 файлов, обратимость дома цела)
2026-09-02T22:11:19Z	everyday_court.py	0	БЫТ PASS: 0 ложных из 4813 судимых (111 файлов)
2026-09-02T22:11:20Z	story_chain_court.py	0	ЦЕПОЧКА PASS: 0 ложных из 890 судимых (111 файлов)
2026-09-02T22:11:21Z	age_court.py	0	ВОЗРАСТ PASS: 0 ложных из 1112 судимых (111 файлов)
2026-09-02T22:11:21Z	halves_court.py	0	ПОЛОВИНЫ PASS: 0 ложных из 1272 судимых (111 файлов)
2026-09-02T22:11:23Z	inquiry_de_fr_court.py	0	ДОЗНАНИЕ-DE-FR PASS: 0 ложных из 3120 судимых (111 файлов)
2026-09-02T22:11:23Z	ru_conversion_court.py	0	РУССКИЙ ПЕРЕВОД PASS: 0 ложных из 95 судимых (111 файлов)
2026-09-02T22:11:24Z	selfmeasure_court.py	0	РАССКАЗ О СЕБЕ PASS: 0 ложных из 140 судимых (111 файлов)
2026-09-02T22:11:24Z	ru_compare_court.py	0	РУССКОЕ СРАВНЕНИЕ PASS: 0 ложных из 150 судимых (111 файлов)
2026-09-02T22:11:24Z	ru_story_court.py	0	РУССКАЯ ЗАДАЧА PASS: 0 ложных из 685 судимых (111 файлов)
2026-09-02T22:11:26Z	inquiry_es_it_court.py	0	ДОЗНАНИЕ-ES-IT PASS: 0 ложных из 2232 судимых (111 файлов)
2026-09-02T22:11:27Z	share_court.py	0	ДОЛЯ PASS: 0 ложных из 988 судимых (111 файлов)
2026-09-02T22:11:28Z	compare_mult_court.py	0	КРАТНОЕ PASS: 0 ложных из 1729 судимых (111 файлов)
2026-09-02T22:11:30Z	sequence_court.py	0	ПОСЛЕДОВАТЕЛЬНОСТИ PASS: 0 ложных из 4440 судимых (111 файлов)
2026-09-02T22:11:31Z	geometry_court.py	0	ГЕОМЕТРИЯ PASS: 0 ложных из 3394 судимых (111 файлов)
2026-09-02T22:11:33Z	linalg_court.py	0	ВЕКТОР PASS: 0 ложных из 3440 судимых (111 файлов)
2026-09-02T22:11:34Z	calendar_court.py	0	КАЛЕНДАРЬ PASS: 0 ложных из 1800 судимых (111 файлов)
2026-09-02T22:11:35Z	speech_court.py	0	РЕЧЬ PASS: 0 ложных из 3770 судимых (111 файлов)
2026-09-02T22:11:37Z	rugram_court.py	0	РУССКОЕ СОГЛАСОВАНИЕ PASS: 0 ложных из 9646 судимых (111 файлов)
2026-09-02T22:11:39Z	physlaw_court.py	0	ЗАКОНЫ ФИЗИКИ PASS: 0 ложных из 1570 судимых (111 файлов)
2026-09-02T22:11:41Z	compsci_court.py	0	ИНФОРМАТИКА PASS: 0 ложных из 1616 судимых (111 файлов)
2026-09-02T22:11:41Z	case_court.py	0	ПАДЕЖ PASS: 0 ложных из 2156 судимых (111 файлов)
2026-09-02T22:11:42Z	valence_court.py	0	ОЦЕНКА PASS: 0 ложных из 1350 судимых (111 файлов)
2026-09-02T22:11:43Z	shadow_court.py	1	ЗАТЕНЕНИЕ FAIL: 2 имён определены дважды (231 файлов, рубеж 0)
2026-09-02T22:12:09Z	syllabus_court.py	0	ПОЛНОТА PASS: 0 предметов свода не покрыты из 62 (рубеж 0, 111 файлов)
2026-09-02T22:12:20Z	richness_court.py	0	БОГАТСТВО[показано] PASS: не показаны 0 форм из 20 и 0 стыков из 6 (рубеж 0, 111 файлов); КУПЛЕНО и ИСПОЛНЕНО мерятся на стороне организма
2026-09-02T22:12:36Z	langpack_court.py	0	ЯЗЫКИ PASS: 29 зелёных из 29, красных 0 (рубеж 6)
2026-09-02T22:12:36Z	langrule_court.py	0	ПРАВИЛО ЯЗЫКА PASS: 0 разладов формы с правилом из 1014 сверенных (19 пакетов с правилом из 29)
2026-09-02T22:16:27Z	claims_court.py	1	РОДЫ FAIL: 740 строк прочтены НЕ ХОЗЯИНОМ рода из 24960 с видимым родом (рубеж 0, 111 файлов, родов объявлено 4)
2026-09-02T22:16:29Z	program_court.py	0	ПРОГРАММЫ PASS: 0 ложных из 1428 судимых (111 файлов)
2026-09-02T22:16:31Z	statistics_court.py	0	СТАТИСТИКА PASS: 0 ложных из 1368 судимых (111 файлов)
2026-09-02T22:16:33Z	proof_court.py	0	ДОКАЗАТЕЛЬСТВО PASS: 0 ложных из 1224 судимых (111 файлов)
2026-09-02T22:16:35Z	machine_court.py	0	МАШИНА PASS: 0 ложных из 2291 судимых (111 файлов)
2026-09-02T22:16:41Z	episode_court.py	0	ЭПИЗОД PASS: 0 ложных из 12179 судимых (111 файлов), вне владения 12 слов: ['day', 'dollar', 'foot', 'hour', 'kilometer']
2026-09-02T22:16:43Z	copula_court.py	0	СВЯЗКИ PASS: 0 ложных из 380 судимых (111 файлов), НЕЗНАКОМЫХ ПАР 21410: ["cause: philosophy is literally, the love of, including the search after, wisdom; in actual usage, the knowledge of phenomena as explained by, and resolved into, / and reasons, powers and laws: webster's unabridged dictionary, 1913", 'cause: электричество — это то, содержащееся в теле, что сообщает этому телу особые свойства, / в нем способность действовать механически на некоторые другие тела, притягивать или при известных условиях отталкивать их, а также вызывает в самом этом теле способность испытывать подобные же механические действия других тел: эсбе, статья «электричество»', 'contain: does the node body contain the node liquid? in the tree of kinds the node body / the node liquid']
2026-09-02T22:16:46Z	markup_court.py	0	РАЗМЕТКА PASS: 0 ложных из 5840 судимых (111 файлов)
2026-09-02T22:17:04Z	langlayer_court.py	0	ПЛАСТ PASS: 0 необъявленных слов (84389 строк, 29 пластов)
2026-09-02T22:17:05Z	langform_court.py	0	ФОРМА ПЛАСТА PASS: 0 ложных из 67533 судимых (84389 строк пласта, 29 пластов, дословных 940, рамок без опознавателя 3, рубеж 0)
2026-09-02T22:17:05Z	gsm_census.py	0	GSM-CENSUS PASS: 0 расхождений (72 выведено, 69 в слое, 3 удержано)
2026-09-02T22:18:08Z	reproducible.py	0	ВОСПРОИЗВОДИМОСТЬ PASS: 0 расхождений из 81 сличённых (без объявленной цели 0, рубеж 0)
2026-09-02T22:18:09Z	bash32_court.py	0	BASH32-COURT PASS: ни одного имени, съедаемого bash 3.2
2026-09-02T22:18:09Z	manifest_court.py	1	МАНИФЕСТ FAIL: 4 разладов объявления с делом (312 миров, сборок 2, обязательств дела 136)
2026-09-03T00:14:45Z	prose_court.py	1	ПРОЗА FAIL: 0 разладов объявления (рубеж 0) и 11949 возражений судов (рубеж 12, чтение вне подсудности) — 199 миров, 1128853 строк, прочтено 27545 (2%), судов живых 67
2026-09-03T00:14:49Z	mutants.py	0	МУТАНТЫ PASS: 9 полей из 9 поймали свою подсадку, чужих задето 0
2026-09-03T00:14:50Z	lexicon_reach.py	0	ОХВАТ PASS: 366 из 366 объявленных слов прожиты >=2 раз (100% при рубеже 100%)
2026-09-03T00:14:51Z	inquiry_pt_nl_court.py	0	ДОЗНАНИЕ-PT-NL PASS: 0 ложных из 3120 судимых (111 файлов)
2026-09-03T00:14:53Z	inquiry_pl_tr_court.py	0	ДОЗНАНИЕ-PL-TR PASS: 0 ложных из 2292 судимых (111 файлов)
2026-09-03T00:14:55Z	metalang_court.py	0	МЕТАЯЗЫК PASS: 0 ложных из 1934 судимых (111 файлов)
2026-09-03T00:14:56Z	glyph_court.py	0	ГЛИФЫ PASS: 0 ложных, 1125 истинных, 0 несудимых
2026-09-03T00:14:56Z	space_court.py	0	ПРОСТРАНСТВО PASS: 0 ложных, 1765 истинных, 0 несудимых
2026-09-03T00:14:56Z	stenogram_court.py	0	СТЕНОГРАММЫ PASS: 0 ложных, 550 истинных, 0 несудимых
2026-09-03T00:14:56Z	mathspaces_court.py	0	ПРОСТРАНСТВА PASS: 0 ложных, 1036 истинных, 0 несудимых
2026-09-03T00:14:57Z	gsmforms_court.py	0	ШКОЛЬНЫЕ ФОРМЫ PASS: 0 ложных, 2480 истинных, 0 несудимых
2026-09-03T00:15:04Z	definitions_court.py	0	ОПРЕДЕЛЕНИЯ PASS: 0 ложных, 2982 истинных, 0 несудимых
2026-09-03T00:15:04Z	pronoun_court.py	0	МЕСТОИМЕНИЯ PASS: 0 ложных из 240 судимых, несудимых 0
2026-09-03T00:15:05Z	money_court.py	0	ДЕНЬГИ PASS: 0 ложных из 450 судимых, несудимых 0
2026-09-03T00:15:06Z	relation_court.py	0	СТРОЕНИЕ PASS: 0 ложных из 3612 судимых (111 файлов, структуры обходимы)
2026-09-03T00:15:26Z	court_mutants.py	0	МУТАНТЫ СУДОВ PASS: 63 поймали, 1 онемели, 1 не поймали (рубеж 1), 0 со свободным числом, 2 без числовой истинной строки, 0 без истинной строки вовсе (судов 67)
2026-09-03T00:15:27Z	panel_court.py	0	СОСТАВ PASS: 0 расхождений (рубеж 0) — палата: судов живых 67, незаявленных 0, призраков 0; набор: приборов 84, вне набора 0, призраков 0
2026-09-03T00:15:29Z	concept_reach.py	0	ОХВАТ ПОНЯТИЯ PASS: 2963 из 18268 предметов показаны (16%); не показано из НАШИХ сводов 5065 (рубеж 6556), из полки 10240 — 199 корпусов прозы, отсеяно рубрик 591, слов в показах 9656
2026-09-03T00:15:54Z	ask_reach.py	0	ВОПРОСНАЯ ПОВЕРХНОСТЬ ОТЧЁТ: 110 из 111 миров спрашивают, только сообщают 1; вопросных строк 69946 из 256631 (27%); миров с непроверяемым вопросом 1
2026-09-03T00:15:55Z	band_reach.py	0	МИР × ПОЛОСА ОТЧЁТ: строк реестра 46, исполнимых опознаний 33, расхождений записи 2, родов без мира 11; миров показов 111, из них без полосы 100; полос в реестре 5
2026-09-03T00:15:56Z	biblio_reach.py	0	БИБЛИОТЕКА PASS: названо 1684 источников (12 трудов по заглавию, 1672 по автору с годом), НЕТ НА ПОЛКЕ 1554 — из них свободно по праву 320, защищено 1228; корпусов прозы 7
2026-09-03T00:15:58Z	ruverbs_court.py	0	РУССКИЕ ГЛАГОЛЫ PASS: 0 ложных из 758 судимых (312 файлов, рубеж 0)
2026-09-03T00:16:00Z	script_court.py	0	ПИСЬМО PASS: 0 смешанных слов в 256631 строках показов (111 файлов, рубеж 0)
2026-09-03T00:16:21Z	word_mutants.py	0	ПОДСАДКА СЛОВОМ ОТЧЁТ: проб 2433 — ПОЙМАН 1860 (76%), ОНЕМЕЛ 403 (16%), НЕ ПОЙМАН 170 (6%); строк без слова 21601; миров с дырой 56
2026-09-03T00:24:30Z	shelf_court.py	0	ПОЛКА PASS: 0 разладов объявления с делом (рубеж 0), никем не читаемых 163 миров, недоговорено 9 — оба числа считаны, но не судимы — 192 миров полки, судов живых 67
2026-09-03T00:24:56Z	ask_width.py	0	ШИРОТА ВОПРОСА PASS: 911 из 1558 родов суда имеют вопросную поверхность (58%); БЕЗ ВОПРОСА 647 (рубеж 745) — от судов 647, от манифеста 0; роды объявлены судами (59 из 70, образцов 1386, вопросных слов от пакетов 33); от манифеста 40 актов в 21 мирах — с вопросом 0, без 0, не разрешено 40; строк без рода 113062 из 256631
2026-09-03T00:24:59Z	notationvar_court.py	0	НАЧЕРТАНИЕ PASS: 0 ложных из 16158 судимых (312 файлов, рубеж 0)
2026-09-03T00:27:01Z	prosetree_court.py	1	ДЕРЕВО ПРОЗЫ FAIL: 99 ложных из 11731 судимых (199 файлов)
2026-09-03T00:27:01Z	longdiv_court.py	0	УГОЛ PASS: 0 ложных из 2025 судимых (111 файлов)
2026-09-03T00:27:06Z	form_census.py	0	ПЕРЕПИСЬ ФОРМ ОТЧЁТ: строк 256631, рамок 35849 (масса ≥ 9: 8119), родов 29504 (масса ≥ 9: 8194); минимальный корпус при массе 9: 142103 строк по рамкам (55 %), 129830 по родам (50 %); насыщение: последняя доля даёт 0 новых рамок на тысячу строк
2026-09-03T00:27:06Z	verbthings_court.py	0	ГЛАГОЛ–ВЕЩЬ PASS: 0 чужих пар глагол–вещь в 256631 строках показов (111 файлов, рубеж 0)
2026-09-03T00:45:29Z	coverage.py	0	СУДИМОСТЬ PASS: 256631 из 256631 строк судимы (100% при рубеже 100%, судов живых 67), слепых 0, зачтено словарём пакета 2007 (0% свода, долг 2007)
2026-09-03T01:15:45Z	arith_court.py	0	АРИФМЕТИКА PASS: 0 ложных равенств из 60617 судимых (115 файлов, неразобрано 116548)
2026-09-03T01:15:47Z	algo_court.py	0	АЛГОРИТМЫ PASS: 0 ложных утверждений из 3701 судимых (115 файлов)
2026-09-03T01:17:08Z	formula_court.py	0	ФОРМУЛЫ PASS: 0 ложных записей из 7593 судимых (115 файлов)
2026-09-03T01:17:12Z	logic_court.py	0	ЛОГИКА PASS: 0 ложных утверждений из 3579 судимых (115 файлов)
2026-09-03T01:17:13Z	physics_court.py	0	ФИЗИКА PASS: 0 ложных утверждений из 1300 судимых (115 файлов)
2026-09-03T01:17:16Z	cyber_court.py	0	КИБЕРНЕТИКА PASS: 0 ложных утверждений из 1230 судимых (115 файлов)
2026-09-03T01:17:19Z	agreement_court.py	0	СОГЛАСОВАНИЕ PASS: 0 рассогласований при рубеже 0 (2348 верных, 115 файлов, закон 2)
2026-09-03T01:17:21Z	notation_court.py	0	ЗАПИСЬ PASS: 0 ложных записей из 978 судимых (115 файлов)
2026-09-03T01:17:23Z	unit_court.py	0	ЕДИНИЦЫ PASS: 0 ложных переводов из 1080 судимых (115 файлов)
2026-09-03T01:17:24Z	number_court.py	0	ЧИСЛА PASS: 0 ложных из 4290 судимых (115 файлов)
2026-09-03T01:17:28Z	inquiry_court.py	0	ДОЗНАНИЕ PASS: 0 ложных из 4655 судимых (115 файлов)
2026-09-03T01:17:30Z	surfaces_court.py	0	ПОВЕРХНОСТИ PASS: 0 ложных из 2200 судимых (115 файлов)
2026-09-03T01:17:31Z	markdown_court.py	0	РАЗМЕТКА-ПОЛНАЯ PASS: 0 ложных из 4265 судимых (115 файлов, обратимость дома цела)
2026-09-03T01:17:32Z	doctree_court.py	0	СТРУКТУРА PASS: 0 ложных из 1290 судимых (115 файлов, дерево обратимо)
2026-09-03T01:17:34Z	rates_court.py	0	СТАВКИ PASS: 0 ложных из 900 судимых (115 файлов)
2026-09-03T01:17:37Z	formula_lang_court.py	0	КОНВЕРСИЯ PASS: 0 ложных из 2590 судимых (115 файлов)
2026-09-03T01:17:40Z	percent_court.py	0	ПРОЦЕНТЫ PASS: 0 ложных из 640 судимых (115 файлов)
2026-09-03T01:17:42Z	average_court.py	0	СВОДКА PASS: 0 ложных из 1300 судимых (115 файлов)
2026-09-03T01:17:48Z	equation_court.py	0	УРАВНЕНИЕ PASS: 0 ложных из 3484 судимых (115 файлов)
2026-09-03T01:17:50Z	dataformat_court.py	0	ФОРМАТЫ PASS: 0 ложных из 1040 судимых (115 файлов, обратимость дома цела)
2026-09-03T01:17:58Z	everyday_court.py	0	БЫТ PASS: 0 ложных из 4813 судимых (115 файлов)
2026-09-03T01:17:59Z	story_chain_court.py	0	ЦЕПОЧКА PASS: 0 ложных из 890 судимых (115 файлов)
2026-09-03T01:18:01Z	age_court.py	0	ВОЗРАСТ PASS: 0 ложных из 1112 судимых (115 файлов)
2026-09-03T01:18:03Z	halves_court.py	0	ПОЛОВИНЫ PASS: 0 ложных из 1272 судимых (115 файлов)
2026-09-03T01:18:06Z	inquiry_de_fr_court.py	0	ДОЗНАНИЕ-DE-FR PASS: 0 ложных из 3120 судимых (115 файлов)
2026-09-03T01:18:07Z	ru_conversion_court.py	0	РУССКИЙ ПЕРЕВОД PASS: 0 ложных из 95 судимых (115 файлов)
2026-09-03T01:18:08Z	selfmeasure_court.py	0	РАССКАЗ О СЕБЕ PASS: 0 ложных из 140 судимых (115 файлов)
2026-09-03T01:18:09Z	ru_compare_court.py	0	РУССКОЕ СРАВНЕНИЕ PASS: 0 ложных из 150 судимых (115 файлов)
2026-09-03T01:18:10Z	ru_story_court.py	0	РУССКАЯ ЗАДАЧА PASS: 0 ложных из 685 судимых (115 файлов)
2026-09-03T01:18:14Z	inquiry_es_it_court.py	0	ДОЗНАНИЕ-ES-IT PASS: 0 ложных из 2232 судимых (115 файлов)
2026-09-03T01:18:16Z	share_court.py	0	ДОЛЯ PASS: 0 ложных из 1320 судимых (115 файлов)
2026-09-03T01:18:19Z	compare_mult_court.py	0	КРАТНОЕ PASS: 0 ложных из 1729 судимых (115 файлов)
2026-09-03T01:18:23Z	sequence_court.py	0	ПОСЛЕДОВАТЕЛЬНОСТИ PASS: 0 ложных из 4440 судимых (115 файлов)
2026-09-03T01:18:26Z	geometry_court.py	0	ГЕОМЕТРИЯ PASS: 0 ложных из 3394 судимых (115 файлов)
2026-09-03T01:18:29Z	linalg_court.py	0	ВЕКТОР PASS: 0 ложных из 3440 судимых (115 файлов)
2026-09-03T01:18:31Z	calendar_court.py	0	КАЛЕНДАРЬ PASS: 0 ложных из 1800 судимых (115 файлов)
2026-09-03T01:18:34Z	speech_court.py	0	РЕЧЬ PASS: 0 ложных из 3610 судимых (115 файлов)
2026-09-03T01:18:38Z	rugram_court.py	0	РУССКОЕ СОГЛАСОВАНИЕ PASS: 0 ложных из 10291 судимых (115 файлов)
2026-09-03T01:18:41Z	physlaw_court.py	0	ЗАКОНЫ ФИЗИКИ PASS: 0 ложных из 1570 судимых (115 файлов)
2026-09-03T01:18:45Z	compsci_court.py	0	ИНФОРМАТИКА PASS: 0 ложных из 1616 судимых (115 файлов)
2026-09-03T01:18:46Z	case_court.py	0	ПАДЕЖ PASS: 0 ложных из 2156 судимых (115 файлов)
2026-09-03T01:18:49Z	valence_court.py	0	ОЦЕНКА PASS: 0 ложных из 1350 судимых (115 файлов)
2026-09-03T01:18:50Z	shadow_court.py	0	ЗАТЕНЕНИЕ PASS: 0 имён определены дважды (242 файлов, рубеж 0)
2026-09-03T01:19:23Z	syllabus_court.py	0	ПОЛНОТА PASS: 0 предметов свода не покрыты из 62 (рубеж 0, 115 файлов)
2026-09-03T01:19:37Z	richness_court.py	0	БОГАТСТВО[показано] PASS: не показаны 0 форм из 20 и 0 стыков из 6 (рубеж 0, 115 файлов); КУПЛЕНО и ИСПОЛНЕНО мерятся на стороне организма
2026-09-03T01:19:51Z	langpack_court.py	0	ЯЗЫКИ PASS: 29 зелёных из 29, красных 0 (рубеж 6)
2026-09-03T01:19:51Z	langrule_court.py	0	ПРАВИЛО ЯЗЫКА PASS: 0 разладов формы с правилом из 1014 сверенных (19 пакетов с правилом из 29)
2026-09-03T01:23:56Z	claims_court.py	1	РОДЫ FAIL: 20 строк прочтены НЕ ХОЗЯИНОМ рода из 25705 с видимым родом (рубеж 0, 115 файлов, родов объявлено 4)
2026-09-03T01:24:00Z	program_court.py	0	ПРОГРАММЫ PASS: 0 ложных из 1428 судимых (115 файлов)
2026-09-03T01:24:03Z	statistics_court.py	0	СТАТИСТИКА PASS: 0 ложных из 1368 судимых (115 файлов)
2026-09-03T01:24:07Z	proof_court.py	0	ДОКАЗАТЕЛЬСТВО PASS: 0 ложных из 1224 судимых (115 файлов)
2026-09-03T01:24:10Z	machine_court.py	0	МАШИНА PASS: 0 ложных из 2291 судимых (115 файлов)
2026-09-03T01:24:21Z	episode_court.py	0	ЭПИЗОД PASS: 0 ложных из 12869 судимых (115 файлов), вне владения 12 слов: ['day', 'dollar', 'foot', 'hour', 'kilometer']
2026-09-03T01:24:24Z	copula_court.py	0	СВЯЗКИ PASS: 0 ложных из 380 судимых (115 файлов), НЕЗНАКОМЫХ ПАР 21873: ["cause: philosophy is literally, the love of, including the search after, wisdom; in actual usage, the knowledge of phenomena as explained by, and resolved into, / and reasons, powers and laws: webster's unabridged dictionary, 1913", 'cause: электричество — это то, содержащееся в теле, что сообщает этому телу особые свойства, / в нем способность действовать механически на некоторые другие тела, притягивать или при известных условиях отталкивать их, а также вызывает в самом этом теле способность испытывать подобные же механические действия других тел: эсбе, статья «электричество»', 'contain: does the node body contain the node liquid? in the tree of kinds the node body / the node liquid']
2026-09-03T01:24:27Z	markup_court.py	0	РАЗМЕТКА PASS: 0 ложных из 5840 судимых (115 файлов)
2026-09-03T01:24:52Z	langlayer_court.py	0	ПЛАСТ PASS: 0 необъявленных слов (84389 строк, 29 пластов)
2026-09-03T01:24:54Z	langform_court.py	0	ФОРМА ПЛАСТА PASS: 0 ложных из 67533 судимых (84389 строк пласта, 29 пластов, дословных 940, рамок без опознавателя 3, рубеж 0)
2026-09-03T01:24:55Z	gsm_census.py	0	GSM-CENSUS PASS: 0 расхождений (72 выведено, 69 в слое, 3 удержано)
2026-09-03T01:25:58Z	reproducible.py	0	ВОСПРОИЗВОДИМОСТЬ PASS: 0 расхождений из 85 сличённых (без объявленной цели 0, рубеж 0)
2026-09-03T01:25:58Z	bash32_court.py	0	BASH32-COURT PASS: ни одного имени, съедаемого bash 3.2
2026-09-03T01:25:59Z	manifest_court.py	0	МАНИФЕСТ PASS: 0 разладов объявления с делом (316 миров, сборок 2, обязательств дела 140)
2026-09-03T04:17:18Z	prose_court.py	1	ПРОЗА FAIL: 0 разладов объявления (рубеж 0) и 11908 возражений судов (рубеж 12, чтение вне подсудности) — 199 миров, 1128853 строк, прочтено 27478 (2%), судов живых 70
2026-09-03T04:17:24Z	mutants.py	0	МУТАНТЫ PASS: 9 полей из 9 поймали свою подсадку, чужих задето 0
2026-09-03T04:17:25Z	lexicon_reach.py	0	ОХВАТ PASS: 366 из 366 объявленных слов прожиты >=2 раз (100% при рубеже 100%)
2026-09-03T04:17:27Z	inquiry_pt_nl_court.py	0	ДОЗНАНИЕ-PT-NL PASS: 0 ложных из 3120 судимых (115 файлов)
2026-09-03T04:17:29Z	inquiry_pl_tr_court.py	0	ДОЗНАНИЕ-PL-TR PASS: 0 ложных из 2292 судимых (115 файлов)
2026-09-03T04:17:32Z	metalang_court.py	0	МЕТАЯЗЫК PASS: 0 ложных из 1934 судимых (115 файлов)
2026-09-03T04:17:33Z	glyph_court.py	0	ГЛИФЫ PASS: 0 ложных, 1125 истинных, 0 несудимых
2026-09-03T04:17:33Z	space_court.py	0	ПРОСТРАНСТВО PASS: 0 ложных, 1765 истинных, 0 несудимых
2026-09-03T04:17:33Z	stenogram_court.py	0	СТЕНОГРАММЫ PASS: 0 ложных, 550 истинных, 0 несудимых
2026-09-03T04:17:33Z	mathspaces_court.py	0	ПРОСТРАНСТВА PASS: 0 ложных, 1036 истинных, 0 несудимых
2026-09-03T04:17:34Z	gsmforms_court.py	0	ШКОЛЬНЫЕ ФОРМЫ PASS: 0 ложных, 2560 истинных, 0 несудимых
2026-09-03T04:17:44Z	definitions_court.py	0	ОПРЕДЕЛЕНИЯ PASS: 0 ложных, 2982 истинных, 0 несудимых
2026-09-03T04:17:45Z	pronoun_court.py	0	МЕСТОИМЕНИЯ PASS: 0 ложных из 240 судимых, несудимых 0
2026-09-03T04:17:45Z	money_court.py	0	ДЕНЬГИ PASS: 0 ложных из 450 судимых, несудимых 0
2026-09-03T04:17:45Z	holes_court.py	0	ДЫРЫ PASS: 0 ложных из 6100 судимых, несудимых 0
2026-09-03T04:17:46Z	money_langs_court.py	0	ДЕНЬГИ НА ЯЗЫКАХ PASS: 0 ложных из 1080 судимых, несудимых 0
2026-09-03T04:17:46Z	geometry_langs_court.py	0	ГЕОМЕТРИЯ НА ЯЗЫКАХ PASS: 0 ложных из 960 судимых, несудимых 0
2026-09-03T04:17:48Z	relation_court.py	0	СТРОЕНИЕ PASS: 0 ложных из 3612 судимых (115 файлов, структуры обходимы)
2026-09-03T04:18:18Z	court_mutants.py	0	МУТАНТЫ СУДОВ PASS: 66 поймали, 1 онемели, 1 не поймали (рубеж 1), 0 со свободным числом, 2 без числовой истинной строки, 0 без истинной строки вовсе (судов 70)
2026-09-03T04:18:19Z	panel_court.py	0	СОСТАВ PASS: 0 расхождений (рубеж 0) — палата: судов живых 70, незаявленных 0, призраков 0; набор: приборов 84, вне набора 0, призраков 0
2026-09-03T04:18:21Z	concept_reach.py	0	ОХВАТ ПОНЯТИЯ PASS: 2993 из 18268 предметов показаны (16%); не показано из НАШИХ сводов 5063 (рубеж 6556), из полки 10212 — 199 корпусов прозы, отсеяно рубрик 591, слов в показах 10107
2026-09-03T04:19:01Z	ask_reach.py	0	ВОПРОСНАЯ ПОВЕРХНОСТЬ ОТЧЁТ: 114 из 115 миров спрашивают, только сообщают 1; вопросных строк 76455 из 265838 (28%); миров с непроверяемым вопросом 1
2026-09-03T04:19:02Z	band_reach.py	0	МИР × ПОЛОСА ОТЧЁТ: строк реестра 46, исполнимых опознаний 33, расхождений записи 2, родов без мира 11; миров показов 115, из них без полосы 104; полос в реестре 5
2026-09-03T04:19:04Z	biblio_reach.py	0	БИБЛИОТЕКА PASS: названо 1684 источников (12 трудов по заглавию, 1672 по автору с годом), НЕТ НА ПОЛКЕ 1554 — из них свободно по праву 320, защищено 1228; корпусов прозы 7
2026-09-03T04:19:07Z	ruverbs_court.py	0	РУССКИЕ ГЛАГОЛЫ PASS: 0 ложных из 758 судимых (316 файлов, рубеж 0)
2026-09-03T04:19:10Z	script_court.py	0	ПИСЬМО PASS: 0 смешанных слов в 265838 строках показов (115 файлов, рубеж 0)
2026-09-03T04:19:42Z	word_mutants.py	0	ПОДСАДКА СЛОВОМ ОТЧЁТ: проб 2515 — ПОЙМАН 1935 (76%), ОНЕМЕЛ 423 (16%), НЕ ПОЙМАН 157 (6%); строк без слова 21601; миров с дырой 55
2026-09-03T04:26:37Z	shelf_court.py	0	ПОЛКА PASS: 0 разладов объявления с делом (рубеж 0), никем не читаемых 163 миров, недоговорено 10 — оба числа считаны, но не судимы — 192 миров полки, судов живых 70
2026-09-03T04:27:22Z	ask_width.py	0	ШИРОТА ВОПРОСА PASS: 928 из 1580 родов суда имеют вопросную поверхность (58%); БЕЗ ВОПРОСА 652 (рубеж 745) — от судов 652, от манифеста 0; роды объявлены судами (59 из 73, образцов 1395, вопросных слов от пакетов 33); от манифеста 40 актов в 21 мирах — с вопросом 0, без 0, не разрешено 40; строк без рода 117674 из 265838
2026-09-03T04:27:26Z	notationvar_court.py	0	НАЧЕРТАНИЕ PASS: 0 ложных из 16158 судимых (316 файлов, рубеж 0)
2026-09-03T04:30:24Z	prosetree_court.py	1	ДЕРЕВО ПРОЗЫ FAIL: 99 ложных из 11731 судимых (199 файлов)
2026-09-03T04:30:25Z	longdiv_court.py	0	УГОЛ PASS: 0 ложных из 2025 судимых (115 файлов)
2026-09-03T04:30:44Z	form_census.py	0	ПЕРЕПИСЬ ФОРМ ОТЧЁТ: строк 265838, рамок 42188 (масса ≥ 9: 8251), родов 35576 (масса ≥ 9: 8324); минимальный корпус при массе 9: 150082 строк по рамкам (56 %), 137770 по родам (51 %); насыщение: последняя доля даёт 0 новых рамок на тысячу строк
2026-09-03T04:30:45Z	verbthings_court.py	0	ГЛАГОЛ–ВЕЩЬ PASS: 0 чужих пар глагол–вещь в 265838 строках показов (115 файлов, рубеж 0)
2026-09-04T13:20:42Z	arith_court.py	0	АРИФМЕТИКА PASS: 0 ложных равенств из 78374 судимых (144 файлов, неразобрано 157967)
2026-09-04T13:20:46Z	algo_court.py	0	АЛГОРИТМЫ PASS: 0 ложных утверждений из 3861 судимых (145 файлов)
2026-09-04T21:08:44Z	bash32_court.py	0	BASH32-COURT PASS: ни одного имени, съедаемого bash 3.2, в 1 скриптах
2026-09-04T21:08:59Z	bash32_court.py	0	BASH32-COURT PASS: ни одного имени, съедаемого bash 3.2; скриптов проверено: 1
2026-09-05T00:05:55Z	prefix_traps.py	0	ЛОВУШКА НАЧАЛА PASS: домов с судом по началу строки 0 (рубеж 0), проб 480, пойманных удвоений 0
2026-09-05T00:08:46Z	register_pairs.py	0	ПАРА РЕГИСТРА PASS: пар 3596, одной дырой 3116 (86 %), дыр больше 480, ПОРОКОВ 0 (рубеж 0), без пары 0
2026-09-05T00:08:51Z	register_purity.py	0	ЧИСТОТА РЕГИСТРА: неформальных показов 12814, говорящих вежливо 0 (0 %), из них имеющих и вежливую пару 0; мест 0
2026-09-05T00:08:52Z	threshold_census.py	0	ПЕРЕПИСЬ ПОРОГОВ: именованных 25 (объявлено 18, храповиков 6, ВКУС 1); встроенных сравнений от трёх 98 (печать 109, без основания рядом 86 — ВЕРХНЯЯ ОЦЕНКА: строй и порог здесь не разделены); папки scripts courts
2026-09-05T00:08:53Z	denominator_census.py	0	ЧИСЛО БЕЗ ЗНАМЕНАТЕЛЯ PASS: приборов в леджере 103, строк без объёма 1, из них НУЛЕЙ без объёма 0 (рубеж 0)
2026-09-05T00:09:07Z	definitions_reach.py	0	СЛЕД РАЗБОРА ОПРЕДЕЛЕНИЙ: понятий 829, без определения 222, из них полка не знает 68, разбор остановился на названных воротах 154, причина не названа 0 (рубеж 0)
2026-09-05T00:09:09Z	form_matrix.py	0	ЩЕРБАТОСТЬ ДОМОВ: 0 щербатых форм из 124 (0 %), домов 23
2026-09-05T00:09:10Z	action_measure_court.py	0	МЕРА ДЕЙСТВИЯ PASS: 0 ложных из 162 судимых, несудимых 0; подсадок поймано 6 из 6
2026-09-05T00:09:36Z	house_reach.py	0	ЧУЖАЯ РАМКА: домов 34, показов всего 24633; пар «судья × хозяин» с ЛОЖЬЮ 0, с истиной 0
2026-09-05T00:10:42Z	threshold_census.py	0	ПЕРЕПИСЬ ПОРОГОВ: именованных 25 (объявлено 19, храповиков 6, ВКУС 0); встроенных сравнений от трёх 98 (печать 109, без основания рядом 83 — ВЕРХНЯЯ ОЦЕНКА: строй и порог здесь не разделены); папки scripts courts
2026-09-05T00:10:44Z	repeat_census.py	0	ПЕРЕПИСЬ ПОВТОРОВ: миров 158, строк 333454, уникальных 164758, копий 168696 (50 %), из них сверх LAW=2: 134195 (40 %); миров с копиями > 10 %: 100
2026-09-05T00:10:45Z	denominator_census.py	0	ЧИСЛО БЕЗ ЗНАМЕНАТЕЛЯ PASS: приборов в леджере 109, строк без объёма 0, из них НУЛЕЙ без объёма 0 (рубеж 0)
2026-09-05T06:46:09Z	arith_court.py	0	АРИФМЕТИКА PASS: 0 ложных равенств из 59424 судимых (167 файлов, неразобрано 143908)
2026-09-05T06:46:17Z	algo_court.py	0	АЛГОРИТМЫ PASS: 0 ложных утверждений из 2982 судимых (167 файлов)
2026-09-05T06:48:37Z	formula_court.py	0	ФОРМУЛЫ PASS: 0 ложных записей из 2783 судимых (167 файлов)
2026-09-05T06:48:42Z	logic_court.py	0	ЛОГИКА PASS: 0 ложных утверждений из 722 судимых (167 файлов)
2026-09-05T06:48:43Z	physics_court.py	0	ФИЗИКА PASS: 0 ложных утверждений из 1240 судимых (167 файлов)
2026-09-05T06:48:46Z	cyber_court.py	0	КИБЕРНЕТИКА PASS: 0 ложных утверждений из 1270 судимых (167 файлов)
2026-09-05T06:48:48Z	agreement_court.py	1	СОГЛАСОВАНИЕ FAIL: 196 рассогласований при рубеже 0 (3041 верных, 167 файлов, закон 2)
2026-09-05T06:48:51Z	notation_court.py	0	ЗАПИСЬ PASS: 0 ложных записей из 566 судимых (167 файлов)
2026-09-05T06:48:55Z	unit_court.py	0	ЕДИНИЦЫ PASS: 0 ложных переводов из 666 судимых (167 файлов)
2026-09-05T06:48:57Z	number_court.py	0	ЧИСЛА PASS: 0 ложных из 4220 судимых (167 файлов)
2026-09-05T06:49:00Z	inquiry_court.py	0	ДОЗНАНИЕ PASS: 0 ложных из 3915 судимых (167 файлов)
2026-09-05T06:49:02Z	surfaces_court.py	0	ПОВЕРХНОСТИ PASS: 0 ложных из 2200 судимых (167 файлов)
2026-09-05T06:49:02Z	markdown_court.py	0	РАЗМЕТКА-ПОЛНАЯ PASS: 0 ложных из 3848 судимых (167 файлов, обратимость дома цела)
2026-09-05T06:49:03Z	doctree_court.py	0	СТРУКТУРА PASS: 0 ложных из 516 судимых (167 файлов, дерево обратимо)
2026-09-05T06:49:05Z	rates_court.py	0	СТАВКИ PASS: 0 ложных из 758 судимых (167 файлов)
2026-09-05T06:49:07Z	formula_lang_court.py	0	КОНВЕРСИЯ PASS: 0 ложных из 2583 судимых (167 файлов)
2026-09-05T06:49:09Z	percent_court.py	0	ПРОЦЕНТЫ PASS: 0 ложных из 560 судимых (167 файлов)
2026-09-05T06:49:10Z	average_court.py	0	СВОДКА PASS: 0 ложных из 1300 судимых (167 файлов)
2026-09-05T06:49:14Z	equation_court.py	0	УРАВНЕНИЕ PASS: 0 ложных из 3340 судимых (167 файлов)
2026-09-05T06:49:16Z	dataformat_court.py	0	ФОРМАТЫ PASS: 0 ложных из 640 судимых (167 файлов, обратимость дома цела)
2026-09-05T06:49:21Z	everyday_court.py	0	БЫТ PASS: 0 ложных из 4510 судимых (167 файлов)
2026-09-05T06:49:21Z	story_chain_court.py	0	ЦЕПОЧКА PASS: 0 ложных из 890 судимых (167 файлов)
2026-09-05T06:49:22Z	age_court.py	0	ВОЗРАСТ PASS: 0 ложных из 900 судимых (167 файлов)
2026-09-05T06:49:23Z	halves_court.py	0	ПОЛОВИНЫ PASS: 0 ложных из 1054 судимых (167 файлов)
2026-09-05T06:49:26Z	inquiry_de_fr_court.py	0	ДОЗНАНИЕ-DE-FR PASS: 0 ложных из 2108 судимых (167 файлов)
2026-09-05T06:49:26Z	ru_conversion_court.py	0	РУССКИЙ ПЕРЕВОД PASS: 0 ложных из 68 судимых (167 файлов)
2026-09-05T06:49:27Z	selfmeasure_court.py	0	РАССКАЗ О СЕБЕ PASS: 0 ложных из 59 судимых (167 файлов)
2026-09-05T06:49:27Z	ru_compare_court.py	0	РУССКОЕ СРАВНЕНИЕ PASS: 0 ложных из 150 судимых (167 файлов)
2026-09-05T06:49:27Z	ru_story_court.py	0	РУССКАЯ ЗАДАЧА PASS: 0 ложных из 658 судимых (167 файлов)
2026-09-05T06:49:30Z	inquiry_es_it_court.py	0	ДОЗНАНИЕ-ES-IT PASS: 0 ложных из 1480 судимых (167 файлов)
2026-09-05T06:49:32Z	share_court.py	0	ДОЛЯ PASS: 0 ложных из 2376 судимых (167 файлов)
2026-09-05T06:49:33Z	compare_mult_court.py	0	КРАТНОЕ PASS: 0 ложных из 2797 судимых (167 файлов)
2026-09-05T06:49:36Z	sequence_court.py	0	ПОСЛЕДОВАТЕЛЬНОСТИ PASS: 0 ложных из 2616 судимых (167 файлов)
2026-09-05T06:49:38Z	geometry_court.py	0	ГЕОМЕТРИЯ PASS: 0 ложных из 2438 судимых (167 файлов)
2026-09-05T06:49:41Z	linalg_court.py	0	ВЕКТОР PASS: 0 ложных из 3726 судимых (167 файлов)
2026-09-05T06:49:43Z	calendar_court.py	0	КАЛЕНДАРЬ PASS: 0 ложных из 846 судимых (167 файлов)
2026-09-05T06:49:45Z	speech_court.py	0	РЕЧЬ PASS: 0 ложных из 1960 судимых (167 файлов)
2026-09-05T06:49:49Z	rugram_court.py	0	РУССКОЕ СОГЛАСОВАНИЕ PASS: 0 ложных из 15065 судимых (167 файлов)
2026-09-05T06:49:51Z	physlaw_court.py	0	ЗАКОНЫ ФИЗИКИ PASS: 0 ложных из 840 судимых (167 файлов)
2026-09-05T06:49:54Z	compsci_court.py	0	ИНФОРМАТИКА PASS: 0 ложных из 1368 судимых (167 файлов)
2026-09-05T06:49:54Z	case_court.py	0	ПАДЕЖ PASS: 0 ложных из 1006 судимых (167 файлов)
2026-09-05T06:49:56Z	valence_court.py	0	ОЦЕНКА PASS: 0 ложных из 1256 судимых (167 файлов)
2026-09-05T06:49:58Z	shadow_court.py	1	ЗАТЕНЕНИЕ FAIL: 9 имён определены дважды (435 файлов, рубеж 0)
2026-09-05T06:50:47Z	syllabus_court.py	1	ПОЛНОТА FAIL: 3 предметов свода не покрыты из 62 (рубеж 0, 167 файлов)
2026-09-05T06:51:06Z	richness_court.py	1	БОГАТСТВО[показано] FAIL: не показаны 1 форм из 20 и 0 стыков из 6 (рубеж 0, 167 файлов); КУПЛЕНО и ИСПОЛНЕНО мерятся на стороне организма
2026-09-05T06:51:21Z	langpack_court.py	0	ЯЗЫКИ PASS: 29 зелёных из 29, красных 0 (рубеж 6)
2026-09-05T06:51:21Z	langrule_court.py	0	ПРАВИЛО ЯЗЫКА PASS: 0 разладов формы с правилом из 1014 сверенных (19 пакетов с правилом из 29)
2026-09-05T06:55:14Z	claims_court.py	1	РОДЫ FAIL: 8972 строк прочтены НЕ ХОЗЯИНОМ рода из 31042 с видимым родом (рубеж 0, 167 файлов, родов объявлено 4)
2026-09-05T06:55:17Z	program_court.py	0	ПРОГРАММЫ PASS: 0 ложных из 1078 судимых (167 файлов)
2026-09-05T06:55:20Z	statistics_court.py	0	СТАТИСТИКА PASS: 0 ложных из 1180 судимых (167 файлов)
2026-09-05T06:55:23Z	proof_court.py	0	ДОКАЗАТЕЛЬСТВО PASS: 0 ложных из 663 судимых (167 файлов)
2026-09-05T06:55:25Z	machine_court.py	0	МАШИНА PASS: 0 ложных из 1846 судимых (167 файлов)
2026-09-05T06:55:32Z	episode_court.py	0	ЭПИЗОД PASS: 0 ложных из 6713 судимых (167 файлов), вне владения 12 слов: ['day', 'dollar', 'foot', 'hour', 'kilometer']
2026-09-05T06:55:34Z	copula_court.py	0	СВЯЗКИ PASS: 0 ложных из 500 судимых (167 файлов), НЕЗНАКОМЫХ ПАР 31470: ["cause: philosophy is literally, the love of, including the search after, wisdom; in actual usage, the knowledge of phenomena as explained by, and resolved into, / and reasons, powers and laws: webster's unabridged dictionary, 1913", 'cause: электричество — это то, содержащееся в теле, что сообщает этому телу особые свойства, / в нем способность действовать механически на некоторые другие тела, притягивать или при известных условиях отталкивать их, а также вызывает в самом этом теле способность испытывать подобные же механические действия других тел: эсбе, статья «электричество»', 'contain: does the node body contain the node liquid? in the tree of kinds the node body / the node liquid']
2026-09-05T06:55:37Z	markup_court.py	0	РАЗМЕТКА PASS: 0 ложных из 3830 судимых (167 файлов)
2026-09-05T06:55:53Z	langlayer_court.py	0	ПЛАСТ PASS: 0 необъявленных слов (88722 строк, 29 пластов)
2026-09-05T06:55:54Z	langform_court.py	0	ФОРМА ПЛАСТА PASS: 0 ложных из 70003 судимых (88722 строк пласта, 29 пластов, дословных 940, рамок без опознавателя 3, рубеж 0)
2026-09-05T06:55:54Z	gsm_census.py	0	GSM-CENSUS PASS: 0 расхождений (72 выведено, 69 в слое, 3 удержано)
2026-09-05T06:56:56Z	reproducible.py	0	ВОСПРОИЗВОДИМОСТЬ PASS: 0 расхождений из 137 сличённых (без объявленной цели 0, рубеж 0)
2026-09-05T06:56:56Z	bash32_court.py	0	BASH32-COURT PASS: ни одного имени, съедаемого bash 3.2; скриптов проверено: 2
2026-09-05T06:56:58Z	manifest_court.py	0	МАНИФЕСТ PASS: 0 разладов объявления с делом (380 миров, сборок 6, обязательств дела 192)
2026-09-05T08:44:44Z	arith_court.py	0	АРИФМЕТИКА PASS: 0 ложных равенств из 86966 судимых (167 файлов, неразобрано 117140)
2026-09-05T08:44:48Z	algo_court.py	0	АЛГОРИТМЫ PASS: 0 ложных утверждений из 2982 судимых (167 файлов)
2026-09-05T08:46:09Z	formula_court.py	0	ФОРМУЛЫ PASS: 0 ложных записей из 2903 судимых (167 файлов)
2026-09-05T08:46:13Z	logic_court.py	0	ЛОГИКА PASS: 0 ложных утверждений из 738 судимых (167 файлов)
2026-09-05T08:46:15Z	physics_court.py	0	ФИЗИКА PASS: 0 ложных утверждений из 1240 судимых (167 файлов)
2026-09-05T08:46:18Z	cyber_court.py	0	КИБЕРНЕТИКА PASS: 0 ложных утверждений из 1270 судимых (167 файлов)
2026-09-05T08:46:20Z	agreement_court.py	0	СОГЛАСОВАНИЕ PASS: 0 рассогласований при рубеже 0 (2866 верных, 167 файлов, закон 2)
2026-09-05T08:46:23Z	notation_court.py	0	ЗАПИСЬ PASS: 0 ложных записей из 566 судимых (167 файлов)
2026-09-05T08:46:24Z	unit_court.py	0	ЕДИНИЦЫ PASS: 0 ложных переводов из 666 судимых (167 файлов)
2026-09-05T08:46:25Z	number_court.py	0	ЧИСЛА PASS: 0 ложных из 4220 судимых (167 файлов)
2026-09-05T08:46:28Z	inquiry_court.py	0	ДОЗНАНИЕ PASS: 0 ложных из 3915 судимых (167 файлов)
2026-09-05T08:46:29Z	surfaces_court.py	0	ПОВЕРХНОСТИ PASS: 0 ложных из 2200 судимых (167 файлов)
2026-09-05T08:46:30Z	markdown_court.py	0	РАЗМЕТКА-ПОЛНАЯ PASS: 0 ложных из 3848 судимых (167 файлов, обратимость дома цела)
2026-09-05T08:46:30Z	doctree_court.py	0	СТРУКТУРА PASS: 0 ложных из 516 судимых (167 файлов, дерево обратимо)
2026-09-05T08:46:32Z	rates_court.py	0	СТАВКИ PASS: 0 ложных из 758 судимых (167 файлов)
2026-09-05T08:46:34Z	formula_lang_court.py	0	КОНВЕРСИЯ PASS: 0 ложных из 2583 судимых (167 файлов)
2026-09-05T08:46:36Z	percent_court.py	0	ПРОЦЕНТЫ PASS: 0 ложных из 560 судимых (167 файлов)
2026-09-05T08:46:37Z	average_court.py	0	СВОДКА PASS: 0 ложных из 1300 судимых (167 файлов)
2026-09-05T08:46:41Z	equation_court.py	0	УРАВНЕНИЕ PASS: 0 ложных из 3340 судимых (167 файлов)
2026-09-05T08:46:42Z	dataformat_court.py	0	ФОРМАТЫ PASS: 0 ложных из 640 судимых (167 файлов, обратимость дома цела)
2026-09-05T08:46:46Z	everyday_court.py	0	БЫТ PASS: 0 ложных из 4510 судимых (167 файлов)
2026-09-05T08:46:46Z	story_chain_court.py	0	ЦЕПОЧКА PASS: 0 ложных из 890 судимых (167 файлов)
2026-09-05T08:46:47Z	age_court.py	0	ВОЗРАСТ PASS: 0 ложных из 900 судимых (167 файлов)
2026-09-05T08:46:49Z	halves_court.py	0	ПОЛОВИНЫ PASS: 0 ложных из 1054 судимых (167 файлов)
2026-09-05T08:46:52Z	inquiry_de_fr_court.py	0	ДОЗНАНИЕ-DE-FR PASS: 0 ложных из 2108 судимых (167 файлов)
2026-09-05T08:46:52Z	ru_conversion_court.py	0	РУССКИЙ ПЕРЕВОД PASS: 0 ложных из 68 судимых (167 файлов)
2026-09-05T08:46:53Z	selfmeasure_court.py	0	РАССКАЗ О СЕБЕ PASS: 0 ложных из 59 судимых (167 файлов)
2026-09-05T08:46:54Z	ru_compare_court.py	0	РУССКОЕ СРАВНЕНИЕ PASS: 0 ложных из 150 судимых (167 файлов)
2026-09-05T08:46:55Z	ru_story_court.py	0	РУССКАЯ ЗАДАЧА PASS: 0 ложных из 658 судимых (167 файлов)
2026-09-05T08:46:57Z	inquiry_es_it_court.py	0	ДОЗНАНИЕ-ES-IT PASS: 0 ложных из 1480 судимых (167 файлов)
2026-09-05T08:47:00Z	share_court.py	0	ДОЛЯ PASS: 0 ложных из 2376 судимых (167 файлов)
2026-09-05T08:47:02Z	compare_mult_court.py	0	КРАТНОЕ PASS: 0 ложных из 2797 судимых (167 файлов)
2026-09-05T08:47:05Z	sequence_court.py	0	ПОСЛЕДОВАТЕЛЬНОСТИ PASS: 0 ложных из 2616 судимых (167 файлов)
2026-09-05T08:47:07Z	geometry_court.py	0	ГЕОМЕТРИЯ PASS: 0 ложных из 2438 судимых (167 файлов)
2026-09-05T08:47:10Z	linalg_court.py	0	ВЕКТОР PASS: 0 ложных из 3726 судимых (167 файлов)
2026-09-05T08:47:11Z	calendar_court.py	0	КАЛЕНДАРЬ PASS: 0 ложных из 846 судимых (167 файлов)
2026-09-05T08:47:14Z	speech_court.py	0	РЕЧЬ PASS: 0 ложных из 1960 судимых (167 файлов)
2026-09-05T08:47:17Z	rugram_court.py	0	РУССКОЕ СОГЛАСОВАНИЕ PASS: 0 ложных из 15129 судимых (167 файлов)
2026-09-05T08:47:21Z	physlaw_court.py	0	ЗАКОНЫ ФИЗИКИ PASS: 0 ложных из 840 судимых (167 файлов)
2026-09-05T08:47:25Z	compsci_court.py	0	ИНФОРМАТИКА PASS: 0 ложных из 1368 судимых (167 файлов)
2026-09-05T08:47:27Z	case_court.py	0	ПАДЕЖ PASS: 0 ложных из 1006 судимых (167 файлов)
2026-09-05T08:47:29Z	valence_court.py	0	ОЦЕНКА PASS: 0 ложных из 1256 судимых (167 файлов)
2026-09-05T08:47:31Z	shadow_court.py	0	ЗАТЕНЕНИЕ PASS: 0 имён определены дважды (435 файлов, рубеж 0)
2026-09-05T08:48:22Z	syllabus_court.py	0	ПОЛНОТА PASS: 0 предметов свода не покрыты из 62 (рубеж 0, 167 файлов)
2026-09-05T08:48:43Z	richness_court.py	0	БОГАТСТВО[показано] PASS: не показаны 0 форм из 20 и 0 стыков из 6 (рубеж 0, 167 файлов); КУПЛЕНО и ИСПОЛНЕНО мерятся на стороне организма
2026-09-05T08:49:03Z	langpack_court.py	0	ЯЗЫКИ PASS: 29 зелёных из 29, красных 0 (рубеж 6)
2026-09-05T08:49:04Z	langrule_court.py	0	ПРАВИЛО ЯЗЫКА PASS: 0 разладов формы с правилом из 1014 сверенных (19 пакетов с правилом из 29)
2026-09-05T08:52:47Z	claims_court.py	1	РОДЫ FAIL: 373 строк прочтены НЕ ХОЗЯИНОМ рода из 31250 с видимым родом (рубеж 0, 167 файлов, родов объявлено 4)
2026-09-05T08:52:51Z	program_court.py	0	ПРОГРАММЫ PASS: 0 ложных из 1078 судимых (167 файлов)
2026-09-05T08:52:55Z	statistics_court.py	0	СТАТИСТИКА PASS: 0 ложных из 1180 судимых (167 файлов)
2026-09-05T08:52:59Z	proof_court.py	0	ДОКАЗАТЕЛЬСТВО PASS: 0 ложных из 663 судимых (167 файлов)
2026-09-05T08:53:01Z	machine_court.py	0	МАШИНА PASS: 0 ложных из 1846 судимых (167 файлов)
2026-09-05T08:53:10Z	episode_court.py	0	ЭПИЗОД PASS: 0 ложных из 10227 судимых (167 файлов), вне владения 12 слов: ['day', 'dollar', 'foot', 'hour', 'kilometer']
2026-09-05T08:53:13Z	copula_court.py	0	СВЯЗКИ PASS: 0 ложных из 500 судимых (167 файлов), НЕЗНАКОМЫХ ПАР 31497: ["cause: philosophy is literally, the love of, including the search after, wisdom; in actual usage, the knowledge of phenomena as explained by, and resolved into, / and reasons, powers and laws: webster's unabridged dictionary, 1913", 'cause: электричество — это то, содержащееся в теле, что сообщает этому телу особые свойства, / в нем способность действовать механически на некоторые другие тела, притягивать или при известных условиях отталкивать их, а также вызывает в самом этом теле способность испытывать подобные же механические действия других тел: эсбе, статья «электричество»', 'contain: does the node body contain the node liquid? in the tree of kinds the node body / the node liquid']
2026-09-05T08:53:16Z	markup_court.py	0	РАЗМЕТКА PASS: 0 ложных из 3830 судимых (167 файлов)
2026-09-05T08:53:38Z	langlayer_court.py	0	ПЛАСТ PASS: 0 необъявленных слов (88722 строк, 29 пластов)
2026-09-05T08:53:39Z	langform_court.py	0	ФОРМА ПЛАСТА PASS: 0 ложных из 70003 судимых (88722 строк пласта, 29 пластов, дословных 940, рамок без опознавателя 3, рубеж 0)
2026-09-05T08:53:39Z	gsm_census.py	0	GSM-CENSUS PASS: 0 расхождений (72 выведено, 69 в слое, 3 удержано)
2026-09-05T08:54:45Z	reproducible.py	1	ВОСПРОИЗВОДИМОСТЬ FAIL: 1 расхождений из 137 сличённых (без объявленной цели 0, рубеж 0)
2026-09-05T08:54:46Z	bash32_court.py	0	BASH32-COURT PASS: ни одного имени, съедаемого bash 3.2; скриптов проверено: 2
2026-09-05T08:54:47Z	manifest_court.py	0	МАНИФЕСТ PASS: 0 разладов объявления с делом (380 миров, сборок 6, обязательств дела 192)
2026-09-05T09:16:18Z	prose_court.py	1	ПРОЗА FAIL: 0 разладов объявления (рубеж 0) и 11773 возражений судов (рубеж 12, чтение вне подсудности) — 207 миров, 1171830 строк, прочтено 27393 (2%), судов живых 124
2026-09-05T09:16:22Z	mutants.py	0	МУТАНТЫ PASS: 9 полей из 9 поймали свою подсадку, чужих задето 0
2026-09-05T09:16:23Z	lexicon_reach.py	0	ОХВАТ PASS: 366 из 366 объявленных слов прожиты >=2 раз (100% при рубеже 100%)
2026-09-05T09:16:25Z	inquiry_pt_nl_court.py	0	ДОЗНАНИЕ-PT-NL PASS: 0 ложных из 2108 судимых (167 файлов)
2026-09-05T09:16:27Z	inquiry_pl_tr_court.py	0	ДОЗНАНИЕ-PL-TR PASS: 0 ложных из 1537 судимых (167 файлов)
2026-09-05T09:16:30Z	metalang_court.py	0	МЕТАЯЗЫК PASS: 0 ложных из 1849 судимых (167 файлов)
2026-09-05T09:16:30Z	glyph_court.py	0	ГЛИФЫ PASS: 0 ложных, 1101 истинных, 0 несудимых
2026-09-05T09:16:30Z	space_court.py	0	ПРОСТРАНСТВО PASS: 0 ложных, 2301 истинных, 0 несудимых
2026-09-05T09:16:30Z	stenogram_court.py	0	СТЕНОГРАММЫ PASS: 0 ложных, 550 истинных, 0 несудимых
2026-09-05T09:16:31Z	mathspaces_court.py	0	ПРОСТРАНСТВА PASS: 0 ложных, 814 истинных, 0 несудимых
2026-09-05T09:16:31Z	gsmforms_court.py	0	ШКОЛЬНЫЕ ФОРМЫ PASS: 0 ложных, 2511 истинных, 0 несудимых
2026-09-05T09:16:38Z	definitions_court.py	0	ОПРЕДЕЛЕНИЯ PASS: 0 ложных, 2141 истинных, 0 несудимых
2026-09-05T09:16:39Z	pronoun_court.py	0	МЕСТОИМЕНИЯ PASS: 0 ложных из 480 судимых, несудимых 0
2026-09-05T09:16:39Z	money_court.py	0	ДЕНЬГИ PASS: 0 ложных из 450 судимых, несудимых 0
2026-09-05T09:16:39Z	holes_court.py	0	ДЫРЫ PASS: 0 ложных из 6100 судимых, несудимых 0
2026-09-05T09:16:39Z	money_langs_court.py	0	ДЕНЬГИ НА ЯЗЫКАХ PASS: 0 ложных из 1188 судимых, несудимых 0
2026-09-05T09:16:40Z	geometry_langs_court.py	0	ГЕОМЕТРИЯ НА ЯЗЫКАХ PASS: 0 ложных из 960 судимых, несудимых 0
2026-09-05T09:16:40Z	units_langs_court.py	0	ЕДИНИЦЫ НА ЯЗЫКАХ PASS: 0 ложных из 640 судимых, несудимых 0
2026-09-05T09:16:40Z	stats_langs_court.py	0	СВОДКА НА ЯЗЫКАХ PASS: 0 ложных из 480 судимых, несудимых 0
2026-09-05T09:16:40Z	calendar_langs_court.py	0	НЕДЕЛЯ НА ЯЗЫКАХ PASS: 0 ложных из 1120 судимых, несудимых 0
2026-09-05T09:16:40Z	sequences_langs_court.py	0	ПРОГРЕССИИ НА ЯЗЫКАХ PASS: 0 ложных из 320 судимых, несудимых 0
2026-09-05T09:16:40Z	compare_langs_court.py	0	СРАВНЕНИЕ НА ЯЗЫКАХ PASS: 0 ложных из 480 судимых, несудимых 0
2026-09-05T09:16:41Z	share_langs_court.py	0	ДОЛИ НА ЯЗЫКАХ PASS: 0 ложных из 560 судимых, несудимых 0
2026-09-05T09:16:41Z	physics_langs_court.py	0	ФИЗИКА НА ЯЗЫКАХ PASS: 0 ложных из 480 судимых, несудимых 0
2026-09-05T09:16:43Z	relation_court.py	0	СТРОЕНИЕ PASS: 0 ложных из 2084 судимых (167 файлов, структуры обходимы)
2026-09-05T09:19:44Z	court_mutants.py	0	МУТАНТЫ СУДОВ PASS: 103 поймали, 7 онемели, 1 не поймали (рубеж 1), 0 со свободным числом, 13 без числовой истинной строки, 0 без истинной строки вовсе (судов 124)
2026-09-05T09:19:48Z	panel_court.py	0	СОСТАВ PASS: 0 расхождений (рубеж 0) — палата: судов живых 124, незаявленных 0, призраков 0; набор: приборов 87, вне набора 0, призраков 0
2026-09-05T09:19:50Z	concept_reach.py	0	ОХВАТ ПОНЯТИЯ PASS: 3667 из 22032 предметов показаны (16%); не показано из НАШИХ сводов 4999 (рубеж 6556), из полки 13366 — 207 корпусов прозы, отсеяно рубрик 670, слов в показах 15402
2026-09-05T09:20:33Z	ask_reach.py	0	ВОПРОСНАЯ ПОВЕРХНОСТЬ ОТЧЁТ: 165 из 167 миров спрашивают, только сообщают 2; вопросных строк 119043 из 292515 (40%); миров с непроверяемым вопросом 1
2026-09-05T09:20:34Z	band_reach.py	0	МИР × ПОЛОСА ОТЧЁТ: строк реестра 46, исполнимых опознаний 29, расхождений записи 3, родов без мира 14; миров показов 167, из них без полосы 156; полос в реестре 5
2026-09-05T09:20:35Z	biblio_reach.py	0	БИБЛИОТЕКА PASS: названо 1684 источников (12 трудов по заглавию, 1672 по автору с годом), НЕТ НА ПОЛКЕ 1549 — из них свободно по праву 320, защищено 1223; корпусов прозы 7
2026-09-05T09:20:38Z	ruverbs_court.py	0	РУССКИЕ ГЛАГОЛЫ PASS: 0 ложных из 881 судимых (380 файлов, рубеж 0)
2026-09-05T09:20:44Z	script_court.py	0	ПИСЬМО PASS: 0 смешанных слов в 292515 строках показов (167 файлов, рубеж 0)
2026-09-05T09:21:20Z	word_mutants.py	0	ПОДСАДКА СЛОВОМ ОТЧЁТ: проб 3725 — ПОЙМАН 3108 (83%), ОНЕМЕЛ 402 (10%), НЕ ПОЙМАН 215 (5%); строк без слова 13741; миров с дырой 65
2026-09-05T09:25:35Z	shelf_court.py	0	ПОЛКА PASS: 0 разладов объявления с делом (рубеж 0), никем не читаемых 171 миров, недоговорено 11 — оба числа считаны, но не судимы — 200 миров полки, судов живых 124
2026-09-05T09:27:16Z	ask_width.py	0	ШИРОТА ВОПРОСА PASS: 3623 из 4728 родов суда имеют вопросную поверхность (76%); БЕЗ ВОПРОСА 1105 (рубеж 1105) — от судов 1105, от манифеста 0; роды объявлены судами (83 из 127, образцов 4184, вопросных слов от пакетов 33); от манифеста 0 актов в 0 мирах — с вопросом 0, без 0, не разрешено 0; строк без рода 93690 из 292515
2026-09-05T09:27:20Z	notationvar_court.py	0	НАЧЕРТАНИЕ PASS: 0 ложных из 24031 судимых (380 файлов, рубеж 0)
2026-09-05T09:29:06Z	prosetree_court.py	1	ДЕРЕВО ПРОЗЫ FAIL: 99 ложных из 11731 судимых (207 файлов)
2026-09-05T09:29:07Z	longdiv_court.py	0	УГОЛ PASS: 0 ложных из 1322 судимых (167 файлов)
2026-09-05T09:30:35Z	form_census.py	0	ПЕРЕПИСЬ ФОРМ ОТЧЁТ: строк 292515, рамок 79559 (масса ≥ 9: 7710), родов 39893 (масса ≥ 9: 8756); минимальный корпус при массе 9: 205175 строк по рамкам (70 %), 145835 по родам (49 %); насыщение: последняя доля даёт 0 новых рамок и 0 новых РОДОВ на тысячу строк
2026-09-05T09:30:35Z	verbthings_court.py	0	ГЛАГОЛ–ВЕЩЬ PASS: 0 чужих пар глагол–вещь в 292515 строках показов (167 файлов, рубеж 0)
2026-09-05T09:41:44Z	coverage.py	0	СУДИМОСТЬ PASS: 292515 из 292515 строк судимы (100% при рубеже 100%, судов живых 124), слепых 0, зачтено словарём пакета 0 (0% свода, долг 0)
2026-09-05T09:41:45Z	behavior_court.py	0	ПОВЕДЕНЧЕСКИЕ ЗАКОНЫ PASS: 0 ложных из 1608 судимых, несудимых 0
2026-09-05T09:41:46Z	topics_court.py	0	БЫТОВЫЕ ТЕМЫ PASS: 0 ложных из 1104 судимых, несудимых 0
2026-09-05T09:41:46Z	nature_court.py	0	ПРИРОДА PASS: 0 ложных из 868 судимых, несудимых 0
2026-09-05T09:41:46Z	links_court.py	0	СВЯЗКИ РАЗГОВОРА PASS: 0 ложных из 17566 судимых, несудимых 0
2026-09-05T09:41:46Z	scale_court.py	0	ШКАЛА PASS: 0 ложных из 747 судимых, несудимых 0
2026-09-05T09:41:47Z	opposites_court.py	0	ПРОТИВОПОЛОЖНОСТИ PASS: 0 ложных из 648 судимых, несудимых 0
2026-09-05T09:41:47Z	roles_court.py	0	РОЛЕВЫЕ ВОПРОСЫ PASS: 0 ложных из 135 судимых, несудимых 0
2026-09-05T09:41:47Z	joints_court.py	0	СОЧЛЕНЕНИЯ PASS: 0 ложных из 2700 судимых, несудимых 0
2026-09-05T09:41:47Z	dialogue_court.py	0	РЕЧЕВОЙ ОБИХОД PASS: 0 ложных из 2052 судимых, несудимых 0
2026-09-05T09:41:49Z	worldfacts_court.py	0	ФАКТЫ МИРА PASS: 0 ложных из 2779 судимых, несудимых 0, двойников чужих миров 0
2026-09-05T09:41:49Z	infer_court.py	0	СТРОГИЙ ВЫВОД PASS: 0 ложных из 1080 судимых, несудимых 0; подсадок поймано 5 из 5
2026-09-05T09:41:50Z	circle_probe.py	0	КРУГ PASS: 0 кругов из 3774 причинных ответов (117718 вопросных строк всего); отказов 95, из них БЕЗ ОСНОВАНИЯ 0; отрицаний 8872, из них БЕЗ ОСНОВАНИЯ 0; подсадок поймано 2 из 2, ложных тревог 0
2026-09-05T09:41:51Z	agree_probe.py	1	СОГЛАСИЕ ДОМОВ FAIL: 2 споров из 12 предметов, о которых говорит больше одного дома (всего предметов 708, домов сличено 3); подсадка сходится; разный уровень ОДНОЙ лестницы (согласие) 6
2026-09-05T09:41:51Z	shelf_declare.py	0	ПОЛКА БЕЗ ОБЪЯВЛЕНИЯ PASS: 0 книг лежали на диске без записи (в договоре 21, в манифесте 380 миров)
2026-09-05T09:42:11Z	house_reach.py	0	  истина fracforms признаёт numberline: 10
2026-09-05T09:42:11Z	head_census.py	0	ПЕРЕПИСЬ ГОЛОВ: голов 2080 на 116275 вопросных строк (по 2 слова); ОДИНОЧЕК 364 (17 %), они несут 364 строк — столько же, сколько голов
2026-09-05T09:42:13Z	form_matrix.py	0	ЩЕРБАТОСТЬ ДОМОВ: 1 щербатых форм из 158 (0 %), домов 23
2026-09-05T09:42:13Z	disj_court.py	0	ИСКЛЮЧЕНИЕ PASS: 0 ложных из 216 судимых, несудимых 0; подсадок поймано 3 из 3
2026-09-05T09:42:13Z	indu_court.py	0	ПОСПЕШНОСТЬ PASS: 0 ложных из 102 судимых, несудимых 0; подсадок поймано 8 из 8
2026-09-05T09:42:14Z	analog_court.py	0	ПОДОБИЕ PASS: 0 ложных из 144 судимых, несудимых 0; подсадок поймано 3 из 3
2026-09-05T09:42:14Z	reply_court.py	0	ОТКЛИК PASS: 0 ложных из 54 судимых, несудимых 0; подсадок поймано 3 из 3
2026-09-05T09:43:13Z	register_pairs.py	1	ПАРА РЕГИСТРА FAIL: пар 5298, одной дырой 4707 (88 %), дыр больше 591, ПОРОКОВ 258 (рубеж 0), без пары 0
2026-09-05T09:43:16Z	register_purity.py	0	ЧИСТОТА РЕГИСТРА: неформальных показов 21678, говорящих вежливо 0 (0 %), из них имеющих и вежливую пару 0; мест 0
2026-09-05T09:43:18Z	prefix_traps.py	0	ЛОВУШКА НАЧАЛА PASS: домов с судом по началу строки 0 (рубеж 0), проб 840, пойманных удвоений 0
2026-09-05T09:43:18Z	threshold_census.py	0	ПЕРЕПИСЬ ПОРОГОВ: именованных 25 (объявлено 19, храповиков 6, ВКУС 0); встроенных сравнений от трёх 104 (печать 121, без основания рядом 88 — ВЕРХНЯЯ ОЦЕНКА: строй и порог здесь не разделены); папки scripts courts
2026-09-05T09:43:18Z	denominator_census.py	0	ЧИСЛО БЕЗ ЗНАМЕНАТЕЛЯ PASS: приборов в леджере 135, строк без объёма 1, из них НУЛЕЙ без объёма 0 (рубеж 0)
2026-09-05T09:43:19Z	repeat_census.py	0	ПЕРЕПИСЬ ПОВТОРОВ: миров 167, строк 292515, уникальных 189490, копий 103025 (35 %), из них сверх LAW=2: 68089 (23 %); миров с копиями > 10 %: 87
2026-09-05T09:43:22Z	definitions_reach.py	0	СЛЕД РАЗБОРА ОПРЕДЕЛЕНИЙ: понятий 829, без определения 222, из них полка не знает 68, разбор остановился на названных воротах 154, причина не названа 0 (рубеж 0)
2026-09-05T09:43:22Z	copies_census.py	0	ПЕРЕПИСЬ КОПИЙ PASS: миров через слой 135, сверх LAW=2 0 (рубеж 0); строк 201058, различных 174938, копий 26120, многострочных 5; вне слоя миров 2 (копий 106592) — не судятся; сайдкар datasets/COPIES.tsv
2026-09-05T09:43:23Z	sweep_self.py	1	    pl · session-recall · X ma · 8
2026-09-05T09:54:35Z	court_reach.py	1	ДОСЯГАЕМОСТЬ СУДА FAIL (вся палата; судов 124): миров 167, строк 292515, ЛЖЕЙ 4 (рубеж 0), слепых 0 (рубеж 0)
2026-09-05T09:54:35Z	action_measure_court.py	0	МЕРА ДЕЙСТВИЯ PASS: 0 ложных из 234 судимых, несудимых 0; подсадок поймано 6 из 6
2026-09-05T09:54:35Z	numberline_court.py	0	ЧИСЛОВОЙ РЯД PASS: 0 ложных из 5256 судимых, несудимых 0; подсадок поймано 6 из 6
2026-09-05T09:54:35Z	countfacts_court.py	0	СЧЁТНЫЕ ФАКТЫ PASS: 0 ложных из 243 судимых, несудимых 0; подсадок поймано 6 из 6
2026-09-05T09:54:35Z	letters_court.py	0	БУКВЫ PASS: 0 ложных из 360 судимых, несудимых 0; подсадок поймано 5 из 5
2026-09-05T09:54:35Z	propcompare_court.py	0	СРАВНЕНИЕ СВОЙСТВ PASS: 0 ложных из 200 судимых, несудимых 0; подсадок поймано 4 из 4
2026-09-05T09:54:36Z	price_court.py	0	ЦЕНА PASS: 0 ложных из 378 судимых, несудимых 0; подсадок поймано 4 из 4
2026-09-05T09:54:36Z	translate_court.py	0	ПЕРЕВОД PASS: 0 ложных из 792 судимых, несудимых 0; подсадок поймано 4 из 4
2026-09-05T09:54:36Z	timeunits_court.py	0	ЕДИНИЦЫ ВРЕМЕНИ PASS: 0 ложных из 420 судимых, несудимых 0; подсадок поймано 3 из 3
2026-09-05T09:54:36Z	svamp_court.py	0	ФОРМЫ SVAMP PASS: 0 ложных из 4072 судимых, несудимых 0; подсадок поймано 4 из 4
2026-09-05T09:54:36Z	measure_langs_court.py	0	МЕРА ДЕЙСТВИЯ НА ЯЗЫКАХ PASS: 0 ложных из 462 судимых, несудимых 0; подсадок поймано 4 из 4
2026-09-05T16:10:14Z	arith_court.py	0	АРИФМЕТИКА PASS: 0 ложных равенств из 92141 судимых (170 файлов, неразобрано 118266)
2026-09-05T16:10:19Z	algo_court.py	0	АЛГОРИТМЫ PASS: 0 ложных утверждений из 2982 судимых (170 файлов)
2026-09-05T16:12:34Z	formula_court.py	0	ФОРМУЛЫ PASS: 0 ложных записей из 2903 судимых (170 файлов)
2026-09-05T16:10:20Z	logic_court.py	0	ЛОГИКА PASS: 0 ложных утверждений из 734 судимых (170 файлов)
2026-09-05T16:12:35Z	physics_court.py	0	ФИЗИКА PASS: 0 ложных утверждений из 1240 судимых (170 файлов)
2026-09-05T16:12:38Z	cyber_court.py	0	КИБЕРНЕТИКА PASS: 0 ложных утверждений из 1270 судимых (170 файлов)
2026-09-05T16:12:39Z	agreement_court.py	0	СОГЛАСОВАНИЕ PASS: 0 рассогласований при рубеже 0 (2959 верных, 170 файлов, закон 2)
2026-09-05T16:12:42Z	notation_court.py	0	ЗАПИСЬ PASS: 0 ложных записей из 566 судимых (170 файлов)
2026-09-05T16:12:41Z	unit_court.py	0	ЕДИНИЦЫ PASS: 0 ложных переводов из 666 судимых (170 файлов)
2026-09-05T16:12:41Z	number_court.py	0	ЧИСЛА PASS: 0 ложных из 4220 судимых (170 файлов)
2026-09-05T16:12:47Z	inquiry_court.py	0	ДОЗНАНИЕ PASS: 0 ложных из 3915 судимых (170 файлов)
2026-09-05T16:12:43Z	surfaces_court.py	0	ПОВЕРХНОСТИ PASS: 0 ложных из 2200 судимых (170 файлов)
2026-09-05T16:12:43Z	markdown_court.py	0	РАЗМЕТКА-ПОЛНАЯ PASS: 0 ложных из 3848 судимых (170 файлов, обратимость дома цела)
2026-09-05T16:12:48Z	doctree_court.py	0	СТРУКТУРА PASS: 0 ложных из 516 судимых (170 файлов, дерево обратимо)
2026-09-05T16:12:49Z	rates_court.py	0	СТАВКИ PASS: 0 ложных из 758 судимых (170 файлов)
2026-09-05T16:12:50Z	formula_lang_court.py	0	КОНВЕРСИЯ PASS: 0 ложных из 2583 судимых (170 файлов)
2026-09-05T16:12:52Z	percent_court.py	0	ПРОЦЕНТЫ PASS: 0 ложных из 560 судимых (170 файлов)
2026-09-05T16:12:51Z	average_court.py	0	СВОДКА PASS: 0 ложных из 1300 судимых (170 файлов)
2026-09-05T16:12:55Z	equation_court.py	0	УРАВНЕНИЕ PASS: 0 ложных из 3340 судимых (170 файлов)
2026-09-05T16:12:57Z	dataformat_court.py	0	ФОРМАТЫ PASS: 0 ложных из 640 судимых (170 файлов, обратимость дома цела)
2026-09-05T16:13:03Z	everyday_court.py	0	БЫТ PASS: 0 ложных из 4510 судимых (170 файлов)
2026-09-05T16:12:56Z	story_chain_court.py	0	ЦЕПОЧКА PASS: 0 ложных из 890 судимых (170 файлов)
2026-09-05T16:13:05Z	age_court.py	0	ВОЗРАСТ PASS: 0 ложных из 900 судимых (170 файлов)
2026-09-05T16:13:06Z	halves_court.py	0	ПОЛОВИНЫ PASS: 0 ложных из 1054 судимых (170 файлов)
2026-09-05T16:13:07Z	inquiry_de_fr_court.py	0	ДОЗНАНИЕ-DE-FR PASS: 0 ложных из 2108 судимых (170 файлов)
2026-09-05T16:13:08Z	ru_conversion_court.py	0	РУССКИЙ ПЕРЕВОД PASS: 0 ложных из 68 судимых (170 файлов)
2026-09-05T16:13:08Z	selfmeasure_court.py	0	РАССКАЗ О СЕБЕ PASS: 0 ложных из 59 судимых (170 файлов)
2026-09-05T16:13:08Z	ru_compare_court.py	0	РУССКОЕ СРАВНЕНИЕ PASS: 0 ложных из 150 судимых (170 файлов)
2026-09-05T16:13:09Z	ru_story_court.py	0	РУССКАЯ ЗАДАЧА PASS: 0 ложных из 658 судимых (170 файлов)
2026-09-05T16:13:13Z	inquiry_es_it_court.py	0	ДОЗНАНИЕ-ES-IT PASS: 0 ложных из 1480 судимых (170 файлов)
2026-09-05T16:13:13Z	share_court.py	0	ДОЛЯ PASS: 0 ложных из 2376 судимых (170 файлов)
2026-09-05T16:13:17Z	compare_mult_court.py	0	КРАТНОЕ PASS: 0 ложных из 2797 судимых (170 файлов)
2026-09-05T16:13:18Z	sequence_court.py	0	ПОСЛЕДОВАТЕЛЬНОСТИ PASS: 0 ложных из 2616 судимых (170 файлов)
2026-09-05T16:13:18Z	geometry_court.py	0	ГЕОМЕТРИЯ PASS: 0 ложных из 2438 судимых (170 файлов)
2026-09-05T16:13:26Z	linalg_court.py	0	ВЕКТОР PASS: 0 ложных из 3726 судимых (170 файлов)
2026-09-05T16:13:22Z	calendar_court.py	0	КАЛЕНДАРЬ PASS: 0 ложных из 846 судимых (170 файлов)
2026-09-05T16:13:24Z	speech_court.py	0	РЕЧЬ PASS: 0 ложных из 1960 судимых (170 файлов)
2026-09-05T16:13:38Z	rugram_court.py	0	РУССКОЕ СОГЛАСОВАНИЕ PASS: 0 ложных из 16342 судимых (170 файлов)
2026-09-05T16:13:36Z	physlaw_court.py	0	ЗАКОНЫ ФИЗИКИ PASS: 0 ложных из 840 судимых (170 файлов)
2026-09-05T16:13:36Z	compsci_court.py	0	ИНФОРМАТИКА PASS: 0 ложных из 1368 судимых (170 файлов)
2026-09-05T16:13:40Z	case_court.py	0	ПАДЕЖ PASS: 0 ложных из 1006 судимых (170 файлов)
2026-09-05T16:13:44Z	valence_court.py	0	ОЦЕНКА PASS: 0 ложных из 1256 судимых (170 файлов)
2026-09-05T16:13:41Z	shadow_court.py	0	ЗАТЕНЕНИЕ PASS: 0 имён определены дважды (450 файлов, рубеж 0)
2026-09-05T16:14:31Z	syllabus_court.py	0	ПОЛНОТА PASS: 0 предметов свода не покрыты из 62 (рубеж 0, 170 файлов)
2026-09-05T16:14:07Z	richness_court.py	0	БОГАТСТВО[показано] PASS: не показаны 0 форм из 20 и 0 стыков из 6 (рубеж 0, 170 файлов); КУПЛЕНО и ИСПОЛНЕНО мерятся на стороне организма
2026-09-05T16:14:06Z	langpack_court.py	0	ЯЗЫКИ PASS: 29 зелёных из 29, красных 0 (рубеж 6)
2026-09-05T16:14:31Z	langrule_court.py	0	ПРАВИЛО ЯЗЫКА PASS: 0 разладов формы с правилом из 1014 сверенных (19 пакетов с правилом из 29)
2026-09-05T16:20:25Z	claims_court.py	1	РОДЫ FAIL: 1305 строк прочтены НЕ ХОЗЯИНОМ рода из 33889 с видимым родом (рубеж 0, 170 файлов, родов объявлено 4)
2026-09-05T16:14:36Z	program_court.py	0	ПРОГРАММЫ PASS: 0 ложных из 1078 судимых (170 файлов)
2026-09-05T16:20:35Z	statistics_court.py	0	СТАТИСТИКА PASS: 0 ложных из 1180 судимых (171 файлов)
2026-09-05T16:20:34Z	proof_court.py	0	ДОКАЗАТЕЛЬСТВО PASS: 0 ложных из 663 судимых (171 файлов)
2026-09-05T16:20:31Z	machine_court.py	0	МАШИНА PASS: 0 ложных из 1846 судимых (171 файлов)
2026-09-05T16:20:52Z	episode_court.py	0	ЭПИЗОД PASS: 0 ложных из 10323 судимых (171 файлов), вне владения 12 слов: ['day', 'dollar', 'foot', 'hour', 'kilometer']
2026-09-05T16:20:43Z	copula_court.py	0	СВЯЗКИ PASS: 0 ложных из 500 судимых (171 файлов), НЕЗНАКОМЫХ ПАР 31861: ["cause: philosophy is literally, the love of, including the search after, wisdom; in actual usage, the knowledge of phenomena as explained by, and resolved into, / and reasons, powers and laws: webster's unabridged dictionary, 1913", 'cause: электричество — это то, содержащееся в теле, что сообщает этому телу особые свойства, / в нем способность действовать механически на некоторые другие тела, притягивать или при известных условиях отталкивать их, а также вызывает в самом этом теле способность испытывать подобные же механические действия других тел: эсбе, статья «электричество»', 'contain: does the node body contain the node liquid? in the tree of kinds the node body / the node liquid']
2026-09-05T16:20:42Z	markup_court.py	0	РАЗМЕТКА PASS: 0 ложных из 3830 судимых (171 файлов)
2026-09-05T16:21:34Z	langlayer_court.py	0	ПЛАСТ PASS: 0 необъявленных слов (88722 строк, 29 пластов)
2026-09-05T16:20:54Z	langform_court.py	0	ФОРМА ПЛАСТА PASS: 0 ложных из 70003 судимых (88722 строк пласта, 29 пластов, дословных 940, рамок без опознавателя 3, рубеж 0)
2026-09-05T16:20:53Z	gsm_census.py	0	GSM-CENSUS PASS: 0 расхождений (72 выведено, 69 в слое, 3 удержано)
2026-09-05T16:23:26Z	reproducible.py	1	ВОСПРОИЗВОДИМОСТЬ FAIL: 1 расхождений из 143 сличённых (без объявленной цели 0, рубеж 0), БЕЗ ОБЪЯВЛЕННОГО МИРА 2 (рубеж 0): ['gen_genesis_planforms.py:datasets/genesis_planforms.txt', 'gen_genesis_verifyforms.py:datasets/genesis_verifyforms.txt']
2026-09-05T16:23:27Z	bash32_court.py	0	BASH32-COURT PASS: ни одного имени, съедаемого bash 3.2; скриптов проверено: 5
2026-09-05T16:23:28Z	manifest_court.py	0	МАНИФЕСТ PASS: 0 разладов объявления с делом (386 миров, сборок 6, обязательств дела 198)
2026-09-05T16:23:30Z	prose_court.py	0	МАНИФЕСТ PASS: 0 разладов объявления с делом (386 миров, сборок 6, обязательств дела 198)
2026-09-05T16:23:43Z	mutants.py	0	МУТАНТЫ PASS: 9 полей из 9 поймали свою подсадку, чужих задето 0
2026-09-05T16:23:32Z	lexicon_reach.py	0	ОХВАТ PASS: 366 из 366 объявленных слов прожиты >=2 раз (100% при рубеже 100%)
2026-09-05T16:23:37Z	inquiry_pt_nl_court.py	0	ДОЗНАНИЕ-PT-NL PASS: 0 ложных из 2108 судимых (173 файлов)
2026-09-05T16:23:49Z	inquiry_pl_tr_court.py	0	ДОЗНАНИЕ-PL-TR PASS: 0 ложных из 1537 судимых (173 файлов)
2026-09-05T16:23:54Z	metalang_court.py	0	МЕТАЯЗЫК PASS: 0 ложных из 1849 судимых (173 файлов)
2026-09-05T16:23:44Z	glyph_court.py	0	ГЛИФЫ PASS: 0 ложных, 1101 истинных, 0 несудимых
2026-09-05T16:23:54Z	space_court.py	0	ПРОСТРАНСТВО PASS: 0 ложных, 2301 истинных, 0 несудимых
2026-09-05T16:23:54Z	stenogram_court.py	0	СТЕНОГРАММЫ PASS: 0 ложных, 550 истинных, 0 несудимых
2026-09-05T16:23:54Z	mathspaces_court.py	0	ПРОСТРАНСТВА PASS: 0 ложных, 814 истинных, 0 несудимых
2026-09-05T16:23:56Z	gsmforms_court.py	0	ШКОЛЬНЫЕ ФОРМЫ PASS: 0 ложных, 2511 истинных, 0 несудимых
2026-09-05T16:24:20Z	definitions_court.py	0	ОПРЕДЕЛЕНИЯ PASS: 0 ложных, 2141 истинных, 0 несудимых
2026-09-05T16:23:55Z	pronoun_court.py	0	МЕСТОИМЕНИЯ PASS: 0 ложных из 480 судимых, несудимых 0
2026-09-05T16:24:21Z	money_court.py	0	ДЕНЬГИ PASS: 0 ложных из 450 судимых, несудимых 0
2026-09-05T16:24:22Z	holes_court.py	0	ДЫРЫ PASS: 0 ложных из 6100 судимых, несудимых 0
2026-09-05T16:24:21Z	money_langs_court.py	0	ДЕНЬГИ НА ЯЗЫКАХ PASS: 0 ложных из 1188 судимых, несудимых 0
2026-09-05T16:24:22Z	geometry_langs_court.py	0	ГЕОМЕТРИЯ НА ЯЗЫКАХ PASS: 0 ложных из 960 судимых, несудимых 0
2026-09-05T16:24:22Z	units_langs_court.py	0	ЕДИНИЦЫ НА ЯЗЫКАХ PASS: 0 ложных из 640 судимых, несудимых 0
2026-09-05T16:24:22Z	stats_langs_court.py	0	СВОДКА НА ЯЗЫКАХ PASS: 0 ложных из 480 судимых, несудимых 0
2026-09-05T16:24:23Z	calendar_langs_court.py	0	НЕДЕЛЯ НА ЯЗЫКАХ PASS: 0 ложных из 1120 судимых, несудимых 0
2026-09-05T16:24:23Z	sequences_langs_court.py	0	ПРОГРЕССИИ НА ЯЗЫКАХ PASS: 0 ложных из 320 судимых, несудимых 0
2026-09-05T16:24:23Z	compare_langs_court.py	0	СРАВНЕНИЕ НА ЯЗЫКАХ PASS: 0 ложных из 480 судимых, несудимых 0
2026-09-05T16:24:23Z	share_langs_court.py	0	ДОЛИ НА ЯЗЫКАХ PASS: 0 ложных из 560 судимых, несудимых 0
2026-09-05T16:24:23Z	physics_langs_court.py	0	ФИЗИКА НА ЯЗЫКАХ PASS: 0 ложных из 480 судимых, несудимых 0
2026-09-05T16:24:30Z	relation_court.py	0	СТРОЕНИЕ PASS: 0 ложных из 2084 судимых (173 файлов, структуры обходимы)
2026-09-05T16:32:12Z	court_mutants.py	0	МУТАНТЫ СУДОВ PASS: 109 поймали, 7 онемели, 1 не поймали (рубеж 1), 0 со свободным числом, 13 без числовой истинной строки, 0 без истинной строки вовсе (судов 130)
2026-09-05T16:24:34Z	panel_court.py	0	СОСТАВ PASS: 0 расхождений (рубеж 0) — палата: судов живых 130, незаявленных 0, призраков 0; набор: приборов 88, вне набора 0, призраков 0
2026-09-05T16:24:37Z	concept_reach.py	0	ОХВАТ ПОНЯТИЯ PASS: 3703 из 22032 предметов показаны (16%); не показано из НАШИХ сводов 4994 (рубеж 6556), из полки 13335 — 207 корпусов прозы, отсеяно рубрик 670, слов в показах 15739
2026-09-05T16:34:09Z	ask_reach.py	0	ВОПРОСНАЯ ПОВЕРХНОСТЬ ОТЧЁТ: 171 из 173 миров спрашивают, только сообщают 2; вопросных строк 144011 из 318518 (45%); миров с непроверяемым вопросом 1
2026-09-05T16:32:15Z	band_reach.py	0	МИР × ПОЛОСА ОТЧЁТ: строк реестра 46, исполнимых опознаний 29, расхождений записи 3, родов без мира 14; миров показов 173, из них без полосы 162; полос в реестре 5
2026-09-05T16:32:15Z	biblio_reach.py	0	БИБЛИОТЕКА PASS: названо 1684 источников (12 трудов по заглавию, 1672 по автору с годом), НЕТ НА ПОЛКЕ 1549 — из них свободно по праву 320, защищено 1223; корпусов прозы 7
2026-09-05T16:34:15Z	ruverbs_court.py	0	РУССКИЕ ГЛАГОЛЫ PASS: 0 ложных из 881 судимых (386 файлов, рубеж 0)
2026-09-05T16:34:20Z	script_court.py	0	ПИСЬМО PASS: 0 смешанных слов в 318518 строках показов (173 файлов, рубеж 0)
2026-09-05T16:35:17Z	word_mutants.py	0	ПОДСАДКА СЛОВОМ ОТЧЁТ: проб 3857 — ПОЙМАН 3264 (84%), ОНЕМЕЛ 398 (10%), НЕ ПОЙМАН 195 (5%); строк без слова 13741; миров с дырой 63
2026-09-05T16:42:46Z	shelf_court.py	0	ПОЛКА PASS: 0 разладов объявления с делом (рубеж 0), никем не читаемых 171 миров, недоговорено 11 — оба числа считаны, но не судимы — 200 миров полки, судов живых 131
2026-09-05T16:40:07Z	ask_width.py	1	ШИРОТА ВОПРОСА FAIL: 4321 из 5453 родов суда имеют вопросную поверхность (79%); БЕЗ ВОПРОСА 1132 (рубеж 1105) — от судов 1132, от манифеста 0; роды объявлены судами (83 из 134, образцов 5144, вопросных слов от пакетов 33); от манифеста 0 актов в 0 мирах — с вопросом 0, без 0, не разрешено 0; строк без рода 93690 из 318518
2026-09-05T16:35:23Z	notationvar_court.py	0	НАЧЕРТАНИЕ PASS: 0 ложных из 24031 судимых (386 файлов, рубеж 0)
2026-09-05T16:45:16Z	prosetree_court.py	1	ДЕРЕВО ПРОЗЫ FAIL: 99 ложных из 11731 судимых (207 файлов)
2026-09-05T16:45:17Z	longdiv_court.py	0	УГОЛ PASS: 0 ложных из 1322 судимых (173 файлов)
2026-09-05T16:47:01Z	form_census.py	0	ПЕРЕПИСЬ ФОРМ ОТЧЁТ: строк 318518, рамок 85368 (масса ≥ 9: 8582), родов 42426 (масса ≥ 9: 9615); минимальный корпус при массе 9: 224537 строк по рамкам (70 %), 158444 по родам (49 %); насыщение: последняя доля даёт 0 новых рамок и 0 новых РОДОВ на тысячу строк
2026-09-05T16:45:17Z	verbthings_court.py	0	ГЛАГОЛ–ВЕЩЬ PASS: 0 чужих пар глагол–вещь в 318518 строках показов (173 файлов, рубеж 0)
2026-09-05T17:00:38Z	coverage.py	0	СУДИМОСТЬ PASS: 318518 из 318518 строк судимы (100% при рубеже 100%, судов живых 131), слепых 0, зачтено словарём пакета 0 (0% свода, долг 0)
2026-09-05T16:47:01Z	behavior_court.py	0	ПОВЕДЕНЧЕСКИЕ ЗАКОНЫ PASS: 0 ложных из 1608 судимых, несудимых 0
2026-09-05T16:47:01Z	topics_court.py	0	БЫТОВЫЕ ТЕМЫ PASS: 0 ложных из 1104 судимых, несудимых 0
2026-09-05T17:00:39Z	nature_court.py	0	ПРИРОДА PASS: 0 ложных из 868 судимых, несудимых 0
2026-09-05T17:00:39Z	links_court.py	0	СВЯЗКИ РАЗГОВОРА PASS: 0 ложных из 17566 судимых, несудимых 0
2026-09-05T17:00:39Z	scale_court.py	0	ШКАЛА PASS: 0 ложных из 747 судимых, несудимых 0
2026-09-05T17:00:39Z	opposites_court.py	0	ПРОТИВОПОЛОЖНОСТИ PASS: 0 ложных из 648 судимых, несудимых 0
2026-09-05T17:00:39Z	roles_court.py	0	РОЛЕВЫЕ ВОПРОСЫ PASS: 0 ложных из 135 судимых, несудимых 0
2026-09-05T17:00:39Z	joints_court.py	0	СОЧЛЕНЕНИЯ PASS: 0 ложных из 2700 судимых, несудимых 0
2026-09-05T17:00:39Z	dialogue_court.py	0	РЕЧЕВОЙ ОБИХОД PASS: 0 ложных из 2052 судимых, несудимых 0
2026-09-05T17:00:40Z	worldfacts_court.py	0	ФАКТЫ МИРА PASS: 0 ложных из 2779 судимых, несудимых 0, двойников чужих миров 0
2026-09-05T17:00:39Z	infer_court.py	0	СТРОГИЙ ВЫВОД PASS: 0 ложных из 1080 судимых, несудимых 0; подсадок поймано 5 из 5
2026-09-05T17:00:41Z	circle_probe.py	0	КРУГ PASS: 0 кругов из 3774 причинных ответов (126074 вопросных строк всего); отказов 167, из них БЕЗ ОСНОВАНИЯ 0; отрицаний 8904, из них БЕЗ ОСНОВАНИЯ 0; подсадок поймано 2 из 2, ложных тревог 0
2026-09-05T17:00:40Z	agree_probe.py	0	СОГЛАСИЕ ДОМОВ PASS: 0 споров из 12 предметов, о которых говорит больше одного дома (всего предметов 708, домов сличено 3); подсадка сходится; разный уровень ОДНОЙ лестницы (согласие) 6
2026-09-05T17:00:40Z	shelf_declare.py	0	ПОЛКА БЕЗ ОБЪЯВЛЕНИЯ PASS: 0 книг лежали на диске без записи (в договоре 21, в манифесте 386 миров)
2026-09-05T17:01:15Z	house_reach.py	0	  истина fracforms признаёт numberline: 10
2026-09-05T17:00:41Z	head_census.py	0	ПЕРЕПИСЬ ГОЛОВ: голов 2099 на 124631 вопросных строк (по 2 слова); ОДИНОЧЕК 366 (17 %), они несут 366 строк — столько же, сколько голов
2026-09-05T17:00:41Z	form_matrix.py	0	ЩЕРБАТОСТЬ ДОМОВ: 1 щербатых форм из 157 (0 %), домов 23
2026-09-05T17:01:15Z	disj_court.py	0	ИСКЛЮЧЕНИЕ PASS: 0 ложных из 216 судимых, несудимых 0; подсадок поймано 3 из 3
2026-09-05T17:01:15Z	indu_court.py	0	ПОСПЕШНОСТЬ PASS: 0 ложных из 102 судимых, несудимых 0; подсадок поймано 8 из 8
2026-09-05T17:01:15Z	analog_court.py	0	ПОДОБИЕ PASS: 0 ложных из 144 судимых, несудимых 0; подсадок поймано 3 из 3
2026-09-05T17:01:15Z	reply_court.py	0	ОТКЛИК PASS: 0 ложных из 54 судимых, несудимых 0; подсадок поймано 3 из 3
2026-09-05T17:01:16Z	register_pairs.py	1	ValueError: too many values to unpack (expected 2)
2026-09-05T17:01:16Z	register_purity.py	1	ValueError: too many values to unpack (expected 2)
2026-09-05T17:01:18Z	prefix_traps.py	0	ЛОВУШКА НАЧАЛА PASS: домов с судом по началу строки 0 (рубеж 0), проб 1120, пойманных удвоений 0
2026-09-05T17:01:16Z	threshold_census.py	0	ПЕРЕПИСЬ ПОРОГОВ: именованных 27 (объявлено 19, храповиков 8, ВКУС 0); встроенных сравнений от трёх 104 (печать 128, без основания рядом 88 — ВЕРХНЯЯ ОЦЕНКА: строй и порог здесь не разделены); папки scripts courts
2026-09-05T17:01:16Z	denominator_census.py	0	ЧИСЛО БЕЗ ЗНАМЕНАТЕЛЯ PASS: приборов в леджере 147, строк без объёма 2, из них НУЛЕЙ без объёма 0 (рубеж 0)
2026-09-05T17:01:19Z	repeat_census.py	0	ПЕРЕПИСЬ ПОВТОРОВ: миров 173, строк 318518, уникальных 215493, копий 103025 (32 %), из них сверх LAW=2: 68089 (21 %); миров с копиями > 10 %: 87
2026-09-05T17:01:22Z	definitions_reach.py	0	СЛЕД РАЗБОРА ОПРЕДЕЛЕНИЙ: понятий 829, без определения 222, из них полка не знает 68, разбор остановился на названных воротах 154, причина не названа 0 (рубеж 0)
2026-09-05T17:01:19Z	copies_census.py	0	ПЕРЕПИСЬ КОПИЙ PASS: миров через слой 142, сверх LAW=2 0 (рубеж 0); строк 230994, различных 204874, копий 26120, многострочных 5; вне слоя миров 2 (копий 106670) — не судятся; сайдкар datasets/COPIES.tsv
2026-09-05T17:01:22Z	sweep_self.py	1	    pl · session-recall · X ma · 8
2026-09-05T17:01:22Z	court_reach.py	1	    pl · session-recall · X ma · 8
2026-09-05T17:01:24Z	holdout_key.py	0	КЛЮЧ СЛЕДУЮЩЕЙ ТОЧКИ PASS: вопросов 1844 (рубеж 1500), прожитых 0 (рубеж 0); по языкам de 204 en 210 es 204 fr 204 it 204 nl 204 pl 204 pt 204 ru 206; по глубине [0] 578 [1] 1230 [2+] 36; домов 7; ключ datasets/HOLDOUT-KEY-NEXT.tsv
2026-09-05T17:01:23Z	holdforms_court.py	0	ДЕРЖАНИЯ БЕЗ ГЛАГОЛА PASS: 0 ложных из 5703 судимых, несудимых 0; подсадок поймано 12 из 12
2026-09-05T17:01:23Z	cmpframes_court.py	0	РАМКИ СРАВНЕНИЯ PASS: 0 ложных из 6480 судимых, несудимых 0; подсадок поймано 11 из 11
2026-09-05T17:01:25Z	sceneforms_court.py	0	СЦЕНА PASS: 0 ложных из 3818 судимых, несудимых 0; подсадок поймано 8 из 8
2026-09-05T17:01:24Z	action_measure_court.py	0	МЕРА ДЕЙСТВИЯ PASS: 0 ложных из 234 судимых, несудимых 0; подсадок поймано 6 из 6
2026-09-05T17:01:24Z	numberline_court.py	0	ЧИСЛОВОЙ РЯД PASS: 0 ложных из 5256 судимых, несудимых 0; подсадок поймано 6 из 6
2026-09-05T17:01:25Z	countfacts_court.py	0	СЧЁТНЫЕ ФАКТЫ PASS: 0 ложных из 243 судимых, несудимых 0; подсадок поймано 6 из 6
2026-09-05T17:01:25Z	letters_court.py	0	БУКВЫ PASS: 0 ложных из 360 судимых, несудимых 0; подсадок поймано 5 из 5
2026-09-05T17:01:25Z	propcompare_court.py	0	СРАВНЕНИЕ СВОЙСТВ PASS: 0 ложных из 200 судимых, несудимых 0; подсадок поймано 4 из 4
2026-09-05T17:01:25Z	price_court.py	0	ЦЕНА PASS: 0 ложных из 378 судимых, несудимых 0; подсадок поймано 4 из 4
2026-09-05T17:01:25Z	translate_court.py	0	ПЕРЕВОД PASS: 0 ложных из 792 судимых, несудимых 0; подсадок поймано 4 из 4
2026-09-05T17:01:25Z	timeunits_court.py	0	ЕДИНИЦЫ ВРЕМЕНИ PASS: 0 ложных из 420 судимых, несудимых 0; подсадок поймано 3 из 3
2026-09-05T19:36:07Z	arith_court.py	0	АРИФМЕТИКА PASS: 0 ложных равенств из 107704 судимых (180 файлов, неразобрано 125663)
2026-09-05T19:36:14Z	algo_court.py	0	АЛГОРИТМЫ PASS: 0 ложных утверждений из 2982 судимых (181 файлов)
2026-09-05T19:40:29Z	formula_court.py	0	ФОРМУЛЫ PASS: 0 ложных записей из 2903 судимых (181 файлов)
2026-09-05T19:40:44Z	logic_court.py	0	ЛОГИКА PASS: 0 ложных утверждений из 734 судимых (181 файлов)
2026-09-05T19:40:33Z	physics_court.py	0	ФИЗИКА PASS: 0 ложных утверждений из 1240 судимых (181 файлов)
2026-09-05T19:40:54Z	cyber_court.py	0	КИБЕРНЕТИКА PASS: 0 ложных утверждений из 1270 судимых (181 файлов)
2026-09-05T19:40:56Z	agreement_court.py	1	СОГЛАСОВАНИЕ FAIL: 165 рассогласований при рубеже 0 (4014 верных, 181 файлов, закон 2)
2026-09-05T19:41:05Z	notation_court.py	0	ЗАПИСЬ PASS: 0 ложных записей из 566 судимых (181 файлов)
2026-09-05T19:41:03Z	unit_court.py	0	ЕДИНИЦЫ PASS: 0 ложных переводов из 666 судимых (181 файлов)
2026-09-05T19:41:10Z	number_court.py	0	ЧИСЛА PASS: 0 ложных из 4220 судимых (181 файлов)
2026-09-05T19:41:16Z	inquiry_court.py	0	ДОЗНАНИЕ PASS: 0 ложных из 3915 судимых (181 файлов)
2026-09-05T19:41:19Z	surfaces_court.py	0	ПОВЕРХНОСТИ PASS: 0 ложных из 2200 судимых (181 файлов)
2026-09-05T19:41:18Z	markdown_court.py	0	РАЗМЕТКА-ПОЛНАЯ PASS: 0 ложных из 3848 судимых (181 файлов, обратимость дома цела)
2026-09-05T19:41:21Z	doctree_court.py	0	СТРУКТУРА PASS: 0 ложных из 516 судимых (181 файлов, дерево обратимо)
2026-09-05T19:41:24Z	rates_court.py	0	СТАВКИ PASS: 0 ложных из 758 судимых (181 файлов)
2026-09-05T19:41:28Z	formula_lang_court.py	0	КОНВЕРСИЯ PASS: 0 ложных из 2583 судимых (181 файлов)
2026-09-05T19:41:28Z	percent_court.py	0	ПРОЦЕНТЫ PASS: 0 ложных из 560 судимых (181 файлов)
2026-09-05T19:41:31Z	average_court.py	0	СВОДКА PASS: 0 ложных из 1300 судимых (181 файлов)
2026-09-05T19:41:47Z	equation_court.py	0	УРАВНЕНИЕ PASS: 0 ложных из 3340 судимых (181 файлов)
2026-09-05T19:41:54Z	dataformat_court.py	0	ФОРМАТЫ PASS: 0 ложных из 640 судимых (181 файлов, обратимость дома цела)
2026-09-05T19:42:06Z	everyday_court.py	0	БЫТ PASS: 0 ложных из 4510 судимых (181 файлов)
2026-09-05T19:42:09Z	story_chain_court.py	0	ЦЕПОЧКА PASS: 0 ложных из 890 судимых (181 файлов)
2026-09-05T19:42:11Z	age_court.py	0	ВОЗРАСТ PASS: 0 ложных из 900 судимых (181 файлов)
2026-09-05T19:42:18Z	halves_court.py	0	ПОЛОВИНЫ PASS: 0 ложных из 1054 судимых (181 файлов)
2026-09-05T19:42:21Z	inquiry_de_fr_court.py	0	ДОЗНАНИЕ-DE-FR PASS: 0 ложных из 2108 судимых (181 файлов)
2026-09-05T19:42:22Z	ru_conversion_court.py	0	РУССКИЙ ПЕРЕВОД PASS: 0 ложных из 68 судимых (181 файлов)
2026-09-05T19:42:23Z	selfmeasure_court.py	0	РАССКАЗ О СЕБЕ PASS: 0 ложных из 59 судимых (181 файлов)
2026-09-05T19:42:24Z	ru_compare_court.py	0	РУССКОЕ СРАВНЕНИЕ PASS: 0 ложных из 150 судимых (181 файлов)
2026-09-05T19:42:24Z	ru_story_court.py	0	РУССКАЯ ЗАДАЧА PASS: 0 ложных из 658 судимых (181 файлов)
2026-09-05T19:42:31Z	inquiry_es_it_court.py	0	ДОЗНАНИЕ-ES-IT PASS: 0 ложных из 1480 судимых (181 файлов)
2026-09-05T19:42:32Z	share_court.py	0	ДОЛЯ PASS: 0 ложных из 2376 судимых (181 файлов)
2026-09-05T19:42:39Z	compare_mult_court.py	0	КРАТНОЕ PASS: 0 ложных из 2797 судимых (181 файлов)
2026-09-05T19:42:40Z	sequence_court.py	0	ПОСЛЕДОВАТЕЛЬНОСТИ PASS: 0 ложных из 2616 судимых (181 файлов)
2026-09-05T19:42:48Z	geometry_court.py	0	ГЕОМЕТРИЯ PASS: 0 ложных из 2438 судимых (181 файлов)
2026-09-05T19:42:48Z	linalg_court.py	0	ВЕКТОР PASS: 0 ложных из 3726 судимых (181 файлов)
2026-09-05T19:42:52Z	calendar_court.py	0	КАЛЕНДАРЬ PASS: 0 ложных из 846 судимых (181 файлов)
2026-09-05T19:42:54Z	speech_court.py	0	РЕЧЬ PASS: 0 ложных из 1960 судимых (181 файлов)
2026-09-05T19:43:05Z	rugram_court.py	0	РУССКОЕ СОГЛАСОВАНИЕ PASS: 0 ложных из 16686 судимых (181 файлов)
2026-09-05T19:43:02Z	physlaw_court.py	0	ЗАКОНЫ ФИЗИКИ PASS: 0 ложных из 840 судимых (181 файлов)
2026-09-05T19:43:13Z	compsci_court.py	0	ИНФОРМАТИКА PASS: 0 ложных из 1368 судимых (181 файлов)
2026-09-05T19:43:07Z	case_court.py	0	ПАДЕЖ PASS: 0 ложных из 1006 судимых (181 файлов)
2026-09-05T19:43:19Z	valence_court.py	0	ОЦЕНКА PASS: 0 ложных из 1256 судимых (181 файлов)
2026-09-05T19:43:17Z	shadow_court.py	0	ЗАТЕНЕНИЕ PASS: 0 имён определены дважды (482 файлов, рубеж 0)
2026-09-05T19:45:07Z	syllabus_court.py	0	ПОЛНОТА PASS: 0 предметов свода не покрыты из 62 (рубеж 0, 181 файлов)
2026-09-05T19:44:11Z	richness_court.py	0	БОГАТСТВО[показано] PASS: не показаны 0 форм из 20 и 0 стыков из 6 (рубеж 0, 181 файлов); КУПЛЕНО и ИСПОЛНЕНО мерятся на стороне организма
2026-09-05T19:45:48Z	langpack_court.py	0	ЯЗЫКИ PASS: 29 зелёных из 29, красных 0 (рубеж 6)
2026-09-05T19:45:08Z	langrule_court.py	0	ПРАВИЛО ЯЗЫКА PASS: 0 разладов формы с правилом из 1014 сверенных (19 пакетов с правилом из 29)
2026-09-05T19:52:23Z	claims_court.py	1	РОДЫ FAIL: 2429 строк прочтены НЕ ХОЗЯИНОМ рода из 37209 с видимым родом (рубеж 0, 182 файлов, родов объявлено 4)
2026-09-05T19:45:59Z	program_court.py	0	ПРОГРАММЫ PASS: 0 ложных из 1078 судимых (182 файлов)
2026-09-05T19:52:32Z	statistics_court.py	0	СТАТИСТИКА PASS: 0 ложных из 1180 судимых (183 файлов)
2026-09-05T19:52:30Z	proof_court.py	0	ДОКАЗАТЕЛЬСТВО PASS: 0 ложных из 663 судимых (183 файлов)
2026-09-05T19:52:37Z	machine_court.py	0	МАШИНА PASS: 0 ложных из 1846 судимых (183 файлов)
2026-09-05T19:52:52Z	episode_court.py	0	ЭПИЗОД PASS: 0 ложных из 10323 судимых (183 файлов), вне владения 12 слов: ['day', 'dollar', 'foot', 'hour', 'kilometer']
2026-09-05T19:52:57Z	copula_court.py	0	СВЯЗКИ PASS: 0 ложных из 500 судимых (183 файлов), НЕЗНАКОМЫХ ПАР 34466: ["cause: philosophy is literally, the love of, including the search after, wisdom; in actual usage, the knowledge of phenomena as explained by, and resolved into, / and reasons, powers and laws: webster's unabridged dictionary, 1913", 'cause: электричество — это то, содержащееся в теле, что сообщает этому телу особые свойства, / в нем способность действовать механически на некоторые другие тела, притягивать или при известных условиях отталкивать их, а также вызывает в самом этом теле способность испытывать подобные же механические действия других тел: эсбе, статья «электричество»', 'contain: does the node body contain the node liquid? in the tree of kinds the node body / the node liquid']
2026-09-05T19:52:57Z	markup_court.py	0	РАЗМЕТКА PASS: 0 ложных из 3830 судимых (183 файлов)
2026-09-05T19:53:24Z	langlayer_court.py	0	ПЛАСТ PASS: 0 необъявленных слов (88722 строк, 29 пластов)
2026-09-05T19:52:59Z	langform_court.py	0	ФОРМА ПЛАСТА PASS: 0 ложных из 70003 судимых (88722 строк пласта, 29 пластов, дословных 940, рамок без опознавателя 3, рубеж 0)
2026-09-05T19:53:25Z	gsm_census.py	0	GSM-CENSUS PASS: 0 расхождений (72 выведено, 69 в слое, 3 удержано)
2026-09-05T19:53:25Z	reproducible.py	0	GSM-CENSUS PASS: 0 расхождений (72 выведено, 69 в слое, 3 удержано)
2026-09-05T19:53:26Z	bash32_court.py	0	BASH32-COURT PASS: ни одного имени, съедаемого bash 3.2; скриптов проверено: 5
2026-09-05T19:53:28Z	manifest_court.py	0	МАНИФЕСТ PASS: 0 разладов объявления с делом (396 миров, сборок 6, обязательств дела 209)
2026-09-05T20:23:44Z	prose_court.py	1	ПРОЗА FAIL: 0 разладов объявления (рубеж 0) и 11773 возражений судов (рубеж 12, чтение вне подсудности) — 207 миров, 1171830 строк, прочтено 27393 (2%), судов живых 140
2026-09-05T20:23:52Z	mutants.py	0	МУТАНТЫ PASS: 9 полей из 9 поймали свою подсадку, чужих задето 0
2026-09-05T20:23:45Z	lexicon_reach.py	0	ОХВАТ PASS: 366 из 366 объявленных слов прожиты >=2 раз (100% при рубеже 100%)
2026-09-05T20:23:55Z	inquiry_pt_nl_court.py	0	ДОЗНАНИЕ-PT-NL PASS: 0 ложных из 2108 судимых (183 файлов)
2026-09-05T20:23:55Z	inquiry_pl_tr_court.py	0	ДОЗНАНИЕ-PL-TR PASS: 0 ложных из 1537 судимых (183 файлов)
2026-09-05T20:24:03Z	metalang_court.py	0	МЕТАЯЗЫК PASS: 0 ложных из 1849 судимых (183 файлов)
2026-09-05T20:23:57Z	glyph_court.py	0	ГЛИФЫ PASS: 0 ложных, 1101 истинных, 0 несудимых
2026-09-05T20:24:03Z	space_court.py	0	ПРОСТРАНСТВО PASS: 0 ложных, 2301 истинных, 0 несудимых
2026-09-05T20:24:03Z	stenogram_court.py	0	СТЕНОГРАММЫ PASS: 0 ложных, 550 истинных, 0 несудимых
2026-09-05T20:24:04Z	mathspaces_court.py	0	ПРОСТРАНСТВА PASS: 0 ложных, 814 истинных, 0 несудимых
2026-09-05T20:24:04Z	gsmforms_court.py	0	ШКОЛЬНЫЕ ФОРМЫ PASS: 0 ложных, 2511 истинных, 0 несудимых
2026-09-05T20:24:15Z	definitions_court.py	0	ОПРЕДЕЛЕНИЯ PASS: 0 ложных, 2141 истинных, 0 несудимых
2026-09-05T20:24:05Z	pronoun_court.py	0	МЕСТОИМЕНИЯ PASS: 0 ложных из 480 судимых, несудимых 0
2026-09-05T20:24:15Z	money_court.py	0	ДЕНЬГИ PASS: 0 ложных из 450 судимых, несудимых 0
2026-09-05T20:24:15Z	holes_court.py	0	ДЫРЫ PASS: 0 ложных из 6100 судимых, несудимых 0
2026-09-05T20:24:15Z	money_langs_court.py	0	ДЕНЬГИ НА ЯЗЫКАХ PASS: 0 ложных из 1188 судимых, несудимых 0
2026-09-05T20:24:15Z	geometry_langs_court.py	0	ГЕОМЕТРИЯ НА ЯЗЫКАХ PASS: 0 ложных из 960 судимых, несудимых 0
2026-09-05T20:24:16Z	units_langs_court.py	0	ЕДИНИЦЫ НА ЯЗЫКАХ PASS: 0 ложных из 640 судимых, несудимых 0
2026-09-05T20:24:16Z	stats_langs_court.py	0	СВОДКА НА ЯЗЫКАХ PASS: 0 ложных из 480 судимых, несудимых 0
2026-09-05T20:24:16Z	calendar_langs_court.py	0	НЕДЕЛЯ НА ЯЗЫКАХ PASS: 0 ложных из 1120 судимых, несудимых 0
2026-09-05T20:24:16Z	sequences_langs_court.py	0	ПРОГРЕССИИ НА ЯЗЫКАХ PASS: 0 ложных из 320 судимых, несудимых 0
2026-09-05T20:24:16Z	compare_langs_court.py	0	СРАВНЕНИЕ НА ЯЗЫКАХ PASS: 0 ложных из 480 судимых, несудимых 0
2026-09-05T20:24:16Z	share_langs_court.py	0	ДОЛИ НА ЯЗЫКАХ PASS: 0 ложных из 560 судимых, несудимых 0
2026-09-05T20:24:16Z	physics_langs_court.py	0	ФИЗИКА НА ЯЗЫКАХ PASS: 0 ложных из 480 судимых, несудимых 0
2026-09-05T20:24:19Z	relation_court.py	0	СТРОЕНИЕ PASS: 0 ложных из 2084 судимых (183 файлов, структуры обходимы)
2026-09-05T20:28:42Z	court_mutants.py	1	МУТАНТЫ СУДОВ FAIL: 118 поймали, 7 онемели, 2 не поймали (рубеж 1), 0 со свободным числом, 13 без числовой истинной строки, 0 без истинной строки вовсе (судов 140)
2026-09-05T20:24:21Z	panel_court.py	0	СОСТАВ PASS: 0 расхождений (рубеж 0) — палата: судов живых 140, незаявленных 0, призраков 0; набор: приборов 88, вне набора 0, призраков 0
2026-09-05T20:28:44Z	concept_reach.py	0	ОХВАТ ПОНЯТИЯ PASS: 3756 из 22032 предметов показаны (17%); не показано из НАШИХ сводов 4985 (рубеж 6556), из полки 13291 — 207 корпусов прозы, отсеяно рубрик 670, слов в показах 16205
2026-09-05T20:29:36Z	ask_reach.py	0	ВОПРОСНАЯ ПОВЕРХНОСТЬ ОТЧЁТ: 181 из 183 миров спрашивают, только сообщают 2; вопросных строк 172559 из 347066 (49%); миров с непроверяемым вопросом 1
2026-09-05T20:29:37Z	band_reach.py	0	МИР × ПОЛОСА ОТЧЁТ: строк реестра 46, исполнимых опознаний 29, расхождений записи 3, родов без мира 14; миров показов 183, из них без полосы 172; полос в реестре 5
2026-09-05T20:29:37Z	biblio_reach.py	0	БИБЛИОТЕКА PASS: названо 1684 источников (12 трудов по заглавию, 1672 по автору с годом), НЕТ НА ПОЛКЕ 1549 — из них свободно по праву 320, защищено 1223; корпусов прозы 7
2026-09-05T20:29:42Z	ruverbs_court.py	0	РУССКИЕ ГЛАГОЛЫ PASS: 0 ложных из 881 судимых (396 файлов, рубеж 0)
2026-09-05T20:29:48Z	script_court.py	0	ПИСЬМО PASS: 0 смешанных слов в 347066 строках показов (183 файлов, рубеж 0)
2026-09-05T20:30:59Z	word_mutants.py	0	ПОДСАДКА СЛОВОМ ОТЧЁТ: проб 4080 — ПОЙМАН 3467 (84%), ОНЕМЕЛ 394 (9%), НЕ ПОЙМАН 219 (5%); строк без слова 13741; миров с дырой 65
2026-09-05T20:35:31Z	shelf_court.py	0	ПОЛКА PASS: 0 разладов объявления с делом (рубеж 0), никем не читаемых 171 миров, недоговорено 11 — оба числа считаны, но не судимы — 200 миров полки, судов живых 140
2026-09-05T20:40:41Z	ask_width.py	1	ШИРОТА ВОПРОСА FAIL: 6784 из 7916 родов суда имеют вопросную поверхность (85%); БЕЗ ВОПРОСА 1132 (рубеж 1105) — от судов 1132, от манифеста 0; роды объявлены судами (83 из 143, образцов 8150, вопросных слов от пакетов 33); от манифеста 0 актов в 0 мирах — с вопросом 0, без 0, не разрешено 0; строк без рода 93690 из 347066
2026-09-05T20:35:35Z	notationvar_court.py	0	НАЧЕРТАНИЕ PASS: 0 ложных из 24031 судимых (396 файлов, рубеж 0)
2026-09-05T20:42:36Z	prosetree_court.py	1	ДЕРЕВО ПРОЗЫ FAIL: 99 ложных из 11731 судимых (207 файлов)
2026-09-05T20:42:37Z	longdiv_court.py	0	УГОЛ PASS: 0 ложных из 1322 судимых (183 файлов)
2026-09-05T20:45:20Z	form_census.py	0	ПЕРЕПИСЬ ФОРМ ОТЧЁТ: строк 347066, рамок 91908 (масса ≥ 9: 9541), родов 48674 (масса ≥ 9: 10606); минимальный корпус при массе 9: 248233 строк по рамкам (71 %), 181448 по родам (52 %); насыщение: последняя доля даёт 0 новых рамок и 0 новых РОДОВ на тысячу строк
2026-09-05T20:45:21Z	verbthings_court.py	0	ГЛАГОЛ–ВЕЩЬ PASS: 0 чужих пар глагол–вещь в 347066 строках показов (183 файлов, рубеж 0)
2026-09-05T21:08:22Z	coverage.py	0	СУДИМОСТЬ PASS: 347066 из 347066 строк судимы (100% при рубеже 100%, судов живых 140), слепых 0, зачтено словарём пакета 0 (0% свода, долг 0)
2026-09-05T21:08:22Z	behavior_court.py	0	ПОВЕДЕНЧЕСКИЕ ЗАКОНЫ PASS: 0 ложных из 1608 судимых, несудимых 0
2026-09-05T21:08:22Z	topics_court.py	0	БЫТОВЫЕ ТЕМЫ PASS: 0 ложных из 1104 судимых, несудимых 0
2026-09-05T21:08:22Z	nature_court.py	0	ПРИРОДА PASS: 0 ложных из 868 судимых, несудимых 0
2026-09-05T21:08:23Z	links_court.py	0	СВЯЗКИ РАЗГОВОРА PASS: 0 ложных из 17566 судимых, несудимых 0
2026-09-05T21:08:23Z	scale_court.py	0	ШКАЛА PASS: 0 ложных из 747 судимых, несудимых 0
2026-09-05T21:08:23Z	opposites_court.py	0	ПРОТИВОПОЛОЖНОСТИ PASS: 0 ложных из 648 судимых, несудимых 0
2026-09-05T21:08:23Z	roles_court.py	0	РОЛЕВЫЕ ВОПРОСЫ PASS: 0 ложных из 135 судимых, несудимых 0
2026-09-05T21:08:23Z	joints_court.py	0	СОЧЛЕНЕНИЯ PASS: 0 ложных из 2700 судимых, несудимых 0
2026-09-05T21:08:24Z	dialogue_court.py	0	РЕЧЕВОЙ ОБИХОД PASS: 0 ложных из 2052 судимых, несудимых 0
2026-09-05T21:08:24Z	worldfacts_court.py	0	ФАКТЫ МИРА PASS: 0 ложных из 2779 судимых, несудимых 0, двойников чужих миров 0
2026-09-05T21:08:24Z	infer_court.py	0	СТРОГИЙ ВЫВОД PASS: 0 ложных из 1080 судимых, несудимых 0; подсадок поймано 5 из 5
2026-09-05T21:08:25Z	circle_probe.py	0	КРУГ PASS: 0 кругов из 3774 причинных ответов (172060 вопросных строк всего); отказов 428, из них БЕЗ ОСНОВАНИЯ 0; отрицаний 12776, из них БЕЗ ОСНОВАНИЯ 0; подсадок поймано 2 из 2, ложных тревог 0
2026-09-05T21:08:26Z	agree_probe.py	0	СОГЛАСИЕ ДОМОВ PASS: 0 споров из 12 предметов, о которых говорит больше одного дома (всего предметов 708, домов сличено 3); подсадка сходится; разный уровень ОДНОЙ лестницы (согласие) 6
2026-09-05T21:08:26Z	shelf_declare.py	0	ПОЛКА БЕЗ ОБЪЯВЛЕНИЯ PASS: 0 книг лежали на диске без записи (в договоре 21, в манифесте 396 миров)
2026-09-05T21:09:50Z	house_reach.py	0	  истина fracforms признаёт numberline: 10
2026-09-05T21:08:27Z	head_census.py	0	ПЕРЕПИСЬ ГОЛОВ: голов 2325 на 170581 вопросных строк (по 2 слова); ОДИНОЧЕК 370 (15 %), они несут 370 строк — столько же, сколько голов
2026-09-05T21:09:51Z	form_matrix.py	0	ЩЕРБАТОСТЬ ДОМОВ: 1 щербатых форм из 157 (0 %), домов 23
2026-09-05T21:09:51Z	disj_court.py	0	ИСКЛЮЧЕНИЕ PASS: 0 ложных из 216 судимых, несудимых 0; подсадок поймано 3 из 3
2026-09-05T21:09:52Z	indu_court.py	0	ПОСПЕШНОСТЬ PASS: 0 ложных из 102 судимых, несудимых 0; подсадок поймано 13 из 13
2026-09-05T21:09:52Z	analog_court.py	0	ПОДОБИЕ PASS: 0 ложных из 144 судимых, несудимых 0; подсадок поймано 3 из 3
2026-09-05T21:09:52Z	reply_court.py	0	ОТКЛИК PASS: 0 ложных из 54 судимых, несудимых 0; подсадок поймано 3 из 3
2026-09-05T21:09:53Z	register_pairs.py	1	ValueError: too many values to unpack (expected 2)
2026-09-05T21:09:54Z	register_purity.py	1	ValueError: too many values to unpack (expected 2)
2026-09-05T21:09:58Z	prefix_traps.py	0	ЛОВУШКА НАЧАЛА PASS: домов с судом по началу строки 0 (рубеж 0), проб 1480, пойманных удвоений 0
2026-09-05T21:09:58Z	threshold_census.py	0	ПЕРЕПИСЬ ПОРОГОВ: именованных 27 (объявлено 19, храповиков 8, ВКУС 0); встроенных сравнений от трёх 104 (печать 137, без основания рядом 88 — ВЕРХНЯЯ ОЦЕНКА: строй и порог здесь не разделены); папки scripts courts
2026-09-05T21:09:58Z	denominator_census.py	0	ЧИСЛО БЕЗ ЗНАМЕНАТЕЛЯ PASS: приборов в леджере 151, строк без объёма 3, из них НУЛЕЙ без объёма 0 (рубеж 0)
2026-09-05T21:09:59Z	repeat_census.py	0	ПЕРЕПИСЬ ПОВТОРОВ: миров 183, строк 347066, уникальных 244041, копий 103025 (29 %), из них сверх LAW=2: 68089 (19 %); миров с копиями > 10 %: 87
2026-09-05T21:10:02Z	definitions_reach.py	0	СЛЕД РАЗБОРА ОПРЕДЕЛЕНИЙ: понятий 829, без определения 222, из них полка не знает 68, разбор остановился на названных воротах 154, причина не названа 0 (рубеж 0)
2026-09-05T21:10:03Z	copies_census.py	0	ПЕРЕПИСЬ КОПИЙ PASS: миров через слой 151, сверх LAW=2 0 (рубеж 0); строк 255609, различных 229489, копий 26120, многострочных 5; вне слоя миров 2 (копий 106670) — не судятся; сайдкар datasets/COPIES.tsv
2026-09-05T21:10:03Z	sweep_self.py	1	    pl · session-recall · X ma · 8
2026-09-05T21:33:51Z	court_reach.py	0	ДОСЯГАЕМОСТЬ СУДА PASS (вся палата; судов 140): миров 183, строк 347066, ЛЖЕЙ 0 (рубеж 0), слепых 0 (рубеж 0)
2026-09-05T21:33:56Z	holdout_key.py	0	КЛЮЧ СЛЕДУЮЩЕЙ ТОЧКИ PASS: вопросов 2528 (рубеж 1500), прожитых 0 (рубеж 0); по языкам de 280 en 286 es 280 fr 280 it 280 nl 280 pl 280 pt 280 ru 282; по глубине [0] 884 [1] 1500 [2+] 144; домов 14; ключ datasets/HOLDOUT-KEY-NEXT.tsv
2026-09-05T21:33:52Z	holdforms_court.py	0	ДЕРЖАНИЯ БЕЗ ГЛАГОЛА PASS: 0 ложных из 5703 судимых, несудимых 0; подсадок поймано 12 из 12
2026-09-05T21:33:58Z	cmpframes_court.py	0	РАМКИ СРАВНЕНИЯ PASS: 0 ложных из 6480 судимых, несудимых 0; подсадок поймано 11 из 11
2026-09-05T21:33:58Z	sceneforms_court.py	0	СЦЕНА PASS: 0 ложных из 3818 судимых, несудимых 0; подсадок поймано 8 из 8
2026-09-05T21:34:00Z	toolforms_court.py	0	ИНСТРУМЕНТ PASS: 0 ложных из 2907 судимых, несудимых 0; подсадок поймано 8 из 8
2026-09-05T21:34:00Z	verifyforms_court.py	0	ВЕРИФИКАЦИЯ PASS: 0 ложных из 3285 судимых, несудимых 0; подсадок поймано 7 из 7
2026-09-05T21:34:01Z	planforms_court.py	0	ПЛАН PASS: 0 ложных из 2520 судимых, несудимых 0; подсадок поймано 9 из 9
2026-09-05T21:34:01Z	episodeforms_court.py	0	ЭПИЗОД PASS: 0 ложных из 5229 судимых, несудимых 0; подсадок поймано 8 из 8
2026-09-05T21:34:04Z	summaryforms_court.py	0	СВОДКА PASS: 0 ложных из 6102 судимых, несудимых 0; подсадок поймано 8 из 8
2026-09-05T21:34:03Z	opforms_court.py	0	ОПЕРАЦИЯ PASS: 0 ложных из 3780 судимых, несудимых 0; подсадок поймано 8 из 8
2026-09-05T21:34:04Z	readnum_court.py	0	ЧИСЛО PASS: 0 ложных из 1836 судимых, несудимых 0; подсадок поймано 8 из 8
2026-09-05T21:34:05Z	mandateforms_court.py	0	МАНДАТ PASS: 0 ложных из 2268 судимых, несудимых 0; подсадок поймано 8 из 8
2026-09-05T21:34:07Z	personforms_court.py	0	ЛИЧНОСТЬ PASS: 0 ложных из 3240 судимых, несудимых 0; подсадок поймано 8 из 8
2026-09-05T21:34:07Z	selfmodelforms_court.py	0	САМОМОДЕЛЬ PASS: 0 ложных из 2097 судимых, несудимых 0; подсадок поймано 8 из 8
2026-09-05T21:34:07Z	action_measure_court.py	0	МЕРА ДЕЙСТВИЯ PASS: 0 ложных из 234 судимых, несудимых 0; подсадок поймано 6 из 6
2026-09-05T21:34:07Z	numberline_court.py	0	ЧИСЛОВОЙ РЯД PASS: 0 ложных из 5256 судимых, несудимых 0; подсадок поймано 6 из 6
2026-09-05T21:34:07Z	countfacts_court.py	0	СЧЁТНЫЕ ФАКТЫ PASS: 0 ложных из 243 судимых, несудимых 0; подсадок поймано 6 из 6
2026-09-05T21:34:07Z	letters_court.py	0	БУКВЫ PASS: 0 ложных из 360 судимых, несудимых 0; подсадок поймано 5 из 5
2026-09-05T21:34:08Z	propcompare_court.py	0	СРАВНЕНИЕ СВОЙСТВ PASS: 0 ложных из 200 судимых, несудимых 0; подсадок поймано 4 из 4
2026-09-05T21:34:08Z	price_court.py	0	ЦЕНА PASS: 0 ложных из 378 судимых, несудимых 0; подсадок поймано 4 из 4
2026-09-05T21:34:08Z	translate_court.py	0	ПЕРЕВОД PASS: 0 ложных из 792 судимых, несудимых 0; подсадок поймано 4 из 4
2026-09-05T21:34:08Z	timeunits_court.py	0	ЕДИНИЦЫ ВРЕМЕНИ PASS: 0 ложных из 420 судимых, несудимых 0; подсадок поймано 3 из 3
2026-09-05T21:34:09Z	svamp_court.py	0	ФОРМЫ SVAMP PASS: 0 ложных из 5362 судимых, несудимых 0; подсадок поймано 10 из 10
2026-09-05T21:34:08Z	measure_langs_court.py	0	МЕРА ДЕЙСТВИЯ НА ЯЗЫКАХ PASS: 0 ложных из 462 судимых, несудимых 0; подсадок поймано 4 из 4
2026-09-05T22:31:52Z	arith_court.py	0	АРИФМЕТИКА PASS: 0 ложных равенств из 115912 судимых (189 файлов, неразобрано 131751)
2026-09-05T22:31:55Z	algo_court.py	0	АЛГОРИТМЫ PASS: 0 ложных утверждений из 2982 судимых (189 файлов)
2026-09-05T22:34:00Z	formula_court.py	0	ФОРМУЛЫ PASS: 0 ложных записей из 2903 судимых (189 файлов)
2026-09-05T22:34:07Z	logic_court.py	0	ЛОГИКА PASS: 0 ложных утверждений из 734 судимых (189 файлов)
2026-09-05T22:34:02Z	physics_court.py	0	ФИЗИКА PASS: 0 ложных утверждений из 1240 судимых (189 файлов)
2026-09-05T22:34:10Z	cyber_court.py	0	КИБЕРНЕТИКА PASS: 0 ложных утверждений из 1270 судимых (189 файлов)
2026-09-05T22:34:11Z	agreement_court.py	0	СОГЛАСОВАНИЕ PASS: 0 рассогласований при рубеже 0 (4014 верных, 189 файлов, закон 2)
2026-09-05T22:34:13Z	notation_court.py	0	ЗАПИСЬ PASS: 0 ложных записей из 566 судимых (189 файлов)
2026-09-05T22:34:12Z	unit_court.py	0	ЕДИНИЦЫ PASS: 0 ложных переводов из 666 судимых (189 файлов)
2026-09-05T22:34:14Z	number_court.py	0	ЧИСЛА PASS: 0 ложных из 4220 судимых (189 файлов)
2026-09-05T22:34:15Z	inquiry_court.py	0	ДОЗНАНИЕ PASS: 0 ложных из 3915 судимых (189 файлов)
2026-09-05T22:34:16Z	surfaces_court.py	0	ПОВЕРХНОСТИ PASS: 0 ложных из 2200 судимых (189 файлов)
2026-09-05T22:34:16Z	markdown_court.py	0	РАЗМЕТКА-ПОЛНАЯ PASS: 0 ложных из 3848 судимых (189 файлов, обратимость дома цела)
2026-09-05T22:34:17Z	doctree_court.py	0	СТРУКТУРА PASS: 0 ложных из 516 судимых (189 файлов, дерево обратимо)
2026-09-05T22:34:18Z	rates_court.py	0	СТАВКИ PASS: 0 ложных из 758 судимых (189 файлов)
2026-09-05T22:34:20Z	formula_lang_court.py	0	КОНВЕРСИЯ PASS: 0 ложных из 2583 судимых (189 файлов)
2026-09-05T22:34:20Z	percent_court.py	0	ПРОЦЕНТЫ PASS: 0 ложных из 560 судимых (189 файлов)
2026-09-05T22:34:21Z	average_court.py	0	СВОДКА PASS: 0 ложных из 1300 судимых (189 файлов)
2026-09-05T22:34:24Z	equation_court.py	0	УРАВНЕНИЕ PASS: 0 ложных из 3340 судимых (189 файлов)
2026-09-05T22:34:26Z	dataformat_court.py	0	ФОРМАТЫ PASS: 0 ложных из 640 судимых (189 файлов, обратимость дома цела)
2026-09-05T22:34:30Z	everyday_court.py	0	БЫТ PASS: 0 ложных из 4510 судимых (189 файлов)
2026-09-05T22:34:31Z	story_chain_court.py	0	ЦЕПОЧКА PASS: 0 ложных из 890 судимых (189 файлов)
2026-09-05T22:34:32Z	age_court.py	0	ВОЗРАСТ PASS: 0 ложных из 900 судимых (189 файлов)
2026-09-05T22:34:35Z	halves_court.py	0	ПОЛОВИНЫ PASS: 0 ложных из 1054 судимых (189 файлов)
2026-09-05T22:34:36Z	inquiry_de_fr_court.py	0	ДОЗНАНИЕ-DE-FR PASS: 0 ложных из 2108 судимых (189 файлов)
2026-09-05T22:34:37Z	ru_conversion_court.py	0	РУССКИЙ ПЕРЕВОД PASS: 0 ложных из 68 судимых (189 файлов)
2026-09-05T22:34:37Z	selfmeasure_court.py	0	РАССКАЗ О СЕБЕ PASS: 0 ложных из 59 судимых (189 файлов)
2026-09-05T22:34:38Z	ru_compare_court.py	0	РУССКОЕ СРАВНЕНИЕ PASS: 0 ложных из 150 судимых (189 файлов)
2026-09-05T22:34:38Z	ru_story_court.py	0	РУССКАЯ ЗАДАЧА PASS: 0 ложных из 658 судимых (189 файлов)
2026-09-05T22:34:42Z	inquiry_es_it_court.py	0	ДОЗНАНИЕ-ES-IT PASS: 0 ложных из 1480 судимых (189 файлов)
2026-09-05T22:34:42Z	share_court.py	0	ДОЛЯ PASS: 0 ложных из 2376 судимых (189 файлов)
2026-09-05T22:34:46Z	compare_mult_court.py	0	КРАТНОЕ PASS: 0 ложных из 2797 судимых (189 файлов)
2026-09-05T22:34:46Z	sequence_court.py	0	ПОСЛЕДОВАТЕЛЬНОСТИ PASS: 0 ложных из 2616 судимых (189 файлов)
2026-09-05T22:34:50Z	geometry_court.py	0	ГЕОМЕТРИЯ PASS: 0 ложных из 2438 судимых (189 файлов)
2026-09-05T22:34:50Z	linalg_court.py	0	ВЕКТОР PASS: 0 ложных из 3726 судимых (189 файлов)
2026-09-05T22:34:53Z	calendar_court.py	0	КАЛЕНДАРЬ PASS: 0 ложных из 846 судимых (189 файлов)
2026-09-05T22:34:54Z	speech_court.py	0	РЕЧЬ PASS: 0 ложных из 1960 судимых (189 файлов)
2026-09-05T22:35:01Z	rugram_court.py	0	РУССКОЕ СОГЛАСОВАНИЕ PASS: 0 ложных из 17614 судимых (189 файлов)
2026-09-05T22:34:59Z	physlaw_court.py	0	ЗАКОНЫ ФИЗИКИ PASS: 0 ложных из 840 судимых (189 файлов)
2026-09-05T22:35:05Z	compsci_court.py	0	ИНФОРМАТИКА PASS: 0 ложных из 1368 судимых (189 файлов)
2026-09-05T22:35:02Z	case_court.py	0	ПАДЕЖ PASS: 0 ложных из 1006 судимых (189 файлов)
2026-09-05T22:35:08Z	valence_court.py	0	ОЦЕНКА PASS: 0 ложных из 1256 судимых (189 файлов)
2026-09-05T22:35:07Z	shadow_court.py	1	ЗАТЕНЕНИЕ FAIL: 4 имён определены дважды (509 файлов, рубеж 0)
2026-09-05T22:35:50Z	syllabus_court.py	0	ПОЛНОТА PASS: 0 предметов свода не покрыты из 62 (рубеж 0, 189 файлов)
2026-09-05T22:35:26Z	richness_court.py	0	БОГАТСТВО[показано] PASS: не показаны 0 форм из 20 и 0 стыков из 6 (рубеж 0, 189 файлов); КУПЛЕНО и ИСПОЛНЕНО мерятся на стороне организма
2026-09-05T22:36:02Z	langpack_court.py	0	ЯЗЫКИ PASS: 29 зелёных из 29, красных 0 (рубеж 6)
2026-09-05T22:35:50Z	langrule_court.py	0	ПРАВИЛО ЯЗЫКА PASS: 0 разладов формы с правилом из 1014 сверенных (19 пакетов с правилом из 29)
2026-09-05T22:39:29Z	claims_court.py	1	РОДЫ FAIL: 718 строк прочтены НЕ ХОЗЯИНОМ рода из 39030 с видимым родом (рубеж 0, 189 файлов, родов объявлено 4)
2026-09-05T22:36:04Z	program_court.py	0	ПРОГРАММЫ PASS: 0 ложных из 1078 судимых (189 файлов)
2026-09-05T22:39:33Z	statistics_court.py	0	СТАТИСТИКА PASS: 0 ложных из 1180 судимых (189 файлов)
2026-09-05T22:39:33Z	proof_court.py	0	ДОКАЗАТЕЛЬСТВО PASS: 0 ложных из 663 судимых (189 файлов)
2026-09-05T22:39:36Z	machine_court.py	0	МАШИНА PASS: 0 ложных из 1846 судимых (189 файлов)
2026-09-05T22:39:42Z	episode_court.py	0	ЭПИЗОД PASS: 0 ложных из 10323 судимых (189 файлов), вне владения 12 слов: ['day', 'dollar', 'foot', 'hour', 'kilometer']
2026-09-05T22:39:46Z	copula_court.py	0	СВЯЗКИ PASS: 0 ложных из 500 судимых (189 файлов), НЕЗНАКОМЫХ ПАР 35424: ["cause: philosophy is literally, the love of, including the search after, wisdom; in actual usage, the knowledge of phenomena as explained by, and resolved into, / and reasons, powers and laws: webster's unabridged dictionary, 1913", 'cause: электричество — это то, содержащееся в теле, что сообщает этому телу особые свойства, / в нем способность действовать механически на некоторые другие тела, притягивать или при известных условиях отталкивать их, а также вызывает в самом этом теле способность испытывать подобные же механические действия других тел: эсбе, статья «электричество»', 'contain: does the node body contain the node liquid? in the tree of kinds the node body / the node liquid']
2026-09-05T22:39:46Z	markup_court.py	0	РАЗМЕТКА PASS: 0 ложных из 3830 судимых (189 файлов)
2026-09-05T22:40:02Z	langlayer_court.py	0	ПЛАСТ PASS: 0 необъявленных слов (88722 строк, 29 пластов)
2026-09-05T22:39:47Z	langform_court.py	0	ФОРМА ПЛАСТА PASS: 0 ложных из 70003 судимых (88722 строк пласта, 29 пластов, дословных 940, рамок без опознавателя 3, рубеж 0)
2026-09-05T22:40:02Z	gsm_census.py	0	GSM-CENSUS PASS: 0 расхождений (72 выведено, 69 в слое, 3 удержано)
2026-09-05T22:40:02Z	reproducible.py	0	GSM-CENSUS PASS: 0 расхождений (72 выведено, 69 в слое, 3 удержано)
2026-09-05T22:40:03Z	bash32_court.py	0	BASH32-COURT PASS: ни одного имени, съедаемого bash 3.2; скриптов проверено: 5
2026-09-05T22:40:04Z	manifest_court.py	0	МАНИФЕСТ PASS: 0 разладов объявления с делом (402 миров, сборок 6, обязательств дела 215)
2026-09-05T23:08:31Z	prose_court.py	1	ПРОЗА FAIL: 0 разладов объявления (рубеж 0) и 2848 возражений судов (рубеж 12, чтение вне подсудности) — 207 миров, 1171830 строк, прочтено 19013 (1%), судов живых 150
2026-09-05T23:08:37Z	mutants.py	0	МУТАНТЫ PASS: 9 полей из 9 поймали свою подсадку, чужих задето 0
2026-09-05T23:08:33Z	lexicon_reach.py	0	ОХВАТ PASS: 366 из 366 объявленных слов прожиты >=2 раз (100% при рубеже 100%)
2026-09-05T23:08:41Z	inquiry_pt_nl_court.py	0	ДОЗНАНИЕ-PT-NL PASS: 0 ложных из 2108 судимых (189 файлов)
2026-09-05T23:08:41Z	inquiry_pl_tr_court.py	0	ДОЗНАНИЕ-PL-TR PASS: 0 ложных из 1537 судимых (189 файлов)
2026-09-05T23:08:49Z	metalang_court.py	0	МЕТАЯЗЫК PASS: 0 ложных из 1849 судимых (189 файлов)
2026-09-05T23:08:43Z	glyph_court.py	0	ГЛИФЫ PASS: 0 ложных, 1101 истинных, 0 несудимых
2026-09-05T23:08:49Z	space_court.py	0	ПРОСТРАНСТВО PASS: 0 ложных, 2301 истинных, 0 несудимых
2026-09-05T23:08:49Z	stenogram_court.py	0	СТЕНОГРАММЫ PASS: 0 ложных, 550 истинных, 0 несудимых
2026-09-05T23:08:49Z	mathspaces_court.py	0	ПРОСТРАНСТВА PASS: 0 ложных, 814 истинных, 0 несудимых
2026-09-05T23:08:49Z	gsmforms_court.py	0	ШКОЛЬНЫЕ ФОРМЫ PASS: 0 ложных, 2511 истинных, 0 несудимых
2026-09-05T23:08:57Z	definitions_court.py	0	ОПРЕДЕЛЕНИЯ PASS: 0 ложных, 2141 истинных, 0 несудимых
2026-09-05T23:08:50Z	pronoun_court.py	0	МЕСТОИМЕНИЯ PASS: 0 ложных из 480 судимых, несудимых 0
2026-09-05T23:08:57Z	money_court.py	0	ДЕНЬГИ PASS: 0 ложных из 450 судимых, несудимых 0
2026-09-05T23:08:58Z	holes_court.py	0	ДЫРЫ PASS: 0 ложных из 6100 судимых, несудимых 0
2026-09-05T23:08:58Z	money_langs_court.py	0	ДЕНЬГИ НА ЯЗЫКАХ PASS: 0 ложных из 1188 судимых, несудимых 0
2026-09-05T23:08:58Z	geometry_langs_court.py	0	ГЕОМЕТРИЯ НА ЯЗЫКАХ PASS: 0 ложных из 960 судимых, несудимых 0
2026-09-05T23:08:58Z	units_langs_court.py	0	ЕДИНИЦЫ НА ЯЗЫКАХ PASS: 0 ложных из 640 судимых, несудимых 0
2026-09-05T23:08:58Z	stats_langs_court.py	0	СВОДКА НА ЯЗЫКАХ PASS: 0 ложных из 480 судимых, несудимых 0
2026-09-05T23:08:58Z	calendar_langs_court.py	0	НЕДЕЛЯ НА ЯЗЫКАХ PASS: 0 ложных из 1120 судимых, несудимых 0
2026-09-05T23:08:58Z	sequences_langs_court.py	0	ПРОГРЕССИИ НА ЯЗЫКАХ PASS: 0 ложных из 320 судимых, несудимых 0
2026-09-05T23:08:59Z	compare_langs_court.py	0	СРАВНЕНИЕ НА ЯЗЫКАХ PASS: 0 ложных из 480 судимых, несудимых 0
2026-09-05T23:08:59Z	share_langs_court.py	0	ДОЛИ НА ЯЗЫКАХ PASS: 0 ложных из 560 судимых, несудимых 0
2026-09-05T23:08:59Z	physics_langs_court.py	0	ФИЗИКА НА ЯЗЫКАХ PASS: 0 ложных из 480 судимых, несудимых 0
2026-09-05T23:09:02Z	relation_court.py	0	СТРОЕНИЕ PASS: 0 ложных из 2084 судимых (189 файлов, структуры обходимы)
2026-09-05T23:14:28Z	court_mutants.py	1	МУТАНТЫ СУДОВ FAIL: 130 поймали, 1 онемели, 1 не поймали (рубеж 1), 1 со свободным числом, 13 без числовой истинной строки, 4 без истинной строки вовсе (судов 150)
2026-09-05T23:09:05Z	panel_court.py	1	СОСТАВ FAIL: 4 расхождений (рубеж 0) — палата: судов живых 150, незаявленных 4, призраков 0; набор: приборов 88, вне набора 0, призраков 0
2026-09-05T23:14:31Z	concept_reach.py	0	ОХВАТ ПОНЯТИЯ PASS: 3766 из 22032 предметов показаны (17%); не показано из НАШИХ сводов 4984 (рубеж 6556), из полки 13282 — 207 корпусов прозы, отсеяно рубрик 670, слов в показах 16350
2026-09-05T23:15:37Z	ask_reach.py	0	ВОПРОСНАЯ ПОВЕРХНОСТЬ ОТЧЁТ: 187 из 189 миров спрашивают, только сообщают 2; вопросных строк 184073 из 357545 (51%); миров с непроверяемым вопросом 1
2026-09-05T23:15:38Z	band_reach.py	0	МИР × ПОЛОСА ОТЧЁТ: строк реестра 46, исполнимых опознаний 29, расхождений записи 3, родов без мира 14; миров показов 189, из них без полосы 178; полос в реестре 5
2026-09-05T23:15:38Z	biblio_reach.py	0	БИБЛИОТЕКА PASS: названо 1684 источников (12 трудов по заглавию, 1672 по автору с годом), НЕТ НА ПОЛКЕ 1549 — из них свободно по праву 320, защищено 1223; корпусов прозы 7
2026-09-05T23:15:41Z	ruverbs_court.py	0	РУССКИЕ ГЛАГОЛЫ PASS: 0 ложных из 881 судимых (402 файлов, рубеж 0)
2026-09-05T23:15:47Z	script_court.py	0	ПИСЬМО PASS: 0 смешанных слов в 357545 строках показов (189 файлов, рубеж 0)
2026-09-05T23:16:47Z	word_mutants.py	0	ПОДСАДКА СЛОВОМ ОТЧЁТ: проб 4242 — ПОЙМАН 3647 (85%), ОНЕМЕЛ 402 (9%), НЕ ПОЙМАН 193 (4%); строк без слова 13741; миров с дырой 59
2026-09-05T23:21:23Z	shelf_court.py	0	ПОЛКА PASS: 0 разладов объявления с делом (рубеж 0), никем не читаемых 171 миров, недоговорено 11 — оба числа считаны, но не судимы — 200 миров полки, судов живых 151
2026-09-05T23:26:29Z	ask_width.py	0	ШИРОТА ВОПРОСА PASS: 7293 из 8398 родов суда имеют вопросную поверхность (86%); БЕЗ ВОПРОСА 1105 (рубеж 1105) — от судов 1105, от манифеста 0; роды объявлены судами (83 из 154, образцов 9324, вопросных слов от пакетов 33); от манифеста 0 актов в 0 мирах — с вопросом 0, без 0, не разрешено 0; строк без рода 93690 из 357545
2026-09-05T23:21:27Z	notationvar_court.py	0	НАЧЕРТАНИЕ PASS: 0 ложных из 24031 судимых (402 файлов, рубеж 0)
2026-09-05T23:28:19Z	prosetree_court.py	1	ДЕРЕВО ПРОЗЫ FAIL: 99 ложных из 11731 судимых (207 файлов)
2026-09-05T23:28:20Z	longdiv_court.py	0	УГОЛ PASS: 0 ложных из 1322 судимых (189 файлов)
2026-09-05T23:30:24Z	form_census.py	0	ПЕРЕПИСЬ ФОРМ ОТЧЁТ: строк 357545, рамок 93483 (масса ≥ 9: 9927), родов 49683 (масса ≥ 9: 10882); минимальный корпус при массе 9: 254090 строк по рамкам (71 %), 185895 по родам (51 %); насыщение: последняя доля даёт 0 новых рамок и 0 новых РОДОВ на тысячу строк
2026-09-05T23:30:24Z	verbthings_court.py	0	ГЛАГОЛ–ВЕЩЬ PASS: 0 чужих пар глагол–вещь в 357545 строках показов (189 файлов, рубеж 0)
2026-09-06T00:03:00Z	coverage.py	0	СУДИМОСТЬ PASS: 357545 из 357545 строк судимы (100% при рубеже 100%, судов живых 151), слепых 0, зачтено словарём пакета 0 (0% свода, долг 0)
2026-09-06T00:03:01Z	behavior_court.py	0	ПОВЕДЕНЧЕСКИЕ ЗАКОНЫ PASS: 0 ложных из 1608 судимых, несудимых 0
2026-09-06T00:03:01Z	topics_court.py	0	БЫТОВЫЕ ТЕМЫ PASS: 0 ложных из 1104 судимых, несудимых 0
2026-09-06T00:03:01Z	nature_court.py	0	ПРИРОДА PASS: 0 ложных из 868 судимых, несудимых 0
2026-09-06T00:03:02Z	links_court.py	0	СВЯЗКИ РАЗГОВОРА PASS: 0 ложных из 17566 судимых, несудимых 0
2026-09-06T00:03:02Z	scale_court.py	0	ШКАЛА PASS: 0 ложных из 747 судимых, несудимых 0
2026-09-06T00:03:02Z	opposites_court.py	0	ПРОТИВОПОЛОЖНОСТИ PASS: 0 ложных из 648 судимых, несудимых 0
2026-09-06T00:03:03Z	roles_court.py	0	РОЛЕВЫЕ ВОПРОСЫ PASS: 0 ложных из 135 судимых, несудимых 0
2026-09-06T00:03:03Z	joints_court.py	0	СОЧЛЕНЕНИЯ PASS: 0 ложных из 2700 судимых, несудимых 0
2026-09-06T00:03:03Z	dialogue_court.py	0	РЕЧЕВОЙ ОБИХОД PASS: 0 ложных из 2052 судимых, несудимых 0
2026-09-06T00:03:04Z	worldfacts_court.py	0	ФАКТЫ МИРА PASS: 0 ложных из 2779 судимых, несудимых 0, двойников чужих миров 0
2026-09-06T00:03:05Z	infer_court.py	0	СТРОГИЙ ВЫВОД PASS: 0 ложных из 1080 судимых, несудимых 0; подсадок поймано 5 из 5
2026-09-06T00:03:06Z	circle_probe.py	0	КРУГ PASS: 0 кругов из 3774 причинных ответов (183574 вопросных строк всего); отказов 1724, из них БЕЗ ОСНОВАНИЯ 0; отрицаний 13630, из них БЕЗ ОСНОВАНИЯ 0; подсадок поймано 2 из 2, ложных тревог 0
2026-09-06T00:03:07Z	agree_probe.py	0	СОГЛАСИЕ ДОМОВ PASS: 0 споров из 12 предметов, о которых говорит больше одного дома (всего предметов 708, домов сличено 3); подсадка сходится; разный уровень ОДНОЙ лестницы (согласие) 6
2026-09-06T00:03:07Z	shelf_declare.py	0	ПОЛКА БЕЗ ОБЪЯВЛЕНИЯ PASS: 0 книг лежали на диске без записи (в договоре 21, в манифесте 402 миров)
2026-09-06T00:05:51Z	house_reach.py	0	  истина fracforms признаёт numberline: 10
2026-09-06T00:03:09Z	head_census.py	0	ПЕРЕПИСЬ ГОЛОВ: голов 2368 на 182095 вопросных строк (по 2 слова); ОДИНОЧЕК 366 (15 %), они несут 366 строк — столько же, сколько голов
2026-09-06T00:05:52Z	form_matrix.py	0	ЩЕРБАТОСТЬ ДОМОВ: 1 щербатых форм из 157 (0 %), домов 23
2026-09-06T00:05:51Z	disj_court.py	0	ИСКЛЮЧЕНИЕ PASS: 0 ложных из 216 судимых, несудимых 0; подсадок поймано 3 из 3
2026-09-06T00:05:53Z	indu_court.py	0	ПОСПЕШНОСТЬ PASS: 0 ложных из 102 судимых, несудимых 0; подсадок поймано 13 из 13
2026-09-06T00:05:53Z	analog_court.py	0	ПОДОБИЕ PASS: 0 ложных из 144 судимых, несудимых 0; подсадок поймано 3 из 3
2026-09-06T00:05:54Z	reply_court.py	0	ОТКЛИК PASS: 0 ложных из 54 судимых, несудимых 0; подсадок поймано 3 из 3
2026-09-06T00:07:24Z	register_pairs.py	0	ПАРА РЕГИСТРА PASS: пар 5298, одной дырой 4749 (89 %), дыр больше 549, ПОРОКОВ 0 (рубеж 0), без пары 0
2026-09-06T00:07:29Z	register_purity.py	0	ЧИСТОТА РЕГИСТРА: неформальных показов 21678, говорящих вежливо 0 (0 %), из них имеющих и вежливую пару 0; мест 0
2026-09-06T00:07:29Z	prefix_traps.py	1	ЛОВУШКА НАЧАЛА FAIL: домов с судом по началу строки 1 (рубеж 0), проб 2000, пойманных удвоений 40
2026-09-06T00:07:30Z	threshold_census.py	0	ПЕРЕПИСЬ ПОРОГОВ: именованных 27 (объявлено 19, храповиков 8, ВКУС 0); встроенных сравнений от трёх 107 (печать 150, без основания рядом 91 — ВЕРХНЯЯ ОЦЕНКА: строй и порог здесь не разделены); папки scripts courts
2026-09-06T00:07:30Z	denominator_census.py	0	ЧИСЛО БЕЗ ЗНАМЕНАТЕЛЯ PASS: приборов в леджере 161, строк без объёма 2, из них НУЛЕЙ без объёма 0 (рубеж 0)
2026-09-06T00:07:31Z	repeat_census.py	0	ПЕРЕПИСЬ ПОВТОРОВ: миров 189, строк 357545, уникальных 254520, копий 103025 (28 %), из них сверх LAW=2: 68089 (19 %); миров с копиями > 10 %: 87
2026-09-06T00:07:35Z	definitions_reach.py	0	СЛЕД РАЗБОРА ОПРЕДЕЛЕНИЙ: понятий 829, без определения 222, из них полка не знает 68, разбор остановился на названных воротах 154, причина не названа 0 (рубеж 0)
2026-09-06T00:07:36Z	copies_census.py	0	ПЕРЕПИСЬ КОПИЙ PASS: миров через слой 157, сверх LAW=2 0 (рубеж 0); строк 266088, различных 239968, копий 26120, многострочных 5; вне слоя миров 2 (копий 106670) — не судятся; сайдкар datasets/COPIES.tsv
2026-09-06T00:07:36Z	sweep_self.py	1	    pl · session-recall · X ma · 8
2026-09-06T01:05:47Z	court_reach.py	0	ДОСЯГАЕМОСТЬ СУДА PASS (вся палата; судов 153): миров 189, строк 357545, ЛЖЕЙ 0 (рубеж 0), слепых 0 (рубеж 0)
2026-09-06T01:06:09Z	holdout_key.py	0	КЛЮЧ СЛЕДУЮЩЕЙ ТОЧКИ PASS: вопросов 3080 (рубеж 1500), прожитых 0 (рубеж 0); по языкам de 336 en 348 es 342 fr 342 it 342 nl 342 pl 342 pt 342 ru 344; по глубине [0] 1010 [1] 1878 [2+] 192; домов 23; ключ datasets/HOLDOUT-KEY-NEXT.tsv
2026-09-06T01:05:51Z	holdforms_court.py	0	ДЕРЖАНИЯ БЕЗ ГЛАГОЛА PASS: 0 ложных из 5703 судимых, несудимых 0; подсадок поймано 12 из 12
2026-09-06T01:06:13Z	cmpframes_court.py	0	РАМКИ СРАВНЕНИЯ PASS: 0 ложных из 6480 судимых, несудимых 0; подсадок поймано 11 из 11
2026-09-06T01:06:14Z	sceneforms_court.py	0	СЦЕНА PASS: 0 ложных из 3818 судимых, несудимых 0; подсадок поймано 8 из 8
2026-09-06T01:06:18Z	toolforms_court.py	0	ИНСТРУМЕНТ PASS: 0 ложных из 2907 судимых, несудимых 0; подсадок поймано 8 из 8
2026-09-06T01:06:19Z	verifyforms_court.py	0	ВЕРИФИКАЦИЯ PASS: 0 ложных из 3285 судимых, несудимых 0; подсадок поймано 7 из 7
2026-09-06T01:06:23Z	planforms_court.py	0	ПЛАН PASS: 0 ложных из 2520 судимых, несудимых 0; подсадок поймано 9 из 9
2026-09-06T01:06:25Z	episodeforms_court.py	0	ЭПИЗОД PASS: 0 ложных из 5229 судимых, несудимых 0; подсадок поймано 8 из 8
2026-09-06T01:06:36Z	summaryforms_court.py	0	СВОДКА PASS: 0 ложных из 6102 судимых, несудимых 0; подсадок поймано 8 из 8
2026-09-06T01:06:30Z	opforms_court.py	0	ОПЕРАЦИЯ PASS: 0 ложных из 3780 судимых, несудимых 0; подсадок поймано 8 из 8
2026-09-06T01:06:37Z	readnum_court.py	0	ЧИСЛО PASS: 0 ложных из 3240 судимых, несудимых 0; подсадок поймано 8 из 8
2026-09-06T01:06:40Z	mandateforms_court.py	0	МАНДАТ PASS: 0 ложных из 2268 судимых, несудимых 0; подсадок поймано 8 из 8
2026-09-06T01:06:48Z	personforms_court.py	0	ЛИЧНОСТЬ PASS: 0 ложных из 3240 судимых, несудимых 0; подсадок поймано 8 из 8
2026-09-06T01:06:49Z	selfmodelforms_court.py	0	САМОМОДЕЛЬ PASS: 0 ложных из 2097 судимых, несудимых 0; подсадок поймано 8 из 8
2026-09-06T01:06:53Z	signedworld_court.py	0	ЗНАК PASS: 0 ложных из 1296 судимых, несудимых 0; подсадок поймано 8 из 8
2026-09-06T01:06:50Z	beforetails_court.py	0	ХВОСТ PASS: 0 ложных из 3600 судимых, несудимых 0; подсадок поймано 8 из 8
2026-09-06T01:06:53Z	discountroad_court.py	0	СКИДКА PASS: 0 ложных из 2808 судимых, несудимых 0; подсадок поймано 8 из 8
2026-09-06T01:07:05Z	nomention_court.py	0	НЕНАЗВАННОЕ PASS: 0 ложных из 2160 судимых, несудимых 0; подсадок поймано 8 из 8
2026-09-06T01:07:10Z	clockforms_court.py	0	ЧАСЫ PASS: 0 ложных из 1053 судимых, несудимых 0; подсадок поймано 8 из 8
2026-09-06T01:07:10Z	mixedunits_court.py	0	МЕРА PASS: 0 ложных из 864 судимых, несудимых 0; подсадок поймано 8 из 8
2026-09-06T01:07:14Z	dateforms_court.py	0	ДАТА PASS: 0 ложных из 480 судимых, несудимых 0; подсадок поймано 8 из 8
2026-09-06T01:07:10Z	clockwords_court.py	0	ЧАСЫ СЛОВОМ PASS: 0 ложных из 378 судимых, несудимых 0; подсадок поймано 8 из 8
2026-09-06T01:07:17Z	speedforms_court.py	0	СКОРОСТЬ PASS: 0 ложных из 432 судимых, несудимых 0; подсадок поймано 8 из 8
2026-09-06T01:07:14Z	action_measure_court.py	0	МЕРА ДЕЙСТВИЯ PASS: 0 ложных из 234 судимых, несудимых 0; подсадок поймано 6 из 6
2026-09-06T01:07:18Z	numberline_court.py	0	ЧИСЛОВОЙ РЯД PASS: 0 ложных из 5256 судимых, несудимых 0; подсадок поймано 6 из 6
2026-09-06T01:07:18Z	countfacts_court.py	0	СЧЁТНЫЕ ФАКТЫ PASS: 0 ложных из 243 судимых, несудимых 0; подсадок поймано 6 из 6
2026-09-06T01:07:19Z	letters_court.py	0	БУКВЫ PASS: 0 ложных из 360 судимых, несудимых 0; подсадок поймано 5 из 5
2026-09-06T01:07:19Z	propcompare_court.py	0	СРАВНЕНИЕ СВОЙСТВ PASS: 0 ложных из 200 судимых, несудимых 0; подсадок поймано 4 из 4
2026-09-06T01:07:20Z	price_court.py	0	ЦЕНА PASS: 0 ложных из 378 судимых, несудимых 0; подсадок поймано 4 из 4
2026-09-06T01:07:20Z	translate_court.py	0	ПЕРЕВОД PASS: 0 ложных из 792 судимых, несудимых 0; подсадок поймано 4 из 4
2026-09-06T01:07:20Z	timeunits_court.py	0	ЕДИНИЦЫ ВРЕМЕНИ PASS: 0 ложных из 420 судимых, несудимых 0; подсадок поймано 3 из 3
2026-09-06T01:07:23Z	svamp_court.py	0	ФОРМЫ SVAMP PASS: 0 ложных из 5362 судимых, несудимых 0; подсадок поймано 10 из 10
2026-09-06T01:07:24Z	measure_langs_court.py	0	МЕРА ДЕЙСТВИЯ НА ЯЗЫКАХ PASS: 0 ложных из 462 судимых, несудимых 0; подсадок поймано 4 из 4
2026-09-06T05:54:28Z	arith_court.py	0	АРИФМЕТИКА PASS: 0 ложных равенств из 117415 судимых (199 файлов, неразобрано 134612)
2026-09-06T05:54:35Z	algo_court.py	0	АЛГОРИТМЫ PASS: 0 ложных утверждений из 2982 судимых (199 файлов)
2026-09-06T05:58:09Z	formula_court.py	0	ФОРМУЛЫ PASS: 0 ложных записей из 2903 судимых (199 файлов)
2026-09-06T05:58:16Z	logic_court.py	0	ЛОГИКА PASS: 0 ложных утверждений из 734 судимых (199 файлов)
2026-09-06T05:58:18Z	physics_court.py	0	ФИЗИКА PASS: 0 ложных утверждений из 1240 судимых (199 файлов)
2026-09-06T05:58:23Z	cyber_court.py	0	КИБЕРНЕТИКА PASS: 0 ложных утверждений из 1270 судимых (199 файлов)
2026-09-06T05:58:29Z	agreement_court.py	1	СОГЛАСОВАНИЕ FAIL: 39 рассогласований при рубеже 0 (4035 верных, 199 файлов, закон 2)
2026-09-06T05:58:32Z	notation_court.py	0	ЗАПИСЬ PASS: 0 ложных записей из 566 судимых (199 файлов)
2026-09-06T05:58:35Z	unit_court.py	0	ЕДИНИЦЫ PASS: 0 ложных переводов из 666 судимых (199 файлов)
2026-09-06T05:58:37Z	number_court.py	0	ЧИСЛА PASS: 0 ложных из 4220 судимых (199 файлов)
2026-09-06T05:58:42Z	inquiry_court.py	0	ДОЗНАНИЕ PASS: 0 ложных из 3915 судимых (199 файлов)
2026-09-06T05:58:44Z	surfaces_court.py	0	ПОВЕРХНОСТИ PASS: 0 ложных из 2200 судимых (199 файлов)
2026-09-06T05:58:45Z	markdown_court.py	0	РАЗМЕТКА-ПОЛНАЯ PASS: 0 ложных из 3848 судимых (199 файлов, обратимость дома цела)
2026-09-06T05:58:46Z	doctree_court.py	0	СТРУКТУРА PASS: 0 ложных из 516 судимых (199 файлов, дерево обратимо)
2026-09-06T05:58:52Z	rates_court.py	0	СТАВКИ PASS: 0 ложных из 758 судимых (199 файлов)
2026-09-06T05:58:58Z	formula_lang_court.py	0	КОНВЕРСИЯ PASS: 0 ложных из 2583 судимых (199 файлов)
2026-09-06T05:59:03Z	percent_court.py	0	ПРОЦЕНТЫ PASS: 0 ложных из 560 судимых (199 файлов)
2026-09-06T05:59:05Z	average_court.py	0	СВОДКА PASS: 0 ложных из 1300 судимых (199 файлов)
2026-09-06T05:59:14Z	equation_court.py	0	УРАВНЕНИЕ PASS: 0 ложных из 3340 судимых (199 файлов)
2026-09-06T05:59:16Z	dataformat_court.py	0	ФОРМАТЫ PASS: 0 ложных из 640 судимых (199 файлов, обратимость дома цела)
2026-09-06T05:59:26Z	everyday_court.py	0	БЫТ PASS: 0 ложных из 4510 судимых (199 файлов)
2026-09-06T05:59:28Z	story_chain_court.py	0	ЦЕПОЧКА PASS: 0 ложных из 890 судимых (199 файлов)
2026-09-06T05:59:30Z	age_court.py	0	ВОЗРАСТ PASS: 0 ложных из 900 судимых (199 файлов)
2026-09-06T05:59:33Z	halves_court.py	0	ПОЛОВИНЫ PASS: 0 ложных из 1030 судимых (199 файлов)
2026-09-06T05:59:37Z	inquiry_de_fr_court.py	0	ДОЗНАНИЕ-DE-FR PASS: 0 ложных из 2108 судимых (199 файлов)
2026-09-06T05:59:38Z	ru_conversion_court.py	0	РУССКИЙ ПЕРЕВОД PASS: 0 ложных из 68 судимых (199 файлов)
2026-09-06T05:59:40Z	selfmeasure_court.py	0	РАССКАЗ О СЕБЕ PASS: 0 ложных из 59 судимых (199 файлов)
2026-09-06T05:59:41Z	ru_compare_court.py	0	РУССКОЕ СРАВНЕНИЕ PASS: 0 ложных из 150 судимых (199 файлов)
2026-09-06T05:59:42Z	ru_story_court.py	0	РУССКАЯ ЗАДАЧА PASS: 0 ложных из 658 судимых (199 файлов)
2026-09-06T05:59:48Z	inquiry_es_it_court.py	0	ДОЗНАНИЕ-ES-IT PASS: 0 ложных из 1480 судимых (199 файлов)
2026-09-06T05:59:53Z	share_court.py	0	ДОЛЯ PASS: 0 ложных из 2376 судимых (199 файлов)
2026-09-06T05:59:57Z	compare_mult_court.py	0	КРАТНОЕ PASS: 0 ложных из 2797 судимых (199 файлов)
2026-09-06T06:00:03Z	sequence_court.py	0	ПОСЛЕДОВАТЕЛЬНОСТИ PASS: 0 ложных из 2616 судимых (199 файлов)
2026-09-06T06:00:10Z	geometry_court.py	0	ГЕОМЕТРИЯ PASS: 0 ложных из 2438 судимых (199 файлов)
2026-09-06T06:00:18Z	linalg_court.py	0	ВЕКТОР PASS: 0 ложных из 3726 судимых (199 файлов)
2026-09-06T06:00:20Z	calendar_court.py	0	КАЛЕНДАРЬ PASS: 0 ложных из 846 судимых (199 файлов)
2026-09-06T06:00:25Z	speech_court.py	0	РЕЧЬ PASS: 0 ложных из 1960 судимых (199 файлов)
2026-09-06T06:00:34Z	rugram_court.py	0	РУССКОЕ СОГЛАСОВАНИЕ PASS: 0 ложных из 17782 судимых (199 файлов)
2026-09-06T06:00:42Z	physlaw_court.py	0	ЗАКОНЫ ФИЗИКИ PASS: 0 ложных из 840 судимых (199 файлов)
2026-09-06T06:00:50Z	compsci_court.py	0	ИНФОРМАТИКА PASS: 0 ложных из 1368 судимых (199 файлов)
2026-09-06T06:00:52Z	case_court.py	0	ПАДЕЖ PASS: 0 ложных из 1006 судимых (199 файлов)
2026-09-06T06:00:56Z	valence_court.py	0	ОЦЕНКА PASS: 0 ложных из 1256 судимых (199 файлов)
2026-09-06T06:00:59Z	shadow_court.py	0	ЗАТЕНЕНИЕ PASS: 0 имён определены дважды (534 файлов, рубеж 0)
2026-09-06T06:03:00Z	syllabus_court.py	0	ПОЛНОТА PASS: 0 предметов свода не покрыты из 62 (рубеж 0, 199 файлов)
2026-09-06T06:03:48Z	richness_court.py	0	БОГАТСТВО[показано] PASS: не показаны 0 форм из 20 и 0 стыков из 6 (рубеж 0, 199 файлов); КУПЛЕНО и ИСПОЛНЕНО мерятся на стороне организма
2026-09-06T06:04:17Z	langpack_court.py	0	ЯЗЫКИ PASS: 29 зелёных из 29, красных 0 (рубеж 6)
2026-09-06T06:04:17Z	langrule_court.py	0	ПРАВИЛО ЯЗЫКА PASS: 0 разладов формы с правилом из 1014 сверенных (19 пакетов с правилом из 29)
2026-09-06T06:20:44Z	claims_court.py	1	РОДЫ FAIL: 357 строк прочтены НЕ ХОЗЯИНОМ рода из 39263 с видимым родом (рубеж 0, 199 файлов, родов объявлено 4)
2026-09-06T06:20:53Z	program_court.py	0	ПРОГРАММЫ PASS: 0 ложных из 1078 судимых (199 файлов)
2026-09-06T06:21:04Z	statistics_court.py	0	СТАТИСТИКА PASS: 0 ложных из 1180 судимых (199 файлов)
2026-09-06T06:21:12Z	proof_court.py	0	ДОКАЗАТЕЛЬСТВО PASS: 0 ложных из 663 судимых (199 файлов)
2026-09-06T06:21:17Z	machine_court.py	0	МАШИНА PASS: 0 ложных из 1846 судимых (199 файлов)
2026-09-06T06:21:41Z	episode_court.py	0	ЭПИЗОД PASS: 0 ложных из 10323 судимых (199 файлов), вне владения 12 слов: ['day', 'dollar', 'foot', 'hour', 'kilometer']
2026-09-06T06:21:48Z	copula_court.py	0	СВЯЗКИ PASS: 0 ложных из 500 судимых (199 файлов), НЕЗНАКОМЫХ ПАР 36301: ["cause: philosophy is literally, the love of, including the search after, wisdom; in actual usage, the knowledge of phenomena as explained by, and resolved into, / and reasons, powers and laws: webster's unabridged dictionary, 1913", 'cause: электричество — это то, содержащееся в теле, что сообщает этому телу особые свойства, / в нем способность действовать механически на некоторые другие тела, притягивать или при известных условиях отталкивать их, а также вызывает в самом этом теле способность испытывать подобные же механические действия других тел: эсбе, статья «электричество»', 'contain: does the node body contain the node liquid? in the tree of kinds the node body / the node liquid']
2026-09-06T06:21:53Z	markup_court.py	0	РАЗМЕТКА PASS: 0 ложных из 3830 судимых (199 файлов)
2026-09-06T06:22:15Z	langlayer_court.py	0	ПЛАСТ PASS: 0 необъявленных слов (88722 строк, 29 пластов)
2026-09-06T06:22:16Z	langform_court.py	0	ФОРМА ПЛАСТА PASS: 0 ложных из 70003 судимых (88722 строк пласта, 29 пластов, дословных 940, рамок без опознавателя 3, рубеж 0)
2026-09-06T06:22:17Z	gsm_census.py	0	GSM-CENSUS PASS: 0 расхождений (72 выведено, 69 в слое, 3 удержано)
2026-09-06T06:23:53Z	reproducible.py	1	ВОСПРОИЗВОДИМОСТЬ FAIL: 3 расхождений из 169 сличённых (без объявленной цели 0, рубеж 0)
2026-09-06T06:23:54Z	bash32_court.py	0	BASH32-COURT PASS: ни одного имени, съедаемого bash 3.2; скриптов проверено: 5
2026-09-06T06:23:55Z	manifest_court.py	0	МАНИФЕСТ PASS: 0 разладов объявления с делом (412 миров, сборок 6, обязательств дела 224)
2026-09-06T07:26:10Z	prose_court.py	1	ПРОЗА FAIL: 0 разладов объявления (рубеж 0) и 1389 возражений судов (рубеж 12, чтение вне подсудности) — 207 миров, 1171830 строк, прочтено 16999 (1%), судов живых 156
2026-09-06T07:26:15Z	mutants.py	0	МУТАНТЫ PASS: 9 полей из 9 поймали свою подсадку, чужих задето 0
2026-09-06T07:26:16Z	lexicon_reach.py	0	ОХВАТ PASS: 366 из 366 объявленных слов прожиты >=2 раз (100% при рубеже 100%)
2026-09-06T07:26:18Z	inquiry_pt_nl_court.py	0	ДОЗНАНИЕ-PT-NL PASS: 0 ложных из 2108 судимых (199 файлов)
2026-09-06T07:26:20Z	inquiry_pl_tr_court.py	0	ДОЗНАНИЕ-PL-TR PASS: 0 ложных из 1537 судимых (199 файлов)
2026-09-06T07:26:24Z	metalang_court.py	0	МЕТАЯЗЫК PASS: 0 ложных из 1849 судимых (199 файлов)
2026-09-06T07:26:24Z	glyph_court.py	0	ГЛИФЫ PASS: 0 ложных, 1101 истинных, 0 несудимых
2026-09-06T07:26:24Z	space_court.py	0	ПРОСТРАНСТВО PASS: 0 ложных, 2301 истинных, 0 несудимых
2026-09-06T07:26:25Z	stenogram_court.py	0	СТЕНОГРАММЫ PASS: 0 ложных, 550 истинных, 0 несудимых
2026-09-06T07:26:25Z	mathspaces_court.py	0	ПРОСТРАНСТВА PASS: 0 ложных, 814 истинных, 0 несудимых
2026-09-06T07:26:25Z	gsmforms_court.py	0	ШКОЛЬНЫЕ ФОРМЫ PASS: 0 ложных, 2511 истинных, 0 несудимых
2026-09-06T07:26:33Z	definitions_court.py	0	ОПРЕДЕЛЕНИЯ PASS: 0 ложных, 2141 истинных, 0 несудимых
2026-09-06T07:26:33Z	pronoun_court.py	0	МЕСТОИМЕНИЯ PASS: 0 ложных из 480 судимых, несудимых 0
2026-09-06T07:26:33Z	money_court.py	0	ДЕНЬГИ PASS: 0 ложных из 450 судимых, несудимых 0
2026-09-06T07:26:34Z	holes_court.py	0	ДЫРЫ PASS: 0 ложных из 6100 судимых, несудимых 0
2026-09-06T07:26:34Z	money_langs_court.py	0	ДЕНЬГИ НА ЯЗЫКАХ PASS: 0 ложных из 1188 судимых, несудимых 0
2026-09-06T07:26:34Z	geometry_langs_court.py	0	ГЕОМЕТРИЯ НА ЯЗЫКАХ PASS: 0 ложных из 960 судимых, несудимых 0
2026-09-06T07:26:34Z	units_langs_court.py	0	ЕДИНИЦЫ НА ЯЗЫКАХ PASS: 0 ложных из 640 судимых, несудимых 0
2026-09-06T07:26:34Z	stats_langs_court.py	0	СВОДКА НА ЯЗЫКАХ PASS: 0 ложных из 480 судимых, несудимых 0
2026-09-06T07:26:35Z	calendar_langs_court.py	0	НЕДЕЛЯ НА ЯЗЫКАХ PASS: 0 ложных из 1120 судимых, несудимых 0
2026-09-06T07:26:35Z	sequences_langs_court.py	0	ПРОГРЕССИИ НА ЯЗЫКАХ PASS: 0 ложных из 320 судимых, несудимых 0
2026-09-06T07:26:35Z	compare_langs_court.py	0	СРАВНЕНИЕ НА ЯЗЫКАХ PASS: 0 ложных из 480 судимых, несудимых 0
2026-09-06T07:26:35Z	share_langs_court.py	0	ДОЛИ НА ЯЗЫКАХ PASS: 0 ложных из 560 судимых, несудимых 0
2026-09-06T07:26:35Z	physics_langs_court.py	0	ФИЗИКА НА ЯЗЫКАХ PASS: 0 ложных из 480 судимых, несудимых 0
2026-09-06T07:26:39Z	relation_court.py	0	СТРОЕНИЕ PASS: 0 ложных из 2084 судимых (199 файлов, структуры обходимы)
2026-09-06T07:30:58Z	court_mutants.py	1	МУТАНТЫ СУДОВ FAIL: 138 поймали, 1 онемели, 0 не поймали (рубеж 1), 1 со свободным числом, 15 без числовой истинной строки, 1 без истинной строки вовсе (судов 156)
2026-09-06T07:31:00Z	panel_court.py	0	СОСТАВ PASS: 0 расхождений (рубеж 0) — палата: судов живых 156, незаявленных 0, призраков 0; набор: приборов 88, вне набора 0, призраков 0
2026-09-06T07:31:03Z	concept_reach.py	0	ОХВАТ ПОНЯТИЯ PASS: 3805 из 22032 предметов показаны (17%); не показано из НАШИХ сводов 4979 (рубеж 6556), из полки 13248 — 207 корпусов прозы, отсеяно рубрик 670, слов в показах 16682
2026-09-06T07:32:24Z	ask_reach.py	0	ВОПРОСНАЯ ПОВЕРХНОСТЬ ОТЧЁТ: 197 из 199 миров спрашивают, только сообщают 2; вопросных строк 188879 из 362504 (52%); миров с непроверяемым вопросом 1
2026-09-06T07:32:26Z	band_reach.py	0	МИР × ПОЛОСА ОТЧЁТ: строк реестра 46, исполнимых опознаний 29, расхождений записи 3, родов без мира 14; миров показов 199, из них без полосы 188; полос в реестре 5
2026-09-06T07:32:27Z	biblio_reach.py	0	БИБЛИОТЕКА PASS: названо 1684 источников (12 трудов по заглавию, 1672 по автору с годом), НЕТ НА ПОЛКЕ 1549 — из них свободно по праву 320, защищено 1223; корпусов прозы 7
2026-09-06T07:32:31Z	ruverbs_court.py	0	РУССКИЕ ГЛАГОЛЫ PASS: 0 ложных из 881 судимых (412 файлов, рубеж 0)
2026-09-06T07:32:40Z	script_court.py	0	ПИСЬМО PASS: 0 смешанных слов в 362504 строках показов (199 файлов, рубеж 0)
2026-09-06T07:33:43Z	word_mutants.py	0	ПОДСАДКА СЛОВОМ ОТЧЁТ: проб 4482 — ПОЙМАН 3892 (86%), ОНЕМЕЛ 387 (8%), НЕ ПОЙМАН 203 (4%); строк без слова 13741; миров с дырой 62
2026-09-06T07:38:46Z	shelf_court.py	1	ПОЛКА FAIL: 4 разладов объявления с делом (рубеж 0), никем не читаемых 171 миров, недоговорено 15 — оба числа считаны, но не судимы — 200 миров полки, судов живых 156
2026-09-06T07:44:08Z	ask_width.py	1	ШИРОТА ВОПРОСА FAIL: 7810 из 8934 родов суда имеют вопросную поверхность (87%); БЕЗ ВОПРОСА 1124 (рубеж 1105) — от судов 1124, от манифеста 0; роды объявлены судами (83 из 159, образцов 9736, вопросных слов от пакетов 33); от манифеста 0 актов в 0 мирах — с вопросом 0, без 0, не разрешено 0; строк без рода 93690 из 362504
2026-09-06T07:44:11Z	notationvar_court.py	0	НАЧЕРТАНИЕ PASS: 0 ложных из 24031 судимых (413 файлов, рубеж 0)
2026-09-06T07:46:04Z	prosetree_court.py	0	ДЕРЕВО ПРОЗЫ PASS: 51 ложных из 11352 судимых (207 файлов)
2026-09-06T07:46:05Z	longdiv_court.py	0	УГОЛ PASS: 0 ложных из 1322 судимых (200 файлов)
2026-09-06T07:48:16Z	form_census.py	0	ПЕРЕПИСЬ ФОРМ ОТЧЁТ: строк 362675, рамок 96293 (масса ≥ 9: 10021), родов 52197 (масса ≥ 9: 10988); минимальный корпус при массе 9: 258622 строк по рамкам (71 %), 190371 по родам (52 %); насыщение: последняя доля даёт 0 новых рамок и 0 новых РОДОВ на тысячу строк
2026-09-06T07:48:17Z	verbthings_court.py	0	ГЛАГОЛ–ВЕЩЬ PASS: 0 чужих пар глагол–вещь в 362675 строках показов (200 файлов, рубеж 0)
2026-09-06T08:12:14Z	coverage.py	0	СУДИМОСТЬ PASS: 362729 из 362729 строк судимы (100% при рубеже 100%, судов живых 157), слепых 0, зачтено словарём пакета 0 (0% свода, долг 0)
2026-09-06T08:12:14Z	behavior_court.py	0	ПОВЕДЕНЧЕСКИЕ ЗАКОНЫ PASS: 0 ложных из 1608 судимых, несудимых 0
2026-09-06T08:12:15Z	topics_court.py	0	БЫТОВЫЕ ТЕМЫ PASS: 0 ложных из 1104 судимых, несудимых 0
2026-09-06T08:12:15Z	nature_court.py	0	ПРИРОДА PASS: 0 ложных из 868 судимых, несудимых 0
2026-09-06T08:12:15Z	links_court.py	0	СВЯЗКИ РАЗГОВОРА PASS: 0 ложных из 17566 судимых, несудимых 0
2026-09-06T08:12:15Z	scale_court.py	0	ШКАЛА PASS: 0 ложных из 747 судимых, несудимых 0
2026-09-06T08:12:15Z	opposites_court.py	0	ПРОТИВОПОЛОЖНОСТИ PASS: 0 ложных из 648 судимых, несудимых 0
2026-09-06T08:12:16Z	roles_court.py	0	РОЛЕВЫЕ ВОПРОСЫ PASS: 0 ложных из 135 судимых, несудимых 0
2026-09-06T08:12:16Z	joints_court.py	0	СОЧЛЕНЕНИЯ PASS: 0 ложных из 2700 судимых, несудимых 0
2026-09-06T08:12:16Z	dialogue_court.py	0	РЕЧЕВОЙ ОБИХОД PASS: 0 ложных из 2052 судимых, несудимых 0
2026-09-06T08:12:17Z	worldfacts_court.py	0	ФАКТЫ МИРА PASS: 0 ложных из 2779 судимых, несудимых 0, двойников чужих миров 0
2026-09-06T08:12:17Z	infer_court.py	0	СТРОГИЙ ВЫВОД PASS: 0 ложных из 1080 судимых, несудимых 0; подсадок поймано 5 из 5
2026-09-06T08:12:18Z	circle_probe.py	0	КРУГ PASS: 0 кругов из 3774 причинных ответов (188380 вопросных строк всего); отказов 1724, из них БЕЗ ОСНОВАНИЯ 0; отрицаний 14026, из них БЕЗ ОСНОВАНИЯ 0; подсадок поймано 2 из 2, ложных тревог 0
2026-09-06T08:12:18Z	agree_probe.py	0	СОГЛАСИЕ ДОМОВ PASS: 0 споров из 12 предметов, о которых говорит больше одного дома (всего предметов 708, домов сличено 3); подсадка сходится; разный уровень ОДНОЙ лестницы (согласие) 6
2026-09-06T08:12:19Z	shelf_declare.py	0	ПОЛКА БЕЗ ОБЪЯВЛЕНИЯ PASS: 0 книг лежали на диске без записи (в договоре 21, в манифесте 413 миров)
2026-09-06T08:14:08Z	house_reach.py	0	  истина fracforms признаёт numberline: 10
2026-09-06T08:14:09Z	head_census.py	0	ПЕРЕПИСЬ ГОЛОВ: голов 2432 на 186901 вопросных строк (по 2 слова); ОДИНОЧЕК 366 (15 %), они несут 366 строк — столько же, сколько голов
2026-09-06T08:14:10Z	form_matrix.py	0	ЩЕРБАТОСТЬ ДОМОВ: 1 щербатых форм из 157 (0 %), домов 23
2026-09-06T08:14:10Z	disj_court.py	0	ИСКЛЮЧЕНИЕ PASS: 0 ложных из 216 судимых, несудимых 0; подсадок поймано 3 из 3
2026-09-06T08:14:11Z	indu_court.py	0	ПОСПЕШНОСТЬ PASS: 0 ложных из 102 судимых, несудимых 0; подсадок поймано 13 из 13
2026-09-06T08:14:11Z	analog_court.py	0	ПОДОБИЕ PASS: 0 ложных из 144 судимых, несудимых 0; подсадок поймано 3 из 3
2026-09-06T08:14:11Z	reply_court.py	0	ОТКЛИК PASS: 0 ложных из 54 судимых, несудимых 0; подсадок поймано 3 из 3
2026-09-06T08:15:14Z	register_pairs.py	0	ПАРА РЕГИСТРА PASS: пар 5298, одной дырой 4749 (89 %), дыр больше 549, ПОРОКОВ 0 (рубеж 0), без пары 0
2026-09-06T08:15:18Z	register_purity.py	0	ЧИСТОТА РЕГИСТРА: неформальных показов 21678, говорящих вежливо 0 (0 %), из них имеющих и вежливую пару 0; мест 0
2026-09-06T08:15:23Z	prefix_traps.py	0	ЛОВУШКА НАЧАЛА PASS: домов с судом по началу строки 0 (рубеж 0), проб 2200, пойманных удвоений 0
2026-09-06T08:15:23Z	threshold_census.py	0	ПЕРЕПИСЬ ПОРОГОВ: именованных 28 (объявлено 20, храповиков 8, ВКУС 0); встроенных сравнений от трёх 107 (печать 155, без основания рядом 91 — ВЕРХНЯЯ ОЦЕНКА: строй и порог здесь не разделены); папки scripts courts
2026-09-06T08:15:23Z	denominator_census.py	0	ЧИСЛО БЕЗ ЗНАМЕНАТЕЛЯ PASS: приборов в леджере 170, строк без объёма 2, из них НУЛЕЙ без объёма 0 (рубеж 0)
2026-09-06T08:15:24Z	repeat_census.py	0	ПЕРЕПИСЬ ПОВТОРОВ: миров 200, строк 362729, уникальных 259704, копий 103025 (28 %), из них сверх LAW=2: 68089 (18 %); миров с копиями > 10 %: 87
2026-09-06T08:15:27Z	definitions_reach.py	0	СЛЕД РАЗБОРА ОПРЕДЕЛЕНИЙ: понятий 829, без определения 222, из них полка не знает 68, разбор остановился на названных воротах 154, причина не названа 0 (рубеж 0)
2026-09-06T08:15:28Z	copies_census.py	0	ПЕРЕПИСЬ КОПИЙ PASS: миров через слой 168, сверх LAW=2 0 (рубеж 0); строк 271272, различных 245152, копий 26120, многострочных 5; вне слоя миров 2 (копий 106670) — не судятся; сайдкар datasets/COPIES.tsv
2026-09-06T08:15:28Z	sweep_self.py	1	    pl · session-recall · X ma · 8
2026-09-06T08:33:18Z	court_reach.py	1	ДОСЯГАЕМОСТЬ СУДА FAIL (вся палата; судов 158): миров 200, строк 362729, ЛЖЕЙ 24 (рубеж 0), слепых 0 (рубеж 0)
2026-09-06T08:33:21Z	holdout_key.py	0	КЛЮЧ СЛЕДУЮЩЕЙ ТОЧКИ PASS: вопросов 3620 (рубеж 1500), прожитых 0 (рубеж 0); по языкам de 396 en 408 es 402 fr 402 it 402 nl 402 pl 402 pt 402 ru 404; по глубине [0] 1154 [1] 1968 [2+] 498; домов 31; ключ datasets/HOLDOUT-KEY-NEXT.tsv
2026-09-06T08:33:22Z	holdforms_court.py	0	ДЕРЖАНИЯ БЕЗ ГЛАГОЛА PASS: 0 ложных из 5703 судимых, несудимых 0; подсадок поймано 12 из 12
2026-09-06T08:33:23Z	cmpframes_court.py	0	РАМКИ СРАВНЕНИЯ PASS: 0 ложных из 6480 судимых, несудимых 0; подсадок поймано 11 из 11
2026-09-06T08:33:24Z	sceneforms_court.py	0	СЦЕНА PASS: 0 ложных из 3818 судимых, несудимых 0; подсадок поймано 8 из 8
2026-09-06T08:33:24Z	toolforms_court.py	0	ИНСТРУМЕНТ PASS: 0 ложных из 2907 судимых, несудимых 0; подсадок поймано 8 из 8
2026-09-06T08:33:25Z	verifyforms_court.py	0	ВЕРИФИКАЦИЯ PASS: 0 ложных из 3285 судимых, несудимых 0; подсадок поймано 7 из 7
2026-09-06T08:33:26Z	planforms_court.py	0	ПЛАН PASS: 0 ложных из 2520 судимых, несудимых 0; подсадок поймано 9 из 9
2026-09-06T08:33:27Z	episodeforms_court.py	0	ЭПИЗОД PASS: 0 ложных из 5229 судимых, несудимых 0; подсадок поймано 8 из 8
2026-09-06T08:33:29Z	summaryforms_court.py	0	СВОДКА PASS: 0 ложных из 6102 судимых, несудимых 0; подсадок поймано 8 из 8
2026-09-06T08:33:30Z	opforms_court.py	0	ОПЕРАЦИЯ PASS: 0 ложных из 3780 судимых, несудимых 0; подсадок поймано 8 из 8
2026-09-06T08:33:30Z	readnum_court.py	0	ЧИСЛО PASS: 0 ложных из 3240 судимых, несудимых 0; подсадок поймано 8 из 8
2026-09-06T08:33:31Z	mandateforms_court.py	0	МАНДАТ PASS: 0 ложных из 2268 судимых, несудимых 0; подсадок поймано 8 из 8
2026-09-06T09:00:09Z	arith_court.py	0	АРИФМЕТИКА PASS: 0 ложных равенств из 118495 судимых (202 файлов, неразобрано 134696)
2026-09-06T09:00:11Z	algo_court.py	0	АЛГОРИТМЫ PASS: 0 ложных утверждений из 2982 судимых (202 файлов)
2026-09-06T09:02:27Z	formula_court.py	0	ФОРМУЛЫ PASS: 0 ложных записей из 2903 судимых (202 файлов)
2026-09-06T09:02:32Z	logic_court.py	0	ЛОГИКА PASS: 0 ложных утверждений из 734 судимых (202 файлов)
2026-09-06T09:02:33Z	physics_court.py	0	ФИЗИКА PASS: 0 ложных утверждений из 1240 судимых (202 файлов)
2026-09-06T09:02:37Z	cyber_court.py	0	КИБЕРНЕТИКА PASS: 0 ложных утверждений из 1270 судимых (202 файлов)
2026-09-06T09:02:42Z	agreement_court.py	0	СОГЛАСОВАНИЕ PASS: 0 рассогласований при рубеже 0 (4043 верных, 202 файлов, закон 2)
2026-09-06T09:02:44Z	notation_court.py	0	ЗАПИСЬ PASS: 0 ложных записей из 566 судимых (202 файлов)
2026-09-06T09:02:45Z	unit_court.py	0	ЕДИНИЦЫ PASS: 0 ложных переводов из 666 судимых (202 файлов)
2026-09-06T09:02:47Z	number_court.py	0	ЧИСЛА PASS: 0 ложных из 4220 судимых (202 файлов)
2026-09-06T09:02:50Z	inquiry_court.py	0	ДОЗНАНИЕ PASS: 0 ложных из 3915 судимых (202 файлов)
2026-09-06T09:02:51Z	surfaces_court.py	0	ПОВЕРХНОСТИ PASS: 0 ложных из 2200 судимых (202 файлов)
2026-09-06T09:02:51Z	markdown_court.py	0	РАЗМЕТКА-ПОЛНАЯ PASS: 0 ложных из 3848 судимых (202 файлов, обратимость дома цела)
2026-09-06T09:02:52Z	doctree_court.py	0	СТРУКТУРА PASS: 0 ложных из 516 судимых (202 файлов, дерево обратимо)
2026-09-06T09:02:54Z	rates_court.py	0	СТАВКИ PASS: 0 ложных из 758 судимых (202 файлов)
2026-09-06T09:02:57Z	formula_lang_court.py	0	КОНВЕРСИЯ PASS: 0 ложных из 2583 судимых (202 файлов)
2026-09-06T09:02:59Z	percent_court.py	0	ПРОЦЕНТЫ PASS: 0 ложных из 560 судимых (202 файлов)
2026-09-06T09:03:00Z	average_court.py	0	СВОДКА PASS: 0 ложных из 1300 судимых (202 файлов)
2026-09-06T09:03:05Z	equation_court.py	0	УРАВНЕНИЕ PASS: 0 ложных из 3340 судимых (202 файлов)
2026-09-06T09:03:07Z	dataformat_court.py	0	ФОРМАТЫ PASS: 0 ложных из 640 судимых (202 файлов, обратимость дома цела)
2026-09-06T09:03:14Z	everyday_court.py	0	БЫТ PASS: 0 ложных из 4510 судимых (202 файлов)
2026-09-06T09:03:14Z	story_chain_court.py	0	ЦЕПОЧКА PASS: 0 ложных из 890 судимых (202 файлов)
2026-09-06T09:03:16Z	age_court.py	0	ВОЗРАСТ PASS: 0 ложных из 900 судимых (202 файлов)
2026-09-06T09:03:18Z	halves_court.py	0	ПОЛОВИНЫ PASS: 0 ложных из 1030 судимых (202 файлов)
2026-09-06T09:03:22Z	inquiry_de_fr_court.py	0	ДОЗНАНИЕ-DE-FR PASS: 0 ложных из 2108 судимых (202 файлов)
2026-09-06T09:03:22Z	ru_conversion_court.py	0	РУССКИЙ ПЕРЕВОД PASS: 0 ложных из 68 судимых (202 файлов)
2026-09-06T09:03:23Z	selfmeasure_court.py	0	РАССКАЗ О СЕБЕ PASS: 0 ложных из 59 судимых (202 файлов)
2026-09-06T09:03:24Z	ru_compare_court.py	0	РУССКОЕ СРАВНЕНИЕ PASS: 0 ложных из 150 судимых (202 файлов)
2026-09-06T09:03:24Z	ru_story_court.py	0	РУССКАЯ ЗАДАЧА PASS: 0 ложных из 658 судимых (202 файлов)
2026-09-06T09:03:28Z	inquiry_es_it_court.py	0	ДОЗНАНИЕ-ES-IT PASS: 0 ложных из 1480 судимых (202 файлов)
2026-09-06T09:03:31Z	share_court.py	0	ДОЛЯ PASS: 0 ложных из 2376 судимых (202 файлов)
2026-09-06T09:03:33Z	compare_mult_court.py	0	КРАТНОЕ PASS: 0 ложных из 2797 судимых (202 файлов)
2026-09-06T09:03:37Z	sequence_court.py	0	ПОСЛЕДОВАТЕЛЬНОСТИ PASS: 0 ложных из 2616 судимых (202 файлов)
2026-09-06T09:03:40Z	geometry_court.py	0	ГЕОМЕТРИЯ PASS: 0 ложных из 2438 судимых (202 файлов)
2026-09-06T09:03:44Z	linalg_court.py	0	ВЕКТОР PASS: 0 ложных из 3726 судимых (202 файлов)
2026-09-06T09:03:45Z	calendar_court.py	0	КАЛЕНДАРЬ PASS: 0 ложных из 846 судимых (202 файлов)
2026-09-06T09:03:48Z	speech_court.py	0	РЕЧЬ PASS: 0 ложных из 1960 судимых (202 файлов)
2026-09-06T09:03:53Z	rugram_court.py	0	РУССКОЕ СОГЛАСОВАНИЕ PASS: 0 ложных из 17945 судимых (202 файлов)
2026-09-06T09:03:56Z	physlaw_court.py	0	ЗАКОНЫ ФИЗИКИ PASS: 0 ложных из 840 судимых (202 файлов)
2026-09-06T09:04:01Z	compsci_court.py	0	ИНФОРМАТИКА PASS: 0 ложных из 1368 судимых (202 файлов)
2026-09-06T09:04:01Z	case_court.py	0	ПАДЕЖ PASS: 0 ложных из 1006 судимых (202 файлов)
2026-09-06T09:04:03Z	valence_court.py	0	ОЦЕНКА PASS: 0 ложных из 1256 судимых (202 файлов)
2026-09-06T09:04:05Z	shadow_court.py	0	ЗАТЕНЕНИЕ PASS: 0 имён определены дважды (545 файлов, рубеж 0)
2026-09-06T09:04:56Z	syllabus_court.py	0	ПОЛНОТА PASS: 0 предметов свода не покрыты из 62 (рубеж 0, 202 файлов)
2026-09-06T09:05:13Z	richness_court.py	0	БОГАТСТВО[показано] PASS: не показаны 0 форм из 20 и 0 стыков из 6 (рубеж 0, 202 файлов); КУПЛЕНО и ИСПОЛНЕНО мерятся на стороне организма
2026-09-06T09:05:26Z	langpack_court.py	0	ЯЗЫКИ PASS: 29 зелёных из 29, красных 0 (рубеж 6)
2026-09-06T09:05:26Z	langrule_court.py	0	ПРАВИЛО ЯЗЫКА PASS: 0 разладов формы с правилом из 1014 сверенных (19 пакетов с правилом из 29)
2026-09-06T09:09:21Z	claims_court.py	1	РОДЫ FAIL: 345 строк прочтены НЕ ХОЗЯИНОМ рода из 39587 с видимым родом (рубеж 0, 202 файлов, родов объявлено 4)
2026-09-06T09:09:23Z	program_court.py	0	ПРОГРАММЫ PASS: 0 ложных из 1078 судимых (202 файлов)
2026-09-06T09:09:27Z	statistics_court.py	0	СТАТИСТИКА PASS: 0 ложных из 1180 судимых (202 файлов)
2026-09-06T09:09:29Z	proof_court.py	0	ДОКАЗАТЕЛЬСТВО PASS: 0 ложных из 663 судимых (202 файлов)
2026-09-06T09:09:31Z	machine_court.py	0	МАШИНА PASS: 0 ложных из 1846 судимых (202 файлов)
2026-09-06T09:09:39Z	episode_court.py	0	ЭПИЗОД PASS: 0 ложных из 10323 судимых (202 файлов), вне владения 12 слов: ['day', 'dollar', 'foot', 'hour', 'kilometer']
2026-09-06T09:09:42Z	copula_court.py	0	СВЯЗКИ PASS: 0 ложных из 500 судимых (202 файлов), НЕЗНАКОМЫХ ПАР 36313: ["cause: philosophy is literally, the love of, including the search after, wisdom; in actual usage, the knowledge of phenomena as explained by, and resolved into, / and reasons, powers and laws: webster's unabridged dictionary, 1913", 'cause: электричество — это то, содержащееся в теле, что сообщает этому телу особые свойства, / в нем способность действовать механически на некоторые другие тела, притягивать или при известных условиях отталкивать их, а также вызывает в самом этом теле способность испытывать подобные же механические действия других тел: эсбе, статья «электричество»', 'contain: does the node body contain the node liquid? in the tree of kinds the node body / the node liquid']
2026-09-06T09:09:44Z	markup_court.py	0	РАЗМЕТКА PASS: 0 ложных из 3830 судимых (202 файлов)
2026-09-06T09:09:58Z	langlayer_court.py	0	ПЛАСТ PASS: 0 необъявленных слов (88722 строк, 29 пластов)
2026-09-06T09:09:59Z	langform_court.py	0	ФОРМА ПЛАСТА PASS: 0 ложных из 70003 судимых (88722 строк пласта, 29 пластов, дословных 940, рамок без опознавателя 3, рубеж 0)
2026-09-06T09:09:59Z	gsm_census.py	0	GSM-CENSUS PASS: 0 расхождений (72 выведено, 69 в слое, 3 удержано)
2026-09-06T09:11:04Z	reproducible.py	1	ВОСПРОИЗВОДИМОСТЬ FAIL: 0 расхождений из 172 сличённых (без объявленной цели 0, рубеж 0), БЕЗ ОБЪЯВЛЕННОГО МИРА 1 (рубеж 0): ['gen_genesis_proform.py:datasets/genesis_proform.txt']
2026-09-06T09:11:04Z	bash32_court.py	0	BASH32-COURT PASS: ни одного имени, съедаемого bash 3.2; скриптов проверено: 5
2026-09-06T09:11:05Z	manifest_court.py	0	МАНИФЕСТ PASS: 0 разладов объявления с делом (415 миров, сборок 6, обязательств дела 227)
2026-09-06T09:28:57Z	arith_court.py	0	АРИФМЕТИКА PASS: 0 ложных равенств из 118711 судимых (203 файлов, неразобрано 134876)
2026-09-06T09:29:01Z	algo_court.py	0	АЛГОРИТМЫ PASS: 0 ложных утверждений из 2982 судимых (203 файлов)
2026-09-06T09:31:48Z	formula_court.py	0	ФОРМУЛЫ PASS: 0 ложных записей из 2903 судимых (203 файлов)
2026-09-06T09:31:53Z	logic_court.py	0	ЛОГИКА PASS: 0 ложных утверждений из 734 судимых (203 файлов)
2026-09-06T09:31:54Z	physics_court.py	0	ФИЗИКА PASS: 0 ложных утверждений из 1240 судимых (203 файлов)
2026-09-06T09:31:57Z	cyber_court.py	0	КИБЕРНЕТИКА PASS: 0 ложных утверждений из 1270 судимых (203 файлов)
2026-09-06T09:32:02Z	agreement_court.py	0	СОГЛАСОВАНИЕ PASS: 0 рассогласований при рубеже 0 (4043 верных, 203 файлов, закон 2)
2026-09-06T09:32:04Z	notation_court.py	0	ЗАПИСЬ PASS: 0 ложных записей из 566 судимых (203 файлов)
2026-09-06T09:32:07Z	unit_court.py	0	ЕДИНИЦЫ PASS: 0 ложных переводов из 666 судимых (203 файлов)
2026-09-06T09:32:09Z	number_court.py	0	ЧИСЛА PASS: 0 ложных из 4220 судимых (203 файлов)
2026-09-06T09:32:12Z	inquiry_court.py	0	ДОЗНАНИЕ PASS: 0 ложных из 3915 судимых (203 файлов)
2026-09-06T09:32:13Z	surfaces_court.py	0	ПОВЕРХНОСТИ PASS: 0 ложных из 2200 судимых (203 файлов)
2026-09-06T09:32:14Z	markdown_court.py	0	РАЗМЕТКА-ПОЛНАЯ PASS: 0 ложных из 3848 судимых (203 файлов, обратимость дома цела)
2026-09-06T09:32:14Z	doctree_court.py	0	СТРУКТУРА PASS: 0 ложных из 516 судимых (203 файлов, дерево обратимо)
2026-09-06T09:32:17Z	rates_court.py	0	СТАВКИ PASS: 0 ложных из 758 судимых (203 файлов)
2026-09-06T09:32:20Z	formula_lang_court.py	0	КОНВЕРСИЯ PASS: 0 ложных из 2583 судимых (203 файлов)
2026-09-06T09:32:22Z	percent_court.py	0	ПРОЦЕНТЫ PASS: 0 ложных из 560 судимых (203 файлов)
2026-09-06T09:32:23Z	average_court.py	0	СВОДКА PASS: 0 ложных из 1300 судимых (203 файлов)
2026-09-06T09:32:28Z	equation_court.py	0	УРАВНЕНИЕ PASS: 0 ложных из 3340 судимых (203 файлов)
2026-09-06T09:32:30Z	dataformat_court.py	0	ФОРМАТЫ PASS: 0 ложных из 640 судимых (203 файлов, обратимость дома цела)
2026-09-06T09:32:35Z	everyday_court.py	0	БЫТ PASS: 0 ложных из 4510 судимых (203 файлов)
2026-09-06T09:32:36Z	story_chain_court.py	0	ЦЕПОЧКА PASS: 0 ложных из 890 судимых (203 файлов)
2026-09-06T09:32:37Z	age_court.py	0	ВОЗРАСТ PASS: 0 ложных из 900 судимых (203 файлов)
2026-09-06T09:32:40Z	halves_court.py	0	ПОЛОВИНЫ PASS: 0 ложных из 1030 судимых (203 файлов)
2026-09-06T09:32:43Z	inquiry_de_fr_court.py	0	ДОЗНАНИЕ-DE-FR PASS: 0 ложных из 2108 судимых (203 файлов)
2026-09-06T09:32:44Z	ru_conversion_court.py	0	РУССКИЙ ПЕРЕВОД PASS: 0 ложных из 68 судимых (203 файлов)
2026-09-06T09:32:44Z	selfmeasure_court.py	0	РАССКАЗ О СЕБЕ PASS: 0 ложных из 59 судимых (203 файлов)
2026-09-06T09:32:45Z	ru_compare_court.py	0	РУССКОЕ СРАВНЕНИЕ PASS: 0 ложных из 150 судимых (203 файлов)
2026-09-06T09:32:45Z	ru_story_court.py	0	РУССКАЯ ЗАДАЧА PASS: 0 ложных из 658 судимых (203 файлов)
2026-09-06T09:32:48Z	inquiry_es_it_court.py	0	ДОЗНАНИЕ-ES-IT PASS: 0 ложных из 1480 судимых (203 файлов)
2026-09-06T09:32:52Z	share_court.py	0	ДОЛЯ PASS: 0 ложных из 2376 судимых (203 файлов)
2026-09-06T09:32:55Z	compare_mult_court.py	0	КРАТНОЕ PASS: 0 ложных из 2797 судимых (203 файлов)
2026-09-06T09:32:58Z	sequence_court.py	0	ПОСЛЕДОВАТЕЛЬНОСТИ PASS: 0 ложных из 2616 судимых (203 файлов)
2026-09-06T09:33:02Z	geometry_court.py	0	ГЕОМЕТРИЯ PASS: 0 ложных из 2438 судимых (203 файлов)
2026-09-06T09:33:05Z	linalg_court.py	0	ВЕКТОР PASS: 0 ложных из 3726 судимых (203 файлов)
2026-09-06T09:33:06Z	calendar_court.py	0	КАЛЕНДАРЬ PASS: 0 ложных из 846 судимых (203 файлов)
2026-09-06T09:33:09Z	speech_court.py	0	РЕЧЬ PASS: 0 ложных из 1960 судимых (203 файлов)
2026-09-06T09:33:14Z	rugram_court.py	0	РУССКОЕ СОГЛАСОВАНИЕ PASS: 0 ложных из 17989 судимых (203 файлов)
2026-09-06T09:33:18Z	physlaw_court.py	0	ЗАКОНЫ ФИЗИКИ PASS: 0 ложных из 840 судимых (203 файлов)
2026-09-06T09:33:22Z	compsci_court.py	0	ИНФОРМАТИКА PASS: 0 ложных из 1368 судимых (203 файлов)
2026-09-06T09:33:23Z	case_court.py	0	ПАДЕЖ PASS: 0 ложных из 1006 судимых (203 файлов)
2026-09-06T09:33:25Z	valence_court.py	0	ОЦЕНКА PASS: 0 ложных из 1256 судимых (203 файлов)
2026-09-06T09:33:26Z	shadow_court.py	0	ЗАТЕНЕНИЕ PASS: 0 имён определены дважды (546 файлов, рубеж 0)
2026-09-06T09:34:23Z	syllabus_court.py	0	ПОЛНОТА PASS: 0 предметов свода не покрыты из 62 (рубеж 0, 203 файлов)
2026-09-06T09:34:44Z	richness_court.py	0	БОГАТСТВО[показано] PASS: не показаны 0 форм из 20 и 0 стыков из 6 (рубеж 0, 203 файлов); КУПЛЕНО и ИСПОЛНЕНО мерятся на стороне организма
2026-09-06T09:35:01Z	langpack_court.py	0	ЯЗЫКИ PASS: 29 зелёных из 29, красных 0 (рубеж 6)
2026-09-06T09:35:01Z	langrule_court.py	0	ПРАВИЛО ЯЗЫКА PASS: 0 разладов формы с правилом из 1014 сверенных (19 пакетов с правилом из 29)
2026-09-06T09:40:31Z	claims_court.py	1	РОДЫ FAIL: 345 строк прочтены НЕ ХОЗЯИНОМ рода из 39675 с видимым родом (рубеж 0, 203 файлов, родов объявлено 4)
2026-09-06T09:40:34Z	program_court.py	0	ПРОГРАММЫ PASS: 0 ложных из 1078 судимых (203 файлов)
2026-09-06T09:40:37Z	statistics_court.py	0	СТАТИСТИКА PASS: 0 ложных из 1180 судимых (203 файлов)
2026-09-06T09:40:40Z	proof_court.py	0	ДОКАЗАТЕЛЬСТВО PASS: 0 ложных из 663 судимых (203 файлов)
2026-09-06T09:40:42Z	machine_court.py	0	МАШИНА PASS: 0 ложных из 1846 судимых (203 файлов)
2026-09-06T09:40:51Z	episode_court.py	0	ЭПИЗОД PASS: 0 ложных из 10323 судимых (203 файлов), вне владения 12 слов: ['day', 'dollar', 'foot', 'hour', 'kilometer']
2026-09-06T09:40:55Z	copula_court.py	0	СВЯЗКИ PASS: 0 ложных из 500 судимых (203 файлов), НЕЗНАКОМЫХ ПАР 36313: ["cause: philosophy is literally, the love of, including the search after, wisdom; in actual usage, the knowledge of phenomena as explained by, and resolved into, / and reasons, powers and laws: webster's unabridged dictionary, 1913", 'cause: электричество — это то, содержащееся в теле, что сообщает этому телу особые свойства, / в нем способность действовать механически на некоторые другие тела, притягивать или при известных условиях отталкивать их, а также вызывает в самом этом теле способность испытывать подобные же механические действия других тел: эсбе, статья «электричество»', 'contain: does the node body contain the node liquid? in the tree of kinds the node body / the node liquid']
2026-09-06T09:40:58Z	markup_court.py	0	РАЗМЕТКА PASS: 0 ложных из 3830 судимых (203 файлов)
2026-09-06T09:41:19Z	langlayer_court.py	0	ПЛАСТ PASS: 0 необъявленных слов (88722 строк, 29 пластов)
2026-09-06T09:41:20Z	langform_court.py	0	ФОРМА ПЛАСТА PASS: 0 ложных из 70003 судимых (88722 строк пласта, 29 пластов, дословных 940, рамок без опознавателя 3, рубеж 0)
2026-09-06T09:41:20Z	gsm_census.py	0	GSM-CENSUS PASS: 0 расхождений (72 выведено, 69 в слое, 3 удержано)
2026-09-06T09:42:38Z	reproducible.py	0	ВОСПРОИЗВОДИМОСТЬ PASS: 0 расхождений из 173 сличённых (без объявленной цели 0, рубеж 0)
2026-09-06T09:42:39Z	bash32_court.py	0	BASH32-COURT PASS: ни одного имени, съедаемого bash 3.2; скриптов проверено: 5
2026-09-06T09:42:40Z	manifest_court.py	0	МАНИФЕСТ PASS: 0 разладов объявления с делом (416 миров, сборок 6, обязательств дела 228)
2026-09-06T10:10:47Z	prose_court.py	1	ПРОЗА FAIL: 0 разладов объявления (рубеж 0) и 1389 возражений судов (рубеж 12, чтение вне подсудности) — 207 миров, 1171830 строк, прочтено 16999 (1%), судов живых 160
2026-09-06T10:10:52Z	mutants.py	0	МУТАНТЫ PASS: 9 полей из 9 поймали свою подсадку, чужих задето 0
2026-09-06T10:10:53Z	lexicon_reach.py	0	ОХВАТ PASS: 366 из 366 объявленных слов прожиты >=2 раз (100% при рубеже 100%)
2026-09-06T10:10:56Z	inquiry_pt_nl_court.py	0	ДОЗНАНИЕ-PT-NL PASS: 0 ложных из 2108 судимых (203 файлов)
2026-09-06T10:10:58Z	inquiry_pl_tr_court.py	0	ДОЗНАНИЕ-PL-TR PASS: 0 ложных из 1537 судимых (203 файлов)
2026-09-06T10:11:02Z	metalang_court.py	0	МЕТАЯЗЫК PASS: 0 ложных из 1849 судимых (203 файлов)
2026-09-06T10:11:02Z	glyph_court.py	0	ГЛИФЫ PASS: 0 ложных, 1101 истинных, 0 несудимых
2026-09-06T10:11:02Z	space_court.py	0	ПРОСТРАНСТВО PASS: 0 ложных, 2301 истинных, 0 несудимых
2026-09-06T10:11:03Z	stenogram_court.py	0	СТЕНОГРАММЫ PASS: 0 ложных, 550 истинных, 0 несудимых
2026-09-06T10:11:03Z	mathspaces_court.py	0	ПРОСТРАНСТВА PASS: 0 ложных, 814 истинных, 0 несудимых
2026-09-06T10:11:03Z	gsmforms_court.py	0	ШКОЛЬНЫЕ ФОРМЫ PASS: 0 ложных, 2511 истинных, 0 несудимых
2026-09-06T10:11:11Z	definitions_court.py	0	ОПРЕДЕЛЕНИЯ PASS: 0 ложных, 2141 истинных, 0 несудимых
2026-09-06T10:11:11Z	pronoun_court.py	0	МЕСТОИМЕНИЯ PASS: 0 ложных из 480 судимых, несудимых 0
2026-09-06T10:11:11Z	money_court.py	0	ДЕНЬГИ PASS: 0 ложных из 450 судимых, несудимых 0
2026-09-06T10:11:12Z	holes_court.py	0	ДЫРЫ PASS: 0 ложных из 6100 судимых, несудимых 0
2026-09-06T10:11:12Z	money_langs_court.py	0	ДЕНЬГИ НА ЯЗЫКАХ PASS: 0 ложных из 1188 судимых, несудимых 0
2026-09-06T10:11:12Z	geometry_langs_court.py	0	ГЕОМЕТРИЯ НА ЯЗЫКАХ PASS: 0 ложных из 960 судимых, несудимых 0
2026-09-06T10:11:13Z	units_langs_court.py	0	ЕДИНИЦЫ НА ЯЗЫКАХ PASS: 0 ложных из 640 судимых, несудимых 0
2026-09-06T10:11:13Z	stats_langs_court.py	0	СВОДКА НА ЯЗЫКАХ PASS: 0 ложных из 480 судимых, несудимых 0
2026-09-06T10:11:13Z	calendar_langs_court.py	0	НЕДЕЛЯ НА ЯЗЫКАХ PASS: 0 ложных из 1120 судимых, несудимых 0
2026-09-06T10:11:13Z	sequences_langs_court.py	0	ПРОГРЕССИИ НА ЯЗЫКАХ PASS: 0 ложных из 320 судимых, несудимых 0
2026-09-06T10:11:13Z	compare_langs_court.py	0	СРАВНЕНИЕ НА ЯЗЫКАХ PASS: 0 ложных из 480 судимых, несудимых 0
2026-09-06T10:11:13Z	share_langs_court.py	0	ДОЛИ НА ЯЗЫКАХ PASS: 0 ложных из 560 судимых, несудимых 0
2026-09-06T10:11:14Z	physics_langs_court.py	0	ФИЗИКА НА ЯЗЫКАХ PASS: 0 ложных из 480 судимых, несудимых 0
2026-09-06T10:11:17Z	relation_court.py	0	СТРОЕНИЕ PASS: 0 ложных из 2084 судимых (203 файлов, структуры обходимы)
2026-09-06T10:15:53Z	court_mutants.py	1	МУТАНТЫ СУДОВ FAIL: 142 поймали, 1 онемели, 0 не поймали (рубеж 1), 1 со свободным числом, 15 без числовой истинной строки, 1 без истинной строки вовсе (судов 160)
2026-09-06T10:15:56Z	panel_court.py	0	СОСТАВ PASS: 0 расхождений (рубеж 0) — палата: судов живых 160, незаявленных 0, призраков 0; набор: приборов 89, вне набора 0, призраков 0
2026-09-06T10:15:59Z	concept_reach.py	0	ОХВАТ ПОНЯТИЯ PASS: 3812 из 22032 предметов показаны (17%); не показано из НАШИХ сводов 4979 (рубеж 6556), из полки 13241 — 207 корпусов прозы, отсеяно рубрик 670, слов в показах 16730
2026-09-06T10:17:13Z	ask_reach.py	0	ВОПРОСНАЯ ПОВЕРХНОСТЬ ОТЧЁТ: 201 из 203 миров спрашивают, только сообщают 2; вопросных строк 190823 из 364367 (52%); миров с непроверяемым вопросом 1
2026-09-06T10:17:15Z	band_reach.py	0	МИР × ПОЛОСА ОТЧЁТ: строк реестра 46, исполнимых опознаний 29, расхождений записи 3, родов без мира 14; миров показов 203, из них без полосы 192; полос в реестре 5
2026-09-06T10:17:16Z	biblio_reach.py	0	БИБЛИОТЕКА PASS: названо 1684 источников (12 трудов по заглавию, 1672 по автору с годом), НЕТ НА ПОЛКЕ 1549 — из них свободно по праву 320, защищено 1223; корпусов прозы 7
2026-09-06T10:17:19Z	ruverbs_court.py	0	РУССКИЕ ГЛАГОЛЫ PASS: 0 ложных из 881 судимых (416 файлов, рубеж 0)
2026-09-06T10:17:27Z	script_court.py	0	ПИСЬМО PASS: 0 смешанных слов в 364367 строках показов (203 файлов, рубеж 0)
2026-09-06T10:18:30Z	word_mutants.py	0	ПОДСАДКА СЛОВОМ ОТЧЁТ: проб 4568 — ПОЙМАН 3961 (86%), ОНЕМЕЛ 385 (8%), НЕ ПОЙМАН 222 (4%); строк без слова 13741; миров с дырой 64
2026-09-06T10:23:22Z	shelf_court.py	1	ПОЛКА FAIL: 4 разладов объявления с делом (рубеж 0), никем не читаемых 171 миров, недоговорено 15 — оба числа считаны, но не судимы — 200 миров полки, судов живых 160
2026-09-06T10:28:19Z	ask_width.py	1	ШИРОТА ВОПРОСА FAIL: 8070 из 9184 родов суда имеют вопросную поверхность (87%); БЕЗ ВОПРОСА 1114 (рубеж 1105) — от судов 1114, от манифеста 0; роды объявлены судами (83 из 163, образцов 9929, вопросных слов от пакетов 33); от манифеста 0 актов в 0 мирах — с вопросом 0, без 0, не разрешено 0; строк без рода 93690 из 364367
2026-09-06T10:28:22Z	notationvar_court.py	0	НАЧЕРТАНИЕ PASS: 0 ложных из 24031 судимых (416 файлов, рубеж 0)
2026-09-06T10:30:12Z	prosetree_court.py	0	ДЕРЕВО ПРОЗЫ PASS: 51 ложных из 11352 судимых (207 файлов)
2026-09-06T10:30:13Z	longdiv_court.py	0	УГОЛ PASS: 0 ложных из 1322 судимых (203 файлов)
2026-09-06T10:32:19Z	form_census.py	0	ПЕРЕПИСЬ ФОРМ ОТЧЁТ: строк 364367, рамок 96808 (масса ≥ 9: 10029), родов 52538 (масса ≥ 9: 11024); минимальный корпус при массе 9: 260294 строк по рамкам (71 %), 191891 по родам (52 %); насыщение: последняя доля даёт 143 новых рамок и 0 новых РОДОВ на тысячу строк
2026-09-06T10:32:20Z	verbthings_court.py	0	ГЛАГОЛ–ВЕЩЬ PASS: 0 чужих пар глагол–вещь в 364367 строках показов (203 файлов, рубеж 0)
2026-09-06T10:47:25Z	coverage.py	0	СУДИМОСТЬ PASS: 364367 из 364367 строк судимы (100% при рубеже 100%, судов живых 160), слепых 0, зачтено словарём пакета 0 (0% свода, долг 0)
2026-09-06T10:47:26Z	behavior_court.py	0	ПОВЕДЕНЧЕСКИЕ ЗАКОНЫ PASS: 0 ложных из 1608 судимых, несудимых 0
2026-09-06T10:47:26Z	topics_court.py	0	БЫТОВЫЕ ТЕМЫ PASS: 0 ложных из 1104 судимых, несудимых 0
2026-09-06T10:47:26Z	nature_court.py	0	ПРИРОДА PASS: 0 ложных из 868 судимых, несудимых 0
2026-09-06T10:47:26Z	links_court.py	0	СВЯЗКИ РАЗГОВОРА PASS: 0 ложных из 17566 судимых, несудимых 0
2026-09-06T10:47:26Z	scale_court.py	0	ШКАЛА PASS: 0 ложных из 747 судимых, несудимых 0
2026-09-06T10:47:27Z	opposites_court.py	0	ПРОТИВОПОЛОЖНОСТИ PASS: 0 ложных из 648 судимых, несудимых 0
2026-09-06T10:47:27Z	roles_court.py	0	РОЛЕВЫЕ ВОПРОСЫ PASS: 0 ложных из 135 судимых, несудимых 0
2026-09-06T10:47:27Z	joints_court.py	0	СОЧЛЕНЕНИЯ PASS: 0 ложных из 2700 судимых, несудимых 0
2026-09-06T10:47:27Z	dialogue_court.py	0	РЕЧЕВОЙ ОБИХОД PASS: 0 ложных из 2052 судимых, несудимых 0
2026-09-06T10:47:28Z	worldfacts_court.py	0	ФАКТЫ МИРА PASS: 0 ложных из 2779 судимых, несудимых 0, двойников чужих миров 0
2026-09-06T10:47:28Z	infer_court.py	0	СТРОГИЙ ВЫВОД PASS: 0 ложных из 1080 судимых, несудимых 0; подсадок поймано 5 из 5
2026-09-06T10:47:29Z	circle_probe.py	0	КРУГ PASS: 0 кругов из 3774 причинных ответов (190324 вопросных строк всего); отказов 1724, из них БЕЗ ОСНОВАНИЯ 0; отрицаний 14026, из них БЕЗ ОСНОВАНИЯ 0; подсадок поймано 2 из 2, ложных тревог 0
2026-09-06T10:47:29Z	agree_probe.py	0	СОГЛАСИЕ ДОМОВ PASS: 0 споров из 12 предметов, о которых говорит больше одного дома (всего предметов 708, домов сличено 3); подсадка сходится; разный уровень ОДНОЙ лестницы (согласие) 6
2026-09-06T10:47:29Z	shelf_declare.py	0	ПОЛКА БЕЗ ОБЪЯВЛЕНИЯ PASS: 0 книг лежали на диске без записи (в договоре 21, в манифесте 416 миров)
2026-09-06T10:49:30Z	house_reach.py	0	  истина fracforms признаёт numberline: 10
2026-09-06T10:49:31Z	head_census.py	0	ПЕРЕПИСЬ ГОЛОВ: голов 2450 на 188845 вопросных строк (по 2 слова); ОДИНОЧЕК 366 (14 %), они несут 366 строк — столько же, сколько голов
2026-09-06T10:49:32Z	form_matrix.py	0	ЩЕРБАТОСТЬ ДОМОВ: 1 щербатых форм из 157 (0 %), домов 23
2026-09-06T10:49:32Z	disj_court.py	0	ИСКЛЮЧЕНИЕ PASS: 0 ложных из 216 судимых, несудимых 0; подсадок поймано 3 из 3
2026-09-06T10:49:32Z	indu_court.py	0	ПОСПЕШНОСТЬ PASS: 0 ложных из 102 судимых, несудимых 0; подсадок поймано 13 из 13
2026-09-06T10:49:32Z	analog_court.py	0	ПОДОБИЕ PASS: 0 ложных из 144 судимых, несудимых 0; подсадок поймано 3 из 3
2026-09-06T10:49:32Z	reply_court.py	0	ОТКЛИК PASS: 0 ложных из 54 судимых, несудимых 0; подсадок поймано 3 из 3
2026-09-06T10:50:35Z	register_pairs.py	0	ПАРА РЕГИСТРА PASS: пар 5298, одной дырой 4749 (89 %), дыр больше 549, ПОРОКОВ 0 (рубеж 0), без пары 0
2026-09-06T10:50:40Z	register_purity.py	0	ЧИСТОТА РЕГИСТРА: неформальных показов 21678, говорящих вежливо 0 (0 %), из них имеющих и вежливую пару 0; мест 0
2026-09-06T10:50:45Z	prefix_traps.py	0	ЛОВУШКА НАЧАЛА PASS: домов с судом по началу строки 0 (рубеж 0), проб 2280, пойманных удвоений 0
2026-09-06T10:50:49Z	sign_traps.py	0	ЛОВУШКА ЗНАКА PASS: домов, немеющих на подмене СВОЕГО знака, 0 (рубеж 0); проб 1231, поймано 1231, немых проб 0; палата ловит их все (замер 144 из 144)
2026-09-06T10:50:49Z	threshold_census.py	0	ПЕРЕПИСЬ ПОРОГОВ: именованных 29 (объявлено 21, храповиков 8, ВКУС 0); встроенных сравнений от трёх 107 (печать 157, без основания рядом 91 — ВЕРХНЯЯ ОЦЕНКА: строй и порог здесь не разделены); папки scripts courts
2026-09-06T10:50:49Z	denominator_census.py	0	ЧИСЛО БЕЗ ЗНАМЕНАТЕЛЯ PASS: приборов в леджере 171, строк без объёма 2, из них НУЛЕЙ без объёма 0 (рубеж 0)
2026-09-06T10:50:49Z	repeat_census.py	0	ПЕРЕПИСЬ ПОВТОРОВ: миров 203, строк 364367, уникальных 261342, копий 103025 (28 %), из них сверх LAW=2: 68089 (18 %); миров с копиями > 10 %: 87
2026-09-06T10:50:53Z	definitions_reach.py	0	СЛЕД РАЗБОРА ОПРЕДЕЛЕНИЙ: понятий 829, без определения 222, из них полка не знает 68, разбор остановился на названных воротах 154, причина не названа 0 (рубеж 0)
2026-09-06T10:50:53Z	copies_census.py	0	ПЕРЕПИСЬ КОПИЙ PASS: миров через слой 171, сверх LAW=2 0 (рубеж 0); строк 272910, различных 246790, копий 26120, многострочных 5; вне слоя миров 2 (копий 106670) — не судятся; сайдкар datasets/COPIES.tsv
2026-09-06T10:50:54Z	sweep_self.py	1	    pl · session-recall · X ma · 8
2026-09-06T11:13:45Z	court_reach.py	0	ДОСЯГАЕМОСТЬ СУДА PASS (вся палата; судов 160): миров 203, строк 364367, ЛЖЕЙ 0 (рубеж 0), слепых 0 (рубеж 0)
2026-09-06T11:13:52Z	holdout_key.py	0	КЛЮЧ СЛЕДУЮЩЕЙ ТОЧКИ PASS: вопросов 3620 (рубеж 1500), прожитых 0 (рубеж 0); по языкам de 396 en 408 es 402 fr 402 it 402 nl 402 pl 402 pt 402 ru 404; по глубине [0] 1154 [1] 1968 [2+] 498; домов 31; ключ datasets/HOLDOUT-KEY-NEXT.tsv
2026-09-06T11:13:53Z	holdforms_court.py	0	ДЕРЖАНИЯ БЕЗ ГЛАГОЛА PASS: 0 ложных из 5703 судимых, несудимых 0; подсадок поймано 12 из 12
2026-09-06T11:13:55Z	cmpframes_court.py	0	РАМКИ СРАВНЕНИЯ PASS: 0 ложных из 6480 судимых, несудимых 0; подсадок поймано 11 из 11
2026-09-06T11:13:57Z	sceneforms_court.py	0	СЦЕНА PASS: 0 ложных из 3818 судимых, несудимых 0; подсадок поймано 8 из 8
2026-09-06T11:13:59Z	toolforms_court.py	0	ИНСТРУМЕНТ PASS: 0 ложных из 2907 судимых, несудимых 0; подсадок поймано 8 из 8
2026-09-06T11:14:01Z	verifyforms_court.py	0	ВЕРИФИКАЦИЯ PASS: 0 ложных из 3285 судимых, несудимых 0; подсадок поймано 7 из 7
2026-09-06T11:14:03Z	planforms_court.py	0	ПЛАН PASS: 0 ложных из 2520 судимых, несудимых 0; подсадок поймано 9 из 9
2026-09-06T11:14:05Z	episodeforms_court.py	0	ЭПИЗОД PASS: 0 ложных из 5229 судимых, несудимых 0; подсадок поймано 8 из 8
2026-09-06T11:14:09Z	summaryforms_court.py	0	СВОДКА PASS: 0 ложных из 6102 судимых, несудимых 0; подсадок поймано 8 из 8
2026-09-06T11:14:11Z	opforms_court.py	0	ОПЕРАЦИЯ PASS: 0 ложных из 3780 судимых, несудимых 0; подсадок поймано 8 из 8
2026-09-06T11:14:12Z	readnum_court.py	0	ЧИСЛО PASS: 0 ложных из 3240 судимых, несудимых 0; подсадок поймано 8 из 8
2026-09-06T11:14:14Z	mandateforms_court.py	0	МАНДАТ PASS: 0 ложных из 2268 судимых, несудимых 0; подсадок поймано 8 из 8
2026-09-06T11:14:16Z	personforms_court.py	0	ЛИЧНОСТЬ PASS: 0 ложных из 3240 судимых, несудимых 0; подсадок поймано 8 из 8
2026-09-06T11:14:19Z	selfmodelforms_court.py	0	САМОМОДЕЛЬ PASS: 0 ложных из 2097 судимых, несудимых 0; подсадок поймано 8 из 8
2026-09-06T11:14:21Z	signedworld_court.py	0	ЗНАК PASS: 0 ложных из 1296 судимых, несудимых 0; подсадок поймано 8 из 8
2026-09-06T11:14:21Z	beforetails_court.py	0	ХВОСТ PASS: 0 ложных из 3600 судимых, несудимых 0; подсадок поймано 8 из 8
2026-09-06T11:14:22Z	discountroad_court.py	0	СКИДКА PASS: 0 ложных из 2808 судимых, несудимых 0; подсадок поймано 8 из 8
2026-09-06T11:14:27Z	nomention_court.py	0	НЕНАЗВАННОЕ PASS: 0 ложных из 2160 судимых, несудимых 0; подсадок поймано 8 из 8
2026-09-06T11:14:28Z	clockforms_court.py	0	ЧАСЫ PASS: 0 ложных из 1053 судимых, несудимых 0; подсадок поймано 8 из 8
2026-09-06T11:14:30Z	mixedunits_court.py	0	МЕРА PASS: 0 ложных из 864 судимых, несудимых 0; подсадок поймано 8 из 8
2026-09-06T11:14:32Z	dateforms_court.py	0	ДАТА PASS: 0 ложных из 480 судимых, несудимых 0; подсадок поймано 8 из 8
2026-09-06T11:14:33Z	clockwords_court.py	0	ЧАСЫ СЛОВОМ PASS: 0 ложных из 378 судимых, несудимых 0; подсадок поймано 8 из 8
2026-09-06T11:14:35Z	speedforms_court.py	0	СКОРОСТЬ PASS: 0 ложных из 432 судимых, несудимых 0; подсадок поймано 8 из 8
2026-09-06T11:14:36Z	roundforms_court.py	0	ОКРУГЛЕНИЕ PASS: 0 ложных из 432 судимых, несудимых 0; подсадок поймано 8 из 8
2026-09-06T11:14:37Z	orderforms_court.py	0	ПОРЯДОК PASS: 0 ложных из 792 судимых, несудимых 0; подсадок поймано 8 из 8
2026-09-06T11:14:38Z	quantforms_court.py	0	КВАНТОР PASS: 0 ложных из 648 судимых, несудимых 0; подсадок поймано 8 из 8
2026-09-06T11:14:38Z	roman_court.py	0	РИМСКОЕ PASS: 0 ложных из 387 судимых, несудимых 0; подсадок поймано 8 из 8
2026-09-06T11:14:39Z	place_court.py	0	МЕСТО PASS: 0 ложных из 1296 судимых, несудимых 0; подсадок поймано 8 из 8
2026-09-06T11:14:41Z	unitfrac_court.py	0	ДРОБЬ ЕДИНИЦЫ PASS: 0 ложных из 198 судимых, несудимых 0; подсадок поймано 8 из 8
2026-09-06T11:14:41Z	enough_court.py	0	ХВАТИТ PASS: 0 ложных из 324 судимых, несудимых 0; подсадок поймано 8 из 8
2026-09-06T11:14:43Z	numphrase_court.py	0	ФРАЗА ЧИСЛА PASS: 0 ложных из 225 судимых, несудимых 0; подсадок поймано 9 из 9, свободного числа нет (1 язык двигает глагол из 9)
2026-09-06T11:14:44Z	kinbearer_court.py	0	РОДСТВЕННИК PASS: 0 ложных из 486 судимых, несудимых 0; подсадок поймано 9 из 9, носитель не свободен (9 языков × 4 чужих слова)
2026-09-06T11:14:44Z	pronobject_court.py	0	МЕСТОИМЕНИЕ-ОБЪЕКТ PASS: 0 ложных из 864 судимых, несудимых 0; подсадок поймано 9 из 9, род местоимения различают 6 языка из 9
2026-09-06T11:14:45Z	proform_court.py	0	ПРО-ФОРМА PASS: 0 ложных из 288 судимых, несудимых 0; подсадок поймано 9 из 9, род при опущенном имени метят 4 языка из 9
2026-09-06T11:14:47Z	degrees_court.py	0	СТЕПЕНИ PASS: 0 ложных из 270 судимых, несудимых 0; подсадок поймано 8 из 8
2026-09-06T11:14:49Z	actturn_court.py	0	АКТ PASS: 0 ложных из 414 судимых, несудимых 0; подсадок поймано 8 из 8
2026-09-06T11:14:51Z	tempscale_court.py	0	ШКАЛА PASS: 0 ложных из 198 судимых, несудимых 0; подсадок поймано 8 из 8
2026-09-06T11:14:52Z	action_measure_court.py	0	МЕРА ДЕЙСТВИЯ PASS: 0 ложных из 234 судимых, несудимых 0; подсадок поймано 6 из 6
2026-09-06T11:14:52Z	numberline_court.py	0	ЧИСЛОВОЙ РЯД PASS: 0 ложных из 5256 судимых, несудимых 0; подсадок поймано 6 из 6
2026-09-06T11:14:53Z	countfacts_court.py	0	СЧЁТНЫЕ ФАКТЫ PASS: 0 ложных из 243 судимых, несудимых 0; подсадок поймано 6 из 6
2026-09-06T11:14:53Z	letters_court.py	0	БУКВЫ PASS: 0 ложных из 360 судимых, несудимых 0; подсадок поймано 5 из 5
2026-09-06T11:14:53Z	propcompare_court.py	0	СРАВНЕНИЕ СВОЙСТВ PASS: 0 ложных из 200 судимых, несудимых 0; подсадок поймано 4 из 4
2026-09-06T11:14:54Z	price_court.py	0	ЦЕНА PASS: 0 ложных из 378 судимых, несудимых 0; подсадок поймано 4 из 4
2026-09-06T11:14:55Z	translate_court.py	0	ПЕРЕВОД PASS: 0 ложных из 792 судимых, несудимых 0; подсадок поймано 4 из 4
2026-09-06T11:14:55Z	timeunits_court.py	0	ЕДИНИЦЫ ВРЕМЕНИ PASS: 0 ложных из 420 судимых, несудимых 0; подсадок поймано 3 из 3
2026-09-06T11:14:58Z	svamp_court.py	0	ФОРМЫ SVAMP PASS: 0 ложных из 5362 судимых, несудимых 0; подсадок поймано 10 из 10
2026-09-06T11:14:58Z	measure_langs_court.py	0	МЕРА ДЕЙСТВИЯ НА ЯЗЫКАХ PASS: 0 ложных из 462 судимых, несудимых 0; подсадок поймано 4 из 4
2026-09-06T12:46:25Z	arith_court.py	0	АРИФМЕТИКА PASS: 0 ложных равенств из 133418 судимых (203 файлов, неразобрано 120169)
2026-09-06T12:46:27Z	algo_court.py	0	АЛГОРИТМЫ PASS: 0 ложных утверждений из 2982 судимых (203 файлов)
2026-09-06T12:48:06Z	formula_court.py	0	ФОРМУЛЫ PASS: 0 ложных записей из 2903 судимых (203 файлов)
2026-09-06T12:46:29Z	logic_court.py	0	ЛОГИКА PASS: 0 ложных утверждений из 734 судимых (203 файлов)
2026-09-06T12:48:07Z	physics_court.py	0	ФИЗИКА PASS: 0 ложных утверждений из 1240 судимых (203 файлов)
2026-09-06T12:48:09Z	cyber_court.py	0	КИБЕРНЕТИКА PASS: 0 ложных утверждений из 1270 судимых (203 файлов)
2026-09-06T12:48:10Z	agreement_court.py	0	СОГЛАСОВАНИЕ PASS: 0 рассогласований при рубеже 0 (4043 верных, 203 файлов, закон 2)
2026-09-06T12:48:11Z	notation_court.py	0	ЗАПИСЬ PASS: 0 ложных записей из 566 судимых (203 файлов)
2026-09-06T12:48:11Z	unit_court.py	0	ЕДИНИЦЫ PASS: 0 ложных переводов из 666 судимых (203 файлов)
2026-09-06T12:48:11Z	number_court.py	0	ЧИСЛА PASS: 0 ложных из 4220 судимых (203 файлов)
2026-09-06T12:48:14Z	inquiry_court.py	0	ДОЗНАНИЕ PASS: 0 ложных из 3915 судимых (203 файлов)
2026-09-06T12:48:12Z	surfaces_court.py	0	ПОВЕРХНОСТИ PASS: 0 ложных из 2200 судимых (203 файлов)
2026-09-06T12:48:12Z	markdown_court.py	0	РАЗМЕТКА-ПОЛНАЯ PASS: 0 ложных из 3848 судимых (203 файлов, обратимость дома цела)
2026-09-06T12:48:15Z	doctree_court.py	0	СТРУКТУРА PASS: 0 ложных из 516 судимых (203 файлов, дерево обратимо)
2026-09-06T12:48:16Z	rates_court.py	0	СТАВКИ PASS: 0 ложных из 758 судимых (203 файлов)
2026-09-06T12:48:16Z	formula_lang_court.py	0	КОНВЕРСИЯ PASS: 0 ложных из 2583 судимых (203 файлов)
2026-09-06T12:48:18Z	percent_court.py	0	ПРОЦЕНТЫ PASS: 0 ложных из 560 судимых (203 файлов)
2026-09-06T12:48:17Z	average_court.py	0	СВОДКА PASS: 0 ложных из 1300 судимых (203 файлов)
2026-09-06T12:48:20Z	equation_court.py	0	УРАВНЕНИЕ PASS: 0 ложных из 3340 судимых (203 файлов)
2026-09-06T12:48:21Z	dataformat_court.py	0	ФОРМАТЫ PASS: 0 ложных из 640 судимых (203 файлов, обратимость дома цела)
2026-09-06T12:48:24Z	everyday_court.py	0	БЫТ PASS: 0 ложных из 4510 судимых (203 файлов)
2026-09-06T12:48:21Z	story_chain_court.py	0	ЦЕПОЧКА PASS: 0 ложных из 890 судимых (203 файлов)
2026-09-06T12:48:25Z	age_court.py	0	ВОЗРАСТ PASS: 0 ложных из 900 судимых (203 файлов)
2026-09-06T12:48:26Z	halves_court.py	0	ПОЛОВИНЫ PASS: 0 ложных из 1030 судимых (203 файлов)
2026-09-06T12:48:26Z	inquiry_de_fr_court.py	0	ДОЗНАНИЕ-DE-FR PASS: 0 ложных из 2108 судимых (203 файлов)
2026-09-06T12:48:27Z	ru_conversion_court.py	0	РУССКИЙ ПЕРЕВОД PASS: 0 ложных из 68 судимых (203 файлов)
2026-09-06T12:48:27Z	selfmeasure_court.py	0	РАССКАЗ О СЕБЕ PASS: 0 ложных из 59 судимых (203 файлов)
2026-09-06T12:48:27Z	ru_compare_court.py	0	РУССКОЕ СРАВНЕНИЕ PASS: 0 ложных из 150 судимых (203 файлов)
2026-09-06T12:48:27Z	ru_story_court.py	0	РУССКАЯ ЗАДАЧА PASS: 0 ложных из 658 судимых (203 файлов)
2026-09-06T12:48:29Z	inquiry_es_it_court.py	0	ДОЗНАНИЕ-ES-IT PASS: 0 ложных из 1480 судимых (203 файлов)
2026-09-06T12:48:29Z	share_court.py	0	ДОЛЯ PASS: 0 ложных из 2376 судимых (203 файлов)
2026-09-06T12:48:31Z	compare_mult_court.py	0	КРАТНОЕ PASS: 0 ложных из 2797 судимых (203 файлов)
2026-09-06T12:48:32Z	sequence_court.py	0	ПОСЛЕДОВАТЕЛЬНОСТИ PASS: 0 ложных из 2616 судимых (203 файлов)
2026-09-06T12:48:32Z	geometry_court.py	0	ГЕОМЕТРИЯ PASS: 0 ложных из 2438 судимых (203 файлов)
2026-09-06T12:48:34Z	linalg_court.py	0	ВЕКТОР PASS: 0 ложных из 3726 судимых (203 файлов)
2026-09-06T12:48:33Z	calendar_court.py	0	КАЛЕНДАРЬ PASS: 0 ложных из 846 судимых (203 файлов)
2026-09-06T12:48:34Z	speech_court.py	0	РЕЧЬ PASS: 0 ложных из 1960 судимых (203 файлов)
2026-09-06T12:48:38Z	rugram_court.py	0	РУССКОЕ СОГЛАСОВАНИЕ PASS: 0 ложных из 17989 судимых (203 файлов)
2026-09-06T12:48:37Z	physlaw_court.py	0	ЗАКОНЫ ФИЗИКИ PASS: 0 ложных из 840 судимых (203 файлов)
2026-09-06T12:48:37Z	compsci_court.py	0	ИНФОРМАТИКА PASS: 0 ложных из 1368 судимых (203 файлов)
2026-09-06T12:48:39Z	case_court.py	0	ПАДЕЖ PASS: 0 ложных из 1006 судимых (203 файлов)
2026-09-06T12:48:40Z	valence_court.py	0	ОЦЕНКА PASS: 0 ложных из 1256 судимых (203 файлов)
2026-09-06T12:48:39Z	shadow_court.py	1	ЗАТЕНЕНИЕ FAIL: 44 имён определены дважды (547 файлов, рубеж 0)
2026-09-06T12:49:23Z	syllabus_court.py	0	ПОЛНОТА PASS: 0 предметов свода не покрыты из 62 (рубеж 0, 203 файлов)
2026-09-06T12:48:57Z	richness_court.py	0	БОГАТСТВО[показано] PASS: не показаны 0 форм из 20 и 0 стыков из 6 (рубеж 0, 203 файлов); КУПЛЕНО и ИСПОЛНЕНО мерятся на стороне организма
2026-09-06T12:48:51Z	langpack_court.py	0	ЯЗЫКИ PASS: 29 зелёных из 29, красных 0 (рубеж 6)
2026-09-06T12:49:23Z	langrule_court.py	0	ПРАВИЛО ЯЗЫКА PASS: 0 разладов формы с правилом из 1014 сверенных (19 пакетов с правилом из 29)
2026-09-06T12:53:39Z	claims_court.py	0	РОДЫ PASS: 0 строк прочтены НЕ ХОЗЯИНОМ рода из 39669 с видимым родом (рубеж 0, 203 файлов, родов объявлено 4)
2026-09-06T12:49:26Z	program_court.py	0	ПРОГРАММЫ PASS: 0 ложных из 1078 судимых (203 файлов)
2026-09-06T12:53:42Z	statistics_court.py	0	СТАТИСТИКА PASS: 0 ложных из 1180 судимых (203 файлов)
2026-09-06T12:53:42Z	proof_court.py	0	ДОКАЗАТЕЛЬСТВО PASS: 0 ложных из 663 судимых (203 файлов)
2026-09-06T12:53:41Z	machine_court.py	0	МАШИНА PASS: 0 ложных из 1846 судимых (203 файлов)
2026-09-06T12:53:50Z	episode_court.py	0	ЭПИЗОД PASS: 0 ложных из 10323 судимых (203 файлов), вне владения 12 слов: ['day', 'dollar', 'foot', 'hour', 'kilometer']
2026-09-06T12:53:45Z	copula_court.py	0	СВЯЗКИ PASS: 0 ложных из 500 судимых (203 файлов), НЕЗНАКОМЫХ ПАР 36313: ["cause: philosophy is literally, the love of, including the search after, wisdom; in actual usage, the knowledge of phenomena as explained by, and resolved into, / and reasons, powers and laws: webster's unabridged dictionary, 1913", 'cause: электричество — это то, содержащееся в теле, что сообщает этому телу особые свойства, / в нем способность действовать механически на некоторые другие тела, притягивать или при известных условиях отталкивать их, а также вызывает в самом этом теле способность испытывать подобные же механические действия других тел: эсбе, статья «электричество»', 'contain: does the node body contain the node liquid? in the tree of kinds the node body / the node liquid']
2026-09-06T12:53:45Z	markup_court.py	0	РАЗМЕТКА PASS: 0 ложных из 3830 судимых (203 файлов)
2026-09-06T12:54:04Z	langlayer_court.py	0	ПЛАСТ PASS: 0 необъявленных слов (88722 строк, 29 пластов)
2026-09-06T12:53:51Z	langform_court.py	0	ФОРМА ПЛАСТА PASS: 0 ложных из 70003 судимых (88722 строк пласта, 29 пластов, дословных 940, рамок без опознавателя 3, рубеж 0)
2026-09-06T12:53:51Z	gsm_census.py	0	GSM-CENSUS PASS: 0 расхождений (72 выведено, 69 в слое, 3 удержано)
2026-09-06T12:55:12Z	reproducible.py	0	ВОСПРОИЗВОДИМОСТЬ PASS: 0 расхождений из 173 сличённых (без объявленной цели 0, рубеж 0)
2026-09-06T12:55:13Z	bash32_court.py	0	BASH32-COURT PASS: ни одного имени, съедаемого bash 3.2; скриптов проверено: 5
2026-09-06T12:55:13Z	manifest_court.py	0	МАНИФЕСТ PASS: 0 разладов объявления с делом (416 миров, сборок 6, обязательств дела 228)
2026-09-06T12:55:14Z	prose_court.py	0	МАНИФЕСТ PASS: 0 разладов объявления с делом (416 миров, сборок 6, обязательств дела 228)
2026-09-06T12:55:19Z	mutants.py	0	МУТАНТЫ PASS: 9 полей из 9 поймали свою подсадку, чужих задето 0
2026-09-06T12:55:15Z	lexicon_reach.py	0	ОХВАТ PASS: 366 из 366 объявленных слов прожиты >=2 раз (100% при рубеже 100%)
2026-09-06T12:55:16Z	inquiry_pt_nl_court.py	0	ДОЗНАНИЕ-PT-NL PASS: 0 ложных из 2108 судимых (203 файлов)
2026-09-06T12:55:21Z	inquiry_pl_tr_court.py	0	ДОЗНАНИЕ-PL-TR PASS: 0 ложных из 1537 судимых (203 файлов)
2026-09-06T12:55:23Z	metalang_court.py	0	МЕТАЯЗЫК PASS: 0 ложных из 1849 судимых (203 файлов)
2026-09-06T12:55:19Z	glyph_court.py	0	ГЛИФЫ PASS: 0 ложных, 1101 истинных, 0 несудимых
2026-09-06T12:55:23Z	space_court.py	0	ПРОСТРАНСТВО PASS: 0 ложных, 2301 истинных, 0 несудимых
2026-09-06T12:55:23Z	stenogram_court.py	0	СТЕНОГРАММЫ PASS: 0 ложных, 550 истинных, 0 несудимых
2026-09-06T12:55:23Z	mathspaces_court.py	0	ПРОСТРАНСТВА PASS: 0 ложных, 814 истинных, 0 несудимых
2026-09-06T12:55:23Z	gsmforms_court.py	0	ШКОЛЬНЫЕ ФОРМЫ PASS: 0 ложных, 2511 истинных, 0 несудимых
2026-09-06T12:55:31Z	definitions_court.py	0	ОПРЕДЕЛЕНИЯ PASS: 0 ложных, 2141 истинных, 0 несудимых
2026-09-06T12:55:23Z	pronoun_court.py	0	МЕСТОИМЕНИЯ PASS: 0 ложных из 480 судимых, несудимых 0
2026-09-06T12:55:31Z	money_court.py	0	ДЕНЬГИ PASS: 0 ложных из 450 судимых, несудимых 0
2026-09-06T12:55:31Z	holes_court.py	0	ДЫРЫ PASS: 0 ложных из 6100 судимых, несудимых 0
2026-09-06T12:55:31Z	money_langs_court.py	0	ДЕНЬГИ НА ЯЗЫКАХ PASS: 0 ложных из 1188 судимых, несудимых 0
2026-09-06T12:55:31Z	geometry_langs_court.py	0	ГЕОМЕТРИЯ НА ЯЗЫКАХ PASS: 0 ложных из 960 судимых, несудимых 0
2026-09-06T12:55:31Z	units_langs_court.py	0	ЕДИНИЦЫ НА ЯЗЫКАХ PASS: 0 ложных из 640 судимых, несудимых 0
2026-09-06T12:55:31Z	stats_langs_court.py	0	СВОДКА НА ЯЗЫКАХ PASS: 0 ложных из 480 судимых, несудимых 0
2026-09-06T12:55:31Z	calendar_langs_court.py	0	НЕДЕЛЯ НА ЯЗЫКАХ PASS: 0 ложных из 1120 судимых, несудимых 0
2026-09-06T12:55:31Z	sequences_langs_court.py	0	ПРОГРЕССИИ НА ЯЗЫКАХ PASS: 0 ложных из 320 судимых, несудимых 0
2026-09-06T12:55:31Z	compare_langs_court.py	0	СРАВНЕНИЕ НА ЯЗЫКАХ PASS: 0 ложных из 480 судимых, несудимых 0
2026-09-06T12:55:32Z	share_langs_court.py	0	ДОЛИ НА ЯЗЫКАХ PASS: 0 ложных из 560 судимых, несудимых 0
2026-09-06T12:55:32Z	physics_langs_court.py	0	ФИЗИКА НА ЯЗЫКАХ PASS: 0 ложных из 480 судимых, несудимых 0
2026-09-06T12:55:35Z	relation_court.py	0	СТРОЕНИЕ PASS: 0 ложных из 2084 судимых (203 файлов, структуры обходимы)
2026-09-06T13:06:38Z	arith_court.py	0	АРИФМЕТИКА PASS: 0 ложных равенств из 133418 судимых (203 файлов, неразобрано 120169)
2026-09-06T13:06:41Z	algo_court.py	0	АЛГОРИТМЫ PASS: 0 ложных утверждений из 2982 судимых (203 файлов)
2026-09-06T13:08:32Z	formula_court.py	0	ФОРМУЛЫ PASS: 0 ложных записей из 2903 судимых (203 файлов)
2026-09-06T13:08:37Z	logic_court.py	0	ЛОГИКА PASS: 0 ложных утверждений из 734 судимых (203 файлов)
2026-09-06T13:08:37Z	physics_court.py	0	ФИЗИКА PASS: 0 ложных утверждений из 1240 судимых (203 файлов)
2026-09-06T13:08:40Z	cyber_court.py	0	КИБЕРНЕТИКА PASS: 0 ложных утверждений из 1270 судимых (203 файлов)
2026-09-06T13:08:43Z	agreement_court.py	0	СОГЛАСОВАНИЕ PASS: 0 рассогласований при рубеже 0 (4129 верных, 203 файлов, закон 2)
2026-09-06T13:08:45Z	notation_court.py	0	ЗАПИСЬ PASS: 0 ложных записей из 566 судимых (203 файлов)
2026-09-06T13:08:47Z	unit_court.py	0	ЕДИНИЦЫ PASS: 0 ложных переводов из 666 судимых (203 файлов)
2026-09-06T13:08:48Z	number_court.py	0	ЧИСЛА PASS: 0 ложных из 4220 судимых (203 файлов)
2026-09-06T13:08:51Z	inquiry_court.py	0	ДОЗНАНИЕ PASS: 0 ложных из 3915 судимых (203 файлов)
2026-09-06T13:08:51Z	surfaces_court.py	0	ПОВЕРХНОСТИ PASS: 0 ложных из 2200 судимых (203 файлов)
2026-09-06T13:08:52Z	markdown_court.py	0	РАЗМЕТКА-ПОЛНАЯ PASS: 0 ложных из 3848 судимых (203 файлов, обратимость дома цела)
2026-09-06T13:08:53Z	doctree_court.py	0	СТРУКТУРА PASS: 0 ложных из 516 судимых (203 файлов, дерево обратимо)
2026-09-06T13:08:55Z	rates_court.py	0	СТАВКИ PASS: 0 ложных из 758 судимых (203 файлов)
2026-09-06T13:08:57Z	formula_lang_court.py	0	КОНВЕРСИЯ PASS: 0 ложных из 2583 судимых (203 файлов)
2026-09-06T13:08:58Z	percent_court.py	0	ПРОЦЕНТЫ PASS: 0 ложных из 560 судимых (203 файлов)
2026-09-06T13:08:59Z	average_court.py	0	СВОДКА PASS: 0 ложных из 1300 судимых (203 файлов)
2026-09-06T13:09:03Z	equation_court.py	0	УРАВНЕНИЕ PASS: 0 ложных из 3340 судимых (203 файлов)
2026-09-06T13:09:05Z	dataformat_court.py	0	ФОРМАТЫ PASS: 0 ложных из 640 судимых (203 файлов, обратимость дома цела)
2026-09-06T13:09:09Z	everyday_court.py	0	БЫТ PASS: 0 ложных из 4510 судимых (203 файлов)
2026-09-06T13:09:10Z	story_chain_court.py	0	ЦЕПОЧКА PASS: 0 ложных из 890 судимых (203 файлов)
2026-09-06T13:09:11Z	age_court.py	0	ВОЗРАСТ PASS: 0 ложных из 900 судимых (203 файлов)
2026-09-06T13:09:12Z	halves_court.py	0	ПОЛОВИНЫ PASS: 0 ложных из 1030 судимых (203 файлов)
2026-09-06T13:09:14Z	inquiry_de_fr_court.py	0	ДОЗНАНИЕ-DE-FR PASS: 0 ложных из 2108 судимых (203 файлов)
2026-09-06T13:09:15Z	ru_conversion_court.py	0	РУССКИЙ ПЕРЕВОД PASS: 0 ложных из 68 судимых (203 файлов)
2026-09-06T13:09:15Z	selfmeasure_court.py	0	РАССКАЗ О СЕБЕ PASS: 0 ложных из 59 судимых (203 файлов)
2026-09-06T13:09:16Z	ru_compare_court.py	0	РУССКОЕ СРАВНЕНИЕ PASS: 0 ложных из 150 судимых (203 файлов)
2026-09-06T13:09:16Z	ru_story_court.py	0	РУССКАЯ ЗАДАЧА PASS: 0 ложных из 658 судимых (203 файлов)
2026-09-06T13:09:18Z	inquiry_es_it_court.py	0	ДОЗНАНИЕ-ES-IT PASS: 0 ложных из 1480 судимых (203 файлов)
2026-09-06T13:09:21Z	share_court.py	0	ДОЛЯ PASS: 0 ложных из 2376 судимых (203 файлов)
2026-09-06T13:09:23Z	compare_mult_court.py	0	КРАТНОЕ PASS: 0 ложных из 2797 судимых (203 файлов)
2026-09-06T13:09:26Z	sequence_court.py	0	ПОСЛЕДОВАТЕЛЬНОСТИ PASS: 0 ложных из 2616 судимых (203 файлов)
2026-09-06T13:09:28Z	geometry_court.py	0	ГЕОМЕТРИЯ PASS: 0 ложных из 2438 судимых (203 файлов)
2026-09-06T13:09:31Z	linalg_court.py	0	ВЕКТОР PASS: 0 ложных из 3726 судимых (203 файлов)
2026-09-06T13:09:32Z	calendar_court.py	0	КАЛЕНДАРЬ PASS: 0 ложных из 846 судимых (203 файлов)
2026-09-06T13:09:34Z	speech_court.py	0	РЕЧЬ PASS: 0 ложных из 1960 судимых (203 файлов)
2026-09-06T13:09:37Z	rugram_court.py	0	РУССКОЕ СОГЛАСОВАНИЕ PASS: 0 ложных из 17989 судимых (203 файлов)
2026-09-06T13:09:40Z	physlaw_court.py	0	ЗАКОНЫ ФИЗИКИ PASS: 0 ложных из 840 судимых (203 файлов)
2026-09-06T13:09:43Z	compsci_court.py	0	ИНФОРМАТИКА PASS: 0 ложных из 1368 судимых (203 файлов)
2026-09-06T13:09:43Z	case_court.py	0	ПАДЕЖ PASS: 0 ложных из 1006 судимых (203 файлов)
2026-09-06T13:09:45Z	valence_court.py	0	ОЦЕНКА PASS: 0 ложных из 1256 судимых (203 файлов)
2026-09-06T13:09:46Z	shadow_court.py	0	ЗАТЕНЕНИЕ PASS: 0 имён определены дважды (547 файлов, рубеж 0)
2026-09-06T13:10:28Z	syllabus_court.py	0	ПОЛНОТА PASS: 0 предметов свода не покрыты из 62 (рубеж 0, 203 файлов)
2026-09-06T13:10:46Z	richness_court.py	0	БОГАТСТВО[показано] PASS: не показаны 0 форм из 20 и 0 стыков из 6 (рубеж 0, 203 файлов); КУПЛЕНО и ИСПОЛНЕНО мерятся на стороне организма
2026-09-06T13:10:57Z	langpack_court.py	0	ЯЗЫКИ PASS: 29 зелёных из 29, красных 0 (рубеж 6)
2026-09-06T13:10:57Z	langrule_court.py	0	ПРАВИЛО ЯЗЫКА PASS: 0 разладов формы с правилом из 1014 сверенных (19 пакетов с правилом из 29)
2026-09-06T13:15:16Z	claims_court.py	0	РОДЫ PASS: 0 строк прочтены НЕ ХОЗЯИНОМ рода из 39669 с видимым родом (рубеж 0, 203 файлов, родов объявлено 4)
2026-09-06T13:15:19Z	program_court.py	0	ПРОГРАММЫ PASS: 0 ложных из 1078 судимых (203 файлов)
2026-09-06T13:15:22Z	statistics_court.py	0	СТАТИСТИКА PASS: 0 ложных из 1180 судимых (203 файлов)
2026-09-06T13:15:24Z	proof_court.py	0	ДОКАЗАТЕЛЬСТВО PASS: 0 ложных из 663 судимых (203 файлов)
2026-09-06T13:15:26Z	machine_court.py	0	МАШИНА PASS: 0 ложных из 1846 судимых (203 файлов)
2026-09-06T13:15:34Z	episode_court.py	0	ЭПИЗОД PASS: 0 ложных из 10323 судимых (203 файлов), вне владения 12 слов: ['day', 'dollar', 'foot', 'hour', 'kilometer']
2026-09-06T13:15:36Z	copula_court.py	0	СВЯЗКИ PASS: 0 ложных из 500 судимых (203 файлов), НЕЗНАКОМЫХ ПАР 36313: ["cause: philosophy is literally, the love of, including the search after, wisdom; in actual usage, the knowledge of phenomena as explained by, and resolved into, / and reasons, powers and laws: webster's unabridged dictionary, 1913", 'cause: электричество — это то, содержащееся в теле, что сообщает этому телу особые свойства, / в нем способность действовать механически на некоторые другие тела, притягивать или при известных условиях отталкивать их, а также вызывает в самом этом теле способность испытывать подобные же механические действия других тел: эсбе, статья «электричество»', 'contain: does the node body contain the node liquid? in the tree of kinds the node body / the node liquid']
2026-09-06T13:15:39Z	markup_court.py	0	РАЗМЕТКА PASS: 0 ложных из 3830 судимых (203 файлов)
2026-09-06T13:15:53Z	langlayer_court.py	0	ПЛАСТ PASS: 0 необъявленных слов (88722 строк, 29 пластов)
2026-09-06T13:15:53Z	langform_court.py	0	ФОРМА ПЛАСТА PASS: 0 ложных из 70003 судимых (88722 строк пласта, 29 пластов, дословных 940, рамок без опознавателя 3, рубеж 0)
2026-09-06T13:15:53Z	gsm_census.py	0	GSM-CENSUS PASS: 0 расхождений (72 выведено, 69 в слое, 3 удержано)
2026-09-06T13:16:57Z	reproducible.py	0	ВОСПРОИЗВОДИМОСТЬ PASS: 0 расхождений из 173 сличённых (без объявленной цели 0, рубеж 0)
2026-09-06T13:16:57Z	bash32_court.py	0	BASH32-COURT PASS: ни одного имени, съедаемого bash 3.2; скриптов проверено: 5
2026-09-06T13:16:58Z	manifest_court.py	0	МАНИФЕСТ PASS: 0 разладов объявления с делом (416 миров, сборок 6, обязательств дела 228)
2026-09-06T13:42:54Z	prose_court.py	1	ПРОЗА FAIL: 0 разладов объявления (рубеж 0) и 640 возражений судов (рубеж 12, чтение вне подсудности) — 207 миров, 1171830 строк, прочтено 14331 (1%), судов живых 160
2026-09-06T13:42:59Z	mutants.py	0	МУТАНТЫ PASS: 9 полей из 9 поймали свою подсадку, чужих задето 0
2026-09-06T13:42:59Z	lexicon_reach.py	0	ОХВАТ PASS: 366 из 366 объявленных слов прожиты >=2 раз (100% при рубеже 100%)
2026-09-06T13:43:02Z	inquiry_pt_nl_court.py	0	ДОЗНАНИЕ-PT-NL PASS: 0 ложных из 2108 судимых (203 файлов)
2026-09-06T13:43:04Z	inquiry_pl_tr_court.py	0	ДОЗНАНИЕ-PL-TR PASS: 0 ложных из 1537 судимых (203 файлов)
2026-09-06T13:43:08Z	metalang_court.py	0	МЕТАЯЗЫК PASS: 0 ложных из 1849 судимых (203 файлов)
2026-09-06T13:43:08Z	glyph_court.py	0	ГЛИФЫ PASS: 0 ложных, 1101 истинных, 0 несудимых
2026-09-06T13:43:08Z	space_court.py	0	ПРОСТРАНСТВО PASS: 0 ложных, 2301 истинных, 0 несудимых
2026-09-06T13:43:08Z	stenogram_court.py	0	СТЕНОГРАММЫ PASS: 0 ложных, 550 истинных, 0 несудимых
2026-09-06T13:43:08Z	mathspaces_court.py	0	ПРОСТРАНСТВА PASS: 0 ложных, 814 истинных, 0 несудимых
2026-09-06T13:43:09Z	gsmforms_court.py	0	ШКОЛЬНЫЕ ФОРМЫ PASS: 0 ложных, 2511 истинных, 0 несудимых
2026-09-06T13:43:16Z	definitions_court.py	0	ОПРЕДЕЛЕНИЯ PASS: 0 ложных, 2141 истинных, 0 несудимых
2026-09-06T13:43:16Z	pronoun_court.py	0	МЕСТОИМЕНИЯ PASS: 0 ложных из 480 судимых, несудимых 0
2026-09-06T13:43:16Z	money_court.py	0	ДЕНЬГИ PASS: 0 ложных из 450 судимых, несудимых 0
2026-09-06T13:43:16Z	holes_court.py	0	ДЫРЫ PASS: 0 ложных из 6100 судимых, несудимых 0
2026-09-06T13:43:17Z	money_langs_court.py	0	ДЕНЬГИ НА ЯЗЫКАХ PASS: 0 ложных из 1188 судимых, несудимых 0
2026-09-06T13:43:17Z	geometry_langs_court.py	0	ГЕОМЕТРИЯ НА ЯЗЫКАХ PASS: 0 ложных из 960 судимых, несудимых 0
2026-09-06T13:43:17Z	units_langs_court.py	0	ЕДИНИЦЫ НА ЯЗЫКАХ PASS: 0 ложных из 640 судимых, несудимых 0
2026-09-06T13:43:17Z	stats_langs_court.py	0	СВОДКА НА ЯЗЫКАХ PASS: 0 ложных из 480 судимых, несудимых 0
2026-09-06T13:43:17Z	calendar_langs_court.py	0	НЕДЕЛЯ НА ЯЗЫКАХ PASS: 0 ложных из 1120 судимых, несудимых 0
2026-09-06T13:43:17Z	sequences_langs_court.py	0	ПРОГРЕССИИ НА ЯЗЫКАХ PASS: 0 ложных из 320 судимых, несудимых 0
2026-09-06T13:43:17Z	compare_langs_court.py	0	СРАВНЕНИЕ НА ЯЗЫКАХ PASS: 0 ложных из 480 судимых, несудимых 0
2026-09-06T13:43:18Z	share_langs_court.py	0	ДОЛИ НА ЯЗЫКАХ PASS: 0 ложных из 560 судимых, несудимых 0
2026-09-06T13:43:18Z	physics_langs_court.py	0	ФИЗИКА НА ЯЗЫКАХ PASS: 0 ложных из 480 судимых, несудимых 0
2026-09-06T13:43:21Z	relation_court.py	0	СТРОЕНИЕ PASS: 0 ложных из 2084 судимых (203 файлов, структуры обходимы)
2026-09-06T13:48:04Z	court_mutants.py	0	МУТАНТЫ СУДОВ PASS: 143 поймали, 0 онемели, 0 не поймали (рубеж 1), 1 со свободным числом, 15 без числовой истинной строки, 0 без истинной строки вовсе (судов 159)
2026-09-06T13:48:06Z	panel_court.py	0	СОСТАВ PASS: 0 расхождений (рубеж 0) — палата: судов живых 160, незаявленных 0, призраков 0; набор: приборов 91, вне набора 0, призраков 0
2026-09-06T13:48:09Z	concept_reach.py	0	ОХВАТ ПОНЯТИЯ PASS: 3812 из 22032 предметов показаны (17%); не показано из НАШИХ сводов 4979 (рубеж 6556), из полки 13241 — 207 корпусов прозы, отсеяно рубрик 670, слов в показах 16730
2026-09-06T13:49:30Z	ask_reach.py	0	ВОПРОСНАЯ ПОВЕРХНОСТЬ ОТЧЁТ: 201 из 203 миров спрашивают, только сообщают 2; вопросных строк 190823 из 364367 (52%); миров с непроверяемым вопросом 1
2026-09-06T13:49:31Z	band_reach.py	0	МИР × ПОЛОСА ОТЧЁТ: строк реестра 46, исполнимых опознаний 29, расхождений записи 3, родов без мира 14; миров показов 203, из них без полосы 192; полос в реестре 5
2026-09-06T13:49:32Z	biblio_reach.py	0	БИБЛИОТЕКА PASS: названо 1684 источников (12 трудов по заглавию, 1672 по автору с годом), НЕТ НА ПОЛКЕ 1549 — из них свободно по праву 320, защищено 1223; корпусов прозы 7
2026-09-06T13:49:35Z	ruverbs_court.py	0	РУССКИЕ ГЛАГОЛЫ PASS: 0 ложных из 881 судимых (416 файлов, рубеж 0)
2026-09-06T13:49:43Z	script_court.py	0	ПИСЬМО PASS: 0 смешанных слов в 364367 строках показов (203 файлов, рубеж 0)
2026-09-06T13:50:58Z	word_mutants.py	0	ПОДСАДКА СЛОВОМ PASS: проб 4570 — ПОЙМАН 4300 (94%), ОНЕМЕЛ 140 (3%), НЕ ПОЙМАН 130 (2%); строк без слова 13741; миров с дырой 39
2026-09-06T13:52:04Z	verdict_cover.py	0	ПОКРЫТИЕ ВЕРДИКТА PASS: строк 406, слов 2943 — ЧИТАНО 2506 (85%), НЕМО 94 (3%), СЛЕПО 343 (11%, рубеж 343); судов со слепыми словами 41 из 158
2026-09-06T13:56:09Z	shelf_court.py	0	ПОЛКА PASS: 0 разладов объявления с делом (рубеж 0), никем не читаемых 173 миров, недоговорено 5 — оба числа считаны, но не судимы — 200 миров полки, судов живых 160
2026-09-06T14:00:53Z	ask_width.py	1	ШИРОТА ВОПРОСА FAIL: 8070 из 9184 родов суда имеют вопросную поверхность (87%); БЕЗ ВОПРОСА 1114 (рубеж 1105) — от судов 1114, от манифеста 0; роды объявлены судами (83 из 163, образцов 9929, вопросных слов от пакетов 33); от манифеста 0 актов в 0 мирах — с вопросом 0, без 0, не разрешено 0; строк без рода 93690 из 364367
2026-09-06T14:00:57Z	notationvar_court.py	0	НАЧЕРТАНИЕ PASS: 0 ложных из 24031 судимых (416 файлов, рубеж 0)
2026-09-06T14:02:48Z	prosetree_court.py	0	ДЕРЕВО ПРОЗЫ PASS: 51 ложных из 11352 судимых (207 файлов)
2026-09-06T14:02:48Z	longdiv_court.py	0	УГОЛ PASS: 0 ложных из 1322 судимых (203 файлов)
2026-09-06T14:04:51Z	form_census.py	0	ПЕРЕПИСЬ ФОРМ ОТЧЁТ: строк 364367, рамок 96808 (масса ≥ 9: 10029), родов 52538 (масса ≥ 9: 11024); минимальный корпус при массе 9: 260294 строк по рамкам (71 %), 191891 по родам (52 %); насыщение: последняя доля даёт 143 новых рамок и 0 новых РОДОВ на тысячу строк
2026-09-06T14:04:52Z	verbthings_court.py	0	ГЛАГОЛ–ВЕЩЬ PASS: 0 чужих пар глагол–вещь в 364367 строках показов (203 файлов, рубеж 0)
2026-09-06T14:17:54Z	coverage.py	0	СУДИМОСТЬ PASS: 364367 из 364367 строк судимы (100% при рубеже 100%, судов живых 160), слепых 0, зачтено словарём пакета 0 (0% свода, долг 0)
2026-09-06T14:17:54Z	behavior_court.py	0	ПОВЕДЕНЧЕСКИЕ ЗАКОНЫ PASS: 0 ложных из 1608 судимых, несудимых 0
2026-09-06T14:17:55Z	topics_court.py	0	БЫТОВЫЕ ТЕМЫ PASS: 0 ложных из 1104 судимых, несудимых 0
2026-09-06T14:17:55Z	nature_court.py	0	ПРИРОДА PASS: 0 ложных из 868 судимых, несудимых 0
2026-09-06T14:17:55Z	links_court.py	0	СВЯЗКИ РАЗГОВОРА PASS: 0 ложных из 17566 судимых, несудимых 0
2026-09-06T14:17:55Z	scale_court.py	0	ШКАЛА PASS: 0 ложных из 747 судимых, несудимых 0
2026-09-06T14:17:55Z	opposites_court.py	0	ПРОТИВОПОЛОЖНОСТИ PASS: 0 ложных из 648 судимых, несудимых 0
2026-09-06T14:17:56Z	roles_court.py	0	РОЛЕВЫЕ ВОПРОСЫ PASS: 0 ложных из 135 судимых, несудимых 0
2026-09-06T14:17:56Z	joints_court.py	0	СОЧЛЕНЕНИЯ PASS: 0 ложных из 2700 судимых, несудимых 0
2026-09-06T14:17:56Z	dialogue_court.py	0	РЕЧЕВОЙ ОБИХОД PASS: 0 ложных из 2052 судимых, несудимых 0
2026-09-06T14:17:56Z	worldfacts_court.py	0	ФАКТЫ МИРА PASS: 0 ложных из 2779 судимых, несудимых 0, двойников чужих миров 0
2026-09-06T14:17:57Z	infer_court.py	0	СТРОГИЙ ВЫВОД PASS: 0 ложных из 1080 судимых, несудимых 0; подсадок поймано 5 из 5
2026-09-06T14:17:58Z	circle_probe.py	0	КРУГ PASS: 0 кругов из 3774 причинных ответов (190324 вопросных строк всего); отказов 1724, из них БЕЗ ОСНОВАНИЯ 0; отрицаний 14026, из них БЕЗ ОСНОВАНИЯ 0; подсадок поймано 2 из 2, ложных тревог 0
2026-09-06T14:17:58Z	agree_probe.py	0	СОГЛАСИЕ ДОМОВ PASS: 0 споров из 12 предметов, о которых говорит больше одного дома (всего предметов 708, домов сличено 3); подсадка сходится; разный уровень ОДНОЙ лестницы (согласие) 6
2026-09-06T14:17:58Z	shelf_declare.py	0	ПОЛКА БЕЗ ОБЪЯВЛЕНИЯ PASS: 0 книг лежали на диске без записи (в договоре 21, в манифесте 416 миров)
2026-09-06T14:19:53Z	house_reach.py	0	  истина fracforms признаёт numberline: 10
2026-09-06T14:19:54Z	head_census.py	0	ПЕРЕПИСЬ ГОЛОВ: голов 2450 на 188845 вопросных строк (по 2 слова); ОДИНОЧЕК 366 (14 %), они несут 366 строк — столько же, сколько голов
2026-09-06T14:19:55Z	form_matrix.py	0	ЩЕРБАТОСТЬ ДОМОВ: 1 щербатых форм из 157 (0 %), домов 23
2026-09-06T14:19:55Z	disj_court.py	0	ИСКЛЮЧЕНИЕ PASS: 0 ложных из 216 судимых, несудимых 0; подсадок поймано 3 из 3
2026-09-06T14:19:55Z	indu_court.py	0	ПОСПЕШНОСТЬ PASS: 0 ложных из 102 судимых, несудимых 0; подсадок поймано 13 из 13
2026-09-06T14:19:55Z	analog_court.py	0	ПОДОБИЕ PASS: 0 ложных из 144 судимых, несудимых 0; подсадок поймано 3 из 3
2026-09-06T14:19:55Z	reply_court.py	0	ОТКЛИК PASS: 0 ложных из 54 судимых, несудимых 0; подсадок поймано 3 из 3
2026-09-06T14:20:56Z	register_pairs.py	0	ПАРА РЕГИСТРА PASS: пар 5298, одной дырой 4749 (89 %), дыр больше 549, ПОРОКОВ 0 (рубеж 0), без пары 0
2026-09-06T14:21:00Z	register_purity.py	0	ЧИСТОТА РЕГИСТРА: неформальных показов 21678, говорящих вежливо 0 (0 %), из них имеющих и вежливую пару 0; мест 0
2026-09-06T14:21:05Z	prefix_traps.py	0	ЛОВУШКА НАЧАЛА PASS: домов с судом по началу строки 0 (рубеж 0), проб 2280, пойманных удвоений 0
2026-09-06T14:21:09Z	sign_traps.py	0	ЛОВУШКА ЗНАКА PASS: домов, немеющих на подмене СВОЕГО знака, 0 (рубеж 0); проб 1231, поймано 1231, немых проб 0; палата ловит их все (замер 144 из 144)
2026-09-06T14:21:09Z	threshold_census.py	0	ПЕРЕПИСЬ ПОРОГОВ: именованных 35 (объявлено 27, храповиков 8, ВКУС 0); встроенных сравнений от трёх 108 (печать 157, без основания рядом 92 — ВЕРХНЯЯ ОЦЕНКА: строй и порог здесь не разделены); папки scripts courts
2026-09-06T14:21:09Z	denominator_census.py	0	ЧИСЛО БЕЗ ЗНАМЕНАТЕЛЯ PASS: приборов в леджере 186, строк без объёма 2, из них НУЛЕЙ без объёма 0 (рубеж 0)
2026-09-06T14:21:09Z	repeat_census.py	0	ПЕРЕПИСЬ ПОВТОРОВ: миров 203, строк 364367, уникальных 261342, копий 103025 (28 %), из них сверх LAW=2: 68089 (18 %); миров с копиями > 10 %: 87
2026-09-06T14:21:12Z	definitions_reach.py	0	СЛЕД РАЗБОРА ОПРЕДЕЛЕНИЙ: понятий 829, без определения 222, из них полка не знает 68, разбор остановился на названных воротах 154, причина не названа 0 (рубеж 0)
2026-09-06T14:21:13Z	copies_census.py	0	ПЕРЕПИСЬ КОПИЙ PASS: миров через слой 171, сверх LAW=2 0 (рубеж 0); строк 272910, различных 246790, копий 26120, многострочных 5; вне слоя миров 2 (копий 106670) — не судятся; сайдкар datasets/COPIES.tsv
2026-09-06T14:21:13Z	sweep_self.py	1	    pl · session-recall · X ma · 8
2026-09-06T14:36:42Z	court_reach.py	0	ДОСЯГАЕМОСТЬ СУДА PASS (вся палата; судов 160): миров 203, строк 364367, ЛЖЕЙ 0 (рубеж 0), слепых 0 (рубеж 0)
2026-09-06T14:36:46Z	holdout_key.py	0	КЛЮЧ СЛЕДУЮЩЕЙ ТОЧКИ PASS: вопросов 3620 (рубеж 1500), прожитых 0 (рубеж 0); по языкам de 396 en 408 es 402 fr 402 it 402 nl 402 pl 402 pt 402 ru 404; по глубине [0] 1154 [1] 1968 [2+] 498; домов 31; ключ datasets/HOLDOUT-KEY-NEXT.tsv
2026-09-06T14:36:47Z	holdforms_court.py	0	ДЕРЖАНИЯ БЕЗ ГЛАГОЛА PASS: 0 ложных из 5703 судимых, несудимых 0; подсадок поймано 12 из 12
2026-09-06T14:36:48Z	cmpframes_court.py	0	РАМКИ СРАВНЕНИЯ PASS: 0 ложных из 6480 судимых, несудимых 0; подсадок поймано 11 из 11
2026-09-06T14:36:49Z	sceneforms_court.py	0	СЦЕНА PASS: 0 ложных из 3818 судимых, несудимых 0; подсадок поймано 8 из 8
2026-09-06T14:36:50Z	toolforms_court.py	0	ИНСТРУМЕНТ PASS: 0 ложных из 2907 судимых, несудимых 0; подсадок поймано 8 из 8
2026-09-06T14:36:51Z	verifyforms_court.py	0	ВЕРИФИКАЦИЯ PASS: 0 ложных из 3285 судимых, несудимых 0; подсадок поймано 7 из 7
2026-09-06T14:36:52Z	planforms_court.py	0	ПЛАН PASS: 0 ложных из 2520 судимых, несудимых 0; подсадок поймано 9 из 9
2026-09-06T14:36:53Z	episodeforms_court.py	0	ЭПИЗОД PASS: 0 ложных из 5229 судимых, несудимых 0; подсадок поймано 8 из 8
2026-09-06T14:36:54Z	summaryforms_court.py	0	СВОДКА PASS: 0 ложных из 6102 судимых, несудимых 0; подсадок поймано 8 из 8
2026-09-06T14:36:55Z	opforms_court.py	0	ОПЕРАЦИЯ PASS: 0 ложных из 3780 судимых, несудимых 0; подсадок поймано 8 из 8
2026-09-06T14:36:56Z	readnum_court.py	0	ЧИСЛО PASS: 0 ложных из 3240 судимых, несудимых 0; подсадок поймано 8 из 8
2026-09-06T14:36:56Z	mandateforms_court.py	0	МАНДАТ PASS: 0 ложных из 2268 судимых, несудимых 0; подсадок поймано 8 из 8
2026-09-06T14:36:58Z	personforms_court.py	0	ЛИЧНОСТЬ PASS: 0 ложных из 3240 судимых, несудимых 0; подсадок поймано 8 из 8
2026-09-06T14:36:59Z	selfmodelforms_court.py	0	САМОМОДЕЛЬ PASS: 0 ложных из 2097 судимых, несудимых 0; подсадок поймано 8 из 8
2026-09-06T14:37:00Z	signedworld_court.py	0	ЗНАК PASS: 0 ложных из 1296 судимых, несудимых 0; подсадок поймано 8 из 8
2026-09-06T14:37:00Z	beforetails_court.py	0	ХВОСТ PASS: 0 ложных из 3600 судимых, несудимых 0; подсадок поймано 8 из 8
2026-09-06T14:37:01Z	discountroad_court.py	0	СКИДКА PASS: 0 ложных из 2808 судимых, несудимых 0; подсадок поймано 8 из 8
2026-09-06T14:37:03Z	nomention_court.py	0	НЕНАЗВАННОЕ PASS: 0 ложных из 2160 судимых, несудимых 0; подсадок поймано 8 из 8
2026-09-06T14:37:04Z	clockforms_court.py	0	ЧАСЫ PASS: 0 ложных из 1053 судимых, несудимых 0; подсадок поймано 8 из 8
2026-09-06T14:37:04Z	mixedunits_court.py	0	МЕРА PASS: 0 ложных из 864 судимых, несудимых 0; подсадок поймано 8 из 8
2026-09-06T14:37:05Z	dateforms_court.py	0	ДАТА PASS: 0 ложных из 480 судимых, несудимых 0; подсадок поймано 8 из 8
2026-09-06T14:37:05Z	clockwords_court.py	0	ЧАСЫ СЛОВОМ PASS: 0 ложных из 378 судимых, несудимых 0; подсадок поймано 8 из 8
2026-09-06T14:37:06Z	speedforms_court.py	0	СКОРОСТЬ PASS: 0 ложных из 432 судимых, несудимых 0; подсадок поймано 8 из 8
2026-09-06T14:37:06Z	roundforms_court.py	0	ОКРУГЛЕНИЕ PASS: 0 ложных из 432 судимых, несудимых 0; подсадок поймано 8 из 8
2026-09-06T14:37:07Z	orderforms_court.py	0	ПОРЯДОК PASS: 0 ложных из 792 судимых, несудимых 0; подсадок поймано 8 из 8
2026-09-06T14:37:07Z	quantforms_court.py	0	КВАНТОР PASS: 0 ложных из 648 судимых, несудимых 0; подсадок поймано 8 из 8
2026-09-06T14:37:07Z	roman_court.py	0	РИМСКОЕ PASS: 0 ложных из 387 судимых, несудимых 0; подсадок поймано 8 из 8
2026-09-06T14:37:07Z	place_court.py	0	МЕСТО PASS: 0 ложных из 1296 судимых, несудимых 0; подсадок поймано 8 из 8
2026-09-06T14:37:08Z	unitfrac_court.py	0	ДРОБЬ ЕДИНИЦЫ PASS: 0 ложных из 198 судимых, несудимых 0; подсадок поймано 8 из 8
2026-09-06T14:37:08Z	enough_court.py	0	ХВАТИТ PASS: 0 ложных из 324 судимых, несудимых 0; подсадок поймано 8 из 8
2026-09-06T14:37:09Z	numphrase_court.py	0	ФРАЗА ЧИСЛА PASS: 0 ложных из 225 судимых, несудимых 0; подсадок поймано 9 из 9, свободного числа нет (1 язык двигает глагол из 9)
2026-09-06T14:37:09Z	kinbearer_court.py	0	РОДСТВЕННИК PASS: 0 ложных из 486 судимых, несудимых 0; подсадок поймано 9 из 9, носитель не свободен (9 языков × 4 чужих слова)
2026-09-06T14:37:10Z	pronobject_court.py	0	МЕСТОИМЕНИЕ-ОБЪЕКТ PASS: 0 ложных из 864 судимых, несудимых 0; подсадок поймано 9 из 9, род местоимения различают 6 языка из 9
2026-09-06T14:37:10Z	proform_court.py	0	ПРО-ФОРМА PASS: 0 ложных из 288 судимых, несудимых 0; подсадок поймано 9 из 9, род при опущенном имени метят 4 языка из 9
2026-09-06T14:37:11Z	degrees_court.py	0	СТЕПЕНИ PASS: 0 ложных из 270 судимых, несудимых 0; подсадок поймано 8 из 8
2026-09-06T14:37:12Z	actturn_court.py	0	АКТ PASS: 0 ложных из 414 судимых, несудимых 0; подсадок поймано 8 из 8
2026-09-06T14:37:12Z	tempscale_court.py	0	ШКАЛА PASS: 0 ложных из 198 судимых, несудимых 0; подсадок поймано 8 из 8
2026-09-06T14:37:13Z	action_measure_court.py	0	МЕРА ДЕЙСТВИЯ PASS: 0 ложных из 234 судимых, несудимых 0; подсадок поймано 6 из 6
2026-09-06T14:37:13Z	numberline_court.py	0	ЧИСЛОВОЙ РЯД PASS: 0 ложных из 5256 судимых, несудимых 0; подсадок поймано 6 из 6
2026-09-06T14:37:13Z	countfacts_court.py	0	СЧЁТНЫЕ ФАКТЫ PASS: 0 ложных из 243 судимых, несудимых 0; подсадок поймано 6 из 6
2026-09-06T14:37:13Z	letters_court.py	0	БУКВЫ PASS: 0 ложных из 360 судимых, несудимых 0; подсадок поймано 5 из 5
2026-09-06T14:37:13Z	propcompare_court.py	0	СРАВНЕНИЕ СВОЙСТВ PASS: 0 ложных из 200 судимых, несудимых 0; подсадок поймано 4 из 4
2026-09-06T14:37:14Z	price_court.py	0	ЦЕНА PASS: 0 ложных из 378 судимых, несудимых 0; подсадок поймано 4 из 4
2026-09-06T14:37:14Z	translate_court.py	0	ПЕРЕВОД PASS: 0 ложных из 792 судимых, несудимых 0; подсадок поймано 4 из 4
2026-09-06T14:37:14Z	timeunits_court.py	0	ЕДИНИЦЫ ВРЕМЕНИ PASS: 0 ложных из 420 судимых, несудимых 0; подсадок поймано 3 из 3
2026-09-06T14:37:15Z	svamp_court.py	0	ФОРМЫ SVAMP PASS: 0 ложных из 5362 судимых, несудимых 0; подсадок поймано 10 из 10
2026-09-06T14:37:15Z	measure_langs_court.py	0	МЕРА ДЕЙСТВИЯ НА ЯЗЫКАХ PASS: 0 ложных из 462 судимых, несудимых 0; подсадок поймано 4 из 4
2026-09-06T16:16:58Z	arith_court.py	0	АРИФМЕТИКА PASS: 0 ложных равенств из 134824 судимых (203 файлов, неразобрано 118763)
2026-09-06T16:17:00Z	algo_court.py	0	АЛГОРИТМЫ PASS: 0 ложных утверждений из 2982 судимых (203 файлов)
2026-09-06T16:19:20Z	formula_court.py	0	ФОРМУЛЫ PASS: 0 ложных записей из 2903 судимых (203 файлов)
2026-09-06T16:19:26Z	logic_court.py	0	ЛОГИКА PASS: 0 ложных утверждений из 734 судимых (203 файлов)
2026-09-06T16:19:27Z	physics_court.py	0	ФИЗИКА PASS: 0 ложных утверждений из 1240 судимых (203 файлов)
2026-09-06T16:19:31Z	cyber_court.py	0	КИБЕРНЕТИКА PASS: 0 ложных утверждений из 1270 судимых (203 файлов)
2026-09-06T16:19:35Z	agreement_court.py	0	СОГЛАСОВАНИЕ PASS: 0 рассогласований при рубеже 0 (4129 верных, 203 файлов, закон 2)
2026-09-06T16:19:38Z	notation_court.py	0	ЗАПИСЬ PASS: 0 ложных записей из 566 судимых (203 файлов)
2026-09-06T16:19:39Z	unit_court.py	0	ЕДИНИЦЫ PASS: 0 ложных переводов из 666 судимых (203 файлов)
2026-09-06T16:19:41Z	number_court.py	0	ЧИСЛА PASS: 0 ложных из 4220 судимых (203 файлов)
2026-09-06T16:19:44Z	inquiry_court.py	0	ДОЗНАНИЕ PASS: 0 ложных из 3915 судимых (203 файлов)
2026-09-06T16:19:45Z	surfaces_court.py	0	ПОВЕРХНОСТИ PASS: 0 ложных из 2200 судимых (203 файлов)
2026-09-06T16:19:46Z	markdown_court.py	0	РАЗМЕТКА-ПОЛНАЯ PASS: 0 ложных из 3848 судимых (203 файлов, обратимость дома цела)
2026-09-06T16:19:47Z	doctree_court.py	0	СТРУКТУРА PASS: 0 ложных из 516 судимых (203 файлов, дерево обратимо)
2026-09-06T16:19:49Z	rates_court.py	0	СТАВКИ PASS: 0 ложных из 758 судимых (203 файлов)
2026-09-06T16:19:52Z	formula_lang_court.py	0	КОНВЕРСИЯ PASS: 0 ложных из 2583 судимых (203 файлов)
2026-09-06T16:19:55Z	percent_court.py	0	ПРОЦЕНТЫ PASS: 0 ложных из 560 судимых (203 файлов)
2026-09-06T16:19:56Z	average_court.py	0	СВОДКА PASS: 0 ложных из 1300 судимых (203 файлов)
2026-09-06T16:20:03Z	equation_court.py	0	УРАВНЕНИЕ PASS: 0 ложных из 3340 судимых (203 файлов)
2026-09-06T16:20:05Z	dataformat_court.py	0	ФОРМАТЫ PASS: 0 ложных из 640 судимых (203 файлов, обратимость дома цела)
2026-09-06T16:20:11Z	everyday_court.py	0	БЫТ PASS: 0 ложных из 4510 судимых (203 файлов)
2026-09-06T16:20:12Z	story_chain_court.py	0	ЦЕПОЧКА PASS: 0 ложных из 890 судимых (203 файлов)
2026-09-06T16:20:13Z	age_court.py	0	ВОЗРАСТ PASS: 0 ложных из 900 судимых (203 файлов)
2026-09-06T16:20:15Z	halves_court.py	0	ПОЛОВИНЫ PASS: 0 ложных из 1030 судимых (203 файлов)
2026-09-06T16:20:19Z	inquiry_de_fr_court.py	0	ДОЗНАНИЕ-DE-FR PASS: 0 ложных из 2108 судимых (203 файлов)
2026-09-06T16:20:19Z	ru_conversion_court.py	0	РУССКИЙ ПЕРЕВОД PASS: 0 ложных из 68 судимых (203 файлов)
2026-09-06T16:20:20Z	selfmeasure_court.py	0	РАССКАЗ О СЕБЕ PASS: 0 ложных из 59 судимых (203 файлов)
2026-09-06T16:20:20Z	ru_compare_court.py	0	РУССКОЕ СРАВНЕНИЕ PASS: 0 ложных из 150 судимых (203 файлов)
2026-09-06T16:20:21Z	ru_story_court.py	0	РУССКАЯ ЗАДАЧА PASS: 0 ложных из 658 судимых (203 файлов)
2026-09-06T16:20:24Z	inquiry_es_it_court.py	0	ДОЗНАНИЕ-ES-IT PASS: 0 ложных из 1480 судимых (203 файлов)
2026-09-06T16:20:27Z	share_court.py	0	ДОЛЯ PASS: 0 ложных из 2376 судимых (203 файлов)
2026-09-06T16:20:30Z	compare_mult_court.py	0	КРАТНОЕ PASS: 0 ложных из 2797 судимых (203 файлов)
2026-09-06T16:20:34Z	sequence_court.py	0	ПОСЛЕДОВАТЕЛЬНОСТИ PASS: 0 ложных из 2616 судимых (203 файлов)
2026-09-06T16:20:37Z	geometry_court.py	0	ГЕОМЕТРИЯ PASS: 0 ложных из 2438 судимых (203 файлов)
2026-09-06T16:20:40Z	linalg_court.py	0	ВЕКТОР PASS: 0 ложных из 3726 судимых (203 файлов)
2026-09-06T16:20:41Z	calendar_court.py	0	КАЛЕНДАРЬ PASS: 0 ложных из 846 судимых (203 файлов)
2026-09-06T16:20:44Z	speech_court.py	0	РЕЧЬ PASS: 0 ложных из 1960 судимых (203 файлов)
2026-09-06T16:20:48Z	rugram_court.py	0	РУССКОЕ СОГЛАСОВАНИЕ PASS: 0 ложных из 17989 судимых (203 файлов)
2026-09-06T16:20:52Z	physlaw_court.py	0	ЗАКОНЫ ФИЗИКИ PASS: 0 ложных из 840 судимых (203 файлов)
2026-09-06T16:20:55Z	compsci_court.py	0	ИНФОРМАТИКА PASS: 0 ложных из 1368 судимых (203 файлов)
2026-09-06T16:20:56Z	case_court.py	0	ПАДЕЖ PASS: 0 ложных из 1006 судимых (203 файлов)
2026-09-06T16:20:58Z	valence_court.py	0	ОЦЕНКА PASS: 0 ложных из 1256 судимых (203 файлов)
2026-09-06T16:20:59Z	shadow_court.py	0	ЗАТЕНЕНИЕ PASS: 0 имён определены дважды (549 файлов, рубеж 0)
2026-09-06T16:21:51Z	syllabus_court.py	0	ПОЛНОТА PASS: 0 предметов свода не покрыты из 62 (рубеж 0, 203 файлов)
2026-09-06T16:22:14Z	richness_court.py	0	БОГАТСТВО[показано] PASS: не показаны 0 форм из 20 и 0 стыков из 6 (рубеж 0, 203 файлов); КУПЛЕНО и ИСПОЛНЕНО мерятся на стороне организма
2026-09-06T16:22:31Z	langpack_court.py	0	ЯЗЫКИ PASS: 29 зелёных из 29, красных 0 (рубеж 6)
2026-09-06T16:22:31Z	langrule_court.py	0	ПРАВИЛО ЯЗЫКА PASS: 0 разладов формы с правилом из 1014 сверенных (19 пакетов с правилом из 29)
2026-09-06T16:28:02Z	claims_court.py	0	РОДЫ PASS: 0 строк прочтены НЕ ХОЗЯИНОМ рода из 39669 с видимым родом (рубеж 0, 203 файлов, родов объявлено 4)
2026-09-06T16:28:05Z	program_court.py	0	ПРОГРАММЫ PASS: 0 ложных из 1078 судимых (203 файлов)
2026-09-06T16:28:08Z	statistics_court.py	0	СТАТИСТИКА PASS: 0 ложных из 1180 судимых (203 файлов)
2026-09-06T16:28:11Z	proof_court.py	0	ДОКАЗАТЕЛЬСТВО PASS: 0 ложных из 663 судимых (203 файлов)
2026-09-06T16:28:13Z	machine_court.py	0	МАШИНА PASS: 0 ложных из 1846 судимых (203 файлов)
2026-09-06T16:28:23Z	episode_court.py	0	ЭПИЗОД PASS: 0 ложных из 10323 судимых (203 файлов), вне владения 12 слов: ['day', 'dollar', 'foot', 'hour', 'kilometer']
2026-09-06T16:28:26Z	copula_court.py	0	СВЯЗКИ PASS: 0 ложных из 500 судимых (203 файлов), НЕЗНАКОМЫХ ПАР 36313: ["cause: philosophy is literally, the love of, including the search after, wisdom; in actual usage, the knowledge of phenomena as explained by, and resolved into, / and reasons, powers and laws: webster's unabridged dictionary, 1913", 'cause: электричество — это то, содержащееся в теле, что сообщает этому телу особые свойства, / в нем способность действовать механически на некоторые другие тела, притягивать или при известных условиях отталкивать их, а также вызывает в самом этом теле способность испытывать подобные же механические действия других тел: эсбе, статья «электричество»', 'contain: does the node body contain the node liquid? in the tree of kinds the node body / the node liquid']
2026-09-06T16:28:29Z	markup_court.py	0	РАЗМЕТКА PASS: 0 ложных из 3830 судимых (203 файлов)
2026-09-06T16:28:45Z	langlayer_court.py	0	ПЛАСТ PASS: 0 необъявленных слов (88722 строк, 29 пластов)
2026-09-06T16:28:46Z	langform_court.py	0	ФОРМА ПЛАСТА PASS: 0 ложных из 70003 судимых (88722 строк пласта, 29 пластов, дословных 940, рамок без опознавателя 3, рубеж 0)
2026-09-06T16:28:46Z	gsm_census.py	0	GSM-CENSUS PASS: 0 расхождений (72 выведено, 69 в слое, 3 удержано)
2026-09-06T16:30:28Z	reproducible.py	0	ВОСПРОИЗВОДИМОСТЬ PASS: 0 расхождений из 173 сличённых (без объявленной цели 0, рубеж 0)
2026-09-06T16:30:28Z	bash32_court.py	0	BASH32-COURT PASS: ни одного имени, съедаемого bash 3.2; скриптов проверено: 5
2026-09-06T16:30:30Z	manifest_court.py	0	МАНИФЕСТ PASS: 0 разладов объявления с делом (416 миров, сборок 6, обязательств дела 228)
2026-09-06T17:00:42Z	prose_court.py	1	ПРОЗА FAIL: 0 разладов объявления (рубеж 0) и 724 возражений судов (рубеж 12, чтение вне подсудности) — 207 миров, 1171830 строк, прочтено 14446 (1%), судов живых 160
2026-09-06T17:00:47Z	mutants.py	0	МУТАНТЫ PASS: 9 полей из 9 поймали свою подсадку, чужих задето 0
2026-09-06T17:00:48Z	lexicon_reach.py	0	ОХВАТ PASS: 366 из 366 объявленных слов прожиты >=2 раз (100% при рубеже 100%)
2026-09-06T17:00:51Z	inquiry_pt_nl_court.py	0	ДОЗНАНИЕ-PT-NL PASS: 0 ложных из 2108 судимых (203 файлов)
2026-09-06T17:00:53Z	inquiry_pl_tr_court.py	0	ДОЗНАНИЕ-PL-TR PASS: 0 ложных из 1537 судимых (203 файлов)
2026-09-06T17:00:57Z	metalang_court.py	0	МЕТАЯЗЫК PASS: 0 ложных из 1849 судимых (203 файлов)
2026-09-06T17:00:58Z	glyph_court.py	0	ГЛИФЫ PASS: 0 ложных, 1101 истинных, 0 несудимых
2026-09-06T17:00:58Z	space_court.py	0	ПРОСТРАНСТВО PASS: 0 ложных, 2301 истинных, 0 несудимых
2026-09-06T17:00:58Z	stenogram_court.py	0	СТЕНОГРАММЫ PASS: 0 ложных, 550 истинных, 0 несудимых
2026-09-06T17:00:58Z	mathspaces_court.py	0	ПРОСТРАНСТВА PASS: 0 ложных, 814 истинных, 0 несудимых
2026-09-06T17:00:59Z	gsmforms_court.py	0	ШКОЛЬНЫЕ ФОРМЫ PASS: 0 ложных, 2511 истинных, 0 несудимых
2026-09-06T17:01:06Z	definitions_court.py	0	ОПРЕДЕЛЕНИЯ PASS: 0 ложных, 2141 истинных, 0 несудимых
2026-09-06T17:01:06Z	pronoun_court.py	0	МЕСТОИМЕНИЯ PASS: 0 ложных из 480 судимых, несудимых 0
2026-09-06T17:01:07Z	money_court.py	0	ДЕНЬГИ PASS: 0 ложных из 450 судимых, несудимых 0
2026-09-06T17:01:07Z	holes_court.py	0	ДЫРЫ PASS: 0 ложных из 6100 судимых, несудимых 0
2026-09-06T17:01:07Z	money_langs_court.py	0	ДЕНЬГИ НА ЯЗЫКАХ PASS: 0 ложных из 1188 судимых, несудимых 0
2026-09-06T17:01:07Z	geometry_langs_court.py	0	ГЕОМЕТРИЯ НА ЯЗЫКАХ PASS: 0 ложных из 960 судимых, несудимых 0
2026-09-06T17:01:08Z	units_langs_court.py	0	ЕДИНИЦЫ НА ЯЗЫКАХ PASS: 0 ложных из 640 судимых, несудимых 0
2026-09-06T17:01:08Z	stats_langs_court.py	0	СВОДКА НА ЯЗЫКАХ PASS: 0 ложных из 480 судимых, несудимых 0
2026-09-06T17:01:08Z	calendar_langs_court.py	0	НЕДЕЛЯ НА ЯЗЫКАХ PASS: 0 ложных из 1120 судимых, несудимых 0
2026-09-06T17:01:08Z	sequences_langs_court.py	0	ПРОГРЕССИИ НА ЯЗЫКАХ PASS: 0 ложных из 320 судимых, несудимых 0
2026-09-06T17:01:08Z	compare_langs_court.py	0	СРАВНЕНИЕ НА ЯЗЫКАХ PASS: 0 ложных из 480 судимых, несудимых 0
2026-09-06T17:01:08Z	share_langs_court.py	0	ДОЛИ НА ЯЗЫКАХ PASS: 0 ложных из 560 судимых, несудимых 0
2026-09-06T17:01:09Z	physics_langs_court.py	0	ФИЗИКА НА ЯЗЫКАХ PASS: 0 ложных из 480 судимых, несудимых 0
2026-09-06T17:01:12Z	relation_court.py	0	СТРОЕНИЕ PASS: 0 ложных из 2084 судимых (203 файлов, структуры обходимы)
2026-09-06T17:06:25Z	court_mutants.py	0	МУТАНТЫ СУДОВ PASS: 143 поймали, 0 онемели, 0 не поймали (рубеж 1), 1 со свободным числом, 15 без числовой истинной строки, 0 без истинной строки вовсе (судов 159)
2026-09-06T17:06:27Z	panel_court.py	0	СОСТАВ PASS: 0 расхождений (рубеж 0) — палата: судов живых 160, незаявленных 0, призраков 0; набор: приборов 91, вне набора 0, призраков 0
2026-09-06T17:06:30Z	concept_reach.py	0	ОХВАТ ПОНЯТИЯ PASS: 3812 из 22032 предметов показаны (17%); не показано из НАШИХ сводов 4979 (рубеж 6556), из полки 13241 — 207 корпусов прозы, отсеяно рубрик 670, слов в показах 16730
2026-09-06T17:08:22Z	ask_reach.py	0	ВОПРОСНАЯ ПОВЕРХНОСТЬ ОТЧЁТ: 203 из 203 миров спрашивают, только сообщают 0; вопросных строк 225328 из 364367 (61%); миров с непроверяемым вопросом 0
2026-09-06T17:08:24Z	band_reach.py	0	МИР × ПОЛОСА ОТЧЁТ: строк реестра 46, исполнимых опознаний 29, расхождений записи 3, родов без мира 14; миров показов 203, из них без полосы 192; полос в реестре 5
2026-09-06T17:08:26Z	biblio_reach.py	0	БИБЛИОТЕКА PASS: названо 1684 источников (12 трудов по заглавию, 1672 по автору с годом), НЕТ НА ПОЛКЕ 1549 — из них свободно по праву 320, защищено 1223; корпусов прозы 7
2026-09-06T17:08:31Z	ruverbs_court.py	0	РУССКИЕ ГЛАГОЛЫ PASS: 0 ложных из 881 судимых (416 файлов, рубеж 0)
2026-09-06T17:08:42Z	script_court.py	0	ПИСЬМО PASS: 0 смешанных слов в 364367 строках показов (203 файлов, рубеж 0)
2026-09-06T17:10:09Z	word_mutants.py	1	ПОДСАДКА СЛОВОМ FAIL: проб 4570 — ПОЙМАН 4300 (94%), ОНЕМЕЛ 132 (2%), НЕ ПОЙМАН 138 (3%); строк без слова 13741; миров с дырой 40
2026-09-06T17:11:17Z	verdict_cover.py	0	ПОКРЫТИЕ ВЕРДИКТА PASS: строк 406, слов 2943 — ЧИТАНО 2506 (85%), НЕМО 94 (3%), СЛЕПО 343 (11%, рубеж 343); судов со слепыми словами 41 из 158
2026-09-06T17:12:21Z	sentence_cover.py	0	ПОКРЫТИЕ ПРЕДЛОЖЕНИЯМИ PASS: строк о двух и более предложениях 380 — покрыты предложениями 341 (89%), покрыты вопросной половиной пары 31 (8%), покрыты ОБЪЯВЛЕННЫМ ПРЕДМЕТОМ 8 (2%), НЕ ПОКРЫТО НИЧЕМ 0 (0%, рубеж 0) в 0 мирах; форм предмета объявлено 65, из них без дела 0
2026-09-06T17:17:03Z	shelf_court.py	0	ПОЛКА PASS: 0 разладов объявления с делом (рубеж 0), никем не читаемых 173 миров, недоговорено 5 — оба числа считаны, но не судимы — 200 миров полки, судов живых 160
2026-09-06T17:22:38Z	ask_width.py	0	ШИРОТА ВОПРОСА PASS: 8446 из 9184 родов суда имеют вопросную поверхность (91%); БЕЗ ВОПРОСА 738 (рубеж 738) — от судов 738, от манифеста 0; роды объявлены судами (83 из 163, образцов 9929, вопросных слов от пакетов 261); от манифеста 0 актов в 0 мирах — с вопросом 0, без 0, не разрешено 0; строк без рода 93690 из 364367
2026-09-06T17:22:42Z	notationvar_court.py	0	НАЧЕРТАНИЕ PASS: 0 ложных из 24031 судимых (416 файлов, рубеж 0)
2026-09-06T17:24:46Z	prosetree_court.py	0	ДЕРЕВО ПРОЗЫ PASS: 51 ложных из 11352 судимых (207 файлов)
2026-09-06T17:24:47Z	longdiv_court.py	0	УГОЛ PASS: 0 ложных из 1322 судимых (203 файлов)
2026-09-06T17:27:14Z	form_census.py	0	ПЕРЕПИСЬ ФОРМ ОТЧЁТ: строк 364367, рамок 96808 (масса ≥ 9: 10029), родов 52538 (масса ≥ 9: 11024); минимальный корпус при массе 9: 260294 строк по рамкам (71 %), 191891 по родам (52 %); насыщение: последняя доля даёт 143 новых рамок и 0 новых РОДОВ на тысячу строк
2026-09-06T17:27:15Z	verbthings_court.py	0	ГЛАГОЛ–ВЕЩЬ PASS: 0 чужих пар глагол–вещь в 364367 строках показов (203 файлов, рубеж 0)
2026-09-06T17:56:03Z	coverage.py	0	СУДИМОСТЬ PASS: 364367 из 364367 строк судимы (100% при рубеже 100%, судов живых 160), слепых 0, зачтено словарём пакета 0 (0% свода, долг 0)
2026-09-06T17:56:03Z	behavior_court.py	0	ПОВЕДЕНЧЕСКИЕ ЗАКОНЫ PASS: 0 ложных из 1608 судимых, несудимых 0
2026-09-06T17:56:03Z	topics_court.py	0	БЫТОВЫЕ ТЕМЫ PASS: 0 ложных из 1104 судимых, несудимых 0
2026-09-06T17:56:03Z	nature_court.py	0	ПРИРОДА PASS: 0 ложных из 868 судимых, несудимых 0
2026-09-06T17:56:04Z	links_court.py	0	СВЯЗКИ РАЗГОВОРА PASS: 0 ложных из 17566 судимых, несудимых 0
2026-09-06T17:56:04Z	scale_court.py	0	ШКАЛА PASS: 0 ложных из 747 судимых, несудимых 0
2026-09-06T17:56:04Z	opposites_court.py	0	ПРОТИВОПОЛОЖНОСТИ PASS: 0 ложных из 648 судимых, несудимых 0
2026-09-06T17:56:05Z	roles_court.py	0	РОЛЕВЫЕ ВОПРОСЫ PASS: 0 ложных из 135 судимых, несудимых 0
2026-09-06T17:56:05Z	joints_court.py	0	СОЧЛЕНЕНИЯ PASS: 0 ложных из 2700 судимых, несудимых 0
2026-09-06T17:56:05Z	dialogue_court.py	0	РЕЧЕВОЙ ОБИХОД PASS: 0 ложных из 2052 судимых, несудимых 0
2026-09-06T17:56:06Z	worldfacts_court.py	0	ФАКТЫ МИРА PASS: 0 ложных из 2779 судимых, несудимых 0, двойников чужих миров 0
2026-09-06T17:56:06Z	infer_court.py	0	СТРОГИЙ ВЫВОД PASS: 0 ложных из 1080 судимых, несудимых 0; подсадок поймано 5 из 5
2026-09-06T17:56:07Z	circle_probe.py	0	КРУГ PASS: 0 кругов из 3774 причинных ответов (190324 вопросных строк всего); отказов 1724, из них БЕЗ ОСНОВАНИЯ 0; отрицаний 14026, из них БЕЗ ОСНОВАНИЯ 0; подсадок поймано 2 из 2, ложных тревог 0
2026-09-06T17:56:08Z	agree_probe.py	0	СОГЛАСИЕ ДОМОВ PASS: 0 споров из 12 предметов, о которых говорит больше одного дома (всего предметов 708, домов сличено 3); подсадка сходится; разный уровень ОДНОЙ лестницы (согласие) 6
2026-09-06T17:56:08Z	shelf_declare.py	0	ПОЛКА БЕЗ ОБЪЯВЛЕНИЯ PASS: 0 книг лежали на диске без записи (в договоре 21, в манифесте 416 миров)
2026-09-06T17:58:29Z	house_reach.py	0	  истина fracforms признаёт numberline: 10
2026-09-06T17:58:31Z	head_census.py	0	ПЕРЕПИСЬ ГОЛОВ: голов 2450 на 188845 вопросных строк (по 2 слова); ОДИНОЧЕК 366 (14 %), они несут 366 строк — столько же, сколько голов
2026-09-06T17:58:32Z	form_matrix.py	0	ЩЕРБАТОСТЬ ДОМОВ: 1 щербатых форм из 157 (0 %), домов 23
2026-09-06T17:58:32Z	disj_court.py	0	ИСКЛЮЧЕНИЕ PASS: 0 ложных из 216 судимых, несудимых 0; подсадок поймано 3 из 3
2026-09-06T17:58:32Z	indu_court.py	0	ПОСПЕШНОСТЬ PASS: 0 ложных из 102 судимых, несудимых 0; подсадок поймано 13 из 13
2026-09-06T17:58:33Z	analog_court.py	0	ПОДОБИЕ PASS: 0 ложных из 144 судимых, несудимых 0; подсадок поймано 3 из 3
2026-09-06T17:58:33Z	reply_court.py	0	ОТКЛИК PASS: 0 ложных из 54 судимых, несудимых 0; подсадок поймано 3 из 3
2026-09-06T17:59:59Z	register_pairs.py	0	ПАРА РЕГИСТРА PASS: пар 5298, одной дырой 4749 (89 %), дыр больше 549, ПОРОКОВ 0 (рубеж 0), без пары 0
2026-09-06T18:00:04Z	register_purity.py	0	ЧИСТОТА РЕГИСТРА: неформальных показов 21678, говорящих вежливо 0 (0 %), из них имеющих и вежливую пару 0; мест 0
2026-09-06T18:00:11Z	prefix_traps.py	0	ЛОВУШКА НАЧАЛА PASS: домов с судом по началу строки 0 (рубеж 0), проб 2280, пойманных удвоений 0
2026-09-06T18:00:17Z	sign_traps.py	0	ЛОВУШКА ЗНАКА PASS: домов, немеющих на подмене СВОЕГО знака, 0 (рубеж 0); проб 1231, поймано 1231, немых проб 0; палата ловит их все (замер 144 из 144)
2026-09-06T18:00:17Z	threshold_census.py	0	ПЕРЕПИСЬ ПОРОГОВ: именованных 34 (объявлено 27, храповиков 7, ВКУС 0); встроенных сравнений от трёх 108 (печать 157, без основания рядом 92 — ВЕРХНЯЯ ОЦЕНКА: строй и порог здесь не разделены); папки scripts courts
2026-09-06T18:00:18Z	denominator_census.py	0	ЧИСЛО БЕЗ ЗНАМЕНАТЕЛЯ PASS: приборов в леджере 187, строк без объёма 2, из них НУЛЕЙ без объёма 0 (рубеж 0)
2026-09-06T18:00:18Z	repeat_census.py	0	ПЕРЕПИСЬ ПОВТОРОВ: миров 203, строк 364367, уникальных 261342, копий 103025 (28 %), из них сверх LAW=2: 68089 (18 %); миров с копиями > 10 %: 87
2026-09-06T18:00:23Z	definitions_reach.py	0	СЛЕД РАЗБОРА ОПРЕДЕЛЕНИЙ: понятий 829, без определения 222, из них полка не знает 68, разбор остановился на названных воротах 154, причина не названа 0 (рубеж 0)
2026-09-06T18:00:24Z	copies_census.py	0	ПЕРЕПИСЬ КОПИЙ PASS: миров через слой 171, сверх LAW=2 0 (рубеж 0); строк 272910, различных 246790, копий 26120, многострочных 5; вне слоя миров 2 (копий 106670) — не судятся; сайдкар datasets/COPIES.tsv
2026-09-06T18:00:24Z	sweep_self.py	1	    pl · session-recall · X ma · 8
2026-09-06T18:37:11Z	court_reach.py	0	ДОСЯГАЕМОСТЬ СУДА PASS (вся палата; судов 160): миров 203, строк 364367, ЛЖЕЙ 0 (рубеж 0), слепых 0 (рубеж 0)
2026-09-06T18:37:15Z	holdout_key.py	0	КЛЮЧ СЛЕДУЮЩЕЙ ТОЧКИ PASS: вопросов 3620 (рубеж 1500), прожитых 0 (рубеж 0); по языкам de 396 en 408 es 402 fr 402 it 402 nl 402 pl 402 pt 402 ru 404; по глубине [0] 1154 [1] 1968 [2+] 498; домов 31; ключ datasets/HOLDOUT-KEY-NEXT.tsv
2026-09-06T18:37:16Z	holdforms_court.py	0	ДЕРЖАНИЯ БЕЗ ГЛАГОЛА PASS: 0 ложных из 5703 судимых, несудимых 0; подсадок поймано 12 из 12
2026-09-06T18:37:17Z	cmpframes_court.py	0	РАМКИ СРАВНЕНИЯ PASS: 0 ложных из 6480 судимых, несудимых 0; подсадок поймано 11 из 11
2026-09-06T18:37:18Z	sceneforms_court.py	0	СЦЕНА PASS: 0 ложных из 3818 судимых, несудимых 0; подсадок поймано 8 из 8
2026-09-06T18:37:19Z	toolforms_court.py	0	ИНСТРУМЕНТ PASS: 0 ложных из 2907 судимых, несудимых 0; подсадок поймано 8 из 8
2026-09-06T18:37:21Z	verifyforms_court.py	0	ВЕРИФИКАЦИЯ PASS: 0 ложных из 3285 судимых, несудимых 0; подсадок поймано 7 из 7
2026-09-06T18:37:22Z	planforms_court.py	0	ПЛАН PASS: 0 ложных из 2520 судимых, несудимых 0; подсадок поймано 9 из 9
2026-09-06T18:37:23Z	episodeforms_court.py	0	ЭПИЗОД PASS: 0 ложных из 5229 судимых, несудимых 0; подсадок поймано 8 из 8
2026-09-06T18:37:26Z	summaryforms_court.py	0	СВОДКА PASS: 0 ложных из 6102 судимых, несудимых 0; подсадок поймано 8 из 8
2026-09-06T18:37:27Z	opforms_court.py	0	ОПЕРАЦИЯ PASS: 0 ложных из 3780 судимых, несудимых 0; подсадок поймано 8 из 8
2026-09-06T18:37:27Z	readnum_court.py	0	ЧИСЛО PASS: 0 ложных из 3240 судимых, несудимых 0; подсадок поймано 8 из 8
2026-09-06T18:37:28Z	mandateforms_court.py	0	МАНДАТ PASS: 0 ложных из 2268 судимых, несудимых 0; подсадок поймано 8 из 8
2026-09-06T18:37:30Z	personforms_court.py	0	ЛИЧНОСТЬ PASS: 0 ложных из 3240 судимых, несудимых 0; подсадок поймано 8 из 8
2026-09-06T18:37:31Z	selfmodelforms_court.py	0	САМОМОДЕЛЬ PASS: 0 ложных из 2097 судимых, несудимых 0; подсадок поймано 8 из 8
2026-09-06T18:37:32Z	signedworld_court.py	0	ЗНАК PASS: 0 ложных из 1296 судимых, несудимых 0; подсадок поймано 8 из 8
2026-09-06T18:37:33Z	beforetails_court.py	0	ХВОСТ PASS: 0 ложных из 3600 судимых, несудимых 0; подсадок поймано 8 из 8
2026-09-06T18:37:33Z	discountroad_court.py	0	СКИДКА PASS: 0 ложных из 2808 судимых, несудимых 0; подсадок поймано 8 из 8
2026-09-06T18:37:36Z	nomention_court.py	0	НЕНАЗВАННОЕ PASS: 0 ложных из 2160 судимых, несудимых 0; подсадок поймано 8 из 8
2026-09-06T18:37:37Z	clockforms_court.py	0	ЧАСЫ PASS: 0 ложных из 1053 судимых, несудимых 0; подсадок поймано 8 из 8
2026-09-06T18:37:38Z	mixedunits_court.py	0	МЕРА PASS: 0 ложных из 864 судимых, несудимых 0; подсадок поймано 8 из 8
2026-09-06T18:37:39Z	dateforms_court.py	0	ДАТА PASS: 0 ложных из 480 судимых, несудимых 0; подсадок поймано 8 из 8
2026-09-06T18:37:39Z	clockwords_court.py	0	ЧАСЫ СЛОВОМ PASS: 0 ложных из 378 судимых, несудимых 0; подсадок поймано 8 из 8
2026-09-06T18:37:40Z	speedforms_court.py	0	СКОРОСТЬ PASS: 0 ложных из 432 судимых, несудимых 0; подсадок поймано 8 из 8
2026-09-06T18:37:40Z	roundforms_court.py	0	ОКРУГЛЕНИЕ PASS: 0 ложных из 432 судимых, несудимых 0; подсадок поймано 8 из 8
2026-09-06T18:37:41Z	orderforms_court.py	0	ПОРЯДОК PASS: 0 ложных из 792 судимых, несудимых 0; подсадок поймано 8 из 8
2026-09-06T18:37:41Z	quantforms_court.py	0	КВАНТОР PASS: 0 ложных из 648 судимых, несудимых 0; подсадок поймано 8 из 8
2026-09-06T18:37:41Z	roman_court.py	0	РИМСКОЕ PASS: 0 ложных из 387 судимых, несудимых 0; подсадок поймано 8 из 8
2026-09-06T18:37:41Z	place_court.py	0	МЕСТО PASS: 0 ложных из 1296 судимых, несудимых 0; подсадок поймано 8 из 8
2026-09-06T18:37:42Z	unitfrac_court.py	0	ДРОБЬ ЕДИНИЦЫ PASS: 0 ложных из 198 судимых, несудимых 0; подсадок поймано 8 из 8
2026-09-06T18:37:43Z	enough_court.py	0	ХВАТИТ PASS: 0 ложных из 324 судимых, несудимых 0; подсадок поймано 8 из 8
2026-09-06T18:37:44Z	numphrase_court.py	0	ФРАЗА ЧИСЛА PASS: 0 ложных из 225 судимых, несудимых 0; подсадок поймано 9 из 9, свободного числа нет (1 язык двигает глагол из 9)
2026-09-06T18:37:44Z	kinbearer_court.py	0	РОДСТВЕННИК PASS: 0 ложных из 486 судимых, несудимых 0; подсадок поймано 9 из 9, носитель не свободен (9 языков × 4 чужих слова)
2026-09-06T18:37:44Z	pronobject_court.py	0	МЕСТОИМЕНИЕ-ОБЪЕКТ PASS: 0 ложных из 864 судимых, несудимых 0; подсадок поймано 9 из 9, род местоимения различают 6 языка из 9
2026-09-06T18:37:45Z	proform_court.py	0	ПРО-ФОРМА PASS: 0 ложных из 288 судимых, несудимых 0; подсадок поймано 9 из 9, род при опущенном имени метят 4 языка из 9
2026-09-06T18:37:46Z	degrees_court.py	0	СТЕПЕНИ PASS: 0 ложных из 270 судимых, несудимых 0; подсадок поймано 8 из 8
2026-09-06T18:37:47Z	actturn_court.py	0	АКТ PASS: 0 ложных из 414 судимых, несудимых 0; подсадок поймано 8 из 8
2026-09-06T18:37:48Z	tempscale_court.py	0	ШКАЛА PASS: 0 ложных из 198 судимых, несудимых 0; подсадок поймано 8 из 8
2026-09-06T18:37:48Z	action_measure_court.py	0	МЕРА ДЕЙСТВИЯ PASS: 0 ложных из 234 судимых, несудимых 0; подсадок поймано 6 из 6
2026-09-06T18:37:48Z	numberline_court.py	0	ЧИСЛОВОЙ РЯД PASS: 0 ложных из 5256 судимых, несудимых 0; подсадок поймано 6 из 6
2026-09-06T18:37:48Z	countfacts_court.py	0	СЧЁТНЫЕ ФАКТЫ PASS: 0 ложных из 243 судимых, несудимых 0; подсадок поймано 6 из 6
2026-09-06T18:37:49Z	letters_court.py	0	БУКВЫ PASS: 0 ложных из 360 судимых, несудимых 0; подсадок поймано 5 из 5
2026-09-06T18:37:49Z	propcompare_court.py	0	СРАВНЕНИЕ СВОЙСТВ PASS: 0 ложных из 200 судимых, несудимых 0; подсадок поймано 4 из 4
2026-09-06T18:37:49Z	price_court.py	0	ЦЕНА PASS: 0 ложных из 378 судимых, несудимых 0; подсадок поймано 4 из 4
2026-09-06T18:37:49Z	translate_court.py	0	ПЕРЕВОД PASS: 0 ложных из 792 судимых, несудимых 0; подсадок поймано 4 из 4
2026-09-06T18:37:50Z	timeunits_court.py	0	ЕДИНИЦЫ ВРЕМЕНИ PASS: 0 ложных из 420 судимых, несудимых 0; подсадок поймано 3 из 3
2026-09-06T18:37:50Z	svamp_court.py	0	ФОРМЫ SVAMP PASS: 0 ложных из 5362 судимых, несудимых 0; подсадок поймано 10 из 10
2026-09-06T18:37:51Z	measure_langs_court.py	0	МЕРА ДЕЙСТВИЯ НА ЯЗЫКАХ PASS: 0 ложных из 462 судимых, несудимых 0; подсадок поймано 4 из 4
2026-09-06T18:53:47Z	arith_court.py	0	АРИФМЕТИКА PASS: 0 ложных равенств из 135038 судимых (203 файлов, неразобрано 118549)
2026-09-06T18:53:50Z	algo_court.py	0	АЛГОРИТМЫ PASS: 0 ложных утверждений из 2982 судимых (203 файлов)
2026-09-06T18:55:40Z	formula_court.py	0	ФОРМУЛЫ PASS: 0 ложных записей из 2903 судимых (203 файлов)
2026-09-06T18:55:44Z	logic_court.py	0	ЛОГИКА PASS: 0 ложных утверждений из 734 судимых (203 файлов)
2026-09-06T18:55:45Z	physics_court.py	0	ФИЗИКА PASS: 0 ложных утверждений из 1240 судимых (203 файлов)
2026-09-06T18:55:48Z	cyber_court.py	0	КИБЕРНЕТИКА PASS: 0 ложных утверждений из 1270 судимых (203 файлов)
2026-09-06T18:55:51Z	agreement_court.py	0	СОГЛАСОВАНИЕ PASS: 0 рассогласований при рубеже 0 (4129 верных, 203 файлов, закон 2)
2026-09-06T18:55:52Z	notation_court.py	0	ЗАПИСЬ PASS: 0 ложных записей из 566 судимых (203 файлов)
2026-09-06T18:55:54Z	unit_court.py	0	ЕДИНИЦЫ PASS: 0 ложных переводов из 666 судимых (203 файлов)
2026-09-06T18:55:55Z	number_court.py	0	ЧИСЛА PASS: 0 ложных из 4220 судимых (203 файлов)
2026-09-06T18:55:57Z	inquiry_court.py	0	ДОЗНАНИЕ PASS: 0 ложных из 3915 судимых (203 файлов)
2026-09-06T18:55:58Z	surfaces_court.py	0	ПОВЕРХНОСТИ PASS: 0 ложных из 2200 судимых (203 файлов)
2026-09-06T18:55:59Z	markdown_court.py	0	РАЗМЕТКА-ПОЛНАЯ PASS: 0 ложных из 3848 судимых (203 файлов, обратимость дома цела)
2026-09-06T18:55:59Z	doctree_court.py	0	СТРУКТУРА PASS: 0 ложных из 516 судимых (203 файлов, дерево обратимо)
2026-09-06T18:56:01Z	rates_court.py	0	СТАВКИ PASS: 0 ложных из 758 судимых (203 файлов)
2026-09-06T18:56:03Z	formula_lang_court.py	0	КОНВЕРСИЯ PASS: 0 ложных из 2583 судимых (203 файлов)
2026-09-06T18:56:05Z	percent_court.py	0	ПРОЦЕНТЫ PASS: 0 ложных из 560 судимых (203 файлов)
2026-09-06T18:56:06Z	average_court.py	0	СВОДКА PASS: 0 ложных из 1300 судимых (203 файлов)
2026-09-06T18:56:10Z	equation_court.py	0	УРАВНЕНИЕ PASS: 0 ложных из 3340 судимых (203 файлов)
2026-09-06T18:56:11Z	dataformat_court.py	0	ФОРМАТЫ PASS: 0 ложных из 640 судимых (203 файлов, обратимость дома цела)
2026-09-06T18:56:15Z	everyday_court.py	0	БЫТ PASS: 0 ложных из 4510 судимых (203 файлов)
2026-09-06T18:56:15Z	story_chain_court.py	0	ЦЕПОЧКА PASS: 0 ложных из 890 судимых (203 файлов)
2026-09-06T18:56:16Z	age_court.py	0	ВОЗРАСТ PASS: 0 ложных из 900 судимых (203 файлов)
2026-09-06T18:56:18Z	halves_court.py	0	ПОЛОВИНЫ PASS: 0 ложных из 1030 судимых (203 файлов)
2026-09-06T18:56:20Z	inquiry_de_fr_court.py	0	ДОЗНАНИЕ-DE-FR PASS: 0 ложных из 2108 судимых (203 файлов)
2026-09-06T18:56:21Z	ru_conversion_court.py	0	РУССКИЙ ПЕРЕВОД PASS: 0 ложных из 68 судимых (203 файлов)
2026-09-06T18:56:21Z	selfmeasure_court.py	0	РАССКАЗ О СЕБЕ PASS: 0 ложных из 59 судимых (203 файлов)
2026-09-06T18:56:21Z	ru_compare_court.py	0	РУССКОЕ СРАВНЕНИЕ PASS: 0 ложных из 150 судимых (203 файлов)
2026-09-06T18:56:22Z	ru_story_court.py	0	РУССКАЯ ЗАДАЧА PASS: 0 ложных из 658 судимых (203 файлов)
2026-09-06T18:56:24Z	inquiry_es_it_court.py	0	ДОЗНАНИЕ-ES-IT PASS: 0 ложных из 1480 судимых (203 файлов)
2026-09-06T18:56:26Z	share_court.py	0	ДОЛЯ PASS: 0 ложных из 2376 судимых (203 файлов)
2026-09-06T18:56:28Z	compare_mult_court.py	0	КРАТНОЕ PASS: 0 ложных из 2797 судимых (203 файлов)
2026-09-06T18:56:31Z	sequence_court.py	0	ПОСЛЕДОВАТЕЛЬНОСТИ PASS: 0 ложных из 2616 судимых (203 файлов)
2026-09-06T18:56:34Z	geometry_court.py	0	ГЕОМЕТРИЯ PASS: 0 ложных из 2438 судимых (203 файлов)
2026-09-06T18:56:36Z	linalg_court.py	0	ВЕКТОР PASS: 0 ложных из 3726 судимых (203 файлов)
2026-09-06T18:56:37Z	calendar_court.py	0	КАЛЕНДАРЬ PASS: 0 ложных из 846 судимых (203 файлов)
2026-09-06T18:56:39Z	speech_court.py	0	РЕЧЬ PASS: 0 ложных из 1960 судимых (203 файлов)
2026-09-06T18:56:43Z	rugram_court.py	0	РУССКОЕ СОГЛАСОВАНИЕ PASS: 0 ложных из 17989 судимых (203 файлов)
2026-09-06T18:56:45Z	physlaw_court.py	0	ЗАКОНЫ ФИЗИКИ PASS: 0 ложных из 840 судимых (203 файлов)
2026-09-06T18:56:48Z	compsci_court.py	0	ИНФОРМАТИКА PASS: 0 ложных из 1368 судимых (203 файлов)
2026-09-06T18:56:49Z	case_court.py	0	ПАДЕЖ PASS: 0 ложных из 1006 судимых (203 файлов)
2026-09-06T18:56:50Z	valence_court.py	0	ОЦЕНКА PASS: 0 ложных из 1256 судимых (203 файлов)
2026-09-06T18:56:52Z	shadow_court.py	0	ЗАТЕНЕНИЕ PASS: 0 имён определены дважды (549 файлов, рубеж 0)
2026-09-06T18:57:33Z	syllabus_court.py	0	ПОЛНОТА PASS: 0 предметов свода не покрыты из 62 (рубеж 0, 203 файлов)
2026-09-06T18:57:51Z	richness_court.py	0	БОГАТСТВО[показано] PASS: не показаны 0 форм из 20 и 0 стыков из 6 (рубеж 0, 203 файлов); КУПЛЕНО и ИСПОЛНЕНО мерятся на стороне организма
2026-09-06T18:58:03Z	langpack_court.py	0	ЯЗЫКИ PASS: 29 зелёных из 29, красных 0 (рубеж 6)
2026-09-06T18:58:03Z	langrule_court.py	0	ПРАВИЛО ЯЗЫКА PASS: 0 разладов формы с правилом из 1014 сверенных (19 пакетов с правилом из 29)
2026-09-06T19:05:48Z	claims_court.py	1	РОДЫ FAIL: 56 строк прочтены НЕ ХОЗЯИНОМ рода из 39669 с видимым родом (рубеж 0, 203 файлов, родов объявлено 4)
2026-09-06T19:05:50Z	program_court.py	0	ПРОГРАММЫ PASS: 0 ложных из 1078 судимых (203 файлов)
2026-09-06T19:05:54Z	statistics_court.py	0	СТАТИСТИКА PASS: 0 ложных из 1180 судимых (203 файлов)
2026-09-06T19:05:56Z	proof_court.py	0	ДОКАЗАТЕЛЬСТВО PASS: 0 ложных из 663 судимых (203 файлов)
2026-09-06T19:05:58Z	machine_court.py	0	МАШИНА PASS: 0 ложных из 1846 судимых (203 файлов)
2026-09-06T19:06:06Z	episode_court.py	0	ЭПИЗОД PASS: 0 ложных из 10323 судимых (203 файлов), вне владения 12 слов: ['day', 'dollar', 'foot', 'hour', 'kilometer']
2026-09-06T19:06:09Z	copula_court.py	0	СВЯЗКИ PASS: 0 ложных из 500 судимых (203 файлов), НЕЗНАКОМЫХ ПАР 36313: ["cause: philosophy is literally, the love of, including the search after, wisdom; in actual usage, the knowledge of phenomena as explained by, and resolved into, / and reasons, powers and laws: webster's unabridged dictionary, 1913", 'cause: электричество — это то, содержащееся в теле, что сообщает этому телу особые свойства, / в нем способность действовать механически на некоторые другие тела, притягивать или при известных условиях отталкивать их, а также вызывает в самом этом теле способность испытывать подобные же механические действия других тел: эсбе, статья «электричество»', 'contain: does the node body contain the node liquid? in the tree of kinds the node body / the node liquid']
2026-09-06T19:06:12Z	markup_court.py	0	РАЗМЕТКА PASS: 0 ложных из 3830 судимых (203 файлов)
2026-09-06T19:06:26Z	langlayer_court.py	0	ПЛАСТ PASS: 0 необъявленных слов (88722 строк, 29 пластов)
2026-09-06T19:06:26Z	langform_court.py	0	ФОРМА ПЛАСТА PASS: 0 ложных из 70003 судимых (88722 строк пласта, 29 пластов, дословных 940, рамок без опознавателя 3, рубеж 0)
2026-09-06T19:06:26Z	gsm_census.py	0	GSM-CENSUS PASS: 0 расхождений (72 выведено, 69 в слое, 3 удержано)
2026-09-06T19:08:05Z	reproducible.py	0	ВОСПРОИЗВОДИМОСТЬ PASS: 0 расхождений из 173 сличённых (без объявленной цели 0, рубеж 0)
2026-09-06T19:08:05Z	bash32_court.py	0	BASH32-COURT PASS: ни одного имени, съедаемого bash 3.2; скриптов проверено: 5
2026-09-06T19:08:06Z	manifest_court.py	0	МАНИФЕСТ PASS: 0 разладов объявления с делом (416 миров, сборок 6, обязательств дела 228)
2026-09-06T19:36:41Z	prose_court.py	1	ПРОЗА FAIL: 0 разладов объявления (рубеж 0) и 515 возражений судов (рубеж 12, чтение вне подсудности) — 207 миров, 1171830 строк, прочтено 2430 (0%), судов живых 160
2026-09-06T19:36:46Z	mutants.py	0	МУТАНТЫ PASS: 9 полей из 9 поймали свою подсадку, чужих задето 0
2026-09-06T19:36:47Z	lexicon_reach.py	0	ОХВАТ PASS: 366 из 366 объявленных слов прожиты >=2 раз (100% при рубеже 100%)
2026-09-06T19:36:49Z	inquiry_pt_nl_court.py	0	ДОЗНАНИЕ-PT-NL PASS: 0 ложных из 2108 судимых (203 файлов)
2026-09-06T19:36:51Z	inquiry_pl_tr_court.py	0	ДОЗНАНИЕ-PL-TR PASS: 0 ложных из 1537 судимых (203 файлов)
2026-09-06T19:36:56Z	metalang_court.py	0	МЕТАЯЗЫК PASS: 0 ложных из 1849 судимых (203 файлов)
2026-09-06T19:36:56Z	glyph_court.py	0	ГЛИФЫ PASS: 0 ложных, 1101 истинных, 0 несудимых
2026-09-06T19:36:56Z	space_court.py	0	ПРОСТРАНСТВО PASS: 0 ложных, 2301 истинных, 0 несудимых
2026-09-06T19:36:56Z	stenogram_court.py	0	СТЕНОГРАММЫ PASS: 0 ложных, 550 истинных, 0 несудимых
2026-09-06T19:36:56Z	mathspaces_court.py	0	ПРОСТРАНСТВА PASS: 0 ложных, 814 истинных, 0 несудимых
2026-09-06T19:36:57Z	gsmforms_court.py	0	ШКОЛЬНЫЕ ФОРМЫ PASS: 0 ложных, 2511 истинных, 0 несудимых
2026-09-06T19:37:06Z	definitions_court.py	0	ОПРЕДЕЛЕНИЯ PASS: 0 ложных, 2141 истинных, 0 несудимых
2026-09-06T19:37:06Z	pronoun_court.py	0	МЕСТОИМЕНИЯ PASS: 0 ложных из 480 судимых, несудимых 0
2026-09-06T19:37:06Z	money_court.py	0	ДЕНЬГИ PASS: 0 ложных из 450 судимых, несудимых 0
2026-09-06T19:37:07Z	holes_court.py	0	ДЫРЫ PASS: 0 ложных из 6100 судимых, несудимых 0
2026-09-06T19:37:07Z	money_langs_court.py	0	ДЕНЬГИ НА ЯЗЫКАХ PASS: 0 ложных из 1188 судимых, несудимых 0
2026-09-06T19:37:07Z	geometry_langs_court.py	0	ГЕОМЕТРИЯ НА ЯЗЫКАХ PASS: 0 ложных из 960 судимых, несудимых 0
2026-09-06T19:37:07Z	units_langs_court.py	0	ЕДИНИЦЫ НА ЯЗЫКАХ PASS: 0 ложных из 640 судимых, несудимых 0
2026-09-06T19:37:07Z	stats_langs_court.py	0	СВОДКА НА ЯЗЫКАХ PASS: 0 ложных из 480 судимых, несудимых 0
2026-09-06T19:37:08Z	calendar_langs_court.py	0	НЕДЕЛЯ НА ЯЗЫКАХ PASS: 0 ложных из 1120 судимых, несудимых 0
2026-09-06T19:37:08Z	sequences_langs_court.py	0	ПРОГРЕССИИ НА ЯЗЫКАХ PASS: 0 ложных из 320 судимых, несудимых 0
2026-09-06T19:37:08Z	compare_langs_court.py	0	СРАВНЕНИЕ НА ЯЗЫКАХ PASS: 0 ложных из 480 судимых, несудимых 0
2026-09-06T19:37:08Z	share_langs_court.py	0	ДОЛИ НА ЯЗЫКАХ PASS: 0 ложных из 560 судимых, несудимых 0
2026-09-06T19:37:08Z	physics_langs_court.py	0	ФИЗИКА НА ЯЗЫКАХ PASS: 0 ложных из 480 судимых, несудимых 0
2026-09-06T19:37:12Z	relation_court.py	0	СТРОЕНИЕ PASS: 0 ложных из 2084 судимых (203 файлов, структуры обходимы)
2026-09-06T19:42:13Z	court_mutants.py	0	МУТАНТЫ СУДОВ PASS: 143 поймали, 0 онемели, 0 не поймали (рубеж 1), 1 со свободным числом, 15 без числовой истинной строки, 0 без истинной строки вовсе (судов 159)
2026-09-06T19:42:15Z	panel_court.py	0	СОСТАВ PASS: 0 расхождений (рубеж 0) — палата: судов живых 160, незаявленных 0, призраков 0; набор: приборов 91, вне набора 0, призраков 0
2026-09-06T19:42:18Z	concept_reach.py	0	ОХВАТ ПОНЯТИЯ PASS: 3812 из 22032 предметов показаны (17%); не показано из НАШИХ сводов 4979 (рубеж 6556), из полки 13241 — 207 корпусов прозы, отсеяно рубрик 670, слов в показах 16730
2026-09-06T19:43:24Z	ask_reach.py	0	ВОПРОСНАЯ ПОВЕРХНОСТЬ ОТЧЁТ: 203 из 203 миров спрашивают, только сообщают 0; вопросных строк 225328 из 364367 (61%); миров с непроверяемым вопросом 0
2026-09-06T19:43:25Z	band_reach.py	0	МИР × ПОЛОСА ОТЧЁТ: строк реестра 46, исполнимых опознаний 29, расхождений записи 3, родов без мира 14; миров показов 203, из них без полосы 192; полос в реестре 5
2026-09-06T19:43:26Z	biblio_reach.py	0	БИБЛИОТЕКА PASS: названо 1684 источников (12 трудов по заглавию, 1672 по автору с годом), НЕТ НА ПОЛКЕ 1549 — из них свободно по праву 320, защищено 1223; корпусов прозы 7
2026-09-06T19:43:29Z	ruverbs_court.py	0	РУССКИЕ ГЛАГОЛЫ PASS: 0 ложных из 881 судимых (416 файлов, рубеж 0)
2026-09-06T19:43:38Z	script_court.py	0	ПИСЬМО PASS: 0 смешанных слов в 364367 строках показов (203 файлов, рубеж 0)
2026-09-06T19:44:58Z	word_mutants.py	0	ПОДСАДКА СЛОВОМ PASS: проб 1856 — ПОЙМАН 1650 (88%), ОНЕМЕЛ 146 (7%), НЕ ПОЙМАН 60 (3%); строк без слова 13741; миров с дырой 22
2026-09-06T19:46:19Z	verdict_cover.py	0	ПОКРЫТИЕ ВЕРДИКТА PASS: строк 173, слов 876 — ЧИТАНО 731 (83%), НЕМО 64 (7%), СЛЕПО 81 (9%, рубеж 343); судов со слепыми словами 22 из 78
2026-09-06T19:47:31Z	sentence_cover.py	0	ПОКРЫТИЕ ПРЕДЛОЖЕНИЯМИ PASS: строк о двух и более предложениях 355 — покрыты предложениями 316 (89%), покрыты вопросной половиной пары 31 (8%), покрыты ОБЪЯВЛЕННЫМ ПРЕДМЕТОМ 8 (2%), НЕ ПОКРЫТО НИЧЕМ 0 (0%, рубеж 0) в 0 мирах; форм предмета объявлено 65, из них без дела 0
2026-09-06T19:54:41Z	shelf_court.py	1	ПОЛКА FAIL: 19 разладов объявления с делом (рубеж 0), никем не читаемых 173 миров, недоговорено 7 — оба числа считаны, но не судимы — 200 миров полки, судов живых 160
2026-09-06T19:59:36Z	ask_width.py	0	ШИРОТА ВОПРОСА PASS: 8446 из 9184 родов суда имеют вопросную поверхность (91%); БЕЗ ВОПРОСА 738 (рубеж 738) — от судов 738, от манифеста 0; роды объявлены судами (83 из 163, образцов 9929, вопросных слов от пакетов 261); от манифеста 0 актов в 0 мирах — с вопросом 0, без 0, не разрешено 0; строк без рода 93690 из 364367
2026-09-06T19:59:39Z	notationvar_court.py	0	НАЧЕРТАНИЕ PASS: 0 ложных из 24031 судимых (416 файлов, рубеж 0)
2026-09-06T20:01:30Z	prosetree_court.py	0	ДЕРЕВО ПРОЗЫ PASS: 51 ложных из 11352 судимых (207 файлов)
2026-09-06T20:01:31Z	longdiv_court.py	0	УГОЛ PASS: 0 ложных из 1322 судимых (203 файлов)
2026-09-06T20:03:37Z	form_census.py	0	ПЕРЕПИСЬ ФОРМ ОТЧЁТ: строк 364367, рамок 96808 (масса ≥ 9: 10029), родов 52538 (масса ≥ 9: 11024); минимальный корпус при массе 9: 260294 строк по рамкам (71 %), 191891 по родам (52 %); насыщение: последняя доля даёт 143 новых рамок и 0 новых РОДОВ на тысячу строк
2026-09-06T20:03:38Z	verbthings_court.py	0	ГЛАГОЛ–ВЕЩЬ PASS: 0 чужих пар глагол–вещь в 364367 строках показов (203 файлов, рубеж 0)
2026-09-06T20:43:56Z	coverage.py	1	СУДИМОСТЬ FAIL: 364283 из 364367 строк судимы (99% при рубеже 100%, судов живых 160), слепых 84, зачтено словарём пакета 0 (0% свода, долг 0)
2026-09-06T20:43:56Z	behavior_court.py	0	ПОВЕДЕНЧЕСКИЕ ЗАКОНЫ PASS: 0 ложных из 1608 судимых, несудимых 0
2026-09-06T20:43:56Z	topics_court.py	0	БЫТОВЫЕ ТЕМЫ PASS: 0 ложных из 1104 судимых, несудимых 0
2026-09-06T20:43:57Z	nature_court.py	0	ПРИРОДА PASS: 0 ложных из 868 судимых, несудимых 0
2026-09-06T20:43:57Z	links_court.py	0	СВЯЗКИ РАЗГОВОРА PASS: 0 ложных из 17566 судимых, несудимых 0
2026-09-06T20:43:57Z	scale_court.py	0	ШКАЛА PASS: 0 ложных из 747 судимых, несудимых 0
2026-09-06T20:43:57Z	opposites_court.py	0	ПРОТИВОПОЛОЖНОСТИ PASS: 0 ложных из 648 судимых, несудимых 0
2026-09-06T20:43:58Z	roles_court.py	0	РОЛЕВЫЕ ВОПРОСЫ PASS: 0 ложных из 135 судимых, несудимых 0
2026-09-06T20:43:58Z	joints_court.py	0	СОЧЛЕНЕНИЯ PASS: 0 ложных из 2700 судимых, несудимых 0
2026-09-06T20:43:58Z	dialogue_court.py	0	РЕЧЕВОЙ ОБИХОД PASS: 0 ложных из 2052 судимых, несудимых 0
2026-09-06T20:43:59Z	worldfacts_court.py	0	ФАКТЫ МИРА PASS: 0 ложных из 2779 судимых, несудимых 0, двойников чужих миров 0
2026-09-06T20:43:59Z	infer_court.py	0	СТРОГИЙ ВЫВОД PASS: 0 ложных из 1080 судимых, несудимых 0; подсадок поймано 5 из 5
2026-09-06T20:44:00Z	circle_probe.py	0	КРУГ PASS: 0 кругов из 3774 причинных ответов (190324 вопросных строк всего); отказов 1724, из них БЕЗ ОСНОВАНИЯ 0; отрицаний 14026, из них БЕЗ ОСНОВАНИЯ 0; подсадок поймано 2 из 2, ложных тревог 0
2026-09-06T20:44:00Z	agree_probe.py	0	СОГЛАСИЕ ДОМОВ PASS: 0 споров из 12 предметов, о которых говорит больше одного дома (всего предметов 708, домов сличено 3); подсадка сходится; разный уровень ОДНОЙ лестницы (согласие) 6
2026-09-06T20:44:00Z	shelf_declare.py	0	ПОЛКА БЕЗ ОБЪЯВЛЕНИЯ PASS: 0 книг лежали на диске без записи (в договоре 21, в манифесте 416 миров)
2026-09-06T20:46:02Z	house_reach.py	0	  истина fracforms признаёт numberline: 10
2026-09-06T20:46:03Z	head_census.py	0	ПЕРЕПИСЬ ГОЛОВ: голов 2450 на 188845 вопросных строк (по 2 слова); ОДИНОЧЕК 366 (14 %), они несут 366 строк — столько же, сколько голов
2026-09-06T20:46:04Z	form_matrix.py	0	ЩЕРБАТОСТЬ ДОМОВ: 1 щербатых форм из 157 (0 %), домов 23
2026-09-06T20:46:04Z	disj_court.py	0	ИСКЛЮЧЕНИЕ PASS: 0 ложных из 216 судимых, несудимых 0; подсадок поймано 3 из 3
2026-09-06T20:46:04Z	indu_court.py	0	ПОСПЕШНОСТЬ PASS: 0 ложных из 102 судимых, несудимых 0; подсадок поймано 13 из 13
2026-09-06T20:46:04Z	analog_court.py	0	ПОДОБИЕ PASS: 0 ложных из 144 судимых, несудимых 0; подсадок поймано 3 из 3
2026-09-06T20:46:04Z	reply_court.py	0	ОТКЛИК PASS: 0 ложных из 54 судимых, несудимых 0; подсадок поймано 3 из 3
2026-09-06T20:47:08Z	register_pairs.py	0	ПАРА РЕГИСТРА PASS: пар 5298, одной дырой 4749 (89 %), дыр больше 549, ПОРОКОВ 0 (рубеж 0), без пары 0
2026-09-06T20:47:13Z	register_purity.py	0	ЧИСТОТА РЕГИСТРА: неформальных показов 21678, говорящих вежливо 0 (0 %), из них имеющих и вежливую пару 0; мест 0
2026-09-06T20:47:17Z	prefix_traps.py	0	ЛОВУШКА НАЧАЛА PASS: домов с судом по началу строки 0 (рубеж 0), проб 2280, пойманных удвоений 0
2026-09-06T20:47:21Z	sign_traps.py	0	ЛОВУШКА ЗНАКА PASS: домов, немеющих на подмене СВОЕГО знака, 0 (рубеж 0); проб 1231, поймано 1231, немых проб 0; палата ловит их все (замер 144 из 144)
2026-09-06T20:47:21Z	threshold_census.py	0	ПЕРЕПИСЬ ПОРОГОВ: именованных 34 (объявлено 27, храповиков 7, ВКУС 0); встроенных сравнений от трёх 108 (печать 157, без основания рядом 92 — ВЕРХНЯЯ ОЦЕНКА: строй и порог здесь не разделены); папки scripts courts
2026-09-06T20:47:22Z	denominator_census.py	0	ЧИСЛО БЕЗ ЗНАМЕНАТЕЛЯ PASS: приборов в леджере 187, строк без объёма 2, из них НУЛЕЙ без объёма 0 (рубеж 0)
2026-09-06T20:47:22Z	repeat_census.py	0	ПЕРЕПИСЬ ПОВТОРОВ: миров 203, строк 364367, уникальных 261342, копий 103025 (28 %), из них сверх LAW=2: 68089 (18 %); миров с копиями > 10 %: 87
2026-09-06T20:47:25Z	definitions_reach.py	0	СЛЕД РАЗБОРА ОПРЕДЕЛЕНИЙ: понятий 829, без определения 222, из них полка не знает 68, разбор остановился на названных воротах 154, причина не названа 0 (рубеж 0)
2026-09-06T20:47:26Z	copies_census.py	0	ПЕРЕПИСЬ КОПИЙ PASS: миров через слой 171, сверх LAW=2 0 (рубеж 0); строк 272910, различных 246790, копий 26120, многострочных 5; вне слоя миров 2 (копий 106670) — не судятся; сайдкар datasets/COPIES.tsv
2026-09-06T20:47:26Z	sweep_self.py	1	    pl · session-recall · X ma · 8
2026-09-06T21:29:38Z	court_reach.py	1	ДОСЯГАЕМОСТЬ СУДА FAIL (вся палата; судов 160): миров 203, строк 364367, ЛЖЕЙ 0 (рубеж 0), слепых 84 (рубеж 0)
2026-09-06T21:29:42Z	holdout_key.py	0	КЛЮЧ СЛЕДУЮЩЕЙ ТОЧКИ PASS: вопросов 3620 (рубеж 1500), прожитых 0 (рубеж 0); по языкам de 396 en 408 es 402 fr 402 it 402 nl 402 pl 402 pt 402 ru 404; по глубине [0] 1154 [1] 1968 [2+] 498; домов 31; ключ datasets/HOLDOUT-KEY-NEXT.tsv
2026-09-06T21:29:42Z	holdforms_court.py	0	ДЕРЖАНИЯ БЕЗ ГЛАГОЛА PASS: 0 ложных из 5703 судимых, несудимых 0; подсадок поймано 12 из 12
2026-09-06T21:29:43Z	cmpframes_court.py	0	РАМКИ СРАВНЕНИЯ PASS: 0 ложных из 6480 судимых, несудимых 0; подсадок поймано 11 из 11
2026-09-06T21:29:44Z	sceneforms_court.py	0	СЦЕНА PASS: 0 ложных из 3818 судимых, несудимых 0; подсадок поймано 8 из 8
2026-09-06T21:29:45Z	toolforms_court.py	0	ИНСТРУМЕНТ PASS: 0 ложных из 2907 судимых, несудимых 0; подсадок поймано 8 из 8
2026-09-06T21:29:46Z	verifyforms_court.py	0	ВЕРИФИКАЦИЯ PASS: 0 ложных из 3285 судимых, несудимых 0; подсадок поймано 7 из 7
2026-09-06T21:29:47Z	planforms_court.py	0	ПЛАН PASS: 0 ложных из 2520 судимых, несудимых 0; подсадок поймано 9 из 9
2026-09-06T21:29:48Z	episodeforms_court.py	0	ЭПИЗОД PASS: 0 ложных из 5229 судимых, несудимых 0; подсадок поймано 8 из 8
2026-09-06T21:29:50Z	summaryforms_court.py	0	СВОДКА PASS: 0 ложных из 6102 судимых, несудимых 0; подсадок поймано 8 из 8
2026-09-06T21:29:50Z	opforms_court.py	0	ОПЕРАЦИЯ PASS: 0 ложных из 3780 судимых, несудимых 0; подсадок поймано 8 из 8
2026-09-06T21:29:51Z	readnum_court.py	0	ЧИСЛО PASS: 0 ложных из 3240 судимых, несудимых 0; подсадок поймано 8 из 8
2026-09-06T21:29:51Z	mandateforms_court.py	0	МАНДАТ PASS: 0 ложных из 2268 судимых, несудимых 0; подсадок поймано 8 из 8
2026-09-06T21:29:53Z	personforms_court.py	0	ЛИЧНОСТЬ PASS: 0 ложных из 3240 судимых, несудимых 0; подсадок поймано 8 из 8
2026-09-06T21:29:54Z	selfmodelforms_court.py	0	САМОМОДЕЛЬ PASS: 0 ложных из 2097 судимых, несудимых 0; подсадок поймано 8 из 8
2026-09-06T21:29:55Z	signedworld_court.py	0	ЗНАК PASS: 0 ложных из 1296 судимых, несудимых 0; подсадок поймано 8 из 8
2026-09-06T21:29:55Z	beforetails_court.py	0	ХВОСТ PASS: 0 ложных из 3600 судимых, несудимых 0; подсадок поймано 8 из 8
2026-09-06T21:29:55Z	discountroad_court.py	0	СКИДКА PASS: 0 ложных из 2808 судимых, несудимых 0; подсадок поймано 8 из 8
2026-09-06T21:29:57Z	nomention_court.py	0	НЕНАЗВАННОЕ PASS: 0 ложных из 2160 судимых, несудимых 0; подсадок поймано 8 из 8
2026-09-06T21:29:58Z	clockforms_court.py	0	ЧАСЫ PASS: 0 ложных из 1053 судимых, несудимых 0; подсадок поймано 8 из 8
2026-09-06T21:29:59Z	mixedunits_court.py	0	МЕРА PASS: 0 ложных из 864 судимых, несудимых 0; подсадок поймано 8 из 8
2026-09-06T21:29:59Z	dateforms_court.py	0	ДАТА PASS: 0 ложных из 480 судимых, несудимых 0; подсадок поймано 8 из 8
2026-09-06T21:30:00Z	clockwords_court.py	0	ЧАСЫ СЛОВОМ PASS: 0 ложных из 378 судимых, несудимых 0; подсадок поймано 8 из 8
2026-09-06T21:30:00Z	speedforms_court.py	0	СКОРОСТЬ PASS: 0 ложных из 432 судимых, несудимых 0; подсадок поймано 8 из 8
2026-09-06T21:30:01Z	roundforms_court.py	0	ОКРУГЛЕНИЕ PASS: 0 ложных из 432 судимых, несудимых 0; подсадок поймано 8 из 8
2026-09-06T21:30:01Z	orderforms_court.py	0	ПОРЯДОК PASS: 0 ложных из 792 судимых, несудимых 0; подсадок поймано 8 из 8
2026-09-06T21:30:01Z	quantforms_court.py	0	КВАНТОР PASS: 0 ложных из 648 судимых, несудимых 0; подсадок поймано 8 из 8
2026-09-06T21:30:01Z	roman_court.py	0	РИМСКОЕ PASS: 0 ложных из 387 судимых, несудимых 0; подсадок поймано 8 из 8
2026-09-06T21:30:01Z	place_court.py	0	МЕСТО PASS: 0 ложных из 1296 судимых, несудимых 0; подсадок поймано 8 из 8
2026-09-06T21:30:02Z	unitfrac_court.py	0	ДРОБЬ ЕДИНИЦЫ PASS: 0 ложных из 198 судимых, несудимых 0; подсадок поймано 8 из 8
2026-09-06T21:30:02Z	enough_court.py	0	ХВАТИТ PASS: 0 ложных из 324 судимых, несудимых 0; подсадок поймано 8 из 8
2026-09-06T21:30:03Z	numphrase_court.py	0	ФРАЗА ЧИСЛА PASS: 0 ложных из 225 судимых, несудимых 0; подсадок поймано 9 из 9, свободного числа нет (1 язык двигает глагол из 9)
2026-09-06T21:30:03Z	kinbearer_court.py	0	РОДСТВЕННИК PASS: 0 ложных из 486 судимых, несудимых 0; подсадок поймано 9 из 9, носитель не свободен (9 языков × 4 чужих слова)
2026-09-06T21:30:03Z	pronobject_court.py	0	МЕСТОИМЕНИЕ-ОБЪЕКТ PASS: 0 ложных из 864 судимых, несудимых 0; подсадок поймано 9 из 9, род местоимения различают 6 языка из 9
2026-09-06T21:30:04Z	proform_court.py	0	ПРО-ФОРМА PASS: 0 ложных из 288 судимых, несудимых 0; подсадок поймано 9 из 9, род при опущенном имени метят 4 языка из 9
2026-09-06T21:30:04Z	degrees_court.py	0	СТЕПЕНИ PASS: 0 ложных из 270 судимых, несудимых 0; подсадок поймано 8 из 8
2026-09-06T21:30:05Z	actturn_court.py	0	АКТ PASS: 0 ложных из 414 судимых, несудимых 0; подсадок поймано 8 из 8
2026-09-06T21:30:06Z	tempscale_court.py	0	ШКАЛА PASS: 0 ложных из 198 судимых, несудимых 0; подсадок поймано 8 из 8
2026-09-06T21:30:06Z	action_measure_court.py	0	МЕРА ДЕЙСТВИЯ PASS: 0 ложных из 234 судимых, несудимых 0; подсадок поймано 6 из 6
2026-09-06T21:30:06Z	numberline_court.py	0	ЧИСЛОВОЙ РЯД PASS: 0 ложных из 5256 судимых, несудимых 0; подсадок поймано 6 из 6
2026-09-06T21:30:07Z	countfacts_court.py	0	СЧЁТНЫЕ ФАКТЫ PASS: 0 ложных из 243 судимых, несудимых 0; подсадок поймано 6 из 6
2026-09-06T21:30:07Z	letters_court.py	0	БУКВЫ PASS: 0 ложных из 360 судимых, несудимых 0; подсадок поймано 5 из 5
2026-09-06T21:30:07Z	propcompare_court.py	0	СРАВНЕНИЕ СВОЙСТВ PASS: 0 ложных из 200 судимых, несудимых 0; подсадок поймано 4 из 4
2026-09-06T21:30:07Z	price_court.py	0	ЦЕНА PASS: 0 ложных из 378 судимых, несудимых 0; подсадок поймано 4 из 4
2026-09-06T21:30:07Z	translate_court.py	0	ПЕРЕВОД PASS: 0 ложных из 792 судимых, несудимых 0; подсадок поймано 4 из 4
2026-09-06T21:30:07Z	timeunits_court.py	0	ЕДИНИЦЫ ВРЕМЕНИ PASS: 0 ложных из 420 судимых, несудимых 0; подсадок поймано 3 из 3
2026-09-06T21:30:08Z	svamp_court.py	0	ФОРМЫ SVAMP PASS: 0 ложных из 5362 судимых, несудимых 0; подсадок поймано 10 из 10
2026-09-06T21:30:08Z	measure_langs_court.py	0	МЕРА ДЕЙСТВИЯ НА ЯЗЫКАХ PASS: 0 ложных из 462 судимых, несудимых 0; подсадок поймано 4 из 4
2026-09-07T01:52:47Z	arith_court.py	0	АРИФМЕТИКА PASS: 0 ложных равенств из 135038 судимых (203 файлов, неразобрано 118549)
2026-09-07T01:52:50Z	algo_court.py	0	АЛГОРИТМЫ PASS: 0 ложных утверждений из 2982 судимых (203 файлов)
2026-09-07T01:54:46Z	formula_court.py	0	ФОРМУЛЫ PASS: 0 ложных записей из 2903 судимых (203 файлов)
2026-09-07T01:52:52Z	logic_court.py	0	ЛОГИКА PASS: 0 ложных утверждений из 734 судимых (203 файлов)
2026-09-07T01:52:48Z	physics_court.py	0	ФИЗИКА PASS: 0 ложных утверждений из 1240 судимых (203 файлов)
2026-09-07T01:54:50Z	cyber_court.py	0	КИБЕРНЕТИКА PASS: 0 ложных утверждений из 1270 судимых (203 файлов)
2026-09-07T01:54:50Z	agreement_court.py	0	СОГЛАСОВАНИЕ PASS: 0 рассогласований при рубеже 0 (4129 верных, 203 файлов, закон 2)
2026-09-07T01:54:49Z	notation_court.py	0	ЗАПИСЬ PASS: 0 ложных записей из 566 судимых (203 файлов)
2026-09-07T01:54:48Z	unit_court.py	0	ЕДИНИЦЫ PASS: 0 ложных переводов из 666 судимых (203 файлов)
2026-09-07T01:54:52Z	number_court.py	0	ЧИСЛА PASS: 0 ложных из 4220 судимых (203 файлов)
2026-09-07T01:54:54Z	inquiry_court.py	0	ДОЗНАНИЕ PASS: 0 ложных из 3915 судимых (203 файлов)
2026-09-07T01:54:51Z	surfaces_court.py	0	ПОВЕРХНОСТИ PASS: 0 ложных из 2200 судимых (203 файлов)
2026-09-07T01:54:52Z	markdown_court.py	0	РАЗМЕТКА-ПОЛНАЯ PASS: 0 ложных из 3848 судимых (203 файлов, обратимость дома цела)
2026-09-07T01:54:55Z	doctree_court.py	0	СТРУКТУРА PASS: 0 ложных из 516 судимых (203 файлов, дерево обратимо)
2026-09-07T01:54:57Z	rates_court.py	0	СТАВКИ PASS: 0 ложных из 758 судимых (203 файлов)
2026-09-07T01:54:57Z	formula_lang_court.py	0	КОНВЕРСИЯ PASS: 0 ложных из 2583 судимых (203 файлов)
2026-09-07T01:54:57Z	percent_court.py	0	ПРОЦЕНТЫ PASS: 0 ложных из 560 судимых (203 файлов)
2026-09-07T01:54:58Z	average_court.py	0	СВОДКА PASS: 0 ложных из 1300 судимых (203 файлов)
2026-09-07T01:55:02Z	equation_court.py	0	УРАВНЕНИЕ PASS: 0 ложных из 3340 судимых (203 файлов)
2026-09-07T01:54:59Z	dataformat_court.py	0	ФОРМАТЫ PASS: 0 ложных из 640 судимых (203 файлов, обратимость дома цела)
2026-09-07T01:55:02Z	everyday_court.py	0	БЫТ PASS: 0 ложных из 4510 судимых (203 файлов)
2026-09-07T01:55:03Z	story_chain_court.py	0	ЦЕПОЧКА PASS: 0 ложных из 890 судимых (203 файлов)
2026-09-07T01:55:03Z	age_court.py	0	ВОЗРАСТ PASS: 0 ложных из 900 судимых (203 файлов)
2026-09-07T01:55:04Z	halves_court.py	0	ПОЛОВИНЫ PASS: 0 ложных из 1030 судимых (203 файлов)
2026-09-07T01:55:05Z	inquiry_de_fr_court.py	0	ДОЗНАНИЕ-DE-FR PASS: 0 ложных из 2108 судимых (203 файлов)
2026-09-07T01:55:05Z	ru_conversion_court.py	0	РУССКИЙ ПЕРЕВОД PASS: 0 ложных из 68 судимых (203 файлов)
2026-09-07T01:55:06Z	selfmeasure_court.py	0	РАССКАЗ О СЕБЕ PASS: 0 ложных из 59 судимых (203 файлов)
2026-09-07T01:55:05Z	ru_compare_court.py	0	РУССКОЕ СРАВНЕНИЕ PASS: 0 ложных из 150 судимых (203 файлов)
2026-09-07T01:55:05Z	ru_story_court.py	0	РУССКАЯ ЗАДАЧА PASS: 0 ложных из 658 судимых (203 файлов)
2026-09-07T01:55:09Z	inquiry_es_it_court.py	0	ДОЗНАНИЕ-ES-IT PASS: 0 ложных из 1480 судимых (203 файлов)
2026-09-07T01:55:09Z	share_court.py	0	ДОЛЯ PASS: 0 ложных из 2376 судимых (203 файлов)
2026-09-07T01:55:08Z	compare_mult_court.py	0	КРАТНОЕ PASS: 0 ложных из 2797 судимых (203 файлов)
2026-09-07T01:55:09Z	sequence_court.py	0	ПОСЛЕДОВАТЕЛЬНОСТИ PASS: 0 ложных из 2616 судимых (203 файлов)
2026-09-07T01:55:12Z	geometry_court.py	0	ГЕОМЕТРИЯ PASS: 0 ложных из 2438 судимых (203 файлов)
2026-09-07T01:55:12Z	linalg_court.py	0	ВЕКТОР PASS: 0 ложных из 3726 судимых (203 файлов)
2026-09-07T01:55:10Z	calendar_court.py	0	КАЛЕНДАРЬ PASS: 0 ложных из 846 судимых (203 файлов)
2026-09-07T01:55:12Z	speech_court.py	0	РЕЧЬ PASS: 0 ложных из 1960 судимых (203 файлов)
2026-09-07T01:55:17Z	rugram_court.py	0	РУССКОЕ СОГЛАСОВАНИЕ PASS: 0 ложных из 17989 судимых (203 файлов)
2026-09-07T01:55:16Z	physlaw_court.py	0	ЗАКОНЫ ФИЗИКИ PASS: 0 ложных из 840 судимых (203 файлов)
2026-09-07T01:55:16Z	compsci_court.py	0	ИНФОРМАТИКА PASS: 0 ложных из 1368 судимых (203 файлов)
2026-09-07T01:55:13Z	case_court.py	0	ПАДЕЖ PASS: 0 ложных из 1006 судимых (203 файлов)
2026-09-07T01:55:19Z	valence_court.py	0	ОЦЕНКА PASS: 0 ложных из 1256 судимых (203 файлов)
2026-09-07T01:55:18Z	shadow_court.py	0	ЗАТЕНЕНИЕ PASS: 0 имён определены дважды (549 файлов, рубеж 0)
2026-09-07T01:56:02Z	syllabus_court.py	0	ПОЛНОТА PASS: 0 предметов свода не покрыты из 62 (рубеж 0, 203 файлов)
2026-09-07T01:55:36Z	richness_court.py	0	БОГАТСТВО[показано] PASS: не показаны 0 форм из 20 и 0 стыков из 6 (рубеж 0, 203 файлов); КУПЛЕНО и ИСПОЛНЕНО мерятся на стороне организма
2026-09-07T01:56:15Z	langpack_court.py	0	ЯЗЫКИ PASS: 29 зелёных из 29, красных 0 (рубеж 6)
2026-09-07T01:56:02Z	langrule_court.py	0	ПРАВИЛО ЯЗЫКА PASS: 0 разладов формы с правилом из 1014 сверенных (19 пакетов с правилом из 29)
2026-09-07T02:04:06Z	claims_court.py	0	РОДЫ PASS: 0 строк прочтены НЕ ХОЗЯИНОМ рода из 39669 с видимым родом (рубеж 0, 203 файлов, родов объявлено 4)
2026-09-07T01:56:05Z	program_court.py	0	ПРОГРАММЫ PASS: 0 ложных из 1078 судимых (203 файлов)
2026-09-07T02:04:09Z	statistics_court.py	0	СТАТИСТИКА PASS: 0 ложных из 1180 судимых (203 файлов)
2026-09-07T02:04:09Z	proof_court.py	0	ДОКАЗАТЕЛЬСТВО PASS: 0 ложных из 663 судимых (203 файлов)
2026-09-07T02:04:08Z	machine_court.py	0	МАШИНА PASS: 0 ложных из 1846 судимых (203 файлов)
2026-09-07T02:04:14Z	episode_court.py	0	ЭПИЗОД PASS: 0 ложных из 10323 судимых (203 файлов), вне владения 12 слов: ['day', 'dollar', 'foot', 'hour', 'kilometer']
2026-09-07T02:04:17Z	copula_court.py	0	СВЯЗКИ PASS: 0 ложных из 500 судимых (203 файлов), НЕЗНАКОМЫХ ПАР 36313: ["cause: philosophy is literally, the love of, including the search after, wisdom; in actual usage, the knowledge of phenomena as explained by, and resolved into, / and reasons, powers and laws: webster's unabridged dictionary, 1913", 'cause: электричество — это то, содержащееся в теле, что сообщает этому телу особые свойства, / в нем способность действовать механически на некоторые другие тела, притягивать или при известных условиях отталкивать их, а также вызывает в самом этом теле способность испытывать подобные же механические действия других тел: эсбе, статья «электричество»', 'contain: does the node body contain the node liquid? in the tree of kinds the node body / the node liquid']
2026-09-07T02:04:17Z	markup_court.py	0	РАЗМЕТКА PASS: 0 ложных из 3830 судимых (203 файлов)
2026-09-07T02:04:28Z	langlayer_court.py	0	ПЛАСТ PASS: 0 необъявленных слов (88722 строк, 29 пластов)
2026-09-07T02:04:15Z	langform_court.py	0	ФОРМА ПЛАСТА PASS: 0 ложных из 70003 судимых (88722 строк пласта, 29 пластов, дословных 940, рамок без опознавателя 3, рубеж 0)
2026-09-07T02:04:28Z	gsm_census.py	0	GSM-CENSUS PASS: 0 расхождений (72 выведено, 69 в слое, 3 удержано)
2026-09-07T02:04:28Z	reproducible.py	0	GSM-CENSUS PASS: 0 расхождений (72 выведено, 69 в слое, 3 удержано)
2026-09-07T02:04:29Z	bash32_court.py	0	BASH32-COURT PASS: ни одного имени, съедаемого bash 3.2; скриптов проверено: 6
2026-09-07T02:04:29Z	manifest_court.py	0	МАНИФЕСТ PASS: 0 разладов объявления с делом (416 миров, сборок 6, обязательств дела 228)
2026-09-07T02:04:30Z	prose_court.py	0	МАНИФЕСТ PASS: 0 разладов объявления с делом (416 миров, сборок 6, обязательств дела 228)
2026-09-07T02:04:35Z	mutants.py	0	МУТАНТЫ PASS: 9 полей из 9 поймали свою подсадку, чужих задето 0
2026-09-07T02:04:31Z	lexicon_reach.py	0	ОХВАТ PASS: 366 из 366 объявленных слов прожиты >=2 раз (100% при рубеже 100%)
2026-09-07T02:04:32Z	inquiry_pt_nl_court.py	0	ДОЗНАНИЕ-PT-NL PASS: 0 ложных из 2108 судимых (203 файлов)
2026-09-07T02:04:32Z	inquiry_pl_tr_court.py	0	ДОЗНАНИЕ-PL-TR PASS: 0 ложных из 1537 судимых (203 файлов)
2026-09-07T02:04:39Z	metalang_court.py	0	МЕТАЯЗЫК PASS: 0 ложных из 1849 судимых (203 файлов)
2026-09-07T02:04:35Z	glyph_court.py	0	ГЛИФЫ PASS: 0 ложных, 1101 истинных, 0 несудимых
2026-09-07T02:04:35Z	space_court.py	0	ПРОСТРАНСТВО PASS: 0 ложных, 2301 истинных, 0 несудимых
2026-09-07T02:04:35Z	stenogram_court.py	0	СТЕНОГРАММЫ PASS: 0 ложных, 550 истинных, 0 несудимых
2026-09-07T02:04:39Z	mathspaces_court.py	0	ПРОСТРАНСТВА PASS: 0 ложных, 814 истинных, 0 несудимых
2026-09-07T02:04:39Z	gsmforms_court.py	0	ШКОЛЬНЫЕ ФОРМЫ PASS: 0 ложных, 2511 истинных, 0 несудимых
2026-09-07T02:04:46Z	definitions_court.py	0	ОПРЕДЕЛЕНИЯ PASS: 0 ложных, 2141 истинных, 0 несудимых
2026-09-07T02:04:39Z	pronoun_court.py	0	МЕСТОИМЕНИЯ PASS: 0 ложных из 480 судимых, несудимых 0
2026-09-07T02:04:47Z	money_court.py	0	ДЕНЬГИ PASS: 0 ложных из 450 судимых, несудимых 0
2026-09-07T02:04:47Z	holes_court.py	0	ДЫРЫ PASS: 0 ложных из 6100 судимых, несудимых 0
2026-09-07T02:04:47Z	money_langs_court.py	0	ДЕНЬГИ НА ЯЗЫКАХ PASS: 0 ложных из 1188 судимых, несудимых 0
2026-09-07T02:04:47Z	geometry_langs_court.py	0	ГЕОМЕТРИЯ НА ЯЗЫКАХ PASS: 0 ложных из 960 судимых, несудимых 0
2026-09-07T02:04:47Z	units_langs_court.py	0	ЕДИНИЦЫ НА ЯЗЫКАХ PASS: 0 ложных из 640 судимых, несудимых 0
2026-09-07T02:04:47Z	stats_langs_court.py	0	СВОДКА НА ЯЗЫКАХ PASS: 0 ложных из 480 судимых, несудимых 0
2026-09-07T02:04:47Z	calendar_langs_court.py	0	НЕДЕЛЯ НА ЯЗЫКАХ PASS: 0 ложных из 1120 судимых, несудимых 0
2026-09-07T02:04:47Z	sequences_langs_court.py	0	ПРОГРЕССИИ НА ЯЗЫКАХ PASS: 0 ложных из 320 судимых, несудимых 0
2026-09-07T02:04:47Z	compare_langs_court.py	0	СРАВНЕНИЕ НА ЯЗЫКАХ PASS: 0 ложных из 480 судимых, несудимых 0
2026-09-07T02:04:47Z	share_langs_court.py	0	ДОЛИ НА ЯЗЫКАХ PASS: 0 ложных из 560 судимых, несудимых 0
2026-09-07T02:04:47Z	physics_langs_court.py	0	ФИЗИКА НА ЯЗЫКАХ PASS: 0 ложных из 480 судимых, несудимых 0
2026-09-07T02:04:50Z	relation_court.py	0	СТРОЕНИЕ PASS: 0 ложных из 2084 судимых (203 файлов, структуры обходимы)
2026-09-07T02:10:16Z	court_mutants.py	0	МУТАНТЫ СУДОВ PASS: 143 поймали, 0 онемели, 0 не поймали (рубеж 1), 1 со свободным числом, 15 без числовой истинной строки, 0 без истинной строки вовсе (судов 159)
2026-09-07T02:04:53Z	panel_court.py	0	СОСТАВ PASS: 0 расхождений (рубеж 0) — палата: судов живых 160, незаявленных 0, призраков 0; набор: приборов 91, вне набора 0, призраков 0
2026-09-07T02:04:53Z	concept_reach.py	0	ОХВАТ ПОНЯТИЯ PASS: 3812 из 22032 предметов показаны (17%); не показано из НАШИХ сводов 4979 (рубеж 6556), из полки 13241 — 207 корпусов прозы, отсеяно рубрик 670, слов в показах 16730
2026-09-07T02:07:02Z	ask_reach.py	0	ВОПРОСНАЯ ПОВЕРХНОСТЬ ОТЧЁТ: 203 из 203 миров спрашивают, только сообщают 0; вопросных строк 225328 из 364367 (61%); миров с непроверяемым вопросом 0
2026-09-07T02:10:17Z	band_reach.py	0	МИР × ПОЛОСА ОТЧЁТ: строк реестра 46, исполнимых опознаний 29, расхождений записи 3, родов без мира 14; миров показов 203, из них без полосы 192; полос в реестре 5
2026-09-07T02:10:17Z	biblio_reach.py	0	БИБЛИОТЕКА PASS: названо 1684 источников (12 трудов по заглавию, 1672 по автору с годом), НЕТ НА ПОЛКЕ 1549 — из них свободно по праву 320, защищено 1223; корпусов прозы 7
2026-09-07T02:10:19Z	ruverbs_court.py	0	РУССКИЕ ГЛАГОЛЫ PASS: 0 ложных из 881 судимых (416 файлов, рубеж 0)
2026-09-07T02:10:25Z	script_court.py	0	ПИСЬМО PASS: 0 смешанных слов в 364367 строках показов (203 файлов, рубеж 0)
2026-09-07T02:12:13Z	word_mutants.py	0	ПОДСАДКА СЛОВОМ PASS: проб 4568 — ПОЙМАН 4298 (94%), ОНЕМЕЛ 163 (3%), НЕ ПОЙМАН 107 (2%); строк без слова 13741; миров с дырой 38
2026-09-07T02:11:55Z	verdict_cover.py	0	ПОКРЫТИЕ ВЕРДИКТА PASS: строк 405, слов 2942 — ЧИТАНО 2505 (85%), НЕМО 115 (3%), СЛЕПО 322 (10%, рубеж 343); судов со слепыми словами 39 из 158
2026-09-07T02:11:50Z	sentence_cover.py	0	ПОКРЫТИЕ ПРЕДЛОЖЕНИЯМИ PASS: строк о двух и более предложениях 380 — покрыты предложениями 341 (89%), покрыты вопросной половиной пары 31 (8%), покрыты ОБЪЯВЛЕННЫМ ПРЕДМЕТОМ 8 (2%), НЕ ПОКРЫТО НИЧЕМ 0 (0%, рубеж 0) в 0 мирах; форм предмета объявлено 65, из них без дела 0
2026-09-07T02:19:09Z	shelf_court.py	1	ПОЛКА FAIL: 19 разладов объявления с делом (рубеж 0), никем не читаемых 173 миров, недоговорено 7 — оба числа считаны, но не судимы — 200 миров полки, судов живых 160
2026-09-07T02:26:57Z	ask_width.py	0	ШИРОТА ВОПРОСА PASS: 8446 из 9184 родов суда имеют вопросную поверхность (91%); БЕЗ ВОПРОСА 738 (рубеж 738) — от судов 738, от манифеста 0; роды объявлены судами (83 из 163, образцов 9929, вопросных слов от пакетов 261); от манифеста 0 актов в 0 мирах — с вопросом 0, без 0, не разрешено 0; строк без рода 93690 из 364367
2026-09-07T02:19:14Z	notationvar_court.py	0	НАЧЕРТАНИЕ PASS: 0 ложных из 24031 судимых (416 файлов, рубеж 0)
2026-09-07T02:27:01Z	prosetree_court.py	0	НАЧЕРТАНИЕ PASS: 0 ложных из 24031 судимых (416 файлов, рубеж 0)
2026-09-07T02:27:02Z	longdiv_court.py	0	УГОЛ PASS: 0 ложных из 1322 судимых (203 файлов)
2026-09-07T02:29:45Z	form_census.py	0	ПЕРЕПИСЬ ФОРМ ОТЧЁТ: строк 364367, рамок 96808 (масса ≥ 9: 10029), родов 52538 (масса ≥ 9: 11024); минимальный корпус при массе 9: 260294 строк по рамкам (71 %), 191891 по родам (52 %); насыщение: последняя доля даёт 143 новых рамок и 0 новых РОДОВ на тысячу строк
2026-09-07T02:27:02Z	verbthings_court.py	0	ГЛАГОЛ–ВЕЩЬ PASS: 0 чужих пар глагол–вещь в 364367 строках показов (203 файлов, рубеж 0)
2026-09-07T03:35:59Z	coverage.py	1	СУДИМОСТЬ FAIL: 364283 из 364367 строк судимы (99% при рубеже 100%, судов живых 160), слепых 84, зачтено словарём пакета 0 (0% свода, долг 0)
2026-09-07T03:36:01Z	behavior_court.py	0	ПОВЕДЕНЧЕСКИЕ ЗАКОНЫ PASS: 0 ложных из 1608 судимых, несудимых 0
2026-09-07T03:36:01Z	topics_court.py	0	БЫТОВЫЕ ТЕМЫ PASS: 0 ложных из 1104 судимых, несудимых 0
2026-09-07T03:36:01Z	nature_court.py	0	ПРИРОДА PASS: 0 ложных из 868 судимых, несудимых 0
2026-09-07T03:36:01Z	links_court.py	0	СВЯЗКИ РАЗГОВОРА PASS: 0 ложных из 17566 судимых, несудимых 0
2026-09-07T03:36:02Z	scale_court.py	0	ШКАЛА PASS: 0 ложных из 747 судимых, несудимых 0
2026-09-07T03:36:02Z	opposites_court.py	0	ПРОТИВОПОЛОЖНОСТИ PASS: 0 ложных из 648 судимых, несудимых 0
2026-09-07T03:36:02Z	roles_court.py	0	РОЛЕВЫЕ ВОПРОСЫ PASS: 0 ложных из 135 судимых, несудимых 0
2026-09-07T03:36:03Z	joints_court.py	0	СОЧЛЕНЕНИЯ PASS: 0 ложных из 2700 судимых, несудимых 0
2026-09-07T03:36:03Z	dialogue_court.py	0	РЕЧЕВОЙ ОБИХОД PASS: 0 ложных из 2052 судимых, несудимых 0
2026-09-07T03:36:04Z	worldfacts_court.py	0	ФАКТЫ МИРА PASS: 0 ложных из 2779 судимых, несудимых 0, двойников чужих миров 0
2026-09-07T03:36:03Z	infer_court.py	0	СТРОГИЙ ВЫВОД PASS: 0 ложных из 1080 судимых, несудимых 0; подсадок поймано 5 из 5
2026-09-07T03:36:05Z	circle_probe.py	0	КРУГ PASS: 0 кругов из 3774 причинных ответов (190324 вопросных строк всего); отказов 1724, из них БЕЗ ОСНОВАНИЯ 0; отрицаний 14026, из них БЕЗ ОСНОВАНИЯ 0; подсадок поймано 2 из 2, ложных тревог 0
2026-09-07T03:36:06Z	agree_probe.py	0	СОГЛАСИЕ ДОМОВ PASS: 0 споров из 12 предметов, о которых говорит больше одного дома (всего предметов 708, домов сличено 3); подсадка сходится; разный уровень ОДНОЙ лестницы (согласие) 6
2026-09-07T03:36:06Z	shelf_declare.py	0	ПОЛКА БЕЗ ОБЪЯВЛЕНИЯ PASS: 0 книг лежали на диске без записи (в договоре 21, в манифесте 416 миров)
2026-09-07T03:38:35Z	house_reach.py	0	  истина fracforms признаёт numberline: 10
2026-09-07T03:36:07Z	head_census.py	0	ПЕРЕПИСЬ ГОЛОВ: голов 2450 на 188845 вопросных строк (по 2 слова); ОДИНОЧЕК 366 (14 %), они несут 366 строк — столько же, сколько голов
2026-09-07T03:38:36Z	form_matrix.py	0	ЩЕРБАТОСТЬ ДОМОВ: 1 щербатых форм из 157 (0 %), домов 23
2026-09-07T03:38:35Z	disj_court.py	0	ИСКЛЮЧЕНИЕ PASS: 0 ложных из 216 судимых, несудимых 0; подсадок поймано 3 из 3
2026-09-07T03:38:35Z	indu_court.py	0	ПОСПЕШНОСТЬ PASS: 0 ложных из 102 судимых, несудимых 0; подсадок поймано 13 из 13
2026-09-07T03:38:35Z	analog_court.py	0	ПОДОБИЕ PASS: 0 ложных из 144 судимых, несудимых 0; подсадок поймано 3 из 3
2026-09-07T03:38:36Z	reply_court.py	0	ОТКЛИК PASS: 0 ложных из 54 судимых, несудимых 0; подсадок поймано 3 из 3
2026-09-07T03:39:50Z	register_pairs.py	0	ПАРА РЕГИСТРА PASS: пар 5298, одной дырой 4749 (89 %), дыр больше 549, ПОРОКОВ 0 (рубеж 0), без пары 0
2026-09-07T03:38:42Z	register_purity.py	0	ЧИСТОТА РЕГИСТРА: неформальных показов 21678, говорящих вежливо 0 (0 %), из них имеющих и вежливую пару 0; мест 0
2026-09-07T03:38:42Z	prefix_traps.py	0	ЛОВУШКА НАЧАЛА PASS: домов с судом по началу строки 0 (рубеж 0), проб 2280, пойманных удвоений 0
2026-09-07T03:39:55Z	sign_traps.py	0	ЛОВУШКА ЗНАКА PASS: домов, немеющих на подмене СВОЕГО знака, 0 (рубеж 0); проб 1231, поймано 1231, немых проб 0; палата ловит их все (замер 144 из 144)
2026-09-07T03:39:51Z	threshold_census.py	0	ПЕРЕПИСЬ ПОРОГОВ: именованных 34 (объявлено 27, храповиков 7, ВКУС 0); встроенных сравнений от трёх 108 (печать 157, без основания рядом 92 — ВЕРХНЯЯ ОЦЕНКА: строй и порог здесь не разделены); папки scripts courts
2026-09-07T03:39:51Z	denominator_census.py	0	ЧИСЛО БЕЗ ЗНАМЕНАТЕЛЯ PASS: приборов в леджере 187, строк без объёма 2, из них НУЛЕЙ без объёма 0 (рубеж 0)
2026-09-07T03:39:51Z	repeat_census.py	0	ПЕРЕПИСЬ ПОВТОРОВ: миров 203, строк 364367, уникальных 261342, копий 103025 (28 %), из них сверх LAW=2: 68089 (18 %); миров с копиями > 10 %: 87
2026-09-07T03:39:59Z	definitions_reach.py	0	СЛЕД РАЗБОРА ОПРЕДЕЛЕНИЙ: понятий 829, без определения 222, из них полка не знает 68, разбор остановился на названных воротах 154, причина не названа 0 (рубеж 0)
2026-09-07T03:39:56Z	copies_census.py	0	ПЕРЕПИСЬ КОПИЙ PASS: миров через слой 171, сверх LAW=2 0 (рубеж 0); строк 272910, различных 246790, копий 26120, многострочных 5; вне слоя миров 2 (копий 106670) — не судятся; сайдкар datasets/COPIES.tsv
2026-09-07T03:39:56Z	sweep_self.py	1	    pl · session-recall · X ma · 8
2026-09-07T03:40:00Z	court_reach.py	1	    pl · session-recall · X ma · 8
2026-09-07T03:40:04Z	holdout_key.py	0	КЛЮЧ СЛЕДУЮЩЕЙ ТОЧКИ PASS: вопросов 3620 (рубеж 1500), прожитых 0 (рубеж 0); по языкам de 396 en 408 es 402 fr 402 it 402 nl 402 pl 402 pt 402 ru 404; по глубине [0] 1154 [1] 1968 [2+] 498; домов 31; ключ datasets/HOLDOUT-KEY-NEXT.tsv
2026-09-07T03:40:01Z	holdforms_court.py	0	ДЕРЖАНИЯ БЕЗ ГЛАГОЛА PASS: 0 ложных из 5703 судимых, несудимых 0; подсадок поймано 12 из 12
2026-09-07T03:40:01Z	cmpframes_court.py	0	РАМКИ СРАВНЕНИЯ PASS: 0 ложных из 6480 судимых, несудимых 0; подсадок поймано 11 из 11
2026-09-07T03:40:01Z	sceneforms_court.py	0	СЦЕНА PASS: 0 ложных из 3818 судимых, несудимых 0; подсадок поймано 8 из 8
2026-09-07T03:40:05Z	toolforms_court.py	0	ИНСТРУМЕНТ PASS: 0 ложных из 2907 судимых, несудимых 0; подсадок поймано 8 из 8
2026-09-07T03:40:05Z	verifyforms_court.py	0	ВЕРИФИКАЦИЯ PASS: 0 ложных из 3285 судимых, несудимых 0; подсадок поймано 7 из 7
2026-09-07T03:40:05Z	planforms_court.py	0	ПЛАН PASS: 0 ложных из 2520 судимых, несудимых 0; подсадок поймано 9 из 9
2026-09-07T03:40:05Z	episodeforms_court.py	0	ЭПИЗОД PASS: 0 ложных из 5229 судимых, несудимых 0; подсадок поймано 8 из 8
2026-09-07T03:40:07Z	summaryforms_court.py	0	СВОДКА PASS: 0 ложных из 6102 судимых, несудимых 0; подсадок поймано 8 из 8
2026-09-07T03:40:06Z	opforms_court.py	0	ОПЕРАЦИЯ PASS: 0 ложных из 3780 судимых, несудимых 0; подсадок поймано 8 из 8
2026-09-07T03:40:05Z	readnum_court.py	0	ЧИСЛО PASS: 0 ложных из 3240 судимых, несудимых 0; подсадок поймано 8 из 8
2026-09-07T03:40:06Z	mandateforms_court.py	0	МАНДАТ PASS: 0 ложных из 2268 судимых, несудимых 0; подсадок поймано 8 из 8
2026-09-07T03:40:08Z	personforms_court.py	0	ЛИЧНОСТЬ PASS: 0 ложных из 3240 судимых, несудимых 0; подсадок поймано 8 из 8
2026-09-07T03:40:09Z	selfmodelforms_court.py	0	САМОМОДЕЛЬ PASS: 0 ложных из 2097 судимых, несудимых 0; подсадок поймано 8 из 8
2026-09-07T03:40:08Z	signedworld_court.py	0	ЗНАК PASS: 0 ложных из 1296 судимых, несудимых 0; подсадок поймано 8 из 8
2026-09-07T03:40:07Z	beforetails_court.py	0	ХВОСТ PASS: 0 ложных из 3600 судимых, несудимых 0; подсадок поймано 8 из 8
2026-09-07T03:40:09Z	discountroad_court.py	0	СКИДКА PASS: 0 ложных из 2808 судимых, несудимых 0; подсадок поймано 8 из 8
2026-09-07T03:40:11Z	nomention_court.py	0	НЕНАЗВАННОЕ PASS: 0 ложных из 2160 судимых, несудимых 0; подсадок поймано 8 из 8
2026-09-07T03:40:09Z	clockforms_court.py	0	ЧАСЫ PASS: 0 ложных из 1053 судимых, несудимых 0; подсадок поймано 8 из 8
2026-09-07T03:40:09Z	mixedunits_court.py	0	МЕРА PASS: 0 ложных из 864 судимых, несудимых 0; подсадок поймано 8 из 8
2026-09-07T03:40:12Z	dateforms_court.py	0	ДАТА PASS: 0 ложных из 480 судимых, несудимых 0; подсадок поймано 8 из 8
2026-09-07T03:40:11Z	clockwords_court.py	0	ЧАСЫ СЛОВОМ PASS: 0 ложных из 378 судимых, несудимых 0; подсадок поймано 8 из 8
2026-09-07T03:40:12Z	speedforms_court.py	0	СКОРОСТЬ PASS: 0 ложных из 432 судимых, несудимых 0; подсадок поймано 8 из 8
2026-09-07T03:40:11Z	roundforms_court.py	0	ОКРУГЛЕНИЕ PASS: 0 ложных из 432 судимых, несудимых 0; подсадок поймано 8 из 8
2026-09-07T03:40:12Z	orderforms_court.py	0	ПОРЯДОК PASS: 0 ложных из 792 судимых, несудимых 0; подсадок поймано 8 из 8
2026-09-07T03:40:12Z	quantforms_court.py	0	КВАНТОР PASS: 0 ложных из 648 судимых, несудимых 0; подсадок поймано 8 из 8
2026-09-07T03:40:12Z	roman_court.py	0	РИМСКОЕ PASS: 0 ложных из 387 судимых, несудимых 0; подсадок поймано 8 из 8
2026-09-07T03:40:12Z	place_court.py	0	МЕСТО PASS: 0 ложных из 1296 судимых, несудимых 0; подсадок поймано 8 из 8
2026-09-07T03:40:13Z	unitfrac_court.py	0	ДРОБЬ ЕДИНИЦЫ PASS: 0 ложных из 198 судимых, несудимых 0; подсадок поймано 8 из 8
2026-09-07T03:40:12Z	enough_court.py	0	ХВАТИТ PASS: 0 ложных из 324 судимых, несудимых 0; подсадок поймано 8 из 8
2026-09-07T03:40:13Z	numphrase_court.py	0	ФРАЗА ЧИСЛА PASS: 0 ложных из 225 судимых, несудимых 0; подсадок поймано 9 из 9, свободного числа нет (1 язык двигает глагол из 9)
2026-09-07T03:40:12Z	kinbearer_court.py	0	РОДСТВЕННИК PASS: 0 ложных из 486 судимых, несудимых 0; подсадок поймано 9 из 9, носитель не свободен (9 языков × 4 чужих слова)
2026-09-07T03:40:13Z	pronobject_court.py	0	МЕСТОИМЕНИЕ-ОБЪЕКТ PASS: 0 ложных из 864 судимых, несудимых 0; подсадок поймано 9 из 9, род местоимения различают 6 языка из 9
2026-09-07T03:40:13Z	proform_court.py	0	ПРО-ФОРМА PASS: 0 ложных из 288 судимых, несудимых 0; подсадок поймано 9 из 9, род при опущенном имени метят 4 языка из 9
2026-09-07T03:40:14Z	degrees_court.py	0	СТЕПЕНИ PASS: 0 ложных из 270 судимых, несудимых 0; подсадок поймано 8 из 8
2026-09-07T03:40:14Z	actturn_court.py	0	АКТ PASS: 0 ложных из 414 судимых, несудимых 0; подсадок поймано 8 из 8
2026-09-07T03:40:15Z	tempscale_court.py	0	ШКАЛА PASS: 0 ложных из 198 судимых, несудимых 0; подсадок поймано 8 из 8
2026-09-07T03:40:14Z	action_measure_court.py	0	МЕРА ДЕЙСТВИЯ PASS: 0 ложных из 234 судимых, несудимых 0; подсадок поймано 6 из 6
2026-09-07T03:40:15Z	numberline_court.py	0	ЧИСЛОВОЙ РЯД PASS: 0 ложных из 5256 судимых, несудимых 0; подсадок поймано 6 из 6
2026-09-07T03:40:14Z	countfacts_court.py	0	СЧЁТНЫЕ ФАКТЫ PASS: 0 ложных из 243 судимых, несудимых 0; подсадок поймано 6 из 6
2026-09-07T03:40:15Z	letters_court.py	0	БУКВЫ PASS: 0 ложных из 360 судимых, несудимых 0; подсадок поймано 5 из 5
2026-09-07T03:40:15Z	propcompare_court.py	0	СРАВНЕНИЕ СВОЙСТВ PASS: 0 ложных из 200 судимых, несудимых 0; подсадок поймано 4 из 4
2026-09-07T03:40:15Z	price_court.py	0	ЦЕНА PASS: 0 ложных из 378 судимых, несудимых 0; подсадок поймано 4 из 4
2026-09-07T03:40:15Z	translate_court.py	0	ПЕРЕВОД PASS: 0 ложных из 792 судимых, несудимых 0; подсадок поймано 4 из 4
2026-09-07T03:40:16Z	timeunits_court.py	0	ЕДИНИЦЫ ВРЕМЕНИ PASS: 0 ложных из 420 судимых, несудимых 0; подсадок поймано 3 из 3
2026-09-07T03:40:16Z	svamp_court.py	0	ФОРМЫ SVAMP PASS: 0 ложных из 5362 судимых, несудимых 0; подсадок поймано 10 из 10
2026-09-07T03:40:16Z	measure_langs_court.py	0	МЕРА ДЕЙСТВИЯ НА ЯЗЫКАХ PASS: 0 ложных из 462 судимых, несудимых 0; подсадок поймано 4 из 4
2026-09-07T03:51:09Z	arith_court.py	0	АРИФМЕТИКА PASS: 0 ложных равенств из 135038 судимых (203 файлов, неразобрано 118549)
2026-09-07T03:51:12Z	algo_court.py	0	АЛГОРИТМЫ PASS: 0 ложных утверждений из 2982 судимых (203 файлов)
2026-09-07T03:52:58Z	formula_court.py	0	ФОРМУЛЫ PASS: 0 ложных записей из 2903 судимых (203 файлов)
2026-09-07T03:53:02Z	logic_court.py	0	ЛОГИКА PASS: 0 ложных утверждений из 734 судимых (203 файлов)
2026-09-07T03:53:03Z	physics_court.py	0	ФИЗИКА PASS: 0 ложных утверждений из 1240 судимых (203 файлов)
2026-09-07T03:53:06Z	cyber_court.py	0	КИБЕРНЕТИКА PASS: 0 ложных утверждений из 1270 судимых (203 файлов)
2026-09-07T03:53:09Z	agreement_court.py	0	СОГЛАСОВАНИЕ PASS: 0 рассогласований при рубеже 0 (4129 верных, 203 файлов, закон 2)
2026-09-07T03:53:11Z	notation_court.py	0	ЗАПИСЬ PASS: 0 ложных записей из 566 судимых (203 файлов)
2026-09-07T03:53:12Z	unit_court.py	0	ЕДИНИЦЫ PASS: 0 ложных переводов из 666 судимых (203 файлов)
2026-09-07T03:53:13Z	number_court.py	0	ЧИСЛА PASS: 0 ложных из 4220 судимых (203 файлов)
2026-09-07T03:53:16Z	inquiry_court.py	0	ДОЗНАНИЕ PASS: 0 ложных из 3915 судимых (203 файлов)
2026-09-07T03:53:17Z	surfaces_court.py	0	ПОВЕРХНОСТИ PASS: 0 ложных из 2200 судимых (203 файлов)
2026-09-07T03:53:17Z	markdown_court.py	0	РАЗМЕТКА-ПОЛНАЯ PASS: 0 ложных из 3848 судимых (203 файлов, обратимость дома цела)
2026-09-07T03:53:18Z	doctree_court.py	0	СТРУКТУРА PASS: 0 ложных из 516 судимых (203 файлов, дерево обратимо)
2026-09-07T03:53:20Z	rates_court.py	0	СТАВКИ PASS: 0 ложных из 758 судимых (203 файлов)
2026-09-07T03:53:22Z	formula_lang_court.py	0	КОНВЕРСИЯ PASS: 0 ложных из 2583 судимых (203 файлов)
2026-09-07T03:53:24Z	percent_court.py	0	ПРОЦЕНТЫ PASS: 0 ложных из 560 судимых (203 файлов)
2026-09-07T03:53:24Z	average_court.py	0	СВОДКА PASS: 0 ложных из 1300 судимых (203 файлов)
2026-09-07T03:53:28Z	equation_court.py	0	УРАВНЕНИЕ PASS: 0 ложных из 3340 судимых (203 файлов)
2026-09-07T03:53:30Z	dataformat_court.py	0	ФОРМАТЫ PASS: 0 ложных из 640 судимых (203 файлов, обратимость дома цела)
2026-09-07T03:53:34Z	everyday_court.py	0	БЫТ PASS: 0 ложных из 4510 судимых (203 файлов)
2026-09-07T03:53:34Z	story_chain_court.py	0	ЦЕПОЧКА PASS: 0 ложных из 890 судимых (203 файлов)
2026-09-07T03:53:35Z	age_court.py	0	ВОЗРАСТ PASS: 0 ложных из 900 судимых (203 файлов)
2026-09-07T03:53:37Z	halves_court.py	0	ПОЛОВИНЫ PASS: 0 ложных из 1030 судимых (203 файлов)
2026-09-07T03:53:40Z	inquiry_de_fr_court.py	0	ДОЗНАНИЕ-DE-FR PASS: 0 ложных из 2108 судимых (203 файлов)
2026-09-07T03:53:40Z	ru_conversion_court.py	0	РУССКИЙ ПЕРЕВОД PASS: 0 ложных из 68 судимых (203 файлов)
2026-09-07T03:53:41Z	selfmeasure_court.py	0	РАССКАЗ О СЕБЕ PASS: 0 ложных из 59 судимых (203 файлов)
2026-09-07T03:53:41Z	ru_compare_court.py	0	РУССКОЕ СРАВНЕНИЕ PASS: 0 ложных из 150 судимых (203 файлов)
2026-09-07T03:53:41Z	ru_story_court.py	0	РУССКАЯ ЗАДАЧА PASS: 0 ложных из 658 судимых (203 файлов)
2026-09-07T03:53:44Z	inquiry_es_it_court.py	0	ДОЗНАНИЕ-ES-IT PASS: 0 ложных из 1480 судимых (203 файлов)
2026-09-07T03:53:46Z	share_court.py	0	ДОЛЯ PASS: 0 ложных из 2376 судимых (203 файлов)
2026-09-07T03:53:48Z	compare_mult_court.py	0	КРАТНОЕ PASS: 0 ложных из 2797 судимых (203 файлов)
2026-09-07T03:53:51Z	sequence_court.py	0	ПОСЛЕДОВАТЕЛЬНОСТИ PASS: 0 ложных из 2616 судимых (203 файлов)
2026-09-07T03:53:54Z	geometry_court.py	0	ГЕОМЕТРИЯ PASS: 0 ложных из 2438 судимых (203 файлов)
2026-09-07T03:53:57Z	linalg_court.py	0	ВЕКТОР PASS: 0 ложных из 3726 судимых (203 файлов)
2026-09-07T03:53:59Z	calendar_court.py	0	КАЛЕНДАРЬ PASS: 0 ложных из 846 судимых (203 файлов)
2026-09-07T03:54:01Z	speech_court.py	0	РЕЧЬ PASS: 0 ложных из 1960 судимых (203 файлов)
2026-09-07T03:54:05Z	rugram_court.py	0	РУССКОЕ СОГЛАСОВАНИЕ PASS: 0 ложных из 17989 судимых (203 файлов)
2026-09-07T03:54:08Z	physlaw_court.py	0	ЗАКОНЫ ФИЗИКИ PASS: 0 ложных из 840 судимых (203 файлов)
2026-09-07T03:54:11Z	compsci_court.py	0	ИНФОРМАТИКА PASS: 0 ложных из 1368 судимых (203 файлов)
2026-09-07T03:54:12Z	case_court.py	0	ПАДЕЖ PASS: 0 ложных из 1006 судимых (203 файлов)
2026-09-07T03:54:14Z	valence_court.py	0	ОЦЕНКА PASS: 0 ложных из 1256 судимых (203 файлов)
2026-09-07T03:54:15Z	shadow_court.py	0	ЗАТЕНЕНИЕ PASS: 0 имён определены дважды (550 файлов, рубеж 0)
2026-09-07T03:55:06Z	syllabus_court.py	0	ПОЛНОТА PASS: 0 предметов свода не покрыты из 62 (рубеж 0, 203 файлов)
2026-09-07T03:55:27Z	richness_court.py	0	БОГАТСТВО[показано] PASS: не показаны 0 форм из 20 и 0 стыков из 6 (рубеж 0, 203 файлов); КУПЛЕНО и ИСПОЛНЕНО мерятся на стороне организма
2026-09-07T03:55:41Z	langpack_court.py	0	ЯЗЫКИ PASS: 29 зелёных из 29, красных 0 (рубеж 6)
2026-09-07T03:55:42Z	langrule_court.py	0	ПРАВИЛО ЯЗЫКА PASS: 0 разладов формы с правилом из 1014 сверенных (19 пакетов с правилом из 29)
2026-09-07T04:06:50Z	claims_court.py	0	РОДЫ PASS: 0 строк прочтены НЕ ХОЗЯИНОМ рода из 39669 с видимым родом (рубеж 0, 203 файлов, родов объявлено 4)
2026-09-07T04:06:53Z	program_court.py	0	ПРОГРАММЫ PASS: 0 ложных из 1078 судимых (203 файлов)
2026-09-07T04:06:56Z	statistics_court.py	0	СТАТИСТИКА PASS: 0 ложных из 1180 судимых (203 файлов)
2026-09-07T04:06:59Z	proof_court.py	0	ДОКАЗАТЕЛЬСТВО PASS: 0 ложных из 663 судимых (203 файлов)
2026-09-07T04:07:01Z	machine_court.py	0	МАШИНА PASS: 0 ложных из 1846 судимых (203 файлов)
2026-09-07T04:07:11Z	episode_court.py	0	ЭПИЗОД PASS: 0 ложных из 10323 судимых (203 файлов), вне владения 12 слов: ['day', 'dollar', 'foot', 'hour', 'kilometer']
2026-09-07T04:07:14Z	copula_court.py	0	СВЯЗКИ PASS: 0 ложных из 500 судимых (203 файлов), НЕЗНАКОМЫХ ПАР 36313: ["cause: philosophy is literally, the love of, including the search after, wisdom; in actual usage, the knowledge of phenomena as explained by, and resolved into, / and reasons, powers and laws: webster's unabridged dictionary, 1913", 'cause: электричество — это то, содержащееся в теле, что сообщает этому телу особые свойства, / в нем способность действовать механически на некоторые другие тела, притягивать или при известных условиях отталкивать их, а также вызывает в самом этом теле способность испытывать подобные же механические действия других тел: эсбе, статья «электричество»', 'contain: does the node body contain the node liquid? in the tree of kinds the node body / the node liquid']
2026-09-07T04:07:18Z	markup_court.py	0	РАЗМЕТКА PASS: 0 ложных из 3830 судимых (203 файлов)
2026-09-07T04:07:35Z	langlayer_court.py	0	ПЛАСТ PASS: 0 необъявленных слов (88722 строк, 29 пластов)
2026-09-07T04:07:35Z	langform_court.py	0	ФОРМА ПЛАСТА PASS: 0 ложных из 70003 судимых (88722 строк пласта, 29 пластов, дословных 940, рамок без опознавателя 3, рубеж 0)
2026-09-07T04:07:36Z	gsm_census.py	0	GSM-CENSUS PASS: 0 расхождений (72 выведено, 69 в слое, 3 удержано)
2026-09-07T04:09:42Z	reproducible.py	0	ВОСПРОИЗВОДИМОСТЬ PASS: 0 расхождений из 173 сличённых (без объявленной цели 0, рубеж 0)
2026-09-07T04:09:42Z	bash32_court.py	0	BASH32-COURT PASS: ни одного имени, съедаемого bash 3.2; скриптов проверено: 6
2026-09-07T04:09:43Z	manifest_court.py	0	МАНИФЕСТ PASS: 0 разладов объявления с делом (416 миров, сборок 6, обязательств дела 228)
2026-09-07T04:52:06Z	prose_court.py	0	ПРОЗА PASS: 0 разладов объявления (рубеж 0) и 436 возражений судов (рубеж 436, чтение вне подсудности) — 207 миров, 1171830 строк, прочтено 14125 (1%), судов живых 160
2026-09-07T04:52:11Z	mutants.py	0	МУТАНТЫ PASS: 9 полей из 9 поймали свою подсадку, чужих задето 0
2026-09-07T04:52:12Z	lexicon_reach.py	0	ОХВАТ PASS: 366 из 366 объявленных слов прожиты >=2 раз (100% при рубеже 100%)
2026-09-07T04:52:15Z	inquiry_pt_nl_court.py	0	ДОЗНАНИЕ-PT-NL PASS: 0 ложных из 2108 судимых (203 файлов)
2026-09-07T04:52:17Z	inquiry_pl_tr_court.py	0	ДОЗНАНИЕ-PL-TR PASS: 0 ложных из 1537 судимых (203 файлов)
2026-09-07T04:52:22Z	metalang_court.py	0	МЕТАЯЗЫК PASS: 0 ложных из 1849 судимых (203 файлов)
2026-09-07T04:52:23Z	glyph_court.py	0	ГЛИФЫ PASS: 0 ложных, 1101 истинных, 0 несудимых
2026-09-07T04:52:23Z	space_court.py	0	ПРОСТРАНСТВО PASS: 0 ложных, 2301 истинных, 0 несудимых
2026-09-07T04:52:24Z	stenogram_court.py	0	СТЕНОГРАММЫ PASS: 0 ложных, 550 истинных, 0 несудимых
2026-09-07T04:52:24Z	mathspaces_court.py	0	ПРОСТРАНСТВА PASS: 0 ложных, 814 истинных, 0 несудимых
2026-09-07T04:52:24Z	gsmforms_court.py	0	ШКОЛЬНЫЕ ФОРМЫ PASS: 0 ложных, 2511 истинных, 0 несудимых
2026-09-07T04:52:34Z	definitions_court.py	0	ОПРЕДЕЛЕНИЯ PASS: 0 ложных, 2141 истинных, 0 несудимых
2026-09-07T04:52:34Z	pronoun_court.py	0	МЕСТОИМЕНИЯ PASS: 0 ложных из 480 судимых, несудимых 0
2026-09-07T04:52:35Z	money_court.py	0	ДЕНЬГИ PASS: 0 ложных из 450 судимых, несудимых 0
2026-09-07T04:52:35Z	holes_court.py	0	ДЫРЫ PASS: 0 ложных из 6100 судимых, несудимых 0
2026-09-07T04:52:36Z	money_langs_court.py	0	ДЕНЬГИ НА ЯЗЫКАХ PASS: 0 ложных из 1188 судимых, несудимых 0
2026-09-07T04:52:36Z	geometry_langs_court.py	0	ГЕОМЕТРИЯ НА ЯЗЫКАХ PASS: 0 ложных из 960 судимых, несудимых 0
2026-09-07T04:52:36Z	units_langs_court.py	0	ЕДИНИЦЫ НА ЯЗЫКАХ PASS: 0 ложных из 640 судимых, несудимых 0
2026-09-07T04:52:36Z	stats_langs_court.py	0	СВОДКА НА ЯЗЫКАХ PASS: 0 ложных из 480 судимых, несудимых 0
2026-09-07T04:52:36Z	calendar_langs_court.py	0	НЕДЕЛЯ НА ЯЗЫКАХ PASS: 0 ложных из 1120 судимых, несудимых 0
2026-09-07T04:52:37Z	sequences_langs_court.py	0	ПРОГРЕССИИ НА ЯЗЫКАХ PASS: 0 ложных из 320 судимых, несудимых 0
2026-09-07T04:52:37Z	compare_langs_court.py	0	СРАВНЕНИЕ НА ЯЗЫКАХ PASS: 0 ложных из 480 судимых, несудимых 0
2026-09-07T04:52:37Z	share_langs_court.py	0	ДОЛИ НА ЯЗЫКАХ PASS: 0 ложных из 560 судимых, несудимых 0
2026-09-07T04:52:37Z	physics_langs_court.py	0	ФИЗИКА НА ЯЗЫКАХ PASS: 0 ложных из 480 судимых, несудимых 0
2026-09-07T04:52:41Z	relation_court.py	0	СТРОЕНИЕ PASS: 0 ложных из 2084 судимых (203 файлов, структуры обходимы)
2026-09-07T04:59:01Z	court_mutants.py	0	МУТАНТЫ СУДОВ PASS: 143 поймали, 0 онемели, 0 не поймали (рубеж 1), 1 со свободным числом, 15 без числовой истинной строки, 0 без истинной строки вовсе (судов 159)
2026-09-07T04:59:04Z	panel_court.py	0	СОСТАВ PASS: 0 расхождений (рубеж 0) — палата: судов живых 160, незаявленных 0, призраков 0; набор: приборов 92, вне набора 0, призраков 0
2026-09-07T04:59:07Z	concept_reach.py	0	ОХВАТ ПОНЯТИЯ PASS: 3812 из 22032 предметов показаны (17%); не показано из НАШИХ сводов 4979 (рубеж 6556), из полки 13241 — 207 корпусов прозы, отсеяно рубрик 670, слов в показах 16730
2026-09-07T05:01:28Z	ask_reach.py	0	ВОПРОСНАЯ ПОВЕРХНОСТЬ ОТЧЁТ: 203 из 203 миров спрашивают, только сообщают 0; вопросных строк 225328 из 364367 (61%); миров с непроверяемым вопросом 0
2026-09-07T05:01:29Z	band_reach.py	0	МИР × ПОЛОСА ОТЧЁТ: строк реестра 46, исполнимых опознаний 29, расхождений записи 3, родов без мира 14; миров показов 203, из них без полосы 192; полос в реестре 5
2026-09-07T05:01:30Z	biblio_reach.py	0	БИБЛИОТЕКА PASS: названо 1684 источников (12 трудов по заглавию, 1672 по автору с годом), НЕТ НА ПОЛКЕ 1549 — из них свободно по праву 320, защищено 1223; корпусов прозы 7
2026-09-07T05:01:33Z	ruverbs_court.py	0	РУССКИЕ ГЛАГОЛЫ PASS: 0 ложных из 881 судимых (416 файлов, рубеж 0)
2026-09-07T05:01:42Z	script_court.py	0	ПИСЬМО PASS: 0 смешанных слов в 364367 строках показов (203 файлов, рубеж 0)
2026-09-07T05:03:29Z	word_mutants.py	0	ПОДСАДКА СЛОВОМ PASS: проб 4570 — ПОЙМАН 4300 (94%), ОНЕМЕЛ 163 (3%), НЕ ПОЙМАН 107 (2%); строк без слова 13741; миров с дырой 38
2026-09-07T05:04:54Z	verdict_cover.py	0	ПОКРЫТИЕ ВЕРДИКТА PASS: строк 406, слов 2943 — ЧИТАНО 2506 (85%), НЕМО 115 (3%), СЛЕПО 322 (10%, рубеж 343); судов со слепыми словами 39 из 158
2026-09-07T05:06:09Z	sentence_cover.py	0	ПОКРЫТИЕ ПРЕДЛОЖЕНИЯМИ PASS: строк о двух и более предложениях 380 — покрыты предложениями 341 (89%), покрыты вопросной половиной пары 31 (8%), покрыты ОБЪЯВЛЕННЫМ ПРЕДМЕТОМ 8 (2%), НЕ ПОКРЫТО НИЧЕМ 0 (0%, рубеж 0) в 0 мирах; форм предмета объявлено 65, из них без дела 0
2026-09-07T05:12:19Z	shelf_court.py	0	ПОЛКА PASS: 0 разладов объявления с делом (рубеж 0), никем не читаемых 174 миров, недоговорено 5 — оба числа считаны, но не судимы — 200 миров полки, судов живых 160
2026-09-07T05:20:55Z	ask_width.py	0	ШИРОТА ВОПРОСА PASS: 8446 из 9184 родов суда имеют вопросную поверхность (91%); БЕЗ ВОПРОСА 738 (рубеж 738) — от судов 738, от манифеста 0; роды объявлены судами (83 из 163, образцов 9929, вопросных слов от пакетов 261); от манифеста 0 актов в 0 мирах — с вопросом 0, без 0, не разрешено 0; строк без рода 93690 из 364367
2026-09-07T05:20:59Z	notationvar_court.py	0	НАЧЕРТАНИЕ PASS: 0 ложных из 24031 судимых (416 файлов, рубеж 0)
2026-09-07T05:23:06Z	prosetree_court.py	0	ДЕРЕВО ПРОЗЫ PASS: 51 ложных из 11352 судимых (207 файлов)
2026-09-07T05:23:07Z	longdiv_court.py	0	УГОЛ PASS: 0 ложных из 1322 судимых (203 файлов)
2026-09-07T05:25:30Z	form_census.py	0	ПЕРЕПИСЬ ФОРМ ОТЧЁТ: строк 364367, рамок 96808 (масса ≥ 9: 10029), родов 52538 (масса ≥ 9: 11024); минимальный корпус при массе 9: 260294 строк по рамкам (71 %), 191891 по родам (52 %); насыщение: последняя доля даёт 143 новых рамок и 0 новых РОДОВ на тысячу строк
2026-09-07T05:25:31Z	verbthings_court.py	0	ГЛАГОЛ–ВЕЩЬ PASS: 0 чужих пар глагол–вещь в 364367 строках показов (203 файлов, рубеж 0)
2026-09-07T06:42:46Z	coverage.py	0	СУДИМОСТЬ PASS: 364367 из 364367 строк судимы (100% при рубеже 100%, судов живых 160), слепых 0, зачтено словарём пакета 0 (0% свода, долг 0)
2026-09-07T06:42:46Z	behavior_court.py	0	ПОВЕДЕНЧЕСКИЕ ЗАКОНЫ PASS: 0 ложных из 1608 судимых, несудимых 0
2026-09-07T06:42:47Z	topics_court.py	0	БЫТОВЫЕ ТЕМЫ PASS: 0 ложных из 1104 судимых, несудимых 0
2026-09-07T06:42:47Z	nature_court.py	0	ПРИРОДА PASS: 0 ложных из 868 судимых, несудимых 0
2026-09-07T06:42:48Z	links_court.py	0	СВЯЗКИ РАЗГОВОРА PASS: 0 ложных из 17566 судимых, несудимых 0
2026-09-07T06:42:48Z	scale_court.py	0	ШКАЛА PASS: 0 ложных из 747 судимых, несудимых 0
2026-09-07T06:42:49Z	opposites_court.py	0	ПРОТИВОПОЛОЖНОСТИ PASS: 0 ложных из 648 судимых, несудимых 0
2026-09-07T06:42:49Z	roles_court.py	0	РОЛЕВЫЕ ВОПРОСЫ PASS: 0 ложных из 135 судимых, несудимых 0
2026-09-07T06:42:50Z	joints_court.py	0	СОЧЛЕНЕНИЯ PASS: 0 ложных из 2700 судимых, несудимых 0
2026-09-07T06:42:50Z	dialogue_court.py	0	РЕЧЕВОЙ ОБИХОД PASS: 0 ложных из 2052 судимых, несудимых 0
2026-09-07T06:42:51Z	worldfacts_court.py	0	ФАКТЫ МИРА PASS: 0 ложных из 2779 судимых, несудимых 0, двойников чужих миров 0
2026-09-07T06:42:52Z	infer_court.py	0	СТРОГИЙ ВЫВОД PASS: 0 ложных из 1080 судимых, несудимых 0; подсадок поймано 5 из 5
2026-09-07T06:42:54Z	circle_probe.py	0	КРУГ PASS: 0 кругов из 3774 причинных ответов (190804 вопросных строк всего); отказов 1724, из них БЕЗ ОСНОВАНИЯ 0; отрицаний 14026, из них БЕЗ ОСНОВАНИЯ 0; подсадок поймано 2 из 2, ложных тревог 0
2026-09-07T06:42:54Z	agree_probe.py	0	СОГЛАСИЕ ДОМОВ PASS: 0 споров из 12 предметов, о которых говорит больше одного дома (всего предметов 708, домов сличено 3); подсадка сходится; разный уровень ОДНОЙ лестницы (согласие) 6
2026-09-07T06:42:55Z	shelf_declare.py	0	ПОЛКА БЕЗ ОБЪЯВЛЕНИЯ PASS: 0 книг лежали на диске без записи (в договоре 21, в манифесте 417 миров)
2026-09-07T06:46:21Z	house_reach.py	0	  истина fracforms признаёт numberline: 10
2026-09-07T06:46:23Z	head_census.py	0	ПЕРЕПИСЬ ГОЛОВ: голов 2450 на 189325 вопросных строк (по 2 слова); ОДИНОЧЕК 366 (14 %), они несут 366 строк — столько же, сколько голов
2026-09-07T06:46:24Z	form_matrix.py	0	ЩЕРБАТОСТЬ ДОМОВ: 1 щербатых форм из 157 (0 %), домов 23
2026-09-07T06:46:24Z	disj_court.py	0	ИСКЛЮЧЕНИЕ PASS: 0 ложных из 216 судимых, несудимых 0; подсадок поймано 3 из 3
2026-09-07T06:46:24Z	indu_court.py	0	ПОСПЕШНОСТЬ PASS: 0 ложных из 102 судимых, несудимых 0; подсадок поймано 13 из 13
2026-09-07T06:46:25Z	analog_court.py	0	ПОДОБИЕ PASS: 0 ложных из 144 судимых, несудимых 0; подсадок поймано 3 из 3
2026-09-07T06:46:25Z	reply_court.py	0	ОТКЛИК PASS: 0 ложных из 54 судимых, несудимых 0; подсадок поймано 3 из 3
2026-09-07T06:48:05Z	register_pairs.py	0	ПАРА РЕГИСТРА PASS: пар 5298, одной дырой 4749 (89 %), дыр больше 549, ПОРОКОВ 0 (рубеж 0), без пары 0
2026-09-07T06:48:12Z	register_purity.py	0	ЧИСТОТА РЕГИСТРА: неформальных показов 21678, говорящих вежливо 0 (0 %), из них имеющих и вежливую пару 0; мест 0
2026-09-07T06:48:20Z	prefix_traps.py	0	ЛОВУШКА НАЧАЛА PASS: домов с судом по началу строки 0 (рубеж 0), проб 2280, пойманных удвоений 0
2026-09-08T21:37:50Z	arith_court.py	0	АРИФМЕТИКА PASS: 0 ложных равенств из 148061 судимых (213 файлов, неразобрано 128362)
2026-09-08T21:37:52Z	algo_court.py	0	АЛГОРИТМЫ PASS: 0 ложных утверждений из 2990 судимых (213 файлов)
2026-09-08T21:39:41Z	formula_court.py	0	ФОРМУЛЫ PASS: 0 ложных записей из 2919 судимых (213 файлов)
2026-09-08T21:39:46Z	logic_court.py	0	ЛОГИКА PASS: 0 ложных утверждений из 734 судимых (213 файлов)
2026-09-08T21:39:46Z	physics_court.py	1	ModuleNotFoundError: No module named 'langsign'
2026-09-08T21:39:49Z	cyber_court.py	0	КИБЕРНЕТИКА PASS: 0 ложных утверждений из 1288 судимых (213 файлов)
2026-09-08T21:39:52Z	agreement_court.py	1	СОГЛАСОВАНИЕ FAIL: 31 рассогласований при рубеже 0 (4611 верных, 213 файлов, закон 2)
2026-09-08T21:39:55Z	notation_court.py	0	ЗАПИСЬ PASS: 0 ложных записей из 1270 судимых (213 файлов)
2026-09-08T21:39:56Z	unit_court.py	0	ЕДИНИЦЫ PASS: 0 ложных переводов из 686 судимых (213 файлов)
2026-09-08T21:39:57Z	number_court.py	0	ЧИСЛА PASS: 0 ложных из 4220 судимых (213 файлов)
2026-09-08T21:40:00Z	inquiry_court.py	0	ДОЗНАНИЕ PASS: 0 ложных из 3915 судимых (213 файлов)
2026-09-08T21:40:01Z	surfaces_court.py	0	ПОВЕРХНОСТИ PASS: 0 ложных из 2200 судимых (213 файлов)
2026-09-08T21:40:02Z	markdown_court.py	0	РАЗМЕТКА-ПОЛНАЯ PASS: 0 ложных из 3848 судимых (213 файлов, обратимость дома цела)
2026-09-08T21:40:02Z	doctree_court.py	0	СТРУКТУРА PASS: 0 ложных из 516 судимых (213 файлов, дерево обратимо)
2026-09-08T21:40:04Z	rates_court.py	0	СТАВКИ PASS: 0 ложных из 758 судимых (213 файлов)
2026-09-08T21:40:06Z	formula_lang_court.py	0	КОНВЕРСИЯ PASS: 0 ложных из 2583 судимых (213 файлов)
2026-09-08T21:40:08Z	percent_court.py	0	ПРОЦЕНТЫ PASS: 0 ложных из 560 судимых (213 файлов)
2026-09-08T21:40:09Z	average_court.py	0	СВОДКА PASS: 0 ложных из 1300 судимых (213 файлов)
2026-09-08T21:40:09Z	equation_court.py	1	ModuleNotFoundError: No module named 'onepattern'
2026-09-08T21:40:10Z	dataformat_court.py	0	ФОРМАТЫ PASS: 0 ложных из 640 судимых (213 файлов, обратимость дома цела)
2026-09-08T21:40:10Z	everyday_court.py	1	ModuleNotFoundError: No module named 'plural'
2026-09-08T21:40:11Z	story_chain_court.py	0	ЦЕПОЧКА PASS: 0 ложных из 890 судимых (213 файлов)
2026-09-08T21:40:12Z	age_court.py	0	ВОЗРАСТ PASS: 0 ложных из 900 судимых (213 файлов)
2026-09-08T21:40:13Z	halves_court.py	0	ПОЛОВИНЫ PASS: 0 ложных из 1028 судимых (213 файлов)
2026-09-08T21:40:16Z	inquiry_de_fr_court.py	0	ДОЗНАНИЕ-DE-FR PASS: 0 ложных из 2108 судимых (213 файлов)
2026-09-08T21:40:16Z	ru_conversion_court.py	0	РУССКИЙ ПЕРЕВОД PASS: 0 ложных из 68 судимых (213 файлов)
2026-09-08T21:40:17Z	selfmeasure_court.py	0	РАССКАЗ О СЕБЕ PASS: 0 ложных из 59 судимых (213 файлов)
2026-09-08T21:40:17Z	ru_compare_court.py	0	РУССКОЕ СРАВНЕНИЕ PASS: 0 ложных из 150 судимых (213 файлов)
2026-09-08T21:40:17Z	ru_story_court.py	0	РУССКАЯ ЗАДАЧА PASS: 0 ложных из 658 судимых (213 файлов)
2026-09-08T21:40:20Z	inquiry_es_it_court.py	0	ДОЗНАНИЕ-ES-IT PASS: 0 ложных из 1480 судимых (213 файлов)
2026-09-08T21:40:22Z	share_court.py	0	ДОЛЯ PASS: 0 ложных из 2396 судимых (213 файлов)
2026-09-08T21:40:24Z	compare_mult_court.py	0	КРАТНОЕ PASS: 0 ложных из 2797 судимых (213 файлов)
2026-09-08T21:40:27Z	sequence_court.py	0	ПОСЛЕДОВАТЕЛЬНОСТИ PASS: 0 ложных из 2616 судимых (213 файлов)
2026-09-08T21:40:30Z	geometry_court.py	0	ГЕОМЕТРИЯ PASS: 0 ложных из 2438 судимых (213 файлов)
2026-09-08T21:40:33Z	linalg_court.py	0	ВЕКТОР PASS: 0 ложных из 3726 судимых (213 файлов)
2026-09-08T21:40:34Z	calendar_court.py	0	КАЛЕНДАРЬ PASS: 0 ложных из 902 судимых (213 файлов)
2026-09-08T21:40:36Z	speech_court.py	0	РЕЧЬ PASS: 0 ложных из 1960 судимых (213 файлов)
2026-09-08T21:40:40Z	rugram_court.py	0	РУССКОЕ СОГЛАСОВАНИЕ PASS: 0 ложных из 18833 судимых (213 файлов)
2026-09-08T21:40:43Z	physlaw_court.py	0	ЗАКОНЫ ФИЗИКИ PASS: 0 ложных из 830 судимых (213 файлов)
2026-09-08T21:40:46Z	compsci_court.py	0	ИНФОРМАТИКА PASS: 0 ложных из 1368 судимых (213 файлов)
2026-09-08T21:40:46Z	case_court.py	0	ПАДЕЖ PASS: 0 ложных из 1066 судимых (213 файлов)
2026-09-08T21:40:48Z	valence_court.py	0	ОЦЕНКА PASS: 0 ложных из 1256 судимых (213 файлов)
2026-09-08T21:40:49Z	shadow_court.py	1	ЗАТЕНЕНИЕ FAIL: 3 имён определены дважды (597 файлов, рубеж 0)
2026-09-08T21:41:34Z	syllabus_court.py	0	ПОЛНОТА PASS: 0 предметов свода не покрыты из 62 (рубеж 0, 213 файлов)
2026-09-08T21:41:53Z	richness_court.py	0	БОГАТСТВО[показано] PASS: не показаны 0 форм из 20 и 0 стыков из 6 (рубеж 0, 213 файлов); КУПЛЕНО и ИСПОЛНЕНО мерятся на стороне организма
2026-09-08T21:42:07Z	langpack_court.py	0	ЯЗЫКИ PASS: 29 зелёных из 29, красных 0 (рубеж 6)
2026-09-08T21:42:08Z	langrule_court.py	0	ПРАВИЛО ЯЗЫКА PASS: 0 разладов формы с правилом из 1014 сверенных (19 пакетов с правилом из 29)
2026-09-08T21:51:25Z	claims_court.py	1	РОДЫ FAIL: 1030 строк прочтены НЕ ХОЗЯИНОМ рода из 47408 с видимым родом (рубеж 0, 213 файлов, родов объявлено 4)
2026-09-08T21:51:28Z	program_court.py	0	ПРОГРАММЫ PASS: 0 ложных из 1078 судимых (213 файлов)
2026-09-08T21:51:31Z	statistics_court.py	0	СТАТИСТИКА PASS: 0 ложных из 1196 судимых (213 файлов)
2026-09-08T21:51:34Z	proof_court.py	0	ДОКАЗАТЕЛЬСТВО PASS: 0 ложных из 663 судимых (213 файлов)
2026-09-08T21:51:36Z	machine_court.py	0	МАШИНА PASS: 0 ложных из 1846 судимых (213 файлов)
2026-09-08T21:51:45Z	episode_court.py	0	ЭПИЗОД PASS: 0 ложных из 10330 судимых (213 файлов), вне владения 11 слов: ['day', 'dollar', 'foot', 'kilometer', 'leaf']
2026-09-08T21:51:48Z	copula_court.py	0	СВЯЗКИ PASS: 0 ложных из 500 судимых (213 файлов), НЕЗНАКОМЫХ ПАР 40499: ["cause: philosophy is literally, the love of, including the search after, wisdom; in actual usage, the knowledge of phenomena as explained by, and resolved into, / and reasons, powers and laws: webster's unabridged dictionary, 1913", 'cause: электричество — это то, содержащееся в теле, что сообщает этому телу особые свойства, / в нем способность действовать механически на некоторые другие тела, притягивать или при известных условиях отталкивать их, а также вызывает в самом этом теле способность испытывать подобные же механические действия других тел: эсбе, статья «электричество»', 'contain: does the node body contain the node liquid? in the tree of kinds the node body / the node liquid']
2026-09-08T21:51:50Z	markup_court.py	0	РАЗМЕТКА PASS: 0 ложных из 3830 судимых (213 файлов)
2026-09-08T21:52:08Z	langlayer_court.py	0	ПЛАСТ PASS: 0 необъявленных слов (103544 строк, 29 пластов)
2026-09-08T21:52:09Z	langform_court.py	0	ФОРМА ПЛАСТА PASS: 0 ложных из 80240 судимых (103544 строк пласта, 29 пластов, дословных 940, рамок без опознавателя 4, рубеж 0)
2026-09-08T21:52:09Z	gsm_census.py	0	GSM-CENSUS PASS: 0 расхождений (72 выведено, 69 в слое, 3 удержано)
2026-09-08T21:54:08Z	reproducible.py	0	ВОСПРОИЗВОДИМОСТЬ PASS: 0 расхождений из 206 сличённых (без объявленной цели 0, рубеж 0)
2026-09-08T21:54:08Z	bash32_court.py	0	BASH32-COURT PASS: ни одного имени, съедаемого bash 3.2; скриптов проверено: 6
2026-09-08T21:54:09Z	manifest_court.py	0	МАНИФЕСТ PASS: 0 разладов объявления с делом (426 миров, сборок 6, обязательств дела 234)
2026-09-08T22:25:13Z	prose_court.py	1	ПРОЗА FAIL: 0 разладов объявления (рубеж 0) и 1137 возражений судов (рубеж 436, чтение вне подсудности) — 207 миров, 1171830 строк, прочтено 22536 (1%), судов живых 167
2026-09-08T22:25:19Z	mutants.py	0	МУТАНТЫ PASS: 9 полей из 9 поймали свою подсадку, чужих задето 0
2026-09-08T22:25:20Z	lexicon_reach.py	0	ОХВАТ PASS: 366 из 366 объявленных слов прожиты >=2 раз (100% при рубеже 100%)
2026-09-08T22:25:23Z	inquiry_pt_nl_court.py	0	ДОЗНАНИЕ-PT-NL PASS: 0 ложных из 2108 судимых (213 файлов)
2026-09-08T22:25:26Z	inquiry_pl_tr_court.py	0	ДОЗНАНИЕ-PL-TR PASS: 0 ложных из 1537 судимых (213 файлов)
2026-09-08T22:25:26Z	metalang_court.py	1	ModuleNotFoundError: No module named 'onepattern'
2026-09-08T22:25:27Z	glyph_court.py	0	ГЛИФЫ PASS: 0 ложных, 1101 истинных, 0 несудимых
2026-09-08T22:25:27Z	space_court.py	0	ПРОСТРАНСТВО PASS: 0 ложных, 2301 истинных, 0 несудимых
2026-09-08T22:25:27Z	stenogram_court.py	0	СТЕНОГРАММЫ PASS: 0 ложных, 550 истинных, 0 несудимых
2026-09-08T22:25:28Z	mathspaces_court.py	0	ПРОСТРАНСТВА PASS: 0 ложных, 814 истинных, 0 несудимых
2026-09-08T22:25:28Z	gsmforms_court.py	0	ШКОЛЬНЫЕ ФОРМЫ PASS: 0 ложных, 2591 истинных, 0 несудимых
2026-09-08T22:25:37Z	definitions_court.py	0	ОПРЕДЕЛЕНИЯ PASS: 0 ложных, 2141 истинных, 0 несудимых
2026-09-08T22:25:37Z	pronoun_court.py	0	МЕСТОИМЕНИЯ PASS: 0 ложных из 480 судимых, несудимых 0
2026-09-08T22:25:37Z	money_court.py	1	ModuleNotFoundError: No module named 'plural'
2026-09-08T22:25:38Z	holes_court.py	0	ДЫРЫ PASS: 0 ложных из 6640 судимых, несудимых 0
2026-09-08T22:25:38Z	money_langs_court.py	0	ДЕНЬГИ НА ЯЗЫКАХ PASS: 0 ложных из 1188 судимых, несудимых 0
2026-09-08T22:25:38Z	geometry_langs_court.py	0	ГЕОМЕТРИЯ НА ЯЗЫКАХ PASS: 0 ложных из 960 судимых, несудимых 0
2026-09-08T22:25:38Z	units_langs_court.py	0	ЕДИНИЦЫ НА ЯЗЫКАХ PASS: 0 ложных из 640 судимых, несудимых 0
2026-09-08T22:25:38Z	stats_langs_court.py	0	СВОДКА НА ЯЗЫКАХ PASS: 0 ложных из 480 судимых, несудимых 0
2026-09-08T22:25:39Z	calendar_langs_court.py	0	НЕДЕЛЯ НА ЯЗЫКАХ PASS: 0 ложных из 1120 судимых, несудимых 0
2026-09-08T22:25:39Z	sequences_langs_court.py	0	ПРОГРЕССИИ НА ЯЗЫКАХ PASS: 0 ложных из 320 судимых, несудимых 0
2026-09-08T22:25:39Z	compare_langs_court.py	0	СРАВНЕНИЕ НА ЯЗЫКАХ PASS: 0 ложных из 480 судимых, несудимых 0
2026-09-08T22:25:39Z	share_langs_court.py	0	ДОЛИ НА ЯЗЫКАХ PASS: 0 ложных из 560 судимых, несудимых 0
2026-09-08T22:25:39Z	physics_langs_court.py	0	ФИЗИКА НА ЯЗЫКАХ PASS: 0 ложных из 480 судимых, несудимых 0
2026-09-08T22:25:43Z	relation_court.py	0	СТРОЕНИЕ PASS: 0 ложных из 2092 судимых (213 файлов, структуры обходимы)
2026-09-08T22:33:13Z	court_mutants.py	1	МУТАНТЫ СУДОВ FAIL: 146 поймали, 1 онемели, 3 не поймали (рубеж 1), 1 со свободным числом, 15 без числовой истинной строки, 0 без истинной строки вовсе (судов 166)
2026-09-08T22:33:15Z	panel_court.py	0	СОСТАВ PASS: 0 расхождений (рубеж 0) — палата: судов живых 167, незаявленных 0, призраков 0; набор: приборов 115, вне набора 0, призраков 0
2026-09-08T22:33:18Z	concept_reach.py	0	ОХВАТ ПОНЯТИЯ PASS: 3839 из 22032 предметов показаны (17%); не показано из НАШИХ сводов 4976 (рубеж 6556), из полки 13217 — 207 корпусов прозы, отсеяно рубрик 670, слов в показах 17014
2026-09-08T22:35:37Z	ask_reach.py	0	ВОПРОСНАЯ ПОВЕРХНОСТЬ ОТЧЁТ: 213 из 213 миров спрашивают, только сообщают 0; вопросных строк 252893 из 398510 (63%); миров с непроверяемым вопросом 0
2026-09-08T22:35:38Z	band_reach.py	0	МИР × ПОЛОСА ОТЧЁТ: строк реестра 46, исполнимых опознаний 29, расхождений записи 3, родов без мира 14; миров показов 213, из них без полосы 202; полос в реестре 5
2026-09-08T22:35:39Z	biblio_reach.py	0	БИБЛИОТЕКА PASS: названо 1684 источников (12 трудов по заглавию, 1672 по автору с годом), НЕТ НА ПОЛКЕ 1549 — из них свободно по праву 320, защищено 1223; корпусов прозы 7
2026-09-08T22:35:42Z	ruverbs_court.py	0	РУССКИЕ ГЛАГОЛЫ PASS: 0 ложных из 881 судимых (426 файлов, рубеж 0)
2026-09-08T22:35:51Z	script_court.py	0	ПИСЬМО PASS: 0 смешанных слов в 398510 строках показов (213 файлов, рубеж 0)
2026-09-08T22:37:33Z	word_mutants.py	1	ПОДСАДКА СЛОВОМ FAIL: проб 4793 — ПОЙМАН 4524 (94%), ОНЕМЕЛ 184 (3%), НЕ ПОЙМАН 85 (1%); строк без слова 13889; миров с дырой 25
2026-09-08T22:38:57Z	verdict_cover.py	0	ПОКРЫТИЕ ВЕРДИКТА PASS: строк 425, слов 3127 — ЧИТАНО 2722 (87%), НЕМО 124 (3%), СЛЕПО 281 (8%, рубеж 343); судов со слепыми словами 34 из 166
2026-09-08T22:40:23Z	sentence_cover.py	0	ПОКРЫТИЕ ПРЕДЛОЖЕНИЯМИ PASS: строк о двух и более предложениях 426 — покрыты предложениями 389 (91%), покрыты вопросной половиной пары 33 (7%), покрыты ОБЪЯВЛЕННЫМ ПРЕДМЕТОМ 4 (0%), НЕ ПОКРЫТО НИЧЕМ 0 (0%, рубеж 0) в 0 мирах; форм предмета объявлено 65, из них без дела 0
2026-09-08T22:40:32Z	bench_leak.py	0	ТЕЧЬ ПОЛОСЫ PASS: тактов 726, вопрос такта стои́т в своде 0 (рубеж 0); та же формулировка с ИНЫМИ числами 8, совпадений СКЕЛЕТА 0 — считано, но не судимо; полоса t7_svamp_s1.jsonl (244288 байт), свод GENESIS-FULL.txt (35013684 байт)
2026-09-08T22:45:45Z	shelf_court.py	1	ПОЛКА FAIL: 1 разладов объявления с делом (рубеж 0), никем не читаемых 174 миров, недоговорено 36 — оба числа считаны, но не судимы — 200 миров полки, судов живых 167
2026-09-08T22:52:49Z	ask_width.py	0	ШИРОТА ВОПРОСА PASS: 8775 из 9647 родов суда имеют вопросную поверхность (90%); БЕЗ ВОПРОСА 872 (рубеж 872) — от судов 872, от манифеста 0; роды объявлены судами (86 из 170, образцов 10358, вопросных слов от пакетов 261); от манифеста 0 актов в 0 мирах — с вопросом 0, без 0, не разрешено 0; строк без рода 36655 из 398510
2026-09-08T22:52:52Z	notationvar_court.py	0	НАЧЕРТАНИЕ PASS: 0 ложных из 24031 судимых (426 файлов, рубеж 0)
2026-09-08T22:54:45Z	prosetree_court.py	0	ДЕРЕВО ПРОЗЫ PASS: 45 ложных из 11339 судимых (207 файлов)
2026-09-08T22:54:46Z	longdiv_court.py	0	УГОЛ PASS: 0 ложных из 1322 судимых (213 файлов)
2026-09-08T22:57:04Z	form_census.py	0	ПЕРЕПИСЬ ФОРМ ОТЧЁТ: строк 398510, рамок 109123 (масса ≥ 9: 11322), родов 59642 (масса ≥ 9: 12363); минимальный корпус при массе 9: 291965 строк по рамкам (73 %), 212638 по родам (53 %); насыщение: последняя доля даёт 310 новых рамок и 254 новых РОДОВ на тысячу строк
2026-09-08T22:57:05Z	verbthings_court.py	0	ГЛАГОЛ–ВЕЩЬ PASS: 0 чужих пар глагол–вещь в 398510 строках показов (213 файлов, рубеж 0)
2026-09-08T23:21:00Z	arith_court.py	0	АРИФМЕТИКА PASS: 0 ложных равенств из 148211 судимых (213 файлов, неразобрано 128362)
2026-09-08T23:21:03Z	algo_court.py	0	АЛГОРИТМЫ PASS: 0 ложных утверждений из 2990 судимых (213 файлов)
2026-09-08T23:23:33Z	formula_court.py	0	ФОРМУЛЫ PASS: 0 ложных записей из 2919 судимых (213 файлов)
2026-09-08T23:21:05Z	logic_court.py	0	ЛОГИКА PASS: 0 ложных утверждений из 734 судимых (213 файлов)
2026-09-08T23:23:34Z	physics_court.py	0	ФИЗИКА PASS: 0 ложных утверждений из 1436 судимых (213 файлов)
2026-09-08T23:23:36Z	cyber_court.py	0	КИБЕРНЕТИКА PASS: 0 ложных утверждений из 1288 судимых (213 файлов)
2026-09-08T23:23:37Z	agreement_court.py	0	СОГЛАСОВАНИЕ PASS: 0 рассогласований при рубеже 0 (4726 верных, 213 файлов, закон 2)
2026-09-08T23:23:40Z	notation_court.py	0	ЗАПИСЬ PASS: 0 ложных записей из 1270 судимых (213 файлов)
2026-09-08T23:23:39Z	unit_court.py	0	ЕДИНИЦЫ PASS: 0 ложных переводов из 686 судимых (213 файлов)
2026-09-08T23:23:39Z	number_court.py	0	ЧИСЛА PASS: 0 ложных из 4220 судимых (213 файлов)
2026-09-08T23:23:43Z	inquiry_court.py	0	ДОЗНАНИЕ PASS: 0 ложных из 3915 судимых (213 файлов)
2026-09-08T23:23:41Z	surfaces_court.py	0	ПОВЕРХНОСТИ PASS: 0 ложных из 2200 судимых (213 файлов)
2026-09-08T23:23:41Z	markdown_court.py	0	РАЗМЕТКА-ПОЛНАЯ PASS: 0 ложных из 3848 судимых (213 файлов, обратимость дома цела)
2026-09-08T23:23:44Z	doctree_court.py	0	СТРУКТУРА PASS: 0 ложных из 516 судимых (213 файлов, дерево обратимо)
2026-09-08T23:23:45Z	rates_court.py	0	СТАВКИ PASS: 0 ложных из 758 судимых (213 файлов)
2026-09-08T23:23:46Z	formula_lang_court.py	0	КОНВЕРСИЯ PASS: 0 ложных из 2583 судимых (213 файлов)
2026-09-08T23:23:48Z	percent_court.py	0	ПРОЦЕНТЫ PASS: 0 ложных из 560 судимых (213 файлов)
2026-09-08T23:23:46Z	average_court.py	0	СВОДКА PASS: 0 ложных из 1300 судимых (213 файлов)
2026-09-08T23:23:50Z	equation_court.py	0	УРАВНЕНИЕ PASS: 0 ложных из 3340 судимых (213 файлов)
2026-09-08T23:23:51Z	dataformat_court.py	0	ФОРМАТЫ PASS: 0 ложных из 640 судимых (213 файлов, обратимость дома цела)
2026-09-08T23:23:55Z	everyday_court.py	0	БЫТ PASS: 0 ложных из 4556 судимых (213 файлов)
2026-09-08T23:23:50Z	story_chain_court.py	0	ЦЕПОЧКА PASS: 0 ложных из 890 судимых (213 файлов)
2026-09-08T23:23:56Z	age_court.py	0	ВОЗРАСТ PASS: 0 ложных из 900 судимых (213 файлов)
2026-09-08T23:23:57Z	halves_court.py	0	ПОЛОВИНЫ PASS: 0 ложных из 1028 судимых (213 файлов)
2026-09-08T23:23:57Z	inquiry_de_fr_court.py	0	ДОЗНАНИЕ-DE-FR PASS: 0 ложных из 2108 судимых (213 файлов)
2026-09-08T23:23:58Z	ru_conversion_court.py	0	РУССКИЙ ПЕРЕВОД PASS: 0 ложных из 68 судимых (213 файлов)
2026-09-08T23:23:58Z	selfmeasure_court.py	0	РАССКАЗ О СЕБЕ PASS: 0 ложных из 59 судимых (213 файлов)
2026-09-08T23:23:58Z	ru_compare_court.py	0	РУССКОЕ СРАВНЕНИЕ PASS: 0 ложных из 150 судимых (213 файлов)
2026-09-08T23:23:59Z	ru_story_court.py	0	РУССКАЯ ЗАДАЧА PASS: 0 ложных из 658 судимых (213 файлов)
2026-09-08T23:24:01Z	inquiry_es_it_court.py	0	ДОЗНАНИЕ-ES-IT PASS: 0 ложных из 1480 судимых (213 файлов)
2026-09-08T23:24:01Z	share_court.py	0	ДОЛЯ PASS: 0 ложных из 2396 судимых (213 файлов)
2026-09-08T23:24:04Z	compare_mult_court.py	0	КРАТНОЕ PASS: 0 ложных из 2797 судимых (213 файлов)
2026-09-08T23:24:04Z	sequence_court.py	0	ПОСЛЕДОВАТЕЛЬНОСТИ PASS: 0 ложных из 2616 судимых (213 файлов)
2026-09-08T23:24:04Z	geometry_court.py	0	ГЕОМЕТРИЯ PASS: 0 ложных из 2438 судимых (213 файлов)
2026-09-08T23:24:07Z	linalg_court.py	0	ВЕКТОР PASS: 0 ложных из 3726 судимых (213 файлов)
2026-09-08T23:24:06Z	calendar_court.py	0	КАЛЕНДАРЬ PASS: 0 ложных из 902 судимых (213 файлов)
2026-09-08T23:24:07Z	speech_court.py	0	РЕЧЬ PASS: 0 ложных из 1960 судимых (213 файлов)
2026-09-08T23:24:12Z	rugram_court.py	0	РУССКОЕ СОГЛАСОВАНИЕ PASS: 0 ложных из 18833 судимых (213 файлов)
2026-09-08T23:24:11Z	physlaw_court.py	0	ЗАКОНЫ ФИЗИКИ PASS: 0 ложных из 830 судимых (213 файлов)
2026-09-08T23:24:11Z	compsci_court.py	0	ИНФОРМАТИКА PASS: 0 ложных из 1368 судимых (213 файлов)
2026-09-08T23:24:13Z	case_court.py	0	ПАДЕЖ PASS: 0 ложных из 1066 судимых (213 файлов)
2026-09-08T23:24:14Z	valence_court.py	0	ОЦЕНКА PASS: 0 ложных из 1256 судимых (213 файлов)
2026-09-08T23:24:13Z	shadow_court.py	0	ЗАТЕНЕНИЕ PASS: 0 имён определены дважды (597 файлов, рубеж 0)
2026-09-08T23:25:05Z	syllabus_court.py	0	ПОЛНОТА PASS: 0 предметов свода не покрыты из 62 (рубеж 0, 213 файлов)
2026-09-08T23:24:37Z	richness_court.py	0	БОГАТСТВО[показано] PASS: не показаны 0 форм из 20 и 0 стыков из 6 (рубеж 0, 213 файлов); КУПЛЕНО и ИСПОЛНЕНО мерятся на стороне организма
2026-09-08T23:24:33Z	langpack_court.py	0	ЯЗЫКИ PASS: 29 зелёных из 29, красных 0 (рубеж 6)
2026-09-08T23:25:06Z	langrule_court.py	0	ПРАВИЛО ЯЗЫКА PASS: 0 разладов формы с правилом из 1014 сверенных (19 пакетов с правилом из 29)
2026-09-08T23:34:43Z	claims_court.py	0	РОДЫ PASS: 0 строк прочтены НЕ ХОЗЯИНОМ рода из 47408 с видимым родом (рубеж 0, 213 файлов, родов объявлено 4)
2026-09-08T23:25:09Z	program_court.py	0	ПРОГРАММЫ PASS: 0 ложных из 1078 судимых (213 файлов)
2026-09-08T23:34:47Z	statistics_court.py	0	СТАТИСТИКА PASS: 0 ложных из 1196 судимых (213 файлов)
2026-09-08T23:34:46Z	proof_court.py	0	ДОКАЗАТЕЛЬСТВО PASS: 0 ложных из 663 судимых (213 файлов)
2026-09-08T23:34:45Z	machine_court.py	0	МАШИНА PASS: 0 ложных из 1846 судимых (213 файлов)
2026-09-08T23:34:55Z	episode_court.py	0	ЭПИЗОД PASS: 0 ложных из 10270 судимых (213 файлов), вне владения 11 слов: ['day', 'dollar', 'foot', 'kilometer', 'leaf']
2026-09-08T23:34:50Z	copula_court.py	0	СВЯЗКИ PASS: 0 ложных из 500 судимых (213 файлов), НЕЗНАКОМЫХ ПАР 40499: ["cause: philosophy is literally, the love of, including the search after, wisdom; in actual usage, the knowledge of phenomena as explained by, and resolved into, / and reasons, powers and laws: webster's unabridged dictionary, 1913", 'cause: электричество — это то, содержащееся в теле, что сообщает этому телу особые свойства, / в нем способность действовать механически на некоторые другие тела, притягивать или при известных условиях отталкивать их, а также вызывает в самом этом теле способность испытывать подобные же механические действия других тел: эсбе, статья «электричество»', 'contain: does the node body contain the node liquid? in the tree of kinds the node body / the node liquid']
2026-09-08T23:34:49Z	markup_court.py	0	РАЗМЕТКА PASS: 0 ложных из 3830 судимых (213 файлов)
2026-09-08T23:35:13Z	langlayer_court.py	0	ПЛАСТ PASS: 0 необъявленных слов (103544 строк, 29 пластов)
2026-09-08T23:34:56Z	langform_court.py	0	ФОРМА ПЛАСТА PASS: 0 ложных из 80240 судимых (103544 строк пласта, 29 пластов, дословных 940, рамок без опознавателя 4, рубеж 0)
2026-09-08T23:34:56Z	gsm_census.py	0	GSM-CENSUS PASS: 0 расхождений (72 выведено, 69 в слое, 3 удержано)
2026-09-08T23:37:12Z	reproducible.py	0	ВОСПРОИЗВОДИМОСТЬ PASS: 0 расхождений из 206 сличённых (без объявленной цели 0, рубеж 0)
2026-09-08T23:37:12Z	bash32_court.py	1	BASH32-COURT FAIL: скрипт НЕ РАБОТАЕТ на /bin/bash macOS
2026-09-08T23:37:13Z	manifest_court.py	0	МАНИФЕСТ PASS: 0 разладов объявления с делом (426 миров, сборок 6, обязательств дела 234)
2026-09-08T23:37:14Z	prose_court.py	0	МАНИФЕСТ PASS: 0 разладов объявления с делом (426 миров, сборок 6, обязательств дела 234)
2026-09-08T23:37:19Z	mutants.py	0	МУТАНТЫ PASS: 9 полей из 9 поймали свою подсадку, чужих задето 0
2026-09-08T23:37:15Z	lexicon_reach.py	0	ОХВАТ PASS: 366 из 366 объявленных слов прожиты >=2 раз (100% при рубеже 100%)
2026-09-08T23:37:17Z	inquiry_pt_nl_court.py	0	ДОЗНАНИЕ-PT-NL PASS: 0 ложных из 2108 судимых (213 файлов)
2026-09-08T23:37:21Z	inquiry_pl_tr_court.py	0	ДОЗНАНИЕ-PL-TR PASS: 0 ложных из 1537 судимых (213 файлов)
2026-09-08T23:37:19Z	metalang_court.py	1	ModuleNotFoundError: No module named 'onepattern'
2026-09-08T23:37:19Z	glyph_court.py	0	ГЛИФЫ PASS: 0 ложных, 1101 истинных, 0 несудимых
2026-09-08T23:37:21Z	space_court.py	0	ПРОСТРАНСТВО PASS: 0 ложных, 2301 истинных, 0 несудимых
2026-09-08T23:37:21Z	stenogram_court.py	0	СТЕНОГРАММЫ PASS: 0 ложных, 550 истинных, 0 несудимых
2026-09-08T23:37:22Z	mathspaces_court.py	0	ПРОСТРАНСТВА PASS: 0 ложных, 814 истинных, 0 несудимых
2026-09-08T23:37:22Z	gsmforms_court.py	0	ШКОЛЬНЫЕ ФОРМЫ PASS: 0 ложных, 2591 истинных, 0 несудимых
2026-09-08T23:37:29Z	definitions_court.py	0	ОПРЕДЕЛЕНИЯ PASS: 0 ложных, 2141 истинных, 0 несудимых
2026-09-08T23:37:22Z	pronoun_court.py	0	МЕСТОИМЕНИЯ PASS: 0 ложных из 480 судимых, несудимых 0
2026-09-08T23:37:30Z	money_court.py	1	ModuleNotFoundError: No module named 'plural'
2026-09-08T23:37:30Z	holes_court.py	0	ДЫРЫ PASS: 0 ложных из 6640 судимых, несудимых 0
2026-09-08T23:37:30Z	money_langs_court.py	0	ДЕНЬГИ НА ЯЗЫКАХ PASS: 0 ложных из 1188 судимых, несудимых 0
2026-09-08T23:37:30Z	geometry_langs_court.py	0	ГЕОМЕТРИЯ НА ЯЗЫКАХ PASS: 0 ложных из 960 судимых, несудимых 0
2026-09-08T23:37:30Z	units_langs_court.py	0	ЕДИНИЦЫ НА ЯЗЫКАХ PASS: 0 ложных из 640 судимых, несудимых 0
2026-09-08T23:37:30Z	stats_langs_court.py	0	СВОДКА НА ЯЗЫКАХ PASS: 0 ложных из 480 судимых, несудимых 0
2026-09-08T23:37:31Z	calendar_langs_court.py	0	НЕДЕЛЯ НА ЯЗЫКАХ PASS: 0 ложных из 1120 судимых, несудимых 0
2026-09-08T23:37:31Z	sequences_langs_court.py	0	ПРОГРЕССИИ НА ЯЗЫКАХ PASS: 0 ложных из 320 судимых, несудимых 0
2026-09-08T23:37:31Z	compare_langs_court.py	0	СРАВНЕНИЕ НА ЯЗЫКАХ PASS: 0 ложных из 480 судимых, несудимых 0
2026-09-08T23:37:31Z	share_langs_court.py	0	ДОЛИ НА ЯЗЫКАХ PASS: 0 ложных из 560 судимых, несудимых 0
2026-09-08T23:37:31Z	physics_langs_court.py	0	ФИЗИКА НА ЯЗЫКАХ PASS: 0 ложных из 480 судимых, несудимых 0
2026-09-08T23:37:35Z	relation_court.py	0	СТРОЕНИЕ PASS: 0 ложных из 2092 судимых (213 файлов, структуры обходимы)
2026-09-08T23:44:08Z	court_mutants.py	1	МУТАНТЫ СУДОВ FAIL: 146 поймали, 1 онемели, 3 не поймали (рубеж 1), 1 со свободным числом, 15 без числовой истинной строки, 0 без истинной строки вовсе (судов 166)
2026-09-08T23:37:39Z	panel_court.py	0	СОСТАВ PASS: 0 расхождений (рубеж 0) — палата: судов живых 167, незаявленных 0, призраков 0; набор: приборов 115, вне набора 0, призраков 0
2026-09-08T23:37:39Z	concept_reach.py	0	ОХВАТ ПОНЯТИЯ PASS: 3839 из 22032 предметов показаны (17%); не показано из НАШИХ сводов 4976 (рубеж 6556), из полки 13217 — 207 корпусов прозы, отсеяно рубрик 670, слов в показах 17014
2026-09-08T23:46:24Z	ask_reach.py	0	ВОПРОСНАЯ ПОВЕРХНОСТЬ ОТЧЁТ: 213 из 213 миров спрашивают, только сообщают 0; вопросных строк 252893 из 398745 (63%); миров с непроверяемым вопросом 0
2026-09-08T23:44:10Z	band_reach.py	0	МИР × ПОЛОСА ОТЧЁТ: строк реестра 46, исполнимых опознаний 29, расхождений записи 3, родов без мира 14; миров показов 213, из них без полосы 202; полос в реестре 5
2026-09-08T23:44:09Z	biblio_reach.py	0	БИБЛИОТЕКА PASS: названо 1684 источников (12 трудов по заглавию, 1672 по автору с годом), НЕТ НА ПОЛКЕ 1549 — из них свободно по праву 320, защищено 1223; корпусов прозы 7
2026-09-08T23:46:42Z	coverage.py	0	СУДИМОСТЬ PASS: 398510 из 398510 строк судимы (100% при рубеже 100%, судов живых 167), слепых 0, зачтено словарём пакета 0 (0% свода, долг 0)
2026-09-08T23:46:42Z	behavior_court.py	0	ПОВЕДЕНЧЕСКИЕ ЗАКОНЫ PASS: 0 ложных из 1608 судимых, несудимых 0
2026-09-08T23:46:42Z	topics_court.py	0	БЫТОВЫЕ ТЕМЫ PASS: 0 ложных из 1104 судимых, несудимых 0
2026-09-08T23:46:42Z	nature_court.py	0	ПРИРОДА PASS: 0 ложных из 868 судимых, несудимых 0
2026-09-08T23:46:43Z	links_court.py	0	СВЯЗКИ РАЗГОВОРА PASS: 0 ложных из 17566 судимых, несудимых 0
2026-09-08T23:46:43Z	scale_court.py	0	ШКАЛА PASS: 0 ложных из 747 судимых, несудимых 0
2026-09-08T23:46:43Z	opposites_court.py	0	ПРОТИВОПОЛОЖНОСТИ PASS: 0 ложных из 648 судимых, несудимых 0
2026-09-08T23:46:43Z	roles_court.py	0	РОЛЕВЫЕ ВОПРОСЫ PASS: 0 ложных из 144 судимых, несудимых 0
2026-09-08T23:46:43Z	joints_court.py	0	СОЧЛЕНЕНИЯ PASS: 0 ложных из 2700 судимых, несудимых 0
2026-09-08T23:46:44Z	dialogue_court.py	0	РЕЧЕВОЙ ОБИХОД PASS: 0 ложных из 2052 судимых, несудимых 0
2026-09-08T23:46:44Z	worldfacts_court.py	0	ФАКТЫ МИРА PASS: 0 ложных из 2779 судимых, несудимых 0, двойников чужих миров 0
2026-09-08T23:46:44Z	infer_court.py	0	СТРОГИЙ ВЫВОД PASS: 0 ложных из 1080 судимых, несудимых 0; подсадок поймано 5 из 5
2026-09-08T23:46:45Z	circle_probe.py	0	КРУГ PASS: 0 кругов из 3770 причинных ответов (216570 вопросных строк всего); отказов 1724, из них БЕЗ ОСНОВАНИЯ 0; отрицаний 14566, из них БЕЗ ОСНОВАНИЯ 0; подсадок поймано 2 из 2, ложных тревог 0
2026-09-08T23:46:46Z	agree_probe.py	0	СОГЛАСИЕ ДОМОВ PASS: 0 споров из 12 предметов, о которых говорит больше одного дома (всего предметов 708, домов сличено 3); подсадка сходится; разный уровень ОДНОЙ лестницы (согласие) 6
2026-09-08T23:46:46Z	shelf_declare.py	0	ПОЛКА БЕЗ ОБЪЯВЛЕНИЯ PASS: 0 книг лежали на диске без записи (в договоре 21, в манифесте 426 миров)
2026-09-08T23:46:28Z	ruverbs_court.py	0	РУССКИЕ ГЛАГОЛЫ PASS: 0 ложных из 881 судимых (426 файлов, рубеж 0)
2026-09-08T23:46:34Z	script_court.py	0	ПИСЬМО PASS: 0 смешанных слов в 398745 строках показов (213 файлов, рубеж 0)
2026-09-08T23:48:05Z	word_mutants.py	1	ПОДСАДКА СЛОВОМ FAIL: проб 4793 — ПОЙМАН 4524 (94%), ОНЕМЕЛ 184 (3%), НЕ ПОЙМАН 85 (1%); строк без слова 13889; миров с дырой 25
2026-09-08T23:48:54Z	house_reach.py	0	  истина fracforms признаёт numberline: 10
2026-09-08T23:48:55Z	head_census.py	0	ПЕРЕПИСЬ ГОЛОВ: голов 2587 на 214992 вопросных строк (по 2 слова); ОДИНОЧЕК 382 (14 %), они несут 382 строк — столько же, сколько голов
2026-09-08T23:48:56Z	form_matrix.py	0	ЩЕРБАТОСТЬ ДОМОВ: 1 щербатых форм из 157 (0 %), домов 23
2026-09-08T23:48:56Z	disj_court.py	0	ИСКЛЮЧЕНИЕ PASS: 0 ложных из 216 судимых, несудимых 0; подсадок поймано 3 из 3
2026-09-08T23:48:56Z	indu_court.py	0	ПОСПЕШНОСТЬ PASS: 0 ложных из 102 судимых, несудимых 0; подсадок поймано 13 из 13
2026-09-08T23:48:56Z	houseshows_court.py	0	ПОКАЗ ДОМА PASS: домов 6, показов собрано 12742; строк своих 8479, ВНЕ ДОМА 0 (рубеж 0)
2026-09-08T23:48:57Z	article_court.py	0	АРТИКЛЬ PASS: 0 ложных из 1366 судимых (рубеж 0); имён объявлено 50
2026-09-08T23:48:57Z	analog_court.py	0	ПОДОБИЕ PASS: 0 ложных из 144 судимых, несудимых 0; подсадок поймано 3 из 3
2026-09-08T23:48:58Z	reply_court.py	0	ОТКЛИК PASS: 0 ложных из 54 судимых, несудимых 0; подсадок поймано 3 из 3
2026-09-08T23:49:26Z	verdict_cover.py	0	ПОКРЫТИЕ ВЕРДИКТА PASS: строк 425, слов 3127 — ЧИТАНО 2722 (87%), НЕМО 124 (3%), СЛЕПО 281 (8%, рубеж 343); судов со слепыми словами 34 из 166
2026-09-08T23:49:23Z	sentence_cover.py	0	ПОКРЫТИЕ ПРЕДЛОЖЕНИЯМИ PASS: строк о двух и более предложениях 426 — покрыты предложениями 389 (91%), покрыты вопросной половиной пары 33 (7%), покрыты ОБЪЯВЛЕННЫМ ПРЕДМЕТОМ 4 (0%), НЕ ПОКРЫТО НИЧЕМ 0 (0%, рубеж 0) в 0 мирах; форм предмета объявлено 65, из них без дела 0
2026-09-08T23:48:13Z	bench_leak.py	0	ТЕЧЬ ПОЛОСЫ PASS: тактов 726, вопрос такта стои́т в своде 0 (рубеж 0); та же формулировка с ИНЫМИ числами 8, совпадений СКЕЛЕТА 0 — считано, но не судимо; полоса t7_svamp_s1.jsonl (244288 байт), свод GENESIS-FULL.txt (35015390 байт)
2026-09-08T23:50:01Z	register_pairs.py	0	ПАРА РЕГИСТРА PASS: пар 5298, одной дырой 4749 (89 %), дыр больше 549, ПОРОКОВ 0 (рубеж 0), без пары 0
2026-09-08T23:50:06Z	register_purity.py	0	ЧИСТОТА РЕГИСТРА: неформальных показов 21678, говорящих вежливо 0 (0 %), из них имеющих и вежливую пару 0; мест 0
2026-09-08T23:50:11Z	prefix_traps.py	0	ЛОВУШКА НАЧАЛА PASS: домов с судом по началу строки 0 (рубеж 0), проб 2280, пойманных удвоений 0
2026-09-08T23:50:16Z	sign_traps.py	0	ЛОВУШКА ЗНАКА PASS: домов, немеющих на подмене СВОЕГО знака, 0 (рубеж 0); проб 1231, поймано 1231, немых проб 0; палата ловит их все (замер 144 из 144)
2026-09-08T23:50:16Z	strat_slice.py	0	СТРАТИФИЦИРОВАННЫЙ СРЕЗ PASS: миров 213 из 213 (без страниц 0, рубеж 0), строк 214676, байт 19733799, подпись 097bcdb9a506a598; потолок 1500 строк с мира, урезано миров 89; datasets/GENESIS-STRAT.txt
2026-09-08T23:51:25Z	house_rejects.py	0	ОТВЕРГНУТО ПО ИМЕНИ PASS: домов, чью объявленную порчу не увидел никто, 0 (рубеж 0); домов 213, проб 2289, отвергнуто 2257
2026-09-08T23:51:26Z	root_passport.py	0	ПАСПОРТ КОРНЕЙ PASS: корней 5, разладов объявления с делом 0 (рубеж 0)
2026-09-08T23:51:26Z	pack_singular_risk.py	0	ВОЛОСОК ЕДИНСТВЕННОГО PASS: пакетов на жребии 0 (рубеж 0); прямо называют 29, счёта в показах нет у 0; пакетов всего 29
2026-09-08T23:51:26Z	cell_shown.py	0	ЯЧЕЙКА БЕЗ ПОКАЗА PASS: обещано 706, показано 694 (98 %), без показа 12 (рубеж 32)
2026-09-08T23:51:30Z	idle_word.py	0	ПРАЗДНОЕ СЛОВО PASS: форм объявлено 3830, праздных 0 (рубеж 0); пакетов 29, свод GENESIS-FULL.txt (30005704 знаков)
2026-09-08T23:51:30Z	form_unshown.py	0	ФОРМА БЕЗ ПОКАЗА PASS: объявлено 3576, показано 3576 (100 %), без показа 0 (рубеж 0); пакетов 29
2026-09-08T23:51:31Z	one_singular.py	0	ЕДИНСТВЕННОЕ ПРИ ЕДИНИЦЕ PASS: обещано 159 имён, единица показана 159 (100 %), БЕЗ ЕДИНИЦЫ 0 (рубеж 0); лжи письма 0 (рубеж 0); пар в пакете 163
2026-09-08T23:51:31Z	template_word.py	1	СЛОВО ШАБЛОНА БЕЗ ОБЪЯВЛЕНИЯ FAIL: разных слов 3 (рубеж 0) в 1 пакетах из 26 считанных; слов в шаблонах 1492
2026-09-08T23:51:32Z	signless_census.py	0	ПЕРЕПИСЬ БЕЗЗНАКОВЫХ: строк осмотрено 5800 из 29 пластов; БЕЗ ЗНАКА НИ ОДНОГО ЯЗЫКА 818 (14 %); знак дало бы единоличное слово 49 (6 %); слов в указателе 6888, единоличных 6088
2026-09-08T23:52:12Z	operator_share.py	0	ДОЛЯ ОПЕРАТОРА PASS: слов действия 36; НИЖЕ 5 % — 3 (рубеж 3): más (es) 3.8 %, mais (pt) 4.5 %, più (it) 4.5 %; самое низкое más (es) 3.8 %, самое высокое vermenigvuldigd met (nl) 100.0 %
2026-09-08T23:52:15Z	key_support.py	0	КЛЮЧ БЕЗ ОПОРЫ PASS: вопросов 3622, родов 633; РОДОВ НИЖЕ LAW³=8 страниц — 6 (рубеж 6), и они держат 9 вопросов ключа (0.2 %)
2026-09-08T23:52:16Z	half_law.py	0	ПОЛОВИНЧАТЫЙ ЗАКОН PASS: домов с литеральным множественным 2; БЕЗЗАКОННЫХ 0 (рубеж 0, мест 0); половинчатых 2 (МЕСТ 3, рубеж 3)
2026-09-08T23:52:22Z	unknown_name.py	0	НЕВЕДОМОЕ ИМЯ PASS: английских строк 115651, слов при числе 614; НЕВЕДОМЫХ ИМЁН 0 (рубеж 0); отсеяно обратным знаком 5, оспорено чужой клеткой 3; объявлено пакетом 163 имён
2026-09-08T23:54:38Z	stale_world.py	0	МИР БЕЗ ПРЕДЪЯВЛЕНИЯ PASS: миров 211, проб 8440; РАЗОШЕДШИХСЯ С ПАЛАТОЙ 0 (рубеж 0); ложных строк 0, немых 6
2026-09-08T23:55:11Z	agree_traps.py	0	ЛОВУШКА СОГЛАСОВАНИЯ PASS: миров 213, проб 563, поймано 563; МИРОВ, ГДЕ ПОРЧА НЕ ПОЙМАНА, 0 (рубеж 0); миров под ОБЩИМ ЗАКОНОМ ЯЗЫКА 75 — разделение труда, а не долг
2026-09-08T23:55:12Z	wrong_sign.py	1	ЗНАК НЕ ТОТ FAIL: строк осмотрено 5800 из 29 пластов; ЗНАК НАЗВАЛ ЧУЖОЙ ЯЗЫК 18 (0.3 %, рубеж 3); свой 4880, молчит 902 (их считает перепись беззнаковых)
2026-09-08T23:55:12Z	debt_mark.py	0	МЕТКА ДОЛГА PASS: разладов 0 (рубеж 0), скрытых 0 (рубеж 0); долг по меткам 12478, по законам 12478
2026-09-08T23:55:41Z	copula_band.py	0	СВЯЗКА ПО ПОЛОСЕ PASS: страниц со связкой не по полосе 0 (рубеж 0); оборотов бытия не по числу 0 (рубеж 0); домов, немеющих на подмене связки, 0 (рубеж 0); проб 188, поймано 188
2026-09-08T23:54:00Z	shelf_court.py	1	ПОЛКА FAIL: 1 разладов объявления с делом (рубеж 0), никем не читаемых 174 миров, недоговорено 36 — оба числа считаны, но не судимы — 200 миров полки, судов живых 167
2026-09-08T23:55:44Z	ask_width.py	1	ШИРОТА ВОПРОСА FAIL: 8775 из 9648 родов суда имеют вопросную поверхность (90%); БЕЗ ВОПРОСА 873 (рубеж 872) — от судов 873, от манифеста 0; роды объявлены судами (86 из 170, образцов 10359, вопросных слов от пакетов 261); от манифеста 0 актов в 0 мирах — с вопросом 0, без 0, не разрешено 0; строк без рода 36655 из 398745
2026-09-08T23:49:29Z	notationvar_court.py	0	НАЧЕРТАНИЕ PASS: 0 ложных из 24031 судимых (426 файлов, рубеж 0)
2026-09-08T23:55:49Z	past_gender.py	0	РОД ПРОШЕДШЕГО PASS: не по роду 0 (рубеж 0); несуществующих форм 0 (рубеж 0); домов, слепых на подмене рода, 0 (рубеж 0); проб 202, поймано 202, немых 0, пропущено 0
2026-09-08T23:55:51Z	word_once.py	0	СЛОВО ОДНАЖДЫ PASS: слов, показанных РОВНО РАЗ, 513 (рубеж 513); миров с такими словами 20 из 210
2026-09-08T23:55:56Z	article_sound.py	0	АРТИКЛЬ ПО ЗВУКУ PASS: строк не по звуку 0 (рубеж 0); палата пропустила 0 из 40 (рубеж 0), поймала 40
2026-09-08T23:55:58Z	elision.py	0	ЭЛИЗИЯ PASS: строк без элизии 39 (рубеж 39); миров с долгом 6; пар объявлено 11
2026-09-08T23:55:58Z	threshold_census.py	0	ПЕРЕПИСЬ ПОРОГОВ: именованных 51 (объявлено 35, храповиков 15, ВКУС 1); встроенных сравнений от трёх 131 (печать 163, без основания рядом 110 — ВЕРХНЯЯ ОЦЕНКА: строй и порог здесь не разделены); папки scripts courts
2026-09-08T23:55:58Z	denominator_census.py	0	ЧИСЛО БЕЗ ЗНАМЕНАТЕЛЯ PASS: приборов в леджере 213, строк без объёма 6, из них НУЛЕЙ без объёма 0 (рубеж 0)
2026-09-08T23:55:59Z	repeat_census.py	0	ПЕРЕПИСЬ ПОВТОРОВ: миров 213, строк 398745, уникальных 284793, копий 113952 (28 %), из них сверх LAW=2: 74967 (18 %); миров с копиями > 10 %: 88
2026-09-08T23:56:02Z	definitions_reach.py	0	СЛЕД РАЗБОРА ОПРЕДЕЛЕНИЙ: понятий 829, без определения 222, из них полка не знает 68, разбор остановился на названных воротах 154, причина не названа 0 (рубеж 0)
2026-09-08T23:56:03Z	copies_census.py	0	ПЕРЕПИСЬ КОПИЙ PASS: миров через слой 175, сверх LAW=2 0 (рубеж 0); строк 283752, различных 256747, копий 27005, многострочных 5; вне слоя миров 2 (копий 117441) — не судятся; сайдкар datasets/COPIES.tsv
2026-09-08T23:56:03Z	sweep_self.py	1	СВОД СПРАШИВАЕТ СЕБЯ FAIL [FULL-19c8ae8d · читатель 0a84da47 · 400 · seed 5]: сертифицировано 114 из 400, верных 100, ЛЖЕЙ 8 (рубеж 0), немых 286, вне значения (why) 6
2026-09-08T23:57:37Z	prosetree_court.py	0	ДЕРЕВО ПРОЗЫ PASS: 45 ложных из 11339 судимых (207 файлов)
2026-09-08T23:57:38Z	longdiv_court.py	0	УГОЛ PASS: 0 ложных из 1322 судимых (213 файлов)
2026-09-08T23:59:55Z	form_census.py	0	ПЕРЕПИСЬ ФОРМ ОТЧЁТ: строк 398745, рамок 109104 (масса ≥ 9: 11322), родов 59621 (масса ≥ 9: 12363); минимальный корпус при массе 9: 292200 строк по рамкам (73 %), 212782 по родам (53 %); насыщение: последняя доля даёт 0 новых рамок и 0 новых РОДОВ на тысячу строк
2026-09-08T23:57:38Z	verbthings_court.py	0	ГЛАГОЛ–ВЕЩЬ PASS: 0 чужих пар глагол–вещь в 398745 строках показов (213 файлов, рубеж 0)
2026-09-09T00:43:47Z	arith_court.py	0	АРИФМЕТИКА PASS: 0 ложных равенств из 148211 судимых (213 файлов, неразобрано 128362)
2026-09-09T00:43:50Z	algo_court.py	0	АЛГОРИТМЫ PASS: 0 ложных утверждений из 2990 судимых (213 файлов)
2026-09-09T00:45:45Z	formula_court.py	0	ФОРМУЛЫ PASS: 0 ложных записей из 2919 судимых (213 файлов)
2026-09-09T00:43:52Z	logic_court.py	0	ЛОГИКА PASS: 0 ложных утверждений из 734 судимых (213 файлов)
2026-09-09T00:43:49Z	physics_court.py	0	ФИЗИКА PASS: 0 ложных утверждений из 1436 судимых (213 файлов)
2026-09-09T00:45:48Z	cyber_court.py	0	КИБЕРНЕТИКА PASS: 0 ложных утверждений из 1288 судимых (213 файлов)
2026-09-09T00:45:49Z	agreement_court.py	0	СОГЛАСОВАНИЕ PASS: 0 рассогласований при рубеже 0 (4726 верных, 213 файлов, закон 2)
2026-09-09T00:45:48Z	notation_court.py	0	ЗАПИСЬ PASS: 0 ложных записей из 1270 судимых (213 файлов)
2026-09-09T00:45:46Z	unit_court.py	0	ЕДИНИЦЫ PASS: 0 ложных переводов из 686 судимых (213 файлов)
2026-09-09T00:45:50Z	number_court.py	0	ЧИСЛА PASS: 0 ложных из 4220 судимых (213 файлов)
2026-09-09T00:45:52Z	inquiry_court.py	0	ДОЗНАНИЕ PASS: 0 ложных из 3915 судимых (213 файлов)
2026-09-09T00:45:50Z	surfaces_court.py	0	ПОВЕРХНОСТИ PASS: 0 ложных из 2200 судимых (213 файлов)
2026-09-09T00:45:50Z	markdown_court.py	0	РАЗМЕТКА-ПОЛНАЯ PASS: 0 ложных из 3848 судимых (213 файлов, обратимость дома цела)
2026-09-09T00:45:53Z	doctree_court.py	0	СТРУКТУРА PASS: 0 ложных из 516 судимых (213 файлов, дерево обратимо)
2026-09-09T00:45:54Z	rates_court.py	0	СТАВКИ PASS: 0 ложных из 758 судимых (213 файлов)
2026-09-09T00:45:54Z	formula_lang_court.py	0	КОНВЕРСИЯ PASS: 0 ложных из 2583 судимых (213 файлов)
2026-09-09T00:45:54Z	percent_court.py	0	ПРОЦЕНТЫ PASS: 0 ложных из 560 судимых (213 файлов)
2026-09-09T00:45:55Z	average_court.py	0	СВОДКА PASS: 0 ложных из 1300 судимых (213 файлов)
2026-09-09T00:45:58Z	equation_court.py	0	УРАВНЕНИЕ PASS: 0 ложных из 3340 судимых (213 файлов)
2026-09-09T00:45:55Z	dataformat_court.py	0	ФОРМАТЫ PASS: 0 ложных из 640 судимых (213 файлов, обратимость дома цела)
2026-09-09T00:45:59Z	everyday_court.py	0	БЫТ PASS: 0 ложных из 4556 судимых (213 файлов)
2026-09-09T00:45:59Z	story_chain_court.py	0	ЦЕПОЧКА PASS: 0 ложных из 890 судимых (213 файлов)
2026-09-09T00:46:00Z	age_court.py	0	ВОЗРАСТ PASS: 0 ложных из 900 судимых (213 файлов)
2026-09-09T00:46:01Z	halves_court.py	0	ПОЛОВИНЫ PASS: 0 ложных из 1028 судимых (213 файлов)
2026-09-09T00:46:01Z	inquiry_de_fr_court.py	0	ДОЗНАНИЕ-DE-FR PASS: 0 ложных из 2108 судимых (213 файлов)
2026-09-09T00:46:02Z	ru_conversion_court.py	0	РУССКИЙ ПЕРЕВОД PASS: 0 ложных из 68 судимых (213 файлов)
2026-09-09T00:46:02Z	selfmeasure_court.py	0	РАССКАЗ О СЕБЕ PASS: 0 ложных из 59 судимых (213 файлов)
2026-09-09T00:46:02Z	ru_compare_court.py	0	РУССКОЕ СРАВНЕНИЕ PASS: 0 ложных из 150 судимых (213 файлов)
2026-09-09T00:46:02Z	ru_story_court.py	0	РУССКАЯ ЗАДАЧА PASS: 0 ложных из 658 судимых (213 файлов)
2026-09-09T00:46:04Z	inquiry_es_it_court.py	0	ДОЗНАНИЕ-ES-IT PASS: 0 ложных из 1480 судимых (213 файлов)
2026-09-09T00:46:04Z	share_court.py	0	ДОЛЯ PASS: 0 ложных из 2396 судимых (213 файлов)
2026-09-09T00:46:04Z	compare_mult_court.py	0	КРАТНОЕ PASS: 0 ложных из 2797 судимых (213 файлов)
2026-09-09T00:46:05Z	sequence_court.py	0	ПОСЛЕДОВАТЕЛЬНОСТИ PASS: 0 ложных из 2616 судимых (213 файлов)
2026-09-09T00:46:08Z	geometry_court.py	0	ГЕОМЕТРИЯ PASS: 0 ложных из 2438 судимых (213 файлов)
2026-09-09T00:46:08Z	linalg_court.py	0	ВЕКТОР PASS: 0 ложных из 3726 судимых (213 файлов)
2026-09-09T00:46:06Z	calendar_court.py	0	КАЛЕНДАРЬ PASS: 0 ложных из 902 судимых (213 файлов)
2026-09-09T00:46:07Z	speech_court.py	0	РЕЧЬ PASS: 0 ложных из 1960 судимых (213 файлов)
2026-09-09T00:46:12Z	rugram_court.py	0	РУССКОЕ СОГЛАСОВАНИЕ PASS: 0 ложных из 18833 судимых (213 файлов)
2026-09-09T00:46:11Z	physlaw_court.py	0	ЗАКОНЫ ФИЗИКИ PASS: 0 ложных из 830 судимых (213 файлов)
2026-09-09T00:46:11Z	compsci_court.py	0	ИНФОРМАТИКА PASS: 0 ложных из 1368 судимых (213 файлов)
2026-09-09T00:46:08Z	case_court.py	0	ПАДЕЖ PASS: 0 ложных из 1066 судимых (213 файлов)
2026-09-09T00:46:13Z	valence_court.py	0	ОЦЕНКА PASS: 0 ложных из 1256 судимых (213 файлов)
2026-09-09T00:46:13Z	shadow_court.py	0	ЗАТЕНЕНИЕ PASS: 0 имён определены дважды (598 файлов, рубеж 0)
2026-09-09T00:46:57Z	syllabus_court.py	0	ПОЛНОТА PASS: 0 предметов свода не покрыты из 62 (рубеж 0, 213 файлов)
2026-09-09T00:46:30Z	richness_court.py	0	БОГАТСТВО[показано] PASS: не показаны 0 форм из 20 и 0 стыков из 6 (рубеж 0, 213 файлов); КУПЛЕНО и ИСПОЛНЕНО мерятся на стороне организма
2026-09-09T01:46:28Z	arith_court.py	0	АРИФМЕТИКА PASS: 0 ложных равенств из 148211 судимых (213 файлов, неразобрано 128362)
2026-09-09T01:46:31Z	algo_court.py	0	АЛГОРИТМЫ PASS: 0 ложных утверждений из 2990 судимых (213 файлов)
2026-09-09T01:48:18Z	formula_court.py	0	ФОРМУЛЫ PASS: 0 ложных записей из 2919 судимых (213 файлов)
2026-09-09T01:46:33Z	logic_court.py	0	ЛОГИКА PASS: 0 ложных утверждений из 734 судимых (213 файлов)
2026-09-09T01:46:29Z	physics_court.py	0	ФИЗИКА PASS: 0 ложных утверждений из 1436 судимых (213 файлов)
2026-09-09T01:48:21Z	cyber_court.py	0	КИБЕРНЕТИКА PASS: 0 ложных утверждений из 1288 судимых (213 файлов)
2026-09-09T01:48:22Z	agreement_court.py	0	СОГЛАСОВАНИЕ PASS: 0 рассогласований при рубеже 0 (4946 верных, 213 файлов, закон 2)
2026-09-09T01:48:21Z	notation_court.py	0	ЗАПИСЬ PASS: 0 ложных записей из 1270 судимых (213 файлов)
2026-09-09T01:48:19Z	unit_court.py	0	ЕДИНИЦЫ PASS: 0 ложных переводов из 686 судимых (213 файлов)
2026-09-09T01:48:23Z	number_court.py	0	ЧИСЛА PASS: 0 ложных из 4220 судимых (213 файлов)
2026-09-09T01:48:25Z	inquiry_court.py	0	ДОЗНАНИЕ PASS: 0 ложных из 3915 судимых (213 файлов)
2026-09-09T01:48:23Z	surfaces_court.py	0	ПОВЕРХНОСТИ PASS: 0 ложных из 2200 судимых (213 файлов)
2026-09-09T01:48:23Z	markdown_court.py	0	РАЗМЕТКА-ПОЛНАЯ PASS: 0 ложных из 3848 судимых (213 файлов, обратимость дома цела)
2026-09-09T01:48:25Z	doctree_court.py	0	СТРУКТУРА PASS: 0 ложных из 516 судимых (213 файлов, дерево обратимо)
2026-09-09T01:48:27Z	rates_court.py	0	СТАВКИ PASS: 0 ложных из 758 судимых (213 файлов)
2026-09-09T01:48:27Z	formula_lang_court.py	0	КОНВЕРСИЯ PASS: 0 ложных из 2583 судимых (213 файлов)
2026-09-09T01:48:27Z	percent_court.py	0	ПРОЦЕНТЫ PASS: 0 ложных из 560 судимых (213 файлов)
2026-09-09T01:48:28Z	average_court.py	0	СВОДКА PASS: 0 ложных из 1300 судимых (213 файлов)
2026-09-09T01:48:31Z	equation_court.py	0	УРАВНЕНИЕ PASS: 0 ложных из 3340 судимых (213 файлов)
2026-09-09T01:48:28Z	dataformat_court.py	0	ФОРМАТЫ PASS: 0 ложных из 640 судимых (213 файлов, обратимость дома цела)
2026-09-09T01:48:32Z	everyday_court.py	0	БЫТ PASS: 0 ложных из 4556 судимых (213 файлов)
2026-09-09T01:48:32Z	story_chain_court.py	0	ЦЕПОЧКА PASS: 0 ложных из 890 судимых (213 файлов)
2026-09-09T01:48:33Z	age_court.py	0	ВОЗРАСТ PASS: 0 ложных из 900 судимых (213 файлов)
2026-09-09T01:48:33Z	halves_court.py	0	ПОЛОВИНЫ PASS: 0 ложных из 1028 судимых (213 файлов)
2026-09-09T01:48:34Z	inquiry_de_fr_court.py	0	ДОЗНАНИЕ-DE-FR PASS: 0 ложных из 2108 судимых (213 файлов)
2026-09-09T01:48:35Z	ru_conversion_court.py	0	РУССКИЙ ПЕРЕВОД PASS: 0 ложных из 68 судимых (213 файлов)
2026-09-09T01:48:35Z	selfmeasure_court.py	0	РАССКАЗ О СЕБЕ PASS: 0 ложных из 59 судимых (213 файлов)
2026-09-09T01:48:35Z	ru_compare_court.py	0	РУССКОЕ СРАВНЕНИЕ PASS: 0 ложных из 150 судимых (213 файлов)
2026-09-09T01:48:35Z	ru_story_court.py	0	РУССКАЯ ЗАДАЧА PASS: 0 ложных из 658 судимых (213 файлов)
2026-09-09T01:48:37Z	inquiry_es_it_court.py	0	ДОЗНАНИЕ-ES-IT PASS: 0 ложных из 1480 судимых (213 файлов)
2026-09-09T01:48:37Z	share_court.py	0	ДОЛЯ PASS: 0 ложных из 2396 судимых (213 файлов)
2026-09-09T01:48:37Z	compare_mult_court.py	0	КРАТНОЕ PASS: 0 ложных из 2797 судимых (213 файлов)
2026-09-09T01:48:38Z	sequence_court.py	0	ПОСЛЕДОВАТЕЛЬНОСТИ PASS: 0 ложных из 2616 судимых (213 файлов)
2026-09-09T01:48:41Z	geometry_court.py	0	ГЕОМЕТРИЯ PASS: 0 ложных из 2438 судимых (213 файлов)
2026-09-09T01:48:41Z	linalg_court.py	0	ВЕКТОР PASS: 0 ложных из 3726 судимых (213 файлов)
2026-09-09T01:48:39Z	calendar_court.py	0	КАЛЕНДАРЬ PASS: 0 ложных из 902 судимых (213 файлов)
2026-09-09T01:48:40Z	speech_court.py	0	РЕЧЬ PASS: 0 ложных из 1960 судимых (213 файлов)
2026-09-09T01:48:45Z	rugram_court.py	0	РУССКОЕ СОГЛАСОВАНИЕ PASS: 0 ложных из 18833 судимых (213 файлов)
2026-09-09T01:48:43Z	physlaw_court.py	0	ЗАКОНЫ ФИЗИКИ PASS: 0 ложных из 830 судимых (213 файлов)
2026-09-09T01:48:44Z	compsci_court.py	0	ИНФОРМАТИКА PASS: 0 ложных из 1368 судимых (213 файлов)
2026-09-09T01:48:41Z	case_court.py	0	ПАДЕЖ PASS: 0 ложных из 1066 судимых (213 файлов)
2026-09-09T01:48:46Z	valence_court.py	0	ОЦЕНКА PASS: 0 ложных из 1256 судимых (213 файлов)
2026-09-09T01:48:46Z	shadow_court.py	0	ЗАТЕНЕНИЕ PASS: 0 имён определены дважды (599 файлов, рубеж 0)
2026-09-09T01:49:30Z	syllabus_court.py	0	ПОЛНОТА PASS: 0 предметов свода не покрыты из 62 (рубеж 0, 213 файлов)
2026-09-09T01:49:03Z	richness_court.py	0	БОГАТСТВО[показано] PASS: не показаны 0 форм из 20 и 0 стыков из 6 (рубеж 0, 213 файлов); КУПЛЕНО и ИСПОЛНЕНО мерятся на стороне организма
2026-09-09T01:49:45Z	langpack_court.py	0	ЯЗЫКИ PASS: 29 зелёных из 29, красных 0 (рубеж 6)
2026-09-09T01:49:30Z	langrule_court.py	0	ПРАВИЛО ЯЗЫКА PASS: 0 разладов формы с правилом из 1014 сверенных (19 пакетов с правилом из 29)
2026-09-09T01:57:54Z	claims_court.py	1	РОДЫ FAIL: 175 строк прочтены НЕ ХОЗЯИНОМ рода из 47583 с видимым родом (рубеж 0, 213 файлов, родов объявлено 4)
2026-09-09T01:49:32Z	program_court.py	0	ПРОГРАММЫ PASS: 0 ложных из 1078 судимых (213 файлов)
2026-09-09T01:57:57Z	statistics_court.py	0	СТАТИСТИКА PASS: 0 ложных из 1196 судимых (213 файлов)
2026-09-09T01:57:56Z	proof_court.py	0	ДОКАЗАТЕЛЬСТВО PASS: 0 ложных из 663 судимых (213 файлов)
2026-09-09T01:57:56Z	machine_court.py	0	МАШИНА PASS: 0 ложных из 1846 судимых (213 файлов)
2026-09-09T01:58:02Z	episode_court.py	0	ЭПИЗОД PASS: 0 ложных из 10270 судимых (213 файлов), вне владения 11 слов: ['day', 'dollar', 'foot', 'kilometer', 'leaf']
2026-09-09T01:58:05Z	copula_court.py	0	СВЯЗКИ PASS: 0 ложных из 500 судимых (213 файлов), НЕЗНАКОМЫХ ПАР 40499: ["cause: philosophy is literally, the love of, including the search after, wisdom; in actual usage, the knowledge of phenomena as explained by, and resolved into, / and reasons, powers and laws: webster's unabridged dictionary, 1913", 'cause: электричество — это то, содержащееся в теле, что сообщает этому телу особые свойства, / в нем способность действовать механически на некоторые другие тела, притягивать или при известных условиях отталкивать их, а также вызывает в самом этом теле способность испытывать подобные же механические действия других тел: эсбе, статья «электричество»', 'contain: does the node body contain the node liquid? in the tree of kinds the node body / the node liquid']
2026-09-09T01:58:05Z	markup_court.py	0	РАЗМЕТКА PASS: 0 ложных из 3830 судимых (213 файлов)
2026-09-09T01:58:20Z	langlayer_court.py	0	ПЛАСТ PASS: 0 необъявленных слов (105882 строк, 29 пластов)
2026-09-09T01:58:03Z	langform_court.py	0	ФОРМА ПЛАСТА PASS: 0 ложных из 82578 судимых (105882 строк пласта, 29 пластов, дословных 940, рамок без опознавателя 3, рубеж 0)
2026-09-09T01:58:20Z	gsm_census.py	0	GSM-CENSUS PASS: 0 расхождений (72 выведено, 69 в слое, 3 удержано)
2026-09-09T01:58:20Z	reproducible.py	0	GSM-CENSUS PASS: 0 расхождений (72 выведено, 69 в слое, 3 удержано)
2026-09-09T01:58:21Z	bash32_court.py	0	BASH32-COURT PASS: ни одного имени, съедаемого bash 3.2; скриптов проверено: 6
2026-09-09T01:58:22Z	empty_in_court.py	0	ПУСТОЕ ВХОЖДЕНИЕ PASS: срезов, сличаемых со строковым литералом, 0 (рубеж 0); файлов 611
2026-09-09T01:58:21Z	manifest_court.py	0	МАНИФЕСТ PASS: 0 разладов объявления с делом (426 миров, сборок 6, обязательств дела 234)
2026-09-09T01:58:23Z	prose_court.py	0	МАНИФЕСТ PASS: 0 разладов объявления с делом (426 миров, сборок 6, обязательств дела 234)
2026-09-09T01:58:27Z	mutants.py	0	МУТАНТЫ PASS: 9 полей из 9 поймали свою подсадку, чужих задето 0
2026-09-09T01:58:24Z	lexicon_reach.py	0	ОХВАТ PASS: 366 из 366 объявленных слов прожиты >=2 раз (100% при рубеже 100%)
2026-09-09T01:58:25Z	inquiry_pt_nl_court.py	0	ДОЗНАНИЕ-PT-NL PASS: 0 ложных из 2108 судимых (213 файлов)
2026-09-09T01:58:25Z	inquiry_pl_tr_court.py	0	ДОЗНАНИЕ-PL-TR PASS: 0 ложных из 1537 судимых (213 файлов)
2026-09-09T01:58:30Z	metalang_court.py	0	МЕТАЯЗЫК PASS: 0 ложных из 1849 судимых (213 файлов)
2026-09-09T01:58:28Z	glyph_court.py	0	ГЛИФЫ PASS: 0 ложных, 1101 истинных, 0 несудимых
2026-09-09T01:58:28Z	space_court.py	0	ПРОСТРАНСТВО PASS: 0 ложных, 2301 истинных, 0 несудимых
2026-09-09T01:58:28Z	stenogram_court.py	0	СТЕНОГРАММЫ PASS: 0 ложных, 550 истинных, 0 несудимых
2026-09-09T01:58:30Z	mathspaces_court.py	0	ПРОСТРАНСТВА PASS: 0 ложных, 814 истинных, 0 несудимых
2026-09-09T01:58:30Z	gsmforms_court.py	0	ШКОЛЬНЫЕ ФОРМЫ PASS: 0 ложных, 2591 истинных, 0 несудимых
2026-09-09T01:58:37Z	definitions_court.py	0	ОПРЕДЕЛЕНИЯ PASS: 0 ложных, 2141 истинных, 0 несудимых
2026-09-09T01:58:30Z	pronoun_court.py	0	МЕСТОИМЕНИЯ PASS: 0 ложных из 480 судимых, несудимых 0
2026-09-09T01:58:38Z	money_court.py	0	ДЕНЬГИ PASS: 0 ложных из 450 судимых, несудимых 0
2026-09-09T01:58:38Z	holes_court.py	0	ДЫРЫ PASS: 0 ложных из 6640 судимых, несудимых 0
2026-09-09T01:58:38Z	money_langs_court.py	0	ДЕНЬГИ НА ЯЗЫКАХ PASS: 0 ложных из 1188 судимых, несудимых 0
2026-09-09T01:58:38Z	geometry_langs_court.py	0	ГЕОМЕТРИЯ НА ЯЗЫКАХ PASS: 0 ложных из 960 судимых, несудимых 0
2026-09-09T01:58:38Z	units_langs_court.py	0	ЕДИНИЦЫ НА ЯЗЫКАХ PASS: 0 ложных из 640 судимых, несудимых 0
2026-09-09T01:58:38Z	stats_langs_court.py	0	СВОДКА НА ЯЗЫКАХ PASS: 0 ложных из 480 судимых, несудимых 0
2026-09-09T01:58:38Z	calendar_langs_court.py	0	НЕДЕЛЯ НА ЯЗЫКАХ PASS: 0 ложных из 1120 судимых, несудимых 0
2026-09-09T01:58:38Z	sequences_langs_court.py	0	ПРОГРЕССИИ НА ЯЗЫКАХ PASS: 0 ложных из 320 судимых, несудимых 0
2026-09-09T01:58:38Z	compare_langs_court.py	0	СРАВНЕНИЕ НА ЯЗЫКАХ PASS: 0 ложных из 480 судимых, несудимых 0
2026-09-09T01:58:38Z	share_langs_court.py	0	ДОЛИ НА ЯЗЫКАХ PASS: 0 ложных из 560 судимых, несудимых 0
2026-09-09T01:58:38Z	physics_langs_court.py	0	ФИЗИКА НА ЯЗЫКАХ PASS: 0 ложных из 480 судимых, несудимых 0
2026-09-09T01:58:42Z	relation_court.py	0	СТРОЕНИЕ PASS: 0 ложных из 2092 судимых (213 файлов, структуры обходимы)
2026-09-09T02:03:58Z	court_mutants.py	0	МУТАНТЫ СУДОВ PASS: 147 поймали, 1 онемели, 0 не поймали (рубеж 1), 4 со свободным числом, 15 без числовой истинной строки, 0 без истинной строки вовсе (судов 167)
2026-09-09T01:58:44Z	panel_court.py	0	СОСТАВ PASS: 0 расхождений (рубеж 0) — палата: судов живых 168, незаявленных 0, призраков 0; набор: приборов 117, вне набора 0, призраков 0
2026-09-09T01:58:44Z	concept_reach.py	0	ОХВАТ ПОНЯТИЯ PASS: 3839 из 22032 предметов показаны (17%); не показано из НАШИХ сводов 4976 (рубеж 6556), из полки 13217 — 207 корпусов прозы, отсеяно рубрик 670, слов в показах 17014
2026-09-09T02:00:53Z	ask_reach.py	0	ВОПРОСНАЯ ПОВЕРХНОСТЬ ОТЧЁТ: 213 из 213 миров спрашивают, только сообщают 0; вопросных строк 254996 из 400848 (63%); миров с непроверяемым вопросом 0
2026-09-09T02:03:59Z	band_reach.py	0	МИР × ПОЛОСА ОТЧЁТ: строк реестра 46, исполнимых опознаний 29, расхождений записи 3, родов без мира 14; миров показов 213, из них без полосы 202; полос в реестре 5
2026-09-09T02:03:59Z	biblio_reach.py	0	БИБЛИОТЕКА PASS: названо 1684 источников (12 трудов по заглавию, 1672 по автору с годом), НЕТ НА ПОЛКЕ 1549 — из них свободно по праву 320, защищено 1223; корпусов прозы 7
2026-09-09T02:04:01Z	ruverbs_court.py	0	РУССКИЕ ГЛАГОЛЫ PASS: 0 ложных из 881 судимых (426 файлов, рубеж 0)
2026-09-09T02:04:06Z	script_court.py	0	ПИСЬМО PASS: 0 смешанных слов в 400848 строках показов (213 файлов, рубеж 0)
2026-09-09T02:05:48Z	word_mutants.py	1	ПОДСАДКА СЛОВОМ FAIL: проб 4793 — ПОЙМАН 4533 (94%), ОНЕМЕЛ 184 (3%), НЕ ПОЙМАН 76 (1%); строк без слова 13889; миров с дырой 25
2026-09-09T02:05:28Z	verdict_cover.py	0	ПОКРЫТИЕ ВЕРДИКТА PASS: строк 425, слов 3117 — ЧИТАНО 2728 (87%), НЕМО 124 (3%), СЛЕПО 265 (8%, рубеж 343); судов со слепыми словами 35 из 167
2026-09-09T02:05:26Z	sentence_cover.py	0	ПОКРЫТИЕ ПРЕДЛОЖЕНИЯМИ PASS: строк о двух и более предложениях 426 — покрыты предложениями 389 (91%), покрыты вопросной половиной пары 33 (7%), покрыты ОБЪЯВЛЕННЫМ ПРЕДМЕТОМ 4 (0%), НЕ ПОКРЫТО НИЧЕМ 0 (0%, рубеж 0) в 0 мирах; форм предмета объявлено 65, из них без дела 0
2026-09-09T02:04:14Z	bench_leak.py	0	ТЕЧЬ ПОЛОСЫ PASS: тактов 726, вопрос такта стои́т в своде 0 (рубеж 0); та же формулировка с ИНЫМИ числами 8, совпадений СКЕЛЕТА 0 — считано, но не судимо; полоса t7_svamp_s1.jsonl (244288 байт), свод GENESIS-FULL.txt (35101563 байт)
2026-09-09T02:10:18Z	shelf_court.py	1	ПОЛКА FAIL: 1 разладов объявления с делом (рубеж 0), никем не читаемых 174 миров, недоговорено 44 — оба числа считаны, но не судимы — 200 миров полки, судов живых 168
2026-09-09T02:11:58Z	ask_width.py	0	ШИРОТА ВОПРОСА PASS: 8794 из 9657 родов суда имеют вопросную поверхность (91%); БЕЗ ВОПРОСА 863 (рубеж 863) — от судов 863, от манифеста 0; роды объявлены судами (86 из 171, образцов 10367, вопросных слов от пакетов 261); от манифеста 0 актов в 0 мирах — с вопросом 0, без 0, не разрешено 0; строк без рода 36655 из 400848
2026-09-09T02:05:50Z	notationvar_court.py	0	НАЧЕРТАНИЕ PASS: 0 ложных из 24031 судимых (426 файлов, рубеж 0)
2026-09-09T02:12:01Z	prosetree_court.py	0	НАЧЕРТАНИЕ PASS: 0 ложных из 24031 судимых (426 файлов, рубеж 0)
2026-09-09T03:04:15Z	arith_court.py	0	АРИФМЕТИКА PASS: 0 ложных равенств из 148211 судимых (213 файлов, неразобрано 128362)
2026-09-09T03:04:20Z	algo_court.py	0	АЛГОРИТМЫ PASS: 0 ложных утверждений из 2990 судимых (213 файлов)
2026-09-09T03:08:41Z	formula_court.py	0	ФОРМУЛЫ PASS: 0 ложных записей из 2919 судимых (213 файлов)
2026-09-09T03:08:55Z	logic_court.py	0	ЛОГИКА PASS: 0 ложных утверждений из 734 судимых (213 файлов)
2026-09-09T03:08:58Z	physics_court.py	0	ФИЗИКА PASS: 0 ложных утверждений из 1436 судимых (213 файлов)
2026-09-09T03:09:09Z	cyber_court.py	0	КИБЕРНЕТИКА PASS: 0 ложных утверждений из 1288 судимых (213 файлов)
2026-09-09T03:09:25Z	agreement_court.py	0	СОГЛАСОВАНИЕ PASS: 0 рассогласований при рубеже 0 (5017 верных, 213 файлов, закон 2)
2026-09-09T03:09:36Z	notation_court.py	0	ЗАПИСЬ PASS: 0 ложных записей из 1270 судимых (213 файлов)
2026-09-09T03:09:41Z	unit_court.py	0	ЕДИНИЦЫ PASS: 0 ложных переводов из 686 судимых (213 файлов)
2026-09-09T03:09:46Z	number_court.py	0	ЧИСЛА PASS: 0 ложных из 4220 судимых (213 файлов)
2026-09-09T03:09:56Z	inquiry_court.py	0	ДОЗНАНИЕ PASS: 0 ложных из 3915 судимых (213 файлов)
2026-09-09T03:09:59Z	surfaces_court.py	0	ПОВЕРХНОСТИ PASS: 0 ложных из 2200 судимых (213 файлов)
2026-09-09T03:10:02Z	markdown_court.py	0	РАЗМЕТКА-ПОЛНАЯ PASS: 0 ложных из 3848 судимых (213 файлов, обратимость дома цела)
2026-09-09T03:10:05Z	doctree_court.py	0	СТРУКТУРА PASS: 0 ложных из 516 судимых (213 файлов, дерево обратимо)
2026-09-09T03:10:12Z	rates_court.py	0	СТАВКИ PASS: 0 ложных из 758 судимых (213 файлов)
2026-09-09T03:10:21Z	formula_lang_court.py	0	КОНВЕРСИЯ PASS: 0 ложных из 2583 судимых (213 файлов)
2026-09-09T03:10:27Z	percent_court.py	0	ПРОЦЕНТЫ PASS: 0 ложных из 560 судимых (213 файлов)
2026-09-09T03:10:29Z	average_court.py	0	СВОДКА PASS: 0 ложных из 1300 судимых (213 файлов)
2026-09-09T03:10:39Z	equation_court.py	0	УРАВНЕНИЕ PASS: 0 ложных из 3340 судимых (213 файлов)
2026-09-09T03:10:42Z	dataformat_court.py	0	ФОРМАТЫ PASS: 0 ложных из 640 судимых (213 файлов, обратимость дома цела)
2026-09-09T03:10:56Z	everyday_court.py	0	БЫТ PASS: 0 ложных из 4556 судимых (213 файлов)
2026-09-09T03:10:58Z	story_chain_court.py	0	ЦЕПОЧКА PASS: 0 ложных из 890 судимых (213 файлов)
2026-09-09T03:11:00Z	age_court.py	0	ВОЗРАСТ PASS: 0 ложных из 900 судимых (213 файлов)
2026-09-09T03:11:05Z	halves_court.py	0	ПОЛОВИНЫ PASS: 0 ложных из 1028 судимых (213 файлов)
2026-09-09T03:11:10Z	inquiry_de_fr_court.py	0	ДОЗНАНИЕ-DE-FR PASS: 0 ложных из 2108 судимых (213 файлов)
2026-09-09T03:11:11Z	ru_conversion_court.py	0	РУССКИЙ ПЕРЕВОД PASS: 0 ложных из 68 судимых (213 файлов)
2026-09-09T03:11:13Z	selfmeasure_court.py	0	РАССКАЗ О СЕБЕ PASS: 0 ложных из 59 судимых (213 файлов)
2026-09-09T03:11:14Z	ru_compare_court.py	0	РУССКОЕ СРАВНЕНИЕ PASS: 0 ложных из 150 судимых (213 файлов)
2026-09-09T03:11:15Z	ru_story_court.py	0	РУССКАЯ ЗАДАЧА PASS: 0 ложных из 658 судимых (213 файлов)
2026-09-09T03:11:20Z	inquiry_es_it_court.py	0	ДОЗНАНИЕ-ES-IT PASS: 0 ложных из 1480 судимых (213 файлов)
2026-09-09T03:11:26Z	share_court.py	0	ДОЛЯ PASS: 0 ложных из 2396 судимых (213 файлов)
2026-09-09T03:11:32Z	compare_mult_court.py	0	КРАТНОЕ PASS: 0 ложных из 2797 судимых (213 файлов)
2026-09-09T03:11:40Z	sequence_court.py	0	ПОСЛЕДОВАТЕЛЬНОСТИ PASS: 0 ложных из 2616 судимых (213 файлов)
2026-09-09T03:11:47Z	geometry_court.py	0	ГЕОМЕТРИЯ PASS: 0 ложных из 2438 судимых (213 файлов)
2026-09-09T03:11:54Z	linalg_court.py	0	ВЕКТОР PASS: 0 ложных из 3726 судимых (213 файлов)
2026-09-09T03:11:57Z	calendar_court.py	0	КАЛЕНДАРЬ PASS: 0 ложных из 902 судимых (213 файлов)
2026-09-09T03:12:03Z	speech_court.py	0	РЕЧЬ PASS: 0 ложных из 1960 судимых (213 файлов)
2026-09-09T03:12:18Z	rugram_court.py	0	РУССКОЕ СОГЛАСОВАНИЕ PASS: 0 ложных из 18833 судимых (213 файлов)
2026-09-09T03:12:33Z	physlaw_court.py	0	ЗАКОНЫ ФИЗИКИ PASS: 0 ложных из 830 судимых (213 файлов)
2026-09-09T03:12:44Z	compsci_court.py	0	ИНФОРМАТИКА PASS: 0 ложных из 1368 судимых (213 файлов)
2026-09-09T03:12:46Z	case_court.py	0	ПАДЕЖ PASS: 0 ложных из 1066 судимых (213 файлов)
2026-09-09T03:12:53Z	valence_court.py	0	ОЦЕНКА PASS: 0 ложных из 1256 судимых (213 файлов)
2026-09-09T03:12:57Z	shadow_court.py	0	ЗАТЕНЕНИЕ PASS: 0 имён определены дважды (600 файлов, рубеж 0)
2026-09-09T03:15:42Z	syllabus_court.py	0	ПОЛНОТА PASS: 0 предметов свода не покрыты из 62 (рубеж 0, 213 файлов)
2026-09-09T03:17:36Z	richness_court.py	0	БОГАТСТВО[показано] PASS: не показаны 0 форм из 20 и 0 стыков из 6 (рубеж 0, 213 файлов); КУПЛЕНО и ИСПОЛНЕНО мерятся на стороне организма
2026-09-09T03:18:56Z	langpack_court.py	0	ЯЗЫКИ PASS: 29 зелёных из 29, красных 0 (рубеж 6)
2026-09-09T03:18:59Z	langrule_court.py	0	ПРАВИЛО ЯЗЫКА PASS: 0 разладов формы с правилом из 1014 сверенных (19 пакетов с правилом из 29)
2026-09-09T03:50:51Z	claims_court.py	0	РОДЫ PASS: 0 строк прочтены НЕ ХОЗЯИНОМ рода из 47583 с видимым родом (рубеж 0, 213 файлов, родов объявлено 4)
2026-09-09T03:51:00Z	program_court.py	0	ПРОГРАММЫ PASS: 0 ложных из 1078 судимых (213 файлов)
2026-09-09T03:51:09Z	statistics_court.py	0	СТАТИСТИКА PASS: 0 ложных из 1196 судимых (213 файлов)
2026-09-09T03:51:15Z	proof_court.py	0	ДОКАЗАТЕЛЬСТВО PASS: 0 ложных из 663 судимых (213 файлов)
2026-09-09T03:51:21Z	machine_court.py	0	МАШИНА PASS: 0 ложных из 1846 судимых (213 файлов)
2026-09-09T03:51:45Z	episode_court.py	0	ЭПИЗОД PASS: 0 ложных из 10270 судимых (213 файлов), вне владения 11 слов: ['day', 'dollar', 'foot', 'kilometer', 'leaf']
2026-09-09T03:51:55Z	copula_court.py	0	СВЯЗКИ PASS: 0 ложных из 500 судимых (213 файлов), НЕЗНАКОМЫХ ПАР 40499: ["cause: philosophy is literally, the love of, including the search after, wisdom; in actual usage, the knowledge of phenomena as explained by, and resolved into, / and reasons, powers and laws: webster's unabridged dictionary, 1913", 'cause: электричество — это то, содержащееся в теле, что сообщает этому телу особые свойства, / в нем способность действовать механически на некоторые другие тела, притягивать или при известных условиях отталкивать их, а также вызывает в самом этом теле способность испытывать подобные же механические действия других тел: эсбе, статья «электричество»', 'contain: does the node body contain the node liquid? in the tree of kinds the node body / the node liquid']
2026-09-09T03:52:03Z	markup_court.py	0	РАЗМЕТКА PASS: 0 ложных из 3830 судимых (213 файлов)
2026-09-09T03:52:58Z	langlayer_court.py	0	ПЛАСТ PASS: 0 необъявленных слов (106532 строк, 29 пластов)
2026-09-09T03:53:01Z	langform_court.py	0	ФОРМА ПЛАСТА PASS: 0 ложных из 83228 судимых (106532 строк пласта, 29 пластов, дословных 940, рамок без опознавателя 3, рубеж 0)
2026-09-09T03:53:02Z	gsm_census.py	0	GSM-CENSUS PASS: 0 расхождений (72 выведено, 69 в слое, 3 удержано)
2026-09-09T03:59:36Z	reproducible.py	0	ВОСПРОИЗВОДИМОСТЬ PASS: 0 расхождений из 206 сличённых (без объявленной цели 0, рубеж 0)
2026-09-09T03:59:37Z	bash32_court.py	0	BASH32-COURT PASS: ни одного имени, съедаемого bash 3.2; скриптов проверено: 6
2026-09-09T03:59:42Z	empty_in_court.py	0	ПУСТОЕ ВХОЖДЕНИЕ PASS: срезов, сличаемых со строковым литералом, 0 (рубеж 0); файлов 612
2026-09-09T03:59:47Z	lawfirst_court.py	0	ЗАКОН ПЕРВЫМ PASS: докстрингов, сдвинутых с первого места, 0 (рубеж 0); файлов 612
2026-09-09T03:59:51Z	manifest_court.py	0	МАНИФЕСТ PASS: 0 разладов объявления с делом (426 миров, сборок 6, обязательств дела 234)
2026-09-09T05:08:21Z	prose_court.py	1	ПРОЗА FAIL: 0 разладов объявления (рубеж 0) и 1145 возражений судов (рубеж 436, чтение вне подсудности) — 207 миров, 1171830 строк, прочтено 24848 (2%), судов живых 168
2026-09-09T05:08:29Z	mutants.py	0	МУТАНТЫ PASS: 9 полей из 9 поймали свою подсадку, чужих задето 0
2026-09-09T05:08:31Z	lexicon_reach.py	0	ОХВАТ PASS: 366 из 366 объявленных слов прожиты >=2 раз (100% при рубеже 100%)
2026-09-09T05:08:38Z	inquiry_pt_nl_court.py	0	ДОЗНАНИЕ-PT-NL PASS: 0 ложных из 2108 судимых (213 файлов)
2026-09-09T05:08:44Z	inquiry_pl_tr_court.py	0	ДОЗНАНИЕ-PL-TR PASS: 0 ложных из 1537 судимых (213 файлов)
2026-09-09T05:08:51Z	metalang_court.py	0	МЕТАЯЗЫК PASS: 0 ложных из 1849 судимых (213 файлов)
2026-09-09T05:08:52Z	glyph_court.py	0	ГЛИФЫ PASS: 0 ложных, 1101 истинных, 0 несудимых
2026-09-09T05:08:52Z	space_court.py	0	ПРОСТРАНСТВО PASS: 0 ложных, 2301 истинных, 0 несудимых
2026-09-09T05:08:54Z	stenogram_court.py	0	СТЕНОГРАММЫ PASS: 0 ложных, 550 истинных, 0 несудимых
2026-09-09T05:08:56Z	mathspaces_court.py	0	ПРОСТРАНСТВА PASS: 0 ложных, 814 истинных, 0 несудимых
2026-09-09T05:08:58Z	gsmforms_court.py	0	ШКОЛЬНЫЕ ФОРМЫ PASS: 0 ложных, 2591 истинных, 0 несудимых
2026-09-09T05:09:28Z	definitions_court.py	0	ОПРЕДЕЛЕНИЯ PASS: 0 ложных, 2141 истинных, 0 несудимых
2026-09-09T05:09:28Z	pronoun_court.py	0	МЕСТОИМЕНИЯ PASS: 0 ложных из 480 судимых, несудимых 0
2026-09-09T05:09:29Z	money_court.py	0	ДЕНЬГИ PASS: 0 ложных из 450 судимых, несудимых 0
2026-09-09T05:09:31Z	holes_court.py	0	ДЫРЫ PASS: 0 ложных из 6640 судимых, несудимых 0
2026-09-09T05:09:31Z	money_langs_court.py	0	ДЕНЬГИ НА ЯЗЫКАХ PASS: 0 ложных из 1188 судимых, несудимых 0
2026-09-09T05:09:32Z	geometry_langs_court.py	0	ГЕОМЕТРИЯ НА ЯЗЫКАХ PASS: 0 ложных из 960 судимых, несудимых 0
2026-09-09T05:09:32Z	units_langs_court.py	0	ЕДИНИЦЫ НА ЯЗЫКАХ PASS: 0 ложных из 640 судимых, несудимых 0
2026-09-09T05:09:33Z	stats_langs_court.py	0	СВОДКА НА ЯЗЫКАХ PASS: 0 ложных из 480 судимых, несудимых 0
2026-09-09T05:09:34Z	calendar_langs_court.py	0	НЕДЕЛЯ НА ЯЗЫКАХ PASS: 0 ложных из 1120 судимых, несудимых 0
2026-09-09T05:09:34Z	sequences_langs_court.py	0	ПРОГРЕССИИ НА ЯЗЫКАХ PASS: 0 ложных из 320 судимых, несудимых 0
2026-09-09T05:09:35Z	compare_langs_court.py	0	СРАВНЕНИЕ НА ЯЗЫКАХ PASS: 0 ложных из 480 судимых, несудимых 0
2026-09-09T05:09:36Z	share_langs_court.py	0	ДОЛИ НА ЯЗЫКАХ PASS: 0 ложных из 560 судимых, несудимых 0
2026-09-09T05:09:37Z	physics_langs_court.py	0	ФИЗИКА НА ЯЗЫКАХ PASS: 0 ложных из 480 судимых, несудимых 0
2026-09-09T05:09:46Z	relation_court.py	0	СТРОЕНИЕ PASS: 0 ложных из 2092 судимых (213 файлов, структуры обходимы)
2026-09-09T05:24:38Z	court_mutants.py	0	МУТАНТЫ СУДОВ PASS: 147 поймали, 1 онемели, 0 не поймали (рубеж 1), 4 со свободным числом, 15 без числовой истинной строки, 0 без истинной строки вовсе (судов 167)
2026-09-09T05:24:47Z	panel_court.py	0	СОСТАВ PASS: 0 расхождений (рубеж 0) — палата: судов живых 168, незаявленных 0, призраков 0; набор: приборов 118, вне набора 0, призраков 0
2026-09-09T05:24:55Z	concept_reach.py	0	ОХВАТ ПОНЯТИЯ PASS: 3839 из 22032 предметов показаны (17%); не показано из НАШИХ сводов 4976 (рубеж 6556), из полки 13217 — 207 корпусов прозы, отсеяно рубрик 670, слов в показах 17014
2026-09-09T05:31:32Z	ask_reach.py	0	ВОПРОСНАЯ ПОВЕРХНОСТЬ ОТЧЁТ: 213 из 213 миров спрашивают, только сообщают 0; вопросных строк 255646 из 401498 (63%); миров с непроверяемым вопросом 0
2026-09-09T05:31:34Z	band_reach.py	0	МИР × ПОЛОСА ОТЧЁТ: строк реестра 46, исполнимых опознаний 29, расхождений записи 3, родов без мира 14; миров показов 213, из них без полосы 202; полос в реестре 5
2026-09-09T05:31:36Z	biblio_reach.py	0	БИБЛИОТЕКА PASS: названо 1684 источников (12 трудов по заглавию, 1672 по автору с годом), НЕТ НА ПОЛКЕ 1549 — из них свободно по праву 320, защищено 1223; корпусов прозы 7
2026-09-09T05:31:42Z	ruverbs_court.py	0	РУССКИЕ ГЛАГОЛЫ PASS: 0 ложных из 881 судимых (426 файлов, рубеж 0)
2026-09-09T05:31:55Z	script_court.py	0	ПИСЬМО PASS: 0 смешанных слов в 401498 строках показов (213 файлов, рубеж 0)
2026-09-09T05:37:10Z	word_mutants.py	0	ПОДСАДКА СЛОВОМ PASS: проб 4793 — ПОЙМАН 4533 (94%), ОНЕМЕЛ 184 (3%), НЕ ПОЙМАН 76 (1%); строк без слова 13889; миров с дырой 25
2026-09-09T05:41:43Z	verdict_cover.py	0	ПОКРЫТИЕ ВЕРДИКТА PASS: строк 425, слов 3113 — ЧИТАНО 2724 (87%), НЕМО 124 (3%), СЛЕПО 265 (8%, рубеж 343); судов со слепыми словами 35 из 167
2026-09-09T05:47:43Z	sentence_cover.py	0	ПОКРЫТИЕ ПРЕДЛОЖЕНИЯМИ PASS: строк о двух и более предложениях 426 — покрыты предложениями 389 (91%), покрыты вопросной половиной пары 33 (7%), покрыты ОБЪЯВЛЕННЫМ ПРЕДМЕТОМ 4 (0%), НЕ ПОКРЫТО НИЧЕМ 0 (0%, рубеж 0) в 0 мирах; форм предмета объявлено 65, из них без дела 0
2026-09-09T05:48:03Z	bench_leak.py	0	ТЕЧЬ ПОЛОСЫ PASS: тактов 726, вопрос такта стои́т в своде 0 (рубеж 0); та же формулировка с ИНЫМИ числами 8, совпадений СКЕЛЕТА 0 — считано, но не судимо; полоса t7_svamp_s1.jsonl (244288 байт), свод GENESIS-FULL.txt (35120521 байт)
2026-09-09T06:01:22Z	shelf_court.py	0	ПОЛКА PASS: 0 разладов объявления с делом (рубеж 0), никем не читаемых 174 миров, недоговорено 44 — оба числа считаны, но не судимы — 200 миров полки, судов живых 168
2026-09-09T06:12:58Z	ask_width.py	0	ШИРОТА ВОПРОСА PASS: 8798 из 9659 родов суда имеют вопросную поверхность (91%); БЕЗ ВОПРОСА 861 (рубеж 863) — от судов 861, от манифеста 0; роды объявлены судами (86 из 171, образцов 10369, вопросных слов от пакетов 261); от манифеста 0 актов в 0 мирах — с вопросом 0, без 0, не разрешено 0; строк без рода 36655 из 401498
2026-09-09T06:13:04Z	notationvar_court.py	0	НАЧЕРТАНИЕ PASS: 0 ложных из 24031 судимых (426 файлов, рубеж 0)
2026-09-09T06:18:25Z	prosetree_court.py	0	ДЕРЕВО ПРОЗЫ PASS: 45 ложных из 11339 судимых (207 файлов)
2026-09-09T06:18:27Z	longdiv_court.py	0	УГОЛ PASS: 0 ложных из 1322 судимых (213 файлов)
2026-09-09T06:23:35Z	form_census.py	0	ПЕРЕПИСЬ ФОРМ ОТЧЁТ: строк 401498, рамок 109681 (масса ≥ 9: 11385), родов 59983 (масса ≥ 9: 12435); минимальный корпус при массе 9: 294860 строк по рамкам (73 %), 214625 по родам (53 %); насыщение: последняя доля даёт 0 новых рамок и 0 новых РОДОВ на тысячу строк
2026-09-09T06:23:36Z	verbthings_court.py	0	ГЛАГОЛ–ВЕЩЬ PASS: 0 чужих пар глагол–вещь в 401498 строках показов (213 файлов, рубеж 0)
2026-09-09T08:42:57Z	coverage.py	0	СУДИМОСТЬ PASS: 401498 из 401498 строк судимы (100% при рубеже 100%, судов живых 168), слепых 0, зачтено словарём пакета 0 (0% свода, долг 0)
2026-09-09T08:42:58Z	behavior_court.py	0	ПОВЕДЕНЧЕСКИЕ ЗАКОНЫ PASS: 0 ложных из 1608 судимых, несудимых 0
2026-09-09T08:42:58Z	topics_court.py	0	БЫТОВЫЕ ТЕМЫ PASS: 0 ложных из 1104 судимых, несудимых 0
2026-09-09T08:42:59Z	nature_court.py	0	ПРИРОДА PASS: 0 ложных из 868 судимых, несудимых 0
2026-09-09T08:43:01Z	links_court.py	0	СВЯЗКИ РАЗГОВОРА PASS: 0 ложных из 17566 судимых, несудимых 0
2026-09-09T08:43:02Z	scale_court.py	0	ШКАЛА PASS: 0 ложных из 747 судимых, несудимых 0
2026-09-09T08:43:03Z	opposites_court.py	0	ПРОТИВОПОЛОЖНОСТИ PASS: 0 ложных из 648 судимых, несудимых 0
2026-09-09T08:43:04Z	roles_court.py	0	РОЛЕВЫЕ ВОПРОСЫ PASS: 0 ложных из 144 судимых, несудимых 0
2026-09-09T08:43:06Z	joints_court.py	0	СОЧЛЕНЕНИЯ PASS: 0 ложных из 2700 судимых, несудимых 0
2026-09-09T08:43:07Z	dialogue_court.py	0	РЕЧЕВОЙ ОБИХОД PASS: 0 ложных из 2052 судимых, несудимых 0
2026-09-09T08:43:10Z	worldfacts_court.py	0	ФАКТЫ МИРА PASS: 0 ложных из 2779 судимых, несудимых 0, двойников чужих миров 0
2026-09-09T08:43:10Z	infer_court.py	0	СТРОГИЙ ВЫВОД PASS: 0 ложных из 1080 судимых, несудимых 0; подсадок поймано 5 из 5
2026-09-09T08:43:18Z	circle_probe.py	0	КРУГ PASS: 0 кругов из 3770 причинных ответов (219323 вопросных строк всего); отказов 1724, из них БЕЗ ОСНОВАНИЯ 0; отрицаний 14566, из них БЕЗ ОСНОВАНИЯ 0; подсадок поймано 2 из 2, ложных тревог 0
2026-09-09T08:43:21Z	agree_probe.py	0	СОГЛАСИЕ ДОМОВ PASS: 0 споров из 12 предметов, о которых говорит больше одного дома (всего предметов 708, домов сличено 3); подсадка сходится; разный уровень ОДНОЙ лестницы (согласие) 6
2026-09-09T08:43:22Z	shelf_declare.py	0	ПОЛКА БЕЗ ОБЪЯВЛЕНИЯ PASS: 0 книг лежали на диске без записи (в договоре 21, в манифесте 426 миров)
2026-09-09T08:53:51Z	house_reach.py	0	  истина fracforms признаёт numberline: 10
2026-09-09T08:53:56Z	head_census.py	0	ПЕРЕПИСЬ ГОЛОВ: голов 2591 на 217745 вопросных строк (по 2 слова); ОДИНОЧЕК 382 (14 %), они несут 382 строк — столько же, сколько голов
2026-09-09T08:53:59Z	form_matrix.py	0	ЩЕРБАТОСТЬ ДОМОВ: 1 щербатых форм из 157 (0 %), домов 23
2026-09-09T08:54:00Z	disj_court.py	0	ИСКЛЮЧЕНИЕ PASS: 0 ложных из 216 судимых, несудимых 0; подсадок поймано 3 из 3
2026-09-09T08:54:01Z	indu_court.py	0	ПОСПЕШНОСТЬ PASS: 0 ложных из 102 судимых, несудимых 0; подсадок поймано 13 из 13
2026-09-09T08:54:02Z	houseshows_court.py	0	ПОКАЗ ДОМА PASS: домов 6, показов собрано 12742; строк своих 8479, ВНЕ ДОМА 0 (рубеж 0)
2026-09-09T08:54:04Z	article_court.py	0	АРТИКЛЬ PASS: 0 ложных из 1366 судимых (рубеж 0); имён объявлено 50
2026-09-09T08:54:11Z	rowframe_court.py	0	РАМКА РЯДА PASS: 0 ложных из 19674 судимых рядов (рубеж 0)
2026-09-09T08:54:12Z	analog_court.py	0	ПОДОБИЕ PASS: 0 ложных из 144 судимых, несудимых 0; подсадок поймано 3 из 3
2026-09-09T08:54:12Z	reply_court.py	0	ОТКЛИК PASS: 0 ложных из 54 судимых, несудимых 0; подсадок поймано 3 из 3
2026-09-09T08:57:08Z	register_pairs.py	0	ПАРА РЕГИСТРА PASS: пар 5298, одной дырой 4749 (89 %), дыр больше 549, ПОРОКОВ 0 (рубеж 0), без пары 0
2026-09-09T08:57:26Z	register_purity.py	0	ЧИСТОТА РЕГИСТРА: неформальных показов 21678, говорящих вежливо 0 (0 %), из них имеющих и вежливую пару 0; мест 0
2026-09-09T08:57:48Z	prefix_traps.py	0	ЛОВУШКА НАЧАЛА PASS: домов с судом по началу строки 0 (рубеж 0), проб 2280, пойманных удвоений 0
2026-09-09T08:58:05Z	sign_traps.py	0	ЛОВУШКА ЗНАКА PASS: домов, немеющих на подмене СВОЕГО знака, 0 (рубеж 0); проб 1231, поймано 1231, немых проб 0; палата ловит их все (замер 144 из 144)
2026-09-09T08:58:07Z	strat_slice.py	0	СТРАТИФИЦИРОВАННЫЙ СРЕЗ PASS: миров 213 из 213 (без страниц 0, рубеж 0), строк 214676, байт 19743957, подпись d6c590bbb2e6c591; потолок 1500 строк с мира, урезано миров 89; datasets/GENESIS-STRAT.txt
2026-09-09T09:03:17Z	house_rejects.py	0	ОТВЕРГНУТО ПО ИМЕНИ PASS: домов, чью объявленную порчу не увидел никто, 0 (рубеж 0); домов 213, проб 2289, отвергнуто 2257
2026-09-09T09:03:19Z	root_passport.py	0	ПАСПОРТ КОРНЕЙ PASS: корней 5, разладов объявления с делом 0 (рубеж 0)
2026-09-09T09:03:21Z	pack_singular_risk.py	0	ВОЛОСОК ЕДИНСТВЕННОГО PASS: пакетов на жребии 0 (рубеж 0); прямо называют 29, счёта в показах нет у 0; пакетов всего 29
2026-09-09T09:03:23Z	cell_shown.py	0	ЯЧЕЙКА БЕЗ ПОКАЗА PASS: обещано 706, показано 694 (98 %), без показа 12 (рубеж 32)
2026-09-09T09:03:34Z	idle_word.py	0	ПРАЗДНОЕ СЛОВО PASS: форм объявлено 3830, праздных 0 (рубеж 0); пакетов 29, свод GENESIS-FULL.txt (30103776 знаков)
2026-09-09T09:03:35Z	form_unshown.py	0	ФОРМА БЕЗ ПОКАЗА PASS: объявлено 3576, показано 3576 (100 %), без показа 0 (рубеж 0); пакетов 29
2026-09-09T09:03:40Z	one_singular.py	0	ЕДИНСТВЕННОЕ ПРИ ЕДИНИЦЕ PASS: обещано 159 имён, единица показана 159 (100 %), БЕЗ ЕДИНИЦЫ 0 (рубеж 0); лжи письма 0 (рубеж 0); пар в пакете 163
2026-09-09T09:03:42Z	template_word.py	1	СЛОВО ШАБЛОНА БЕЗ ОБЪЯВЛЕНИЯ FAIL: разных слов 5 (рубеж 0) в 3 пакетах из 26 считанных; слов в шаблонах 1543
2026-09-09T09:03:43Z	signless_census.py	0	ПЕРЕПИСЬ БЕЗЗНАКОВЫХ: строк осмотрено 5800 из 29 пластов; БЕЗ ЗНАКА НИ ОДНОГО ЯЗЫКА 818 (14 %); знак дало бы единоличное слово 49 (6 %); слов в указателе 6888, единоличных 6088
2026-09-09T09:05:26Z	operator_share.py	0	ДОЛЯ ОПЕРАТОРА PASS: слов действия 36; НИЖЕ 5 % — 3 (рубеж 3): más (es) 3.8 %, mais (pt) 4.5 %, più (it) 4.5 %; самое низкое más (es) 3.8 %, самое высокое vermenigvuldigd met (nl) 100.0 %
2026-09-09T09:05:34Z	key_support.py	0	КЛЮЧ БЕЗ ОПОРЫ PASS: вопросов 3622, родов 633; РОДОВ НИЖЕ LAW³=8 страниц — 6 (рубеж 6), и они держат 9 вопросов ключа (0.2 %)
2026-09-09T09:05:35Z	half_law.py	0	ПОЛОВИНЧАТЫЙ ЗАКОН PASS: домов с литеральным множественным 2; БЕЗЗАКОННЫХ 0 (рубеж 0, мест 0); половинчатых 2 (МЕСТ 3, рубеж 3)
2026-09-09T09:05:50Z	unknown_name.py	0	НЕВЕДОМОЕ ИМЯ PASS: английских строк 115826, слов при числе 614; НЕВЕДОМЫХ ИМЁН 0 (рубеж 0); отсеяно обратным знаком 5, оспорено чужой клеткой 3; объявлено пакетом 163 имён
2026-09-09T09:12:26Z	stale_world.py	0	МИР БЕЗ ПРЕДЪЯВЛЕНИЯ PASS: миров 211, проб 8440; РАЗОШЕДШИХСЯ С ПАЛАТОЙ 0 (рубеж 0); ложных строк 0, немых 6
2026-09-09T09:13:16Z	agree_traps.py	0	ЛОВУШКА СОГЛАСОВАНИЯ PASS: миров 213, проб 565, поймано 565; МИРОВ, ГДЕ ПОРЧА НЕ ПОЙМАНА, 0 (рубеж 0); миров под ОБЩИМ ЗАКОНОМ ЯЗЫКА 76 — разделение труда, а не долг
2026-09-09T09:13:16Z	wrong_sign.py	1	ЗНАК НЕ ТОТ FAIL: строк осмотрено 5800 из 29 пластов; ЗНАК НАЗВАЛ ЧУЖОЙ ЯЗЫК 18 (0.3 %, рубеж 3); свой 4880, молчит 902 (их считает перепись беззнаковых)
2026-09-09T09:13:17Z	debt_mark.py	0	МЕТКА ДОЛГА PASS: разладов 0 (рубеж 0), скрытых 0 (рубеж 0); долг по меткам 12474, по законам 12474
2026-09-09T09:14:12Z	copula_band.py	0	СВЯЗКА ПО ПОЛОСЕ PASS: страниц со связкой не по полосе 0 (рубеж 0); оборотов бытия не по числу 0 (рубеж 0); домов, немеющих на подмене связки, 0 (рубеж 0); проб 188, поймано 188
2026-09-09T09:14:39Z	past_gender.py	0	РОД ПРОШЕДШЕГО PASS: не по роду 0 (рубеж 0); несуществующих форм 0 (рубеж 0); домов, слепых на подмене рода, 0 (рубеж 0); проб 202, поймано 202, немых 0, пропущено 0
2026-09-09T09:14:43Z	word_once.py	0	СЛОВО ОДНАЖДЫ PASS: слов, показанных РОВНО РАЗ, 513 (рубеж 513); миров с такими словами 20 из 210
2026-09-09T09:14:56Z	article_sound.py	0	АРТИКЛЬ ПО ЗВУКУ PASS: строк не по звуку 0 (рубеж 0); палата пропустила 0 из 40 (рубеж 0), поймала 40
2026-09-09T09:15:00Z	elision.py	0	ЭЛИЗИЯ PASS: строк без элизии 39 (рубеж 39); миров с долгом 6; пар объявлено 11
2026-09-09T09:15:01Z	threshold_census.py	0	ПЕРЕПИСЬ ПОРОГОВ: именованных 52 (объявлено 36, храповиков 15, ВКУС 1); встроенных сравнений от трёх 132 (печать 165, без основания рядом 110 — ВЕРХНЯЯ ОЦЕНКА: строй и порог здесь не разделены); папки scripts courts
2026-09-09T09:15:01Z	denominator_census.py	0	ЧИСЛО БЕЗ ЗНАМЕНАТЕЛЯ PASS: приборов в леджере 216, строк без объёма 2, из них НУЛЕЙ без объёма 0 (рубеж 0)
2026-09-09T09:15:02Z	repeat_census.py	0	ПЕРЕПИСЬ ПОВТОРОВ: миров 213, строк 401498, уникальных 286273, копий 115225 (28 %), из них сверх LAW=2: 75746 (18 %); миров с копиями > 10 %: 88
2026-09-09T09:15:08Z	definitions_reach.py	0	СЛЕД РАЗБОРА ОПРЕДЕЛЕНИЙ: понятий 829, без определения 222, из них полка не знает 68, разбор остановился на названных воротах 154, причина не названа 0 (рубеж 0)
2026-09-09T09:15:09Z	copies_census.py	0	ПЕРЕПИСЬ КОПИЙ PASS: миров через слой 175, сверх LAW=2 0 (рубеж 0); строк 283752, различных 256747, копий 27005, многострочных 5; вне слоя миров 2 (копий 118935) — не судятся; сайдкар datasets/COPIES.tsv
2026-09-09T09:15:09Z	sweep_self.py	1	СВОД СПРАШИВАЕТ СЕБЯ FAIL [FULL-19c8ae8d · читатель 0a84da47 · 400 · seed 5]: сертифицировано 114 из 400, верных 100, ЛЖЕЙ 8 (рубеж 0), немых 286, вне значения (why) 6
2026-09-09T11:25:23Z	court_reach.py	0	ДОСЯГАЕМОСТЬ СУДА PASS (вся палата; судов 168): миров 213, строк 401498, ЛЖЕЙ 0 (рубеж 0), слепых 0 (рубеж 0)
2026-09-09T11:25:27Z	holdout_key.py	0	КЛЮЧ СЛЕДУЮЩЕЙ ТОЧКИ PASS: вопросов 3622 (рубеж 1500), прожитых 0 (рубеж 0); по языкам de 396 en 408 es 404 fr 402 it 402 nl 402 pl 402 pt 402 ru 404; по глубине [0] 1154 [1] 1970 [2+] 498; домов 31; ключ datasets/HOLDOUT-KEY-NEXT.tsv
2026-09-09T11:25:28Z	holdforms_court.py	0	ДЕРЖАНИЯ БЕЗ ГЛАГОЛА PASS: 0 ложных из 6054 судимых, несудимых 0; подсадок поймано 12 из 12
2026-09-09T11:25:29Z	cmpframes_court.py	0	РАМКИ СРАВНЕНИЯ PASS: 0 ложных из 6480 судимых, несудимых 0; подсадок поймано 11 из 11
2026-09-09T11:25:31Z	sceneforms_court.py	0	СЦЕНА PASS: 0 ложных из 3818 судимых, несудимых 0; подсадок поймано 8 из 8
2026-09-09T11:25:32Z	toolforms_court.py	0	ИНСТРУМЕНТ PASS: 0 ложных из 2907 судимых, несудимых 0; подсадок поймано 8 из 8
2026-09-09T11:25:33Z	verifyforms_court.py	0	ВЕРИФИКАЦИЯ PASS: 0 ложных из 3285 судимых, несудимых 0; подсадок поймано 7 из 7
2026-09-09T11:25:34Z	planforms_court.py	0	ПЛАН PASS: 0 ложных из 2520 судимых, несудимых 0; подсадок поймано 9 из 9
2026-09-09T11:25:35Z	episodeforms_court.py	0	ЭПИЗОД PASS: 0 ложных из 5229 судимых, несудимых 0; подсадок поймано 8 из 8
2026-09-09T11:25:38Z	summaryforms_court.py	0	СВОДКА PASS: 0 ложных из 6102 судимых, несудимых 0; подсадок поймано 8 из 8
2026-09-09T11:25:39Z	opforms_court.py	0	ОПЕРАЦИЯ PASS: 0 ложных из 3780 судимых, несудимых 0; подсадок поймано 8 из 8
2026-09-09T11:25:39Z	readnum_court.py	0	ЧИСЛО PASS: 0 ложных из 3240 судимых, несудимых 0; подсадок поймано 8 из 8
2026-09-09T11:25:41Z	mandateforms_court.py	0	МАНДАТ PASS: 0 ложных из 2268 судимых, несудимых 0; подсадок поймано 8 из 8
2026-09-09T11:25:43Z	personforms_court.py	0	ЛИЧНОСТЬ PASS: 0 ложных из 3240 судимых, несудимых 0; подсадок поймано 8 из 8
2026-09-09T11:25:44Z	selfmodelforms_court.py	0	САМОМОДЕЛЬ PASS: 0 ложных из 2097 судимых, несудимых 0; подсадок поймано 8 из 8
2026-09-09T11:25:45Z	signedworld_court.py	0	ЗНАК PASS: 0 ложных из 1296 судимых, несудимых 0; подсадок поймано 8 из 8
2026-09-09T11:25:46Z	beforetails_court.py	0	ХВОСТ PASS: 0 ложных из 3600 судимых, несудимых 0; подсадок поймано 8 из 8
2026-09-09T11:25:46Z	discountroad_court.py	0	СКИДКА PASS: 0 ложных из 2808 судимых, несудимых 0; подсадок поймано 8 из 8
2026-09-09T11:25:49Z	nomention_court.py	0	НЕНАЗВАННОЕ PASS: 0 ложных из 2160 судимых, несудимых 0; подсадок поймано 8 из 8
2026-09-09T11:25:50Z	clockforms_court.py	0	ЧАСЫ PASS: 0 ложных из 1053 судимых, несудимых 0; подсадок поймано 8 из 8
2026-09-09T11:25:51Z	mixedunits_court.py	0	МЕРА PASS: 0 ложных из 882 судимых, несудимых 0; подсадок поймано 8 из 8
2026-09-09T11:25:53Z	dateforms_court.py	0	ДАТА PASS: 0 ложных из 480 судимых, несудимых 0; подсадок поймано 8 из 8
2026-09-09T11:25:53Z	clockwords_court.py	0	ЧАСЫ СЛОВОМ PASS: 0 ложных из 378 судимых, несудимых 0; подсадок поймано 8 из 8
2026-09-09T11:25:55Z	speedforms_court.py	0	СКОРОСТЬ PASS: 0 ложных из 432 судимых, несудимых 0; подсадок поймано 8 из 8
2026-09-09T11:25:56Z	roundforms_court.py	0	ОКРУГЛЕНИЕ PASS: 0 ложных из 432 судимых, несудимых 0; подсадок поймано 8 из 8
2026-09-09T11:25:57Z	orderforms_court.py	0	ПОРЯДОК PASS: 0 ложных из 792 судимых, несудимых 0; подсадок поймано 8 из 8
2026-09-09T11:25:57Z	quantforms_court.py	0	КВАНТОР PASS: 0 ложных из 648 судимых, несудимых 0; подсадок поймано 8 из 8
2026-09-09T11:25:58Z	roman_court.py	0	РИМСКОЕ PASS: 0 ложных из 387 судимых, несудимых 0; подсадок поймано 8 из 8
2026-09-09T11:25:58Z	place_court.py	0	МЕСТО PASS: 0 ложных из 1296 судимых, несудимых 0; подсадок поймано 8 из 8
2026-09-09T11:26:00Z	unitfrac_court.py	0	ДРОБЬ ЕДИНИЦЫ PASS: 0 ложных из 198 судимых, несудимых 0; подсадок поймано 8 из 8
2026-09-09T11:26:00Z	enough_court.py	0	ХВАТИТ PASS: 0 ложных из 324 судимых, несудимых 0; подсадок поймано 8 из 8
2026-09-09T11:26:02Z	numphrase_court.py	0	ФРАЗА ЧИСЛА PASS: 0 ложных из 225 судимых, несудимых 0; подсадок поймано 9 из 9, свободного числа нет (1 язык двигает глагол из 9)
2026-09-09T11:26:02Z	kinbearer_court.py	0	РОДСТВЕННИК PASS: 0 ложных из 486 судимых, несудимых 0; подсадок поймано 9 из 9, носитель не свободен (9 языков × 4 чужих слова)
2026-09-09T11:26:03Z	pronobject_court.py	0	МЕСТОИМЕНИЕ-ОБЪЕКТ PASS: 0 ложных из 864 судимых, несудимых 0; подсадок поймано 9 из 9, род местоимения различают 6 языка из 9
2026-09-09T11:26:03Z	proform_court.py	0	ПРО-ФОРМА PASS: 0 ложных из 288 судимых, несудимых 0; подсадок поймано 9 из 9, род при опущенном имени метят 4 языка из 9
2026-09-09T11:26:05Z	degrees_court.py	0	СТЕПЕНИ PASS: 0 ложных из 270 судимых, несудимых 0; подсадок поймано 8 из 8
2026-09-09T11:26:06Z	actturn_court.py	0	АКТ PASS: 0 ложных из 414 судимых, несудимых 0; подсадок поймано 8 из 8
2026-09-09T11:26:07Z	tempscale_court.py	0	ШКАЛА PASS: 0 ложных из 198 судимых, несудимых 0; подсадок поймано 8 из 8
2026-09-09T11:26:08Z	action_measure_court.py	0	МЕРА ДЕЙСТВИЯ PASS: 0 ложных из 234 судимых, несудимых 0; подсадок поймано 6 из 6
2026-09-09T11:26:08Z	numberline_court.py	0	ЧИСЛОВОЙ РЯД PASS: 0 ложных из 5292 судимых, несудимых 0; подсадок поймано 6 из 6
2026-09-09T11:26:08Z	countfacts_court.py	0	СЧЁТНЫЕ ФАКТЫ PASS: 0 ложных из 243 судимых, несудимых 0; подсадок поймано 6 из 6
2026-09-09T11:26:08Z	letters_court.py	0	БУКВЫ PASS: 0 ложных из 360 судимых, несудимых 0; подсадок поймано 5 из 5
2026-09-09T11:27:28Z	langcount_court.py	0	СЧЁТ НА ДЕВЯТИ ЯЗЫКАХ PASS: 0 ложных из 119345 судимых (рубеж 0)
2026-09-09T11:27:29Z	propcompare_court.py	0	СРАВНЕНИЕ СВОЙСТВ PASS: 0 ложных из 200 судимых, несудимых 0; подсадок поймано 4 из 4
2026-09-09T11:27:29Z	price_court.py	0	ЦЕНА PASS: 0 ложных из 378 судимых, несудимых 0; подсадок поймано 4 из 4
2026-09-09T11:27:29Z	translate_court.py	0	ПЕРЕВОД PASS: 0 ложных из 792 судимых, несудимых 0; подсадок поймано 4 из 4
2026-09-09T11:27:29Z	timeunits_court.py	0	ЕДИНИЦЫ ВРЕМЕНИ PASS: 0 ложных из 420 судимых, несудимых 0; подсадок поймано 3 из 3
2026-09-09T11:27:31Z	svamp_court.py	0	ФОРМЫ SVAMP PASS: 0 ложных из 6794 судимых, несудимых 0; подсадок поймано 10 из 10
2026-09-09T11:27:31Z	measure_langs_court.py	0	МЕРА ДЕЙСТВИЯ НА ЯЗЫКАХ PASS: 0 ложных из 462 судимых, несудимых 0; подсадок поймано 4 из 4
2026-09-09T13:26:52Z	arith_court.py	0	АРИФМЕТИКА PASS: 0 ложных равенств из 148595 судимых (214 файлов, неразобрано 128410)
2026-09-09T13:26:56Z	algo_court.py	0	АЛГОРИТМЫ PASS: 0 ложных утверждений из 2990 судимых (214 файлов)
2026-09-09T13:28:46Z	formula_court.py	0	ФОРМУЛЫ PASS: 0 ложных записей из 2919 судимых (214 файлов)
2026-09-09T13:26:57Z	logic_court.py	0	ЛОГИКА PASS: 0 ложных утверждений из 734 судимых (214 файлов)
2026-09-09T13:26:53Z	physics_court.py	0	ФИЗИКА PASS: 0 ложных утверждений из 1436 судимых (214 файлов)
2026-09-09T13:28:49Z	cyber_court.py	0	КИБЕРНЕТИКА PASS: 0 ложных утверждений из 1288 судимых (214 файлов)
2026-09-09T13:28:50Z	agreement_court.py	0	СОГЛАСОВАНИЕ PASS: 0 рассогласований при рубеже 0 (5083 верных, 214 файлов, закон 2)
2026-09-09T13:28:49Z	notation_court.py	0	ЗАПИСЬ PASS: 0 ложных записей из 1270 судимых (214 файлов)
2026-09-09T13:28:47Z	unit_court.py	0	ЕДИНИЦЫ PASS: 0 ложных переводов из 686 судимых (214 файлов)
2026-09-09T13:28:52Z	number_court.py	0	ЧИСЛА PASS: 0 ложных из 4220 судимых (214 файлов)
2026-09-09T13:28:54Z	inquiry_court.py	0	ДОЗНАНИЕ PASS: 0 ложных из 3915 судимых (214 файлов)
2026-09-09T13:28:51Z	surfaces_court.py	0	ПОВЕРХНОСТИ PASS: 0 ложных из 2200 судимых (214 файлов)
2026-09-09T13:28:52Z	markdown_court.py	0	РАЗМЕТКА-ПОЛНАЯ PASS: 0 ложных из 3848 судимых (214 файлов, обратимость дома цела)
2026-09-09T13:28:54Z	doctree_court.py	0	СТРУКТУРА PASS: 0 ложных из 516 судимых (214 файлов, дерево обратимо)
2026-09-09T13:28:56Z	rates_court.py	0	СТАВКИ PASS: 0 ложных из 758 судимых (214 файлов)
2026-09-09T13:28:56Z	formula_lang_court.py	0	КОНВЕРСИЯ PASS: 0 ложных из 2583 судимых (214 файлов)
2026-09-09T13:28:55Z	percent_court.py	0	ПРОЦЕНТЫ PASS: 0 ложных из 560 судимых (214 файлов)
2026-09-09T13:28:57Z	average_court.py	0	СВОДКА PASS: 0 ложных из 1300 судимых (214 файлов)
2026-09-09T13:29:00Z	equation_court.py	0	УРАВНЕНИЕ PASS: 0 ложных из 3340 судимых (214 файлов)
2026-09-09T13:28:57Z	dataformat_court.py	0	ФОРМАТЫ PASS: 0 ложных из 640 судимых (214 файлов, обратимость дома цела)
2026-09-09T13:29:01Z	everyday_court.py	0	БЫТ PASS: 0 ложных из 4556 судимых (214 файлов)
2026-09-09T13:29:01Z	story_chain_court.py	0	ЦЕПОЧКА PASS: 0 ложных из 890 судимых (214 файлов)
2026-09-09T13:29:02Z	age_court.py	0	ВОЗРАСТ PASS: 0 ложных из 900 судимых (214 файлов)
2026-09-09T13:29:02Z	halves_court.py	0	ПОЛОВИНЫ PASS: 0 ложных из 1028 судимых (214 файлов)
2026-09-09T13:29:03Z	inquiry_de_fr_court.py	0	ДОЗНАНИЕ-DE-FR PASS: 0 ложных из 2108 судимых (214 файлов)
2026-09-09T13:29:04Z	ru_conversion_court.py	0	РУССКИЙ ПЕРЕВОД PASS: 0 ложных из 68 судимых (214 файлов)
2026-09-09T13:29:04Z	selfmeasure_court.py	0	РАССКАЗ О СЕБЕ PASS: 0 ложных из 59 судимых (214 файлов)
2026-09-09T13:29:04Z	ru_compare_court.py	0	РУССКОЕ СРАВНЕНИЕ PASS: 0 ложных из 150 судимых (214 файлов)
2026-09-09T13:29:04Z	ru_story_court.py	0	РУССКАЯ ЗАДАЧА PASS: 0 ложных из 658 судимых (214 файлов)
2026-09-09T13:29:07Z	inquiry_es_it_court.py	0	ДОЗНАНИЕ-ES-IT PASS: 0 ложных из 1480 судимых (214 файлов)
2026-09-09T13:29:07Z	share_court.py	0	ДОЛЯ PASS: 0 ложных из 2396 судимых (214 файлов)
2026-09-09T13:29:07Z	compare_mult_court.py	0	КРАТНОЕ PASS: 0 ложных из 2797 судимых (214 файлов)
2026-09-09T13:29:08Z	sequence_court.py	0	ПОСЛЕДОВАТЕЛЬНОСТИ PASS: 0 ложных из 2616 судимых (214 файлов)
2026-09-09T13:29:11Z	geometry_court.py	0	ГЕОМЕТРИЯ PASS: 0 ложных из 2438 судимых (214 файлов)
2026-09-09T13:29:11Z	linalg_court.py	0	ВЕКТОР PASS: 0 ложных из 3726 судимых (214 файлов)
2026-09-09T13:29:09Z	calendar_court.py	0	КАЛЕНДАРЬ PASS: 0 ложных из 902 судимых (214 файлов)
2026-09-09T13:29:11Z	speech_court.py	0	РЕЧЬ PASS: 0 ложных из 1960 судимых (214 файлов)
2026-09-09T13:29:16Z	rugram_court.py	0	РУССКОЕ СОГЛАСОВАНИЕ PASS: 0 ложных из 19017 судимых (214 файлов)
2026-09-09T13:29:14Z	physlaw_court.py	0	ЗАКОНЫ ФИЗИКИ PASS: 0 ложных из 830 судимых (214 файлов)
2026-09-09T13:29:15Z	compsci_court.py	0	ИНФОРМАТИКА PASS: 0 ложных из 1368 судимых (214 файлов)
2026-09-09T13:29:12Z	case_court.py	0	ПАДЕЖ PASS: 0 ложных из 1066 судимых (214 файлов)
2026-09-09T13:29:18Z	valence_court.py	0	ОЦЕНКА PASS: 0 ложных из 1256 судимых (214 файлов)
2026-09-09T13:29:17Z	shadow_court.py	0	ЗАТЕНЕНИЕ PASS: 0 имён определены дважды (604 файлов, рубеж 0)
2026-09-09T13:30:02Z	syllabus_court.py	0	ПОЛНОТА PASS: 0 предметов свода не покрыты из 62 (рубеж 0, 214 файлов)
2026-09-09T13:29:35Z	richness_court.py	0	БОГАТСТВО[показано] PASS: не показаны 0 форм из 20 и 0 стыков из 6 (рубеж 0, 214 файлов); КУПЛЕНО и ИСПОЛНЕНО мерятся на стороне организма
2026-09-09T13:30:17Z	langpack_court.py	0	ЯЗЫКИ PASS: 29 зелёных из 29, красных 0 (рубеж 6)
2026-09-09T13:30:02Z	langrule_court.py	0	ПРАВИЛО ЯЗЫКА PASS: 0 разладов формы с правилом из 1014 сверенных (19 пакетов с правилом из 29)
2026-09-09T13:41:39Z	claims_court.py	1	РОДЫ FAIL: 98 строк прочтены НЕ ХОЗЯИНОМ рода из 47775 с видимым родом (рубеж 0, 214 файлов, родов объявлено 4)
2026-09-09T13:30:05Z	program_court.py	0	ПРОГРАММЫ PASS: 0 ложных из 1078 судимых (214 файлов)
2026-09-09T13:41:42Z	statistics_court.py	0	СТАТИСТИКА PASS: 0 ложных из 1196 судимых (214 файлов)
2026-09-09T13:41:42Z	proof_court.py	0	ДОКАЗАТЕЛЬСТВО PASS: 0 ложных из 663 судимых (214 файлов)
2026-09-09T13:41:41Z	machine_court.py	0	МАШИНА PASS: 0 ложных из 1846 судимых (214 файлов)
2026-09-09T13:41:48Z	episode_court.py	0	ЭПИЗОД PASS: 0 ложных из 10270 судимых (214 файлов), вне владения 11 слов: ['day', 'dollar', 'foot', 'kilometer', 'leaf']
2026-09-09T13:41:51Z	copula_court.py	0	СВЯЗКИ PASS: 0 ложных из 500 судимых (214 файлов), НЕЗНАКОМЫХ ПАР 40547: ["cause: philosophy is literally, the love of, including the search after, wisdom; in actual usage, the knowledge of phenomena as explained by, and resolved into, / and reasons, powers and laws: webster's unabridged dictionary, 1913", 'cause: электричество — это то, содержащееся в теле, что сообщает этому телу особые свойства, / в нем способность действовать механически на некоторые другие тела, притягивать или при известных условиях отталкивать их, а также вызывает в самом этом теле способность испытывать подобные же механические действия других тел: эсбе, статья «электричество»', 'contain: does the node body contain the node liquid? in the tree of kinds the node body / the node liquid']
2026-09-09T13:41:50Z	markup_court.py	0	РАЗМЕТКА PASS: 0 ложных из 3830 судимых (214 файлов)
2026-09-09T13:42:06Z	langlayer_court.py	1	ПЛАСТ FAIL: 4 необъявленных слов (106737 строк, 29 пластов)
2026-09-09T13:41:48Z	langform_court.py	0	ФОРМА ПЛАСТА PASS: 0 ложных из 83433 судимых (106737 строк пласта, 29 пластов, дословных 940, рамок без опознавателя 3, рубеж 0)
2026-09-09T13:42:07Z	gsm_census.py	0	GSM-CENSUS PASS: 0 расхождений (72 выведено, 69 в слое, 3 удержано)
2026-09-09T13:44:08Z	reproducible.py	0	ВОСПРОИЗВОДИМОСТЬ PASS: 0 расхождений из 207 сличённых (без объявленной цели 0, рубеж 0)
2026-09-09T13:44:09Z	bash32_court.py	0	BASH32-COURT PASS: ни одного имени, съедаемого bash 3.2; скриптов проверено: 6
2026-09-09T13:44:10Z	empty_in_court.py	0	ПУСТОЕ ВХОЖДЕНИЕ PASS: срезов, сличаемых со строковым литералом, 0 (рубеж 0); файлов 616
2026-09-09T13:44:09Z	lawfirst_court.py	0	ЗАКОН ПЕРВЫМ PASS: докстрингов, сдвинутых с первого места, 0 (рубеж 0); файлов 616
2026-09-09T13:44:09Z	manifest_court.py	0	МАНИФЕСТ PASS: 0 разладов объявления с делом (427 миров, сборок 6, обязательств дела 235)
2026-09-09T15:03:47Z	arith_court.py	0	АРИФМЕТИКА PASS: 0 ложных равенств из 148691 судимых (214 файлов, неразобрано 128410)
2026-09-09T15:03:53Z	algo_court.py	0	АЛГОРИТМЫ PASS: 0 ложных утверждений из 2990 судимых (214 файлов)
2026-09-09T15:08:00Z	formula_court.py	0	ФОРМУЛЫ PASS: 0 ложных записей из 2919 судимых (214 файлов)
2026-09-09T15:08:10Z	logic_court.py	0	ЛОГИКА PASS: 0 ложных утверждений из 734 судимых (214 файлов)
2026-09-09T15:08:13Z	physics_court.py	0	ФИЗИКА PASS: 0 ложных утверждений из 1436 судимых (214 файлов)
2026-09-09T15:08:22Z	cyber_court.py	0	КИБЕРНЕТИКА PASS: 0 ложных утверждений из 1288 судимых (214 файлов)
2026-09-09T15:08:34Z	agreement_court.py	0	СОГЛАСОВАНИЕ PASS: 0 рассогласований при рубеже 0 (5083 верных, 214 файлов, закон 2)
2026-09-09T15:08:41Z	notation_court.py	0	ЗАПИСЬ PASS: 0 ложных записей из 1270 судимых (214 файлов)
2026-09-09T15:08:43Z	unit_court.py	0	ЕДИНИЦЫ PASS: 0 ложных переводов из 686 судимых (214 файлов)
2026-09-09T15:08:47Z	number_court.py	0	ЧИСЛА PASS: 0 ложных из 4220 судимых (214 файлов)
2026-09-09T15:08:53Z	inquiry_court.py	0	ДОЗНАНИЕ PASS: 0 ложных из 3915 судимых (214 файлов)
2026-09-09T15:08:55Z	surfaces_court.py	0	ПОВЕРХНОСТИ PASS: 0 ложных из 2200 судимых (214 файлов)
2026-09-09T15:08:57Z	markdown_court.py	0	РАЗМЕТКА-ПОЛНАЯ PASS: 0 ложных из 3848 судимых (214 файлов, обратимость дома цела)
2026-09-09T15:08:58Z	doctree_court.py	0	СТРУКТУРА PASS: 0 ложных из 516 судимых (214 файлов, дерево обратимо)
2026-09-09T15:09:02Z	rates_court.py	0	СТАВКИ PASS: 0 ложных из 758 судимых (214 файлов)
2026-09-09T15:09:06Z	formula_lang_court.py	0	КОНВЕРСИЯ PASS: 0 ложных из 2583 судимых (214 файлов)
2026-09-09T15:09:10Z	percent_court.py	0	ПРОЦЕНТЫ PASS: 0 ложных из 560 судимых (214 файлов)
2026-09-09T15:09:12Z	average_court.py	0	СВОДКА PASS: 0 ложных из 1300 судимых (214 файлов)
2026-09-09T15:09:19Z	equation_court.py	0	УРАВНЕНИЕ PASS: 0 ложных из 3340 судимых (214 файлов)
2026-09-09T15:09:21Z	dataformat_court.py	0	ФОРМАТЫ PASS: 0 ложных из 640 судимых (214 файлов, обратимость дома цела)
2026-09-09T15:09:30Z	everyday_court.py	0	БЫТ PASS: 0 ложных из 4556 судимых (214 файлов)
2026-09-09T15:09:31Z	story_chain_court.py	0	ЦЕПОЧКА PASS: 0 ложных из 890 судимых (214 файлов)
2026-09-09T15:09:33Z	age_court.py	0	ВОЗРАСТ PASS: 0 ложных из 900 судимых (214 файлов)
2026-09-09T15:09:37Z	halves_court.py	0	ПОЛОВИНЫ PASS: 0 ложных из 1028 судимых (214 файлов)
2026-09-09T15:09:43Z	inquiry_de_fr_court.py	0	ДОЗНАНИЕ-DE-FR PASS: 0 ложных из 2108 судимых (214 файлов)
2026-09-09T15:09:44Z	ru_conversion_court.py	0	РУССКИЙ ПЕРЕВОД PASS: 0 ложных из 68 судимых (214 файлов)
2026-09-09T15:09:45Z	selfmeasure_court.py	0	РАССКАЗ О СЕБЕ PASS: 0 ложных из 59 судимых (214 файлов)
2026-09-09T15:09:46Z	ru_compare_court.py	0	РУССКОЕ СРАВНЕНИЕ PASS: 0 ложных из 150 судимых (214 файлов)
2026-09-09T15:09:46Z	ru_story_court.py	0	РУССКАЯ ЗАДАЧА PASS: 0 ложных из 658 судимых (214 файлов)
2026-09-09T15:09:51Z	inquiry_es_it_court.py	0	ДОЗНАНИЕ-ES-IT PASS: 0 ложных из 1480 судимых (214 файлов)
2026-09-09T15:09:56Z	share_court.py	0	ДОЛЯ PASS: 0 ложных из 2396 судимых (214 файлов)
2026-09-09T15:10:01Z	compare_mult_court.py	0	КРАТНОЕ PASS: 0 ложных из 2797 судимых (214 файлов)
2026-09-09T15:10:07Z	sequence_court.py	0	ПОСЛЕДОВАТЕЛЬНОСТИ PASS: 0 ложных из 2616 судимых (214 файлов)
2026-09-09T15:10:12Z	geometry_court.py	0	ГЕОМЕТРИЯ PASS: 0 ложных из 2438 судимых (214 файлов)
2026-09-09T15:10:17Z	linalg_court.py	0	ВЕКТОР PASS: 0 ложных из 3726 судимых (214 файлов)
2026-09-09T15:10:18Z	calendar_court.py	0	КАЛЕНДАРЬ PASS: 0 ложных из 902 судимых (214 файлов)
2026-09-09T15:10:22Z	speech_court.py	0	РЕЧЬ PASS: 0 ложных из 1960 судимых (214 файлов)
2026-09-09T15:10:28Z	rugram_court.py	0	РУССКОЕ СОГЛАСОВАНИЕ PASS: 0 ложных из 19049 судимых (214 файлов)
2026-09-09T15:10:32Z	physlaw_court.py	0	ЗАКОНЫ ФИЗИКИ PASS: 0 ложных из 830 судимых (214 файлов)
2026-09-09T15:10:36Z	compsci_court.py	0	ИНФОРМАТИКА PASS: 0 ложных из 1368 судимых (214 файлов)
2026-09-09T15:10:37Z	case_court.py	0	ПАДЕЖ PASS: 0 ложных из 1066 судимых (214 файлов)
2026-09-09T15:10:40Z	valence_court.py	0	ОЦЕНКА PASS: 0 ложных из 1256 судимых (214 файлов)
2026-09-09T15:10:42Z	shadow_court.py	0	ЗАТЕНЕНИЕ PASS: 0 имён определены дважды (604 файлов, рубеж 0)
2026-09-09T15:11:58Z	syllabus_court.py	0	ПОЛНОТА PASS: 0 предметов свода не покрыты из 62 (рубеж 0, 214 файлов)
2026-09-09T15:12:36Z	richness_court.py	0	БОГАТСТВО[показано] PASS: не показаны 0 форм из 20 и 0 стыков из 6 (рубеж 0, 214 файлов); КУПЛЕНО и ИСПОЛНЕНО мерятся на стороне организма
2026-09-09T15:13:04Z	langpack_court.py	0	ЯЗЫКИ PASS: 29 зелёных из 29, красных 0 (рубеж 6)
2026-09-09T15:13:06Z	langrule_court.py	0	ПРАВИЛО ЯЗЫКА PASS: 0 разладов формы с правилом из 1014 сверенных (19 пакетов с правилом из 29)
2026-09-09T15:30:56Z	claims_court.py	0	РОДЫ PASS: 0 строк прочтены НЕ ХОЗЯИНОМ рода из 47799 с видимым родом (рубеж 0, 214 файлов, родов объявлено 4)
2026-09-09T15:31:02Z	program_court.py	0	ПРОГРАММЫ PASS: 0 ложных из 1078 судимых (214 файлов)
2026-09-09T15:31:07Z	statistics_court.py	0	СТАТИСТИКА PASS: 0 ложных из 1196 судимых (214 файлов)
2026-09-09T15:31:12Z	proof_court.py	0	ДОКАЗАТЕЛЬСТВО PASS: 0 ложных из 663 судимых (214 файлов)
2026-09-09T15:31:15Z	machine_court.py	0	МАШИНА PASS: 0 ложных из 1846 судимых (214 файлов)
2026-09-09T15:31:30Z	episode_court.py	0	ЭПИЗОД PASS: 0 ложных из 10270 судимых (214 файлов), вне владения 11 слов: ['day', 'dollar', 'foot', 'kilometer', 'leaf']
2026-09-09T15:31:36Z	copula_court.py	0	СВЯЗКИ PASS: 0 ложных из 500 судимых (214 файлов), НЕЗНАКОМЫХ ПАР 40547: ["cause: philosophy is literally, the love of, including the search after, wisdom; in actual usage, the knowledge of phenomena as explained by, and resolved into, / and reasons, powers and laws: webster's unabridged dictionary, 1913", 'cause: электричество — это то, содержащееся в теле, что сообщает этому телу особые свойства, / в нем способность действовать механически на некоторые другие тела, притягивать или при известных условиях отталкивать их, а также вызывает в самом этом теле способность испытывать подобные же механические действия других тел: эсбе, статья «электричество»', 'contain: does the node body contain the node liquid? in the tree of kinds the node body / the node liquid']
2026-09-09T15:31:41Z	markup_court.py	0	РАЗМЕТКА PASS: 0 ложных из 3830 судимых (214 файлов)
2026-09-09T15:32:22Z	langlayer_court.py	0	ПЛАСТ PASS: 0 необъявленных слов (106737 строк, 29 пластов)
2026-09-09T15:32:24Z	langform_court.py	0	ФОРМА ПЛАСТА PASS: 0 ложных из 83433 судимых (106737 строк пласта, 29 пластов, дословных 940, рамок без опознавателя 3, рубеж 0)
2026-09-09T15:32:25Z	gsm_census.py	0	GSM-CENSUS PASS: 0 расхождений (72 выведено, 69 в слое, 3 удержано)
2026-09-09T15:36:00Z	reproducible.py	0	ВОСПРОИЗВОДИМОСТЬ PASS: 0 расхождений из 207 сличённых (без объявленной цели 0, рубеж 0)
2026-09-09T15:36:00Z	bash32_court.py	0	BASH32-COURT PASS: ни одного имени, съедаемого bash 3.2; скриптов проверено: 6
2026-09-09T15:36:03Z	empty_in_court.py	0	ПУСТОЕ ВХОЖДЕНИЕ PASS: срезов, сличаемых со строковым литералом, 0 (рубеж 0); файлов 616
2026-09-09T15:36:04Z	lawfirst_court.py	0	ЗАКОН ПЕРВЫМ PASS: докстрингов, сдвинутых с первого места, 0 (рубеж 0); файлов 616
2026-09-09T15:36:06Z	manifest_court.py	0	МАНИФЕСТ PASS: 0 разладов объявления с делом (427 миров, сборок 6, обязательств дела 235)
2026-09-09T16:18:48Z	prose_court.py	0	ПРОЗА PASS: 0 разладов объявления (рубеж 0) и 433 возражений судов (рубеж 433, чтение вне подсудности) — 207 миров, 1171830 строк, прочтено 14116 (1%), судов живых 169
2026-09-09T16:18:56Z	mutants.py	0	МУТАНТЫ PASS: 9 полей из 9 поймали свою подсадку, чужих задето 0
2026-09-09T16:18:57Z	lexicon_reach.py	0	ОХВАТ PASS: 366 из 366 объявленных слов прожиты >=2 раз (100% при рубеже 100%)
2026-09-09T16:19:01Z	inquiry_pt_nl_court.py	0	ДОЗНАНИЕ-PT-NL PASS: 0 ложных из 2108 судимых (214 файлов)
2026-09-09T16:19:04Z	inquiry_pl_tr_court.py	0	ДОЗНАНИЕ-PL-TR PASS: 0 ложных из 1537 судимых (214 файлов)
2026-09-09T16:19:09Z	metalang_court.py	0	МЕТАЯЗЫК PASS: 0 ложных из 1849 судимых (214 файлов)
2026-09-09T16:19:10Z	glyph_court.py	0	ГЛИФЫ PASS: 0 ложных, 1101 истинных, 0 несудимых
2026-09-09T16:19:10Z	space_court.py	0	ПРОСТРАНСТВО PASS: 0 ложных, 2301 истинных, 0 несудимых
2026-09-09T16:19:11Z	stenogram_court.py	0	СТЕНОГРАММЫ PASS: 0 ложных, 550 истинных, 0 несудимых
2026-09-09T16:19:11Z	mathspaces_court.py	0	ПРОСТРАНСТВА PASS: 0 ложных, 814 истинных, 0 несудимых
2026-09-09T16:19:11Z	gsmforms_court.py	0	ШКОЛЬНЫЕ ФОРМЫ PASS: 0 ложных, 2591 истинных, 0 несудимых
2026-09-09T16:19:23Z	definitions_court.py	0	ОПРЕДЕЛЕНИЯ PASS: 0 ложных, 2141 истинных, 0 несудимых
2026-09-09T16:19:23Z	pronoun_court.py	0	МЕСТОИМЕНИЯ PASS: 0 ложных из 480 судимых, несудимых 0
2026-09-09T16:19:23Z	money_court.py	0	ДЕНЬГИ PASS: 0 ложных из 450 судимых, несудимых 0
2026-09-09T16:19:25Z	holes_court.py	0	ДЫРЫ PASS: 0 ложных из 6640 судимых, несудимых 0
2026-09-09T16:19:25Z	money_langs_court.py	0	ДЕНЬГИ НА ЯЗЫКАХ PASS: 0 ложных из 1188 судимых, несудимых 0
2026-09-09T16:19:26Z	geometry_langs_court.py	0	ГЕОМЕТРИЯ НА ЯЗЫКАХ PASS: 0 ложных из 960 судимых, несудимых 0
2026-09-09T16:19:26Z	units_langs_court.py	0	ЕДИНИЦЫ НА ЯЗЫКАХ PASS: 0 ложных из 640 судимых, несудимых 0
2026-09-09T16:19:27Z	stats_langs_court.py	0	СВОДКА НА ЯЗЫКАХ PASS: 0 ложных из 480 судимых, несудимых 0
2026-09-09T16:19:27Z	calendar_langs_court.py	0	НЕДЕЛЯ НА ЯЗЫКАХ PASS: 0 ложных из 1120 судимых, несудимых 0
2026-09-09T16:19:28Z	sequences_langs_court.py	0	ПРОГРЕССИИ НА ЯЗЫКАХ PASS: 0 ложных из 320 судимых, несудимых 0
2026-09-09T16:19:28Z	compare_langs_court.py	0	СРАВНЕНИЕ НА ЯЗЫКАХ PASS: 0 ложных из 480 судимых, несудимых 0
2026-09-09T16:19:29Z	share_langs_court.py	0	ДОЛИ НА ЯЗЫКАХ PASS: 0 ложных из 560 судимых, несудимых 0
2026-09-09T16:19:30Z	physics_langs_court.py	0	ФИЗИКА НА ЯЗЫКАХ PASS: 0 ложных из 480 судимых, несудимых 0
2026-09-09T16:19:40Z	relation_court.py	0	СТРОЕНИЕ PASS: 0 ложных из 2092 судимых (214 файлов, структуры обходимы)
2026-09-09T16:29:42Z	court_mutants.py	0	МУТАНТЫ СУДОВ PASS: 148 поймали, 1 онемели, 0 не поймали (рубеж 1), 4 со свободным числом, 15 без числовой истинной строки, 0 без истинной строки вовсе (судов 168)
2026-09-09T16:29:58Z	panel_court.py	0	СОСТАВ PASS: 0 расхождений (рубеж 0) — палата: судов живых 169, незаявленных 0, призраков 0; набор: приборов 119, вне набора 0, призраков 0
2026-09-09T16:30:11Z	concept_reach.py	0	ОХВАТ ПОНЯТИЯ PASS: 3841 из 22032 предметов показаны (17%); не показано из НАШИХ сводов 4975 (рубеж 6556), из полки 13216 — 207 корпусов прозы, отсеяно рубрик 670, слов в показах 17027
2026-09-09T16:36:02Z	ask_reach.py	0	ВОПРОСНАЯ ПОВЕРХНОСТЬ ОТЧЁТ: 214 из 214 миров спрашивают, только сообщают 0; вопросных строк 255992 из 402135 (63%); миров с непроверяемым вопросом 0
2026-09-09T16:36:04Z	band_reach.py	0	МИР × ПОЛОСА ОТЧЁТ: строк реестра 46, исполнимых опознаний 29, расхождений записи 3, родов без мира 14; миров показов 214, из них без полосы 203; полос в реестре 5
2026-09-09T16:36:05Z	biblio_reach.py	0	БИБЛИОТЕКА PASS: названо 1684 источников (12 трудов по заглавию, 1672 по автору с годом), НЕТ НА ПОЛКЕ 1549 — из них свободно по праву 320, защищено 1223; корпусов прозы 7
2026-09-09T16:36:09Z	ruverbs_court.py	0	РУССКИЕ ГЛАГОЛЫ PASS: 0 ложных из 881 судимых (427 файлов, рубеж 0)
2026-09-09T16:36:21Z	script_court.py	0	ПИСЬМО PASS: 0 смешанных слов в 402135 строках показов (214 файлов, рубеж 0)
2026-09-09T16:39:32Z	word_mutants.py	1	ПОДСАДКА СЛОВОМ FAIL: проб 4817 — ПОЙМАН 4545 (94%), ОНЕМЕЛ 184 (3%), НЕ ПОЙМАН 88 (1%); строк без слова 13889; миров с дырой 26
2026-09-09T16:43:28Z	verdict_cover.py	0	ПОКРЫТИЕ ВЕРДИКТА PASS: строк 427, слов 3133 — ЧИТАНО 2726 (87%), НЕМО 124 (3%), СЛЕПО 283 (9%, рубеж 343); судов со слепыми словами 36 из 168
2026-09-09T16:49:43Z	sentence_cover.py	0	ПОКРЫТИЕ ПРЕДЛОЖЕНИЯМИ PASS: строк о двух и более предложениях 429 — покрыты предложениями 392 (91%), покрыты вопросной половиной пары 33 (7%), покрыты ОБЪЯВЛЕННЫМ ПРЕДМЕТОМ 4 (0%), НЕ ПОКРЫТО НИЧЕМ 0 (0%, рубеж 0) в 0 мирах; форм предмета объявлено 65, из них без дела 0
2026-09-09T16:50:16Z	bench_leak.py	0	ТЕЧЬ ПОЛОСЫ PASS: тактов 726, вопрос такта стои́т в своде 0 (рубеж 0); та же формулировка с ИНЫМИ числами 8, совпадений СКЕЛЕТА 0 — считано, но не судимо; полоса t7_svamp_s1.jsonl (244288 байт), свод GENESIS-FULL.txt (35175225 байт)
2026-09-09T17:02:49Z	shelf_court.py	0	ПОЛКА PASS: 0 разладов объявления с делом (рубеж 0), никем не читаемых 174 миров, недоговорено 5 — оба числа считаны, но не судимы — 200 миров полки, судов живых 169
2026-09-09T17:19:14Z	ask_width.py	0	ШИРОТА ВОПРОСА PASS: 8801 из 9662 родов суда имеют вопросную поверхность (91%); БЕЗ ВОПРОСА 861 (рубеж 861) — от судов 861, от манифеста 0; роды объявлены судами (86 из 172, образцов 10370, вопросных слов от пакетов 261); от манифеста 0 актов в 0 мирах — с вопросом 0, без 0, не разрешено 0; строк без рода 36991 из 402135
2026-09-09T17:19:29Z	notationvar_court.py	0	НАЧЕРТАНИЕ PASS: 0 ложных из 24031 судимых (427 файлов, рубеж 0)
2026-09-09T17:23:35Z	prosetree_court.py	0	ДЕРЕВО ПРОЗЫ PASS: 45 ложных из 11339 судимых (207 файлов)
2026-09-09T17:23:36Z	longdiv_court.py	0	УГОЛ PASS: 0 ложных из 1322 судимых (214 файлов)
2026-09-09T17:27:16Z	form_census.py	0	ПЕРЕПИСЬ ФОРМ ОТЧЁТ: строк 402135, рамок 109884 (масса ≥ 9: 11404), родов 60029 (масса ≥ 9: 12468); минимальный корпус при массе 9: 295463 строк по рамкам (73 %), 215024 по родам (53 %); насыщение: последняя доля даёт 0 новых рамок и 0 новых РОДОВ на тысячу строк
2026-09-09T17:27:17Z	verbthings_court.py	0	ГЛАГОЛ–ВЕЩЬ PASS: 0 чужих пар глагол–вещь в 402135 строках показов (214 файлов, рубеж 0)
2026-09-09T19:15:13Z	coverage.py	0	СУДИМОСТЬ PASS: 402135 из 402135 строк судимы (100% при рубеже 100%, судов живых 169), слепых 0, зачтено словарём пакета 0 (0% свода, долг 0)
2026-09-09T19:15:13Z	behavior_court.py	0	ПОВЕДЕНЧЕСКИЕ ЗАКОНЫ PASS: 0 ложных из 1608 судимых, несудимых 0
2026-09-09T19:15:13Z	topics_court.py	0	БЫТОВЫЕ ТЕМЫ PASS: 0 ложных из 1104 судимых, несудимых 0
2026-09-09T19:15:14Z	nature_court.py	0	ПРИРОДА PASS: 0 ложных из 868 судимых, несудимых 0
2026-09-09T19:15:14Z	links_court.py	0	СВЯЗКИ РАЗГОВОРА PASS: 0 ложных из 17566 судимых, несудимых 0
2026-09-09T19:15:15Z	scale_court.py	0	ШКАЛА PASS: 0 ложных из 747 судимых, несудимых 0
2026-09-09T19:15:15Z	opposites_court.py	0	ПРОТИВОПОЛОЖНОСТИ PASS: 0 ложных из 648 судимых, несудимых 0
2026-09-09T19:15:15Z	roles_court.py	0	РОЛЕВЫЕ ВОПРОСЫ PASS: 0 ложных из 144 судимых, несудимых 0
2026-09-09T19:15:16Z	joints_court.py	0	СОЧЛЕНЕНИЯ PASS: 0 ложных из 2700 судимых, несудимых 0
2026-09-09T19:15:16Z	dialogue_court.py	0	РЕЧЕВОЙ ОБИХОД PASS: 0 ложных из 2052 судимых, несудимых 0
2026-09-09T19:15:17Z	worldfacts_court.py	0	ФАКТЫ МИРА PASS: 0 ложных из 2779 судимых, несудимых 0, двойников чужих миров 0
2026-09-09T19:15:17Z	infer_court.py	0	СТРОГИЙ ВЫВОД PASS: 0 ложных из 1080 судимых, несудимых 0; подсадок поймано 5 из 5
2026-09-09T19:15:19Z	circle_probe.py	0	КРУГ PASS: 0 кругов из 3770 причинных ответов (219624 вопросных строк всего); отказов 1724, из них БЕЗ ОСНОВАНИЯ 0; отрицаний 14566, из них БЕЗ ОСНОВАНИЯ 0; подсадок поймано 2 из 2, ложных тревог 0
2026-09-09T19:15:19Z	agree_probe.py	0	СОГЛАСИЕ ДОМОВ PASS: 0 споров из 12 предметов, о которых говорит больше одного дома (всего предметов 708, домов сличено 3); подсадка сходится; разный уровень ОДНОЙ лестницы (согласие) 6
2026-09-09T19:15:20Z	shelf_declare.py	0	ПОЛКА БЕЗ ОБЪЯВЛЕНИЯ PASS: 0 книг лежали на диске без записи (в договоре 21, в манифесте 427 миров)
2026-09-09T19:18:16Z	house_reach.py	0	  истина fracforms признаёт numberline: 10
2026-09-09T19:18:17Z	head_census.py	0	ПЕРЕПИСЬ ГОЛОВ: голов 2593 на 218046 вопросных строк (по 2 слова); ОДИНОЧЕК 382 (14 %), они несут 382 строк — столько же, сколько голов
2026-09-09T19:18:19Z	form_matrix.py	0	ЩЕРБАТОСТЬ ДОМОВ: 1 щербатых форм из 157 (0 %), домов 23
2026-09-09T19:18:19Z	disj_court.py	0	ИСКЛЮЧЕНИЕ PASS: 0 ложных из 216 судимых, несудимых 0; подсадок поймано 3 из 3
2026-09-09T19:18:19Z	indu_court.py	0	ПОСПЕШНОСТЬ PASS: 0 ложных из 102 судимых, несудимых 0; подсадок поймано 13 из 13
2026-09-09T19:18:19Z	houseshows_court.py	0	ПОКАЗ ДОМА PASS: домов 6, показов собрано 12742; строк своих 8479, ВНЕ ДОМА 0 (рубеж 0)
2026-09-09T19:18:21Z	article_court.py	0	АРТИКЛЬ PASS: 0 ложных из 1366 судимых (рубеж 0); имён объявлено 50
2026-09-09T19:18:23Z	rowframe_court.py	0	РАМКА РЯДА PASS: 0 ложных из 19674 судимых рядов (рубеж 0)
2026-09-09T19:18:26Z	opchoice_court.py	0	ВЫБОР ДЕЙСТВИЯ PASS: 0 ложных из 432 судимых (рубеж 0); оборотов объявлено 12
2026-09-09T19:18:27Z	analog_court.py	0	ПОДОБИЕ PASS: 0 ложных из 144 судимых, несудимых 0; подсадок поймано 3 из 3
2026-09-09T19:18:27Z	reply_court.py	0	ОТКЛИК PASS: 0 ложных из 54 судимых, несудимых 0; подсадок поймано 3 из 3
2026-09-09T19:19:58Z	register_pairs.py	0	ПАРА РЕГИСТРА PASS: пар 5298, одной дырой 4749 (89 %), дыр больше 549, ПОРОКОВ 0 (рубеж 0), без пары 0
2026-09-09T19:20:05Z	register_purity.py	0	ЧИСТОТА РЕГИСТРА: неформальных показов 21678, говорящих вежливо 0 (0 %), из них имеющих и вежливую пару 0; мест 0
2026-09-09T19:20:12Z	prefix_traps.py	0	ЛОВУШКА НАЧАЛА PASS: домов с судом по началу строки 0 (рубеж 0), проб 2320, пойманных удвоений 0
2026-09-09T19:20:20Z	sign_traps.py	0	ЛОВУШКА ЗНАКА PASS: домов, немеющих на подмене СВОЕГО знака, 0 (рубеж 0); проб 1271, поймано 1271, немых проб 0; палата ловит их все (замер 144 из 144)
2026-09-09T19:20:22Z	strat_slice.py	0	СТРАТИФИЦИРОВАННЫЙ СРЕЗ PASS: миров 214 из 214 (без страниц 0, рубеж 0), строк 215108, байт 19792496, подпись 523c9c075b07c30e; потолок 1500 строк с мира, урезано миров 89; datasets/GENESIS-STRAT.txt
2026-09-09T19:22:14Z	house_rejects.py	0	ОТВЕРГНУТО ПО ИМЕНИ PASS: домов, чью объявленную порчу не увидел никто, 0 (рубеж 0); домов 214, проб 2301, отвергнуто 2269
2026-09-09T19:22:15Z	root_passport.py	0	ПАСПОРТ КОРНЕЙ PASS: корней 5, разладов объявления с делом 0 (рубеж 0)
2026-09-09T19:22:16Z	pack_singular_risk.py	0	ВОЛОСОК ЕДИНСТВЕННОГО PASS: пакетов на жребии 0 (рубеж 0); прямо называют 29, счёта в показах нет у 0; пакетов всего 29
2026-09-09T19:22:17Z	cell_shown.py	0	ЯЧЕЙКА БЕЗ ПОКАЗА PASS: обещано 706, показано 694 (98 %), без показа 12 (рубеж 32)
2026-09-09T19:22:22Z	idle_word.py	0	ПРАЗДНОЕ СЛОВО PASS: форм объявлено 3830, праздных 0 (рубеж 0); пакетов 29, свод GENESIS-FULL.txt (30145819 знаков)
2026-09-09T19:22:23Z	form_unshown.py	0	ФОРМА БЕЗ ПОКАЗА PASS: объявлено 3576, показано 3576 (100 %), без показа 0 (рубеж 0); пакетов 29
2026-09-09T19:22:25Z	one_singular.py	0	ЕДИНСТВЕННОЕ ПРИ ЕДИНИЦЕ PASS: обещано 159 имён, единица показана 159 (100 %), БЕЗ ЕДИНИЦЫ 0 (рубеж 0); лжи письма 0 (рубеж 0); пар в пакете 163
2026-09-09T19:22:26Z	template_word.py	1	СЛОВО ШАБЛОНА БЕЗ ОБЪЯВЛЕНИЯ FAIL: разных слов 1 (рубеж 0) в 1 пакетах из 26 считанных; слов в шаблонах 1549
2026-09-09T19:22:27Z	signless_census.py	0	ПЕРЕПИСЬ БЕЗЗНАКОВЫХ: строк осмотрено 5800 из 29 пластов; БЕЗ ЗНАКА НИ ОДНОГО ЯЗЫКА 818 (14 %); знак дало бы единоличное слово 49 (6 %); слов в указателе 6889, единоличных 6089
2026-09-09T19:23:21Z	operator_share.py	0	ДОЛЯ ОПЕРАТОРА PASS: слов действия 36; НИЖЕ 5 % — 3 (рубеж 3): más (es) 3.8 %, mais (pt) 4.5 %, più (it) 4.5 %; самое низкое más (es) 3.8 %, самое высокое vermenigvuldigd met (nl) 100.0 %
2026-09-09T19:23:26Z	key_support.py	0	КЛЮЧ БЕЗ ОПОРЫ PASS: вопросов 3622, родов 633; РОДОВ НИЖЕ LAW³=8 страниц — 6 (рубеж 6), и они держат 9 вопросов ключа (0.2 %)
2026-09-09T19:23:27Z	half_law.py	1	ПОЛОВИНЧАТЫЙ ЗАКОН FAIL: домов с литеральным множественным 3; БЕЗЗАКОННЫХ 1 (рубеж 0, мест 1); половинчатых 2 (МЕСТ 3, рубеж 3)
2026-09-09T19:23:35Z	unknown_name.py	0	НЕВЕДОМОЕ ИМЯ PASS: английских строк 115502, слов при числе 614; НЕВЕДОМЫХ ИМЁН 0 (рубеж 0); отсеяно обратным знаком 5, оспорено чужой клеткой 3; объявлено пакетом 163 имён
2026-09-09T19:26:49Z	stale_world.py	0	МИР БЕЗ ПРЕДЪЯВЛЕНИЯ PASS: миров 212, проб 8480; РАЗОШЕДШИХСЯ С ПАЛАТОЙ 0 (рубеж 0); ложных строк 0, немых 6
2026-09-09T19:28:00Z	agree_traps.py	0	ЛОВУШКА СОГЛАСОВАНИЯ PASS: миров 214, проб 571, поймано 571; МИРОВ, ГДЕ ПОРЧА НЕ ПОЙМАНА, 0 (рубеж 0); миров под ОБЩИМ ЗАКОНОМ ЯЗЫКА 77 — разделение труда, а не долг
2026-09-09T19:28:01Z	wrong_sign.py	0	ЗНАК НЕ ТОТ PASS: строк осмотрено 5800 из 29 пластов; ЗНАК НАЗВАЛ ЧУЖОЙ ЯЗЫК 0 (0.0 %, рубеж 0); свой 4904, молчит 896 (их считает перепись беззнаковых)
2026-09-09T19:28:02Z	debt_mark.py	0	МЕТКА ДОЛГА PASS: разладов 0 (рубеж 0), скрытых 0 (рубеж 0); долг по меткам 12401, по законам 12401
2026-09-09T19:29:03Z	copula_band.py	0	СВЯЗКА ПО ПОЛОСЕ PASS: страниц со связкой не по полосе 0 (рубеж 0); оборотов бытия не по числу 0 (рубеж 0); домов, немеющих на подмене связки, 0 (рубеж 0); проб 188, поймано 188
2026-09-09T19:29:20Z	past_gender.py	1	РОД ПРОШЕДШЕГО FAIL: не по роду 0 (рубеж 0); несуществующих форм 0 (рубеж 0); домов, слепых на подмене рода, 1 (рубеж 0); проб 242, поймано 202, немых 0, пропущено 40
2026-09-09T19:29:31Z	word_once.py	0	СЛОВО ОДНАЖДЫ PASS: слов, показанных РОВНО РАЗ, 448 (рубеж 448); миров с такими словами 19 из 211
2026-09-09T19:29:44Z	article_sound.py	0	АРТИКЛЬ ПО ЗВУКУ PASS: строк не по звуку 0 (рубеж 0); палата пропустила 0 из 40 (рубеж 0), поймала 40
2026-09-09T19:29:48Z	elision.py	0	ЭЛИЗИЯ PASS: строк без элизии 39 (рубеж 39); миров с долгом 6; пар объявлено 11
2026-09-09T19:29:49Z	threshold_census.py	0	ПЕРЕПИСЬ ПОРОГОВ: именованных 51 (объявлено 36, храповиков 14, ВКУС 1); встроенных сравнений от трёх 132 (печать 166, без основания рядом 110 — ВЕРХНЯЯ ОЦЕНКА: строй и порог здесь не разделены); папки scripts courts
2026-09-09T19:29:50Z	denominator_census.py	0	ЧИСЛО БЕЗ ЗНАМЕНАТЕЛЯ PASS: приборов в леджере 218, строк без объёма 1, из них НУЛЕЙ без объёма 0 (рубеж 0)
2026-09-09T19:29:50Z	repeat_census.py	0	ПЕРЕПИСЬ ПОВТОРОВ: миров 214, строк 402135, уникальных 286724, копий 115411 (28 %), из них сверх LAW=2: 75913 (18 %); миров с копиями > 10 %: 88
2026-09-09T19:29:58Z	definitions_reach.py	0	СЛЕД РАЗБОРА ОПРЕДЕЛЕНИЙ: понятий 829, без определения 222, из них полка не знает 68, разбор остановился на названных воротах 154, причина не названа 0 (рубеж 0)
2026-09-09T19:30:00Z	copies_census.py	0	ПЕРЕПИСЬ КОПИЙ PASS: миров через слой 176, сверх LAW=2 0 (рубеж 0); строк 284184, различных 257179, копий 27005, многострочных 5; вне слоя миров 2 (копий 119121) — не судятся; сайдкар datasets/COPIES.tsv
2026-09-09T19:30:00Z	sweep_self.py	1	СВОД СПРАШИВАЕТ СЕБЯ FAIL [FULL-19c8ae8d · читатель 0a84da47 · 400 · seed 5]: сертифицировано 114 из 400, верных 100, ЛЖЕЙ 8 (рубеж 0), немых 286, вне значения (why) 6
2026-09-09T20:45:23Z	court_reach.py	0	ДОСЯГАЕМОСТЬ СУДА PASS (вся палата; судов 169): миров 214, строк 402135, ЛЖЕЙ 0 (рубеж 0), слепых 0 (рубеж 0)
2026-09-09T20:45:27Z	holdout_key.py	0	КЛЮЧ СЛЕДУЮЩЕЙ ТОЧКИ PASS: вопросов 3622 (рубеж 1500), прожитых 0 (рубеж 0); по языкам de 396 en 408 es 404 fr 402 it 402 nl 402 pl 402 pt 402 ru 404; по глубине [0] 1154 [1] 1970 [2+] 498; домов 31; ключ datasets/HOLDOUT-KEY-NEXT.tsv
2026-09-09T20:45:28Z	holdforms_court.py	0	ДЕРЖАНИЯ БЕЗ ГЛАГОЛА PASS: 0 ложных из 6054 судимых, несудимых 0; подсадок поймано 12 из 12
2026-09-09T20:45:29Z	cmpframes_court.py	0	РАМКИ СРАВНЕНИЯ PASS: 0 ложных из 6480 судимых, несудимых 0; подсадок поймано 11 из 11
2026-09-09T20:45:30Z	sceneforms_court.py	0	СЦЕНА PASS: 0 ложных из 3818 судимых, несудимых 0; подсадок поймано 8 из 8
2026-09-09T20:45:31Z	toolforms_court.py	0	ИНСТРУМЕНТ PASS: 0 ложных из 2907 судимых, несудимых 0; подсадок поймано 8 из 8
2026-09-09T20:45:32Z	verifyforms_court.py	0	ВЕРИФИКАЦИЯ PASS: 0 ложных из 3285 судимых, несудимых 0; подсадок поймано 7 из 7
2026-09-09T20:45:33Z	planforms_court.py	0	ПЛАН PASS: 0 ложных из 2520 судимых, несудимых 0; подсадок поймано 9 из 9
2026-09-09T20:45:34Z	episodeforms_court.py	0	ЭПИЗОД PASS: 0 ложных из 5229 судимых, несудимых 0; подсадок поймано 8 из 8
2026-09-09T20:45:36Z	summaryforms_court.py	0	СВОДКА PASS: 0 ложных из 6102 судимых, несудимых 0; подсадок поймано 8 из 8
2026-09-09T20:45:37Z	opforms_court.py	0	ОПЕРАЦИЯ PASS: 0 ложных из 3780 судимых, несудимых 0; подсадок поймано 8 из 8
2026-09-09T20:45:37Z	readnum_court.py	0	ЧИСЛО PASS: 0 ложных из 3240 судимых, несудимых 0; подсадок поймано 8 из 8
2026-09-09T20:45:38Z	mandateforms_court.py	0	МАНДАТ PASS: 0 ложных из 2268 судимых, несудимых 0; подсадок поймано 8 из 8
2026-09-09T20:45:39Z	personforms_court.py	0	ЛИЧНОСТЬ PASS: 0 ложных из 3240 судимых, несудимых 0; подсадок поймано 8 из 8
2026-09-09T20:45:41Z	selfmodelforms_court.py	0	САМОМОДЕЛЬ PASS: 0 ложных из 2097 судимых, несудимых 0; подсадок поймано 8 из 8
2026-09-09T20:45:42Z	signedworld_court.py	0	ЗНАК PASS: 0 ложных из 1296 судимых, несудимых 0; подсадок поймано 8 из 8
2026-09-09T20:45:42Z	beforetails_court.py	0	ХВОСТ PASS: 0 ложных из 3600 судимых, несудимых 0; подсадок поймано 8 из 8
2026-09-09T20:45:42Z	discountroad_court.py	0	СКИДКА PASS: 0 ложных из 2808 судимых, несудимых 0; подсадок поймано 8 из 8
2026-09-09T20:45:44Z	nomention_court.py	0	НЕНАЗВАННОЕ PASS: 0 ложных из 2160 судимых, несудимых 0; подсадок поймано 8 из 8
2026-09-09T20:45:45Z	clockforms_court.py	0	ЧАСЫ PASS: 0 ложных из 1053 судимых, несудимых 0; подсадок поймано 8 из 8
2026-09-09T20:45:46Z	mixedunits_court.py	0	МЕРА PASS: 0 ложных из 882 судимых, несудимых 0; подсадок поймано 8 из 8
2026-09-09T20:45:47Z	dateforms_court.py	0	ДАТА PASS: 0 ложных из 480 судимых, несудимых 0; подсадок поймано 8 из 8
2026-09-09T20:45:47Z	clockwords_court.py	0	ЧАСЫ СЛОВОМ PASS: 0 ложных из 378 судимых, несудимых 0; подсадок поймано 8 из 8
2026-09-09T20:45:48Z	speedforms_court.py	0	СКОРОСТЬ PASS: 0 ложных из 432 судимых, несудимых 0; подсадок поймано 8 из 8
2026-09-09T20:45:48Z	roundforms_court.py	0	ОКРУГЛЕНИЕ PASS: 0 ложных из 432 судимых, несудимых 0; подсадок поймано 8 из 8
2026-09-09T20:45:48Z	orderforms_court.py	0	ПОРЯДОК PASS: 0 ложных из 792 судимых, несудимых 0; подсадок поймано 8 из 8
2026-09-09T20:45:48Z	quantforms_court.py	0	КВАНТОР PASS: 0 ложных из 648 судимых, несудимых 0; подсадок поймано 8 из 8
2026-09-09T20:45:48Z	roman_court.py	0	РИМСКОЕ PASS: 0 ложных из 387 судимых, несудимых 0; подсадок поймано 8 из 8
2026-09-09T20:45:49Z	place_court.py	0	МЕСТО PASS: 0 ложных из 1296 судимых, несудимых 0; подсадок поймано 8 из 8
2026-09-09T20:45:50Z	unitfrac_court.py	0	ДРОБЬ ЕДИНИЦЫ PASS: 0 ложных из 198 судимых, несудимых 0; подсадок поймано 8 из 8
2026-09-09T20:45:50Z	enough_court.py	0	ХВАТИТ PASS: 0 ложных из 324 судимых, несудимых 0; подсадок поймано 8 из 8
2026-09-09T20:45:51Z	numphrase_court.py	0	ФРАЗА ЧИСЛА PASS: 0 ложных из 225 судимых, несудимых 0; подсадок поймано 9 из 9, свободного числа нет (1 язык двигает глагол из 9)
2026-09-09T20:45:51Z	kinbearer_court.py	0	РОДСТВЕННИК PASS: 0 ложных из 486 судимых, несудимых 0; подсадок поймано 9 из 9, носитель не свободен (9 языков × 4 чужих слова)
2026-09-09T20:45:51Z	pronobject_court.py	0	МЕСТОИМЕНИЕ-ОБЪЕКТ PASS: 0 ложных из 864 судимых, несудимых 0; подсадок поймано 9 из 9, род местоимения различают 6 языка из 9
2026-09-09T20:45:51Z	proform_court.py	0	ПРО-ФОРМА PASS: 0 ложных из 288 судимых, несудимых 0; подсадок поймано 9 из 9, род при опущенном имени метят 4 языка из 9
2026-09-09T20:45:52Z	degrees_court.py	0	СТЕПЕНИ PASS: 0 ложных из 270 судимых, несудимых 0; подсадок поймано 8 из 8
2026-09-09T20:45:53Z	actturn_court.py	0	АКТ PASS: 0 ложных из 414 судимых, несудимых 0; подсадок поймано 8 из 8
2026-09-09T20:45:54Z	tempscale_court.py	0	ШКАЛА PASS: 0 ложных из 198 судимых, несудимых 0; подсадок поймано 8 из 8
2026-09-09T20:45:54Z	action_measure_court.py	0	МЕРА ДЕЙСТВИЯ PASS: 0 ложных из 234 судимых, несудимых 0; подсадок поймано 6 из 6
2026-09-09T20:45:54Z	numberline_court.py	0	ЧИСЛОВОЙ РЯД PASS: 0 ложных из 5292 судимых, несудимых 0; подсадок поймано 6 из 6
2026-09-09T20:45:54Z	countfacts_court.py	0	СЧЁТНЫЕ ФАКТЫ PASS: 0 ложных из 243 судимых, несудимых 0; подсадок поймано 6 из 6
2026-09-09T20:45:54Z	letters_court.py	0	БУКВЫ PASS: 0 ложных из 360 судимых, несудимых 0; подсадок поймано 5 из 5
2026-09-09T20:46:49Z	langcount_court.py	0	СЧЁТ НА ДЕВЯТИ ЯЗЫКАХ PASS: 0 ложных из 120062 судимых (рубеж 0)
2026-09-09T20:46:49Z	propcompare_court.py	0	СРАВНЕНИЕ СВОЙСТВ PASS: 0 ложных из 200 судимых, несудимых 0; подсадок поймано 4 из 4
2026-09-09T20:46:49Z	price_court.py	0	ЦЕНА PASS: 0 ложных из 378 судимых, несудимых 0; подсадок поймано 4 из 4
2026-09-09T20:46:50Z	translate_court.py	0	ПЕРЕВОД PASS: 0 ложных из 792 судимых, несудимых 0; подсадок поймано 4 из 4
2026-09-09T20:46:50Z	timeunits_court.py	0	ЕДИНИЦЫ ВРЕМЕНИ PASS: 0 ложных из 420 судимых, несудимых 0; подсадок поймано 3 из 3
2026-09-09T20:46:50Z	svamp_court.py	0	ФОРМЫ SVAMP PASS: 0 ложных из 6794 судимых, несудимых 0; подсадок поймано 10 из 10
2026-09-09T20:46:51Z	measure_langs_court.py	0	МЕРА ДЕЙСТВИЯ НА ЯЗЫКАХ PASS: 0 ложных из 462 судимых, несудимых 0; подсадок поймано 4 из 4
2026-09-09T21:23:35Z	arith_court.py	0	АРИФМЕТИКА PASS: 0 ложных равенств из 148691 судимых (214 файлов, неразобрано 128492)
2026-09-09T21:23:39Z	algo_court.py	0	АЛГОРИТМЫ PASS: 0 ложных утверждений из 2990 судимых (214 файлов)
2026-09-09T21:24:15Z	formula_court.py	2	
2026-09-09T21:24:17Z	logic_court.py	2	
2026-09-09T21:24:18Z	physics_court.py	2	
2026-09-09T21:24:22Z	cyber_court.py	2	
2026-09-09T21:24:28Z	agreement_court.py	2	
2026-09-09T21:24:31Z	notation_court.py	2	
2026-09-09T21:24:33Z	unit_court.py	2	
2026-09-09T21:24:34Z	number_court.py	2	
2026-09-09T21:24:38Z	inquiry_court.py	2	
2026-09-09T21:24:39Z	surfaces_court.py	2	
2026-09-09T21:24:40Z	markdown_court.py	2	
2026-09-09T21:24:41Z	doctree_court.py	2	
2026-09-09T21:24:43Z	rates_court.py	2	
2026-09-09T21:24:46Z	formula_lang_court.py	2	
2026-09-09T21:24:49Z	percent_court.py	2	
2026-09-09T21:34:05Z	arith_court.py	0	АРИФМЕТИКА PASS: 0 ложных равенств из 148773 судимых (214 файлов, неразобрано 128536)
2026-09-09T21:34:08Z	algo_court.py	0	АЛГОРИТМЫ PASS: 0 ложных утверждений из 2990 судимых (214 файлов)
2026-09-09T21:36:01Z	formula_court.py	0	ФОРМУЛЫ PASS: 0 ложных записей из 2919 судимых (214 файлов)
2026-09-09T21:36:06Z	logic_court.py	0	ЛОГИКА PASS: 0 ложных утверждений из 734 судимых (214 файлов)
2026-09-09T21:36:07Z	physics_court.py	0	ФИЗИКА PASS: 0 ложных утверждений из 1436 судимых (214 файлов)
2026-09-09T21:36:11Z	cyber_court.py	0	КИБЕРНЕТИКА PASS: 0 ложных утверждений из 1288 судимых (214 файлов)
2026-09-09T21:36:15Z	agreement_court.py	0	СОГЛАСОВАНИЕ PASS: 0 рассогласований при рубеже 0 (5083 верных, 214 файлов, закон 2)
2026-09-09T21:36:18Z	notation_court.py	0	ЗАПИСЬ PASS: 0 ложных записей из 1270 судимых (214 файлов)
2026-09-09T21:36:20Z	unit_court.py	0	ЕДИНИЦЫ PASS: 0 ложных переводов из 686 судимых (214 файлов)
2026-09-09T21:36:21Z	number_court.py	0	ЧИСЛА PASS: 0 ложных из 4220 судимых (214 файлов)
2026-09-09T21:36:24Z	inquiry_court.py	0	ДОЗНАНИЕ PASS: 0 ложных из 3915 судимых (214 файлов)
2026-09-09T21:36:25Z	surfaces_court.py	0	ПОВЕРХНОСТИ PASS: 0 ложных из 2200 судимых (214 файлов)
2026-09-09T21:36:26Z	markdown_court.py	0	РАЗМЕТКА-ПОЛНАЯ PASS: 0 ложных из 3848 судимых (214 файлов, обратимость дома цела)
2026-09-09T21:36:26Z	doctree_court.py	0	СТРУКТУРА PASS: 0 ложных из 516 судимых (214 файлов, дерево обратимо)
2026-09-09T21:36:29Z	rates_court.py	0	СТАВКИ PASS: 0 ложных из 758 судимых (214 файлов)
2026-09-09T21:36:31Z	formula_lang_court.py	0	КОНВЕРСИЯ PASS: 0 ложных из 2583 судимых (214 файлов)
2026-09-09T21:36:33Z	percent_court.py	0	ПРОЦЕНТЫ PASS: 0 ложных из 560 судимых (214 файлов)
2026-09-09T21:36:33Z	average_court.py	0	СВОДКА PASS: 0 ложных из 1300 судимых (214 файлов)
2026-09-09T21:36:37Z	equation_court.py	0	УРАВНЕНИЕ PASS: 0 ложных из 3340 судимых (214 файлов)
2026-09-09T21:36:38Z	dataformat_court.py	0	ФОРМАТЫ PASS: 0 ложных из 640 судимых (214 файлов, обратимость дома цела)
2026-09-09T21:36:43Z	everyday_court.py	0	БЫТ PASS: 0 ложных из 4556 судимых (214 файлов)
2026-09-09T21:36:43Z	story_chain_court.py	0	ЦЕПОЧКА PASS: 0 ложных из 890 судимых (214 файлов)
2026-09-09T21:36:44Z	age_court.py	0	ВОЗРАСТ PASS: 0 ложных из 900 судимых (214 файлов)
2026-09-09T21:36:46Z	halves_court.py	0	ПОЛОВИНЫ PASS: 0 ложных из 1028 судимых (214 файлов)
2026-09-09T21:36:48Z	inquiry_de_fr_court.py	0	ДОЗНАНИЕ-DE-FR PASS: 0 ложных из 2108 судимых (214 файлов)
2026-09-09T21:36:49Z	ru_conversion_court.py	0	РУССКИЙ ПЕРЕВОД PASS: 0 ложных из 68 судимых (214 файлов)
2026-09-09T21:36:49Z	selfmeasure_court.py	0	РАССКАЗ О СЕБЕ PASS: 0 ложных из 59 судимых (214 файлов)
2026-09-09T21:36:50Z	ru_compare_court.py	0	РУССКОЕ СРАВНЕНИЕ PASS: 0 ложных из 150 судимых (214 файлов)
2026-09-09T21:36:50Z	ru_story_court.py	0	РУССКАЯ ЗАДАЧА PASS: 0 ложных из 658 судимых (214 файлов)
2026-09-09T21:36:52Z	inquiry_es_it_court.py	0	ДОЗНАНИЕ-ES-IT PASS: 0 ложных из 1480 судимых (214 файлов)
2026-09-09T21:36:55Z	share_court.py	0	ДОЛЯ PASS: 0 ложных из 2396 судимых (214 файлов)
2026-09-09T21:36:57Z	compare_mult_court.py	0	КРАТНОЕ PASS: 0 ложных из 2797 судимых (214 файлов)
2026-09-09T21:37:00Z	sequence_court.py	0	ПОСЛЕДОВАТЕЛЬНОСТИ PASS: 0 ложных из 2616 судимых (214 файлов)
2026-09-09T21:37:03Z	geometry_court.py	0	ГЕОМЕТРИЯ PASS: 0 ложных из 2438 судимых (214 файлов)
2026-09-09T21:37:06Z	linalg_court.py	0	ВЕКТОР PASS: 0 ложных из 3726 судимых (214 файлов)
2026-09-09T21:37:07Z	calendar_court.py	0	КАЛЕНДАРЬ PASS: 0 ложных из 902 судимых (214 файлов)
2026-09-09T21:37:09Z	speech_court.py	0	РЕЧЬ PASS: 0 ложных из 1960 судимых (214 файлов)
2026-09-09T21:37:13Z	rugram_court.py	0	РУССКОЕ СОГЛАСОВАНИЕ PASS: 0 ложных из 19065 судимых (214 файлов)
2026-09-09T21:37:16Z	physlaw_court.py	0	ЗАКОНЫ ФИЗИКИ PASS: 0 ложных из 830 судимых (214 файлов)
2026-09-09T21:37:19Z	compsci_court.py	0	ИНФОРМАТИКА PASS: 0 ложных из 1368 судимых (214 файлов)
2026-09-09T21:37:20Z	case_court.py	0	ПАДЕЖ PASS: 0 ложных из 1066 судимых (214 файлов)
2026-09-09T21:37:21Z	valence_court.py	0	ОЦЕНКА PASS: 0 ложных из 1256 судимых (214 файлов)
2026-09-09T21:37:22Z	shadow_court.py	0	ЗАТЕНЕНИЕ PASS: 0 имён определены дважды (604 файлов, рубеж 0)
2026-09-09T21:38:08Z	syllabus_court.py	0	ПОЛНОТА PASS: 0 предметов свода не покрыты из 62 (рубеж 0, 214 файлов)
2026-09-09T21:38:27Z	richness_court.py	0	БОГАТСТВО[показано] PASS: не показаны 0 форм из 20 и 0 стыков из 6 (рубеж 0, 214 файлов); КУПЛЕНО и ИСПОЛНЕНО мерятся на стороне организма
2026-09-09T21:38:42Z	langpack_court.py	0	ЯЗЫКИ PASS: 29 зелёных из 29, красных 0 (рубеж 6)
2026-09-09T21:38:43Z	langrule_court.py	0	ПРАВИЛО ЯЗЫКА PASS: 0 разладов формы с правилом из 1014 сверенных (19 пакетов с правилом из 29)
2026-09-09T21:49:22Z	claims_court.py	0	РОДЫ PASS: 0 строк прочтены НЕ ХОЗЯИНОМ рода из 47831 с видимым родом (рубеж 0, 214 файлов, родов объявлено 4)
2026-09-09T21:49:26Z	program_court.py	0	ПРОГРАММЫ PASS: 0 ложных из 1078 судимых (214 файлов)
2026-09-09T21:49:30Z	statistics_court.py	0	СТАТИСТИКА PASS: 0 ложных из 1196 судимых (214 файлов)
2026-09-09T21:49:33Z	proof_court.py	0	ДОКАЗАТЕЛЬСТВО PASS: 0 ложных из 663 судимых (214 файлов)
2026-09-09T21:49:35Z	machine_court.py	0	МАШИНА PASS: 0 ложных из 1846 судимых (214 файлов)
2026-09-09T21:49:46Z	episode_court.py	0	ЭПИЗОД PASS: 0 ложных из 10270 судимых (214 файлов), вне владения 11 слов: ['day', 'dollar', 'foot', 'kilometer', 'leaf']
2026-09-09T21:49:49Z	copula_court.py	0	СВЯЗКИ PASS: 0 ложных из 500 судимых (214 файлов), НЕЗНАКОМЫХ ПАР 40615: ["cause: philosophy is literally, the love of, including the search after, wisdom; in actual usage, the knowledge of phenomena as explained by, and resolved into, / and reasons, powers and laws: webster's unabridged dictionary, 1913", 'cause: электричество — это то, содержащееся в теле, что сообщает этому телу особые свойства, / в нем способность действовать механически на некоторые другие тела, притягивать или при известных условиях отталкивать их, а также вызывает в самом этом теле способность испытывать подобные же механические действия других тел: эсбе, статья «электричество»', 'contain: does the node body contain the node liquid? in the tree of kinds the node body / the node liquid']
2026-09-09T21:49:52Z	markup_court.py	0	РАЗМЕТКА PASS: 0 ложных из 3830 судимых (214 файлов)
2026-09-09T21:50:24Z	langlayer_court.py	0	ПЛАСТ PASS: 0 необъявленных слов (106737 строк, 29 пластов)
2026-09-09T21:50:24Z	langform_court.py	0	ФОРМА ПЛАСТА PASS: 0 ложных из 83433 судимых (106737 строк пласта, 29 пластов, дословных 940, рамок без опознавателя 3, рубеж 0)
2026-09-09T21:50:25Z	gsm_census.py	0	GSM-CENSUS PASS: 0 расхождений (72 выведено, 69 в слое, 3 удержано)
2026-09-09T21:53:44Z	reproducible.py	0	ВОСПРОИЗВОДИМОСТЬ PASS: 0 расхождений из 207 сличённых (без объявленной цели 0, рубеж 0)
2026-09-09T21:53:44Z	bash32_court.py	0	BASH32-COURT PASS: ни одного имени, съедаемого bash 3.2; скриптов проверено: 6
2026-09-09T21:53:46Z	empty_in_court.py	0	ПУСТОЕ ВХОЖДЕНИЕ PASS: срезов, сличаемых со строковым литералом, 0 (рубеж 0); файлов 616
2026-09-09T21:53:47Z	lawfirst_court.py	0	ЗАКОН ПЕРВЫМ PASS: докстрингов, сдвинутых с первого места, 0 (рубеж 0); файлов 616
2026-09-09T21:53:48Z	manifest_court.py	0	МАНИФЕСТ PASS: 0 разладов объявления с делом (427 миров, сборок 6, обязательств дела 235)
2026-09-09T22:22:50Z	prose_court.py	0	ПРОЗА PASS: 0 разладов объявления (рубеж 0) и 433 возражений судов (рубеж 433, чтение вне подсудности) — 207 миров, 1171830 строк, прочтено 14116 (1%), судов живых 169
2026-09-09T22:22:55Z	mutants.py	0	МУТАНТЫ PASS: 9 полей из 9 поймали свою подсадку, чужих задето 0
2026-09-09T22:22:56Z	lexicon_reach.py	0	ОХВАТ PASS: 366 из 366 объявленных слов прожиты >=2 раз (100% при рубеже 100%)
2026-09-09T22:22:58Z	inquiry_pt_nl_court.py	0	ДОЗНАНИЕ-PT-NL PASS: 0 ложных из 2108 судимых (214 файлов)
2026-09-09T22:23:01Z	inquiry_pl_tr_court.py	0	ДОЗНАНИЕ-PL-TR PASS: 0 ложных из 1537 судимых (214 файлов)
2026-09-09T22:23:03Z	metalang_court.py	0	МЕТАЯЗЫК PASS: 0 ложных из 1849 судимых (214 файлов)
2026-09-09T22:23:04Z	glyph_court.py	0	ГЛИФЫ PASS: 0 ложных, 1101 истинных, 0 несудимых
2026-09-09T22:23:04Z	space_court.py	0	ПРОСТРАНСТВО PASS: 0 ложных, 2301 истинных, 0 несудимых
2026-09-09T22:23:04Z	stenogram_court.py	0	СТЕНОГРАММЫ PASS: 0 ложных, 550 истинных, 0 несудимых
2026-09-09T22:23:04Z	mathspaces_court.py	0	ПРОСТРАНСТВА PASS: 0 ложных, 814 истинных, 0 несудимых
2026-09-09T22:23:05Z	gsmforms_court.py	0	ШКОЛЬНЫЕ ФОРМЫ PASS: 0 ложных, 2591 истинных, 0 несудимых
2026-09-09T22:23:13Z	definitions_court.py	0	ОПРЕДЕЛЕНИЯ PASS: 0 ложных, 2141 истинных, 0 несудимых
2026-09-09T22:23:13Z	pronoun_court.py	0	МЕСТОИМЕНИЯ PASS: 0 ложных из 480 судимых, несудимых 0
2026-09-09T22:23:13Z	money_court.py	0	ДЕНЬГИ PASS: 0 ложных из 450 судимых, несудимых 0
2026-09-09T22:23:14Z	holes_court.py	0	ДЫРЫ PASS: 0 ложных из 6640 судимых, несудимых 0
2026-09-09T22:23:14Z	money_langs_court.py	0	ДЕНЬГИ НА ЯЗЫКАХ PASS: 0 ложных из 1188 судимых, несудимых 0
2026-09-09T22:23:14Z	geometry_langs_court.py	0	ГЕОМЕТРИЯ НА ЯЗЫКАХ PASS: 0 ложных из 960 судимых, несудимых 0
2026-09-09T22:23:14Z	units_langs_court.py	0	ЕДИНИЦЫ НА ЯЗЫКАХ PASS: 0 ложных из 640 судимых, несудимых 0
2026-09-09T22:23:14Z	stats_langs_court.py	0	СВОДКА НА ЯЗЫКАХ PASS: 0 ложных из 480 судимых, несудимых 0
2026-09-09T22:23:15Z	calendar_langs_court.py	0	НЕДЕЛЯ НА ЯЗЫКАХ PASS: 0 ложных из 1120 судимых, несудимых 0
2026-09-09T22:23:15Z	sequences_langs_court.py	0	ПРОГРЕССИИ НА ЯЗЫКАХ PASS: 0 ложных из 320 судимых, несудимых 0
2026-09-09T22:23:15Z	compare_langs_court.py	0	СРАВНЕНИЕ НА ЯЗЫКАХ PASS: 0 ложных из 480 судимых, несудимых 0
2026-09-09T22:23:15Z	share_langs_court.py	0	ДОЛИ НА ЯЗЫКАХ PASS: 0 ложных из 560 судимых, несудимых 0
2026-09-09T22:23:15Z	physics_langs_court.py	0	ФИЗИКА НА ЯЗЫКАХ PASS: 0 ложных из 480 судимых, несудимых 0
2026-09-09T22:23:19Z	relation_court.py	0	СТРОЕНИЕ PASS: 0 ложных из 2092 судимых (214 файлов, структуры обходимы)
2026-09-09T22:29:45Z	court_mutants.py	0	МУТАНТЫ СУДОВ PASS: 148 поймали, 1 онемели, 0 не поймали (рубеж 1), 4 со свободным числом, 15 без числовой истинной строки, 0 без истинной строки вовсе (судов 168)
2026-09-09T22:29:47Z	panel_court.py	0	СОСТАВ PASS: 0 расхождений (рубеж 0) — палата: судов живых 169, незаявленных 0, призраков 0; набор: приборов 119, вне набора 0, призраков 0
2026-09-09T22:29:50Z	concept_reach.py	0	ОХВАТ ПОНЯТИЯ PASS: 3841 из 22032 предметов показаны (17%); не показано из НАШИХ сводов 4975 (рубеж 6556), из полки 13216 — 207 корпусов прозы, отсеяно рубрик 670, слов в показах 17029
2026-09-09T22:32:39Z	ask_reach.py	0	ВОПРОСНАЯ ПОВЕРХНОСТЬ ОТЧЁТ: 214 из 214 миров спрашивают, только сообщают 0; вопросных строк 256300 из 402443 (63%); миров с непроверяемым вопросом 0
2026-09-09T22:32:41Z	band_reach.py	0	МИР × ПОЛОСА ОТЧЁТ: строк реестра 46, исполнимых опознаний 29, расхождений записи 3, родов без мира 14; миров показов 214, из них без полосы 203; полос в реестре 5
2026-09-09T22:32:42Z	biblio_reach.py	0	БИБЛИОТЕКА PASS: названо 1684 источников (12 трудов по заглавию, 1672 по автору с годом), НЕТ НА ПОЛКЕ 1549 — из них свободно по праву 320, защищено 1223; корпусов прозы 7
2026-09-09T22:32:45Z	ruverbs_court.py	0	РУССКИЕ ГЛАГОЛЫ PASS: 0 ложных из 881 судимых (427 файлов, рубеж 0)
2026-09-09T22:32:56Z	script_court.py	0	ПИСЬМО PASS: 0 смешанных слов в 402443 строках показов (214 файлов, рубеж 0)
2026-09-09T22:34:51Z	word_mutants.py	0	ПОДСАДКА СЛОВОМ PASS: проб 4817 — ПОЙМАН 4557 (94%), ОНЕМЕЛ 184 (3%), НЕ ПОЙМАН 76 (1%); строк без слова 13889; миров с дырой 25
2026-09-09T22:36:16Z	verdict_cover.py	0	ПОКРЫТИЕ ВЕРДИКТА PASS: строк 427, слов 3137 — ЧИТАНО 2746 (87%), НЕМО 124 (3%), СЛЕПО 267 (8%, рубеж 343); судов со слепыми словами 36 из 168
2026-09-09T22:37:37Z	sentence_cover.py	0	ПОКРЫТИЕ ПРЕДЛОЖЕНИЯМИ PASS: строк о двух и более предложениях 429 — покрыты предложениями 392 (91%), покрыты вопросной половиной пары 33 (7%), покрыты ОБЪЯВЛЕННЫМ ПРЕДМЕТОМ 4 (0%), НЕ ПОКРЫТО НИЧЕМ 0 (0%, рубеж 0) в 0 мирах; форм предмета объявлено 65, из них без дела 0
2026-09-09T22:37:45Z	bench_leak.py	0	ТЕЧЬ ПОЛОСЫ PASS: тактов 726, вопрос такта стои́т в своде 0 (рубеж 0); та же формулировка с ИНЫМИ числами 8, совпадений СКЕЛЕТА 0 — считано, но не судимо; полоса t7_svamp_s1.jsonl (244288 байт), свод GENESIS-FULL.txt (35204183 байт)
2026-09-09T22:42:03Z	shelf_court.py	0	ПОЛКА PASS: 0 разладов объявления с делом (рубеж 0), никем не читаемых 174 миров, недоговорено 5 — оба числа считаны, но не судимы — 200 миров полки, судов живых 169
2026-09-09T22:50:01Z	ask_width.py	0	ШИРОТА ВОПРОСА PASS: 8820 из 9680 родов суда имеют вопросную поверхность (91%); БЕЗ ВОПРОСА 860 (рубеж 861) — от судов 860, от манифеста 0; роды объявлены судами (86 из 172, образцов 10388, вопросных слов от пакетов 261); от манифеста 0 актов в 0 мирах — с вопросом 0, без 0, не разрешено 0; строк без рода 36991 из 402443
2026-09-09T22:50:05Z	notationvar_court.py	0	НАЧЕРТАНИЕ PASS: 0 ложных из 24031 судимых (427 файлов, рубеж 0)
2026-09-09T22:52:17Z	prosetree_court.py	0	ДЕРЕВО ПРОЗЫ PASS: 45 ложных из 11339 судимых (207 файлов)
2026-09-09T22:52:18Z	longdiv_court.py	0	УГОЛ PASS: 0 ложных из 1322 судимых (214 файлов)
2026-09-09T22:55:08Z	form_census.py	0	ПЕРЕПИСЬ ФОРМ ОТЧЁТ: строк 402443, рамок 110192 (масса ≥ 9: 11404), родов 60324 (масса ≥ 9: 12468); минимальный корпус при массе 9: 295771 строк по рамкам (73 %), 215332 по родам (53 %); насыщение: последняя доля даёт 0 новых рамок и 0 новых РОДОВ на тысячу строк
2026-09-09T22:55:09Z	verbthings_court.py	0	ГЛАГОЛ–ВЕЩЬ PASS: 0 чужих пар глагол–вещь в 402443 строках показов (214 файлов, рубеж 0)
2026-09-10T00:26:57Z	coverage.py	0	СУДИМОСТЬ PASS: 402443 из 402443 строк судимы (100% при рубеже 100%, судов живых 169), слепых 0, зачтено словарём пакета 0 (0% свода, долг 0)
2026-09-10T00:26:57Z	behavior_court.py	0	ПОВЕДЕНЧЕСКИЕ ЗАКОНЫ PASS: 0 ложных из 1608 судимых, несудимых 0
2026-09-10T00:26:58Z	topics_court.py	0	БЫТОВЫЕ ТЕМЫ PASS: 0 ложных из 1104 судимых, несудимых 0
2026-09-10T00:26:58Z	nature_court.py	0	ПРИРОДА PASS: 0 ложных из 1050 судимых, несудимых 0
2026-09-10T00:26:58Z	links_court.py	0	СВЯЗКИ РАЗГОВОРА PASS: 0 ложных из 17566 судимых, несудимых 0
2026-09-10T00:26:59Z	scale_court.py	0	ШКАЛА PASS: 0 ложных из 747 судимых, несудимых 0
2026-09-10T00:26:59Z	opposites_court.py	0	ПРОТИВОПОЛОЖНОСТИ PASS: 0 ложных из 648 судимых, несудимых 0
2026-09-10T00:26:59Z	roles_court.py	0	РОЛЕВЫЕ ВОПРОСЫ PASS: 0 ложных из 144 судимых, несудимых 0
2026-09-10T00:26:59Z	joints_court.py	0	СОЧЛЕНЕНИЯ PASS: 0 ложных из 2700 судимых, несудимых 0
2026-09-10T00:27:00Z	dialogue_court.py	0	РЕЧЕВОЙ ОБИХОД PASS: 0 ложных из 2052 судимых, несудимых 0
2026-09-10T00:27:00Z	worldfacts_court.py	0	ФАКТЫ МИРА PASS: 0 ложных из 2779 судимых, несудимых 0, двойников чужих миров 0
2026-09-10T00:27:01Z	infer_court.py	0	СТРОГИЙ ВЫВОД PASS: 0 ложных из 1080 судимых, несудимых 0; подсадок поймано 5 из 5
2026-09-10T00:27:02Z	circle_probe.py	0	КРУГ PASS: 0 кругов из 3770 причинных ответов (219932 вопросных строк всего); отказов 1724, из них БЕЗ ОСНОВАНИЯ 0; отрицаний 14569, из них БЕЗ ОСНОВАНИЯ 0; подсадок поймано 2 из 2, ложных тревог 0
2026-09-10T00:27:02Z	agree_probe.py	0	СОГЛАСИЕ ДОМОВ PASS: 0 споров из 12 предметов, о которых говорит больше одного дома (всего предметов 708, домов сличено 3); подсадка сходится; разный уровень ОДНОЙ лестницы (согласие) 6
2026-09-10T00:27:02Z	shelf_declare.py	0	ПОЛКА БЕЗ ОБЪЯВЛЕНИЯ PASS: 0 книг лежали на диске без записи (в договоре 21, в манифесте 427 миров)
2026-09-10T00:29:54Z	house_reach.py	0	  истина fracforms признаёт numberline: 10
2026-09-10T00:29:56Z	head_census.py	0	ПЕРЕПИСЬ ГОЛОВ: голов 2598 на 218354 вопросных строк (по 2 слова); ОДИНОЧЕК 382 (14 %), они несут 382 строк — столько же, сколько голов
2026-09-10T00:29:57Z	form_matrix.py	0	ЩЕРБАТОСТЬ ДОМОВ: 1 щербатых форм из 160 (0 %), домов 23
2026-09-10T00:29:57Z	disj_court.py	0	ИСКЛЮЧЕНИЕ PASS: 0 ложных из 216 судимых, несудимых 0; подсадок поймано 3 из 3
2026-09-10T00:29:57Z	indu_court.py	0	ПОСПЕШНОСТЬ PASS: 0 ложных из 102 судимых, несудимых 0; подсадок поймано 13 из 13
2026-09-10T00:29:58Z	houseshows_court.py	0	ПОКАЗ ДОМА PASS: домов 6, показов собрано 12742; строк своих 8479, ВНЕ ДОМА 0 (рубеж 0)
2026-09-10T00:29:59Z	article_court.py	0	АРТИКЛЬ PASS: 0 ложных из 1374 судимых (рубеж 0); имён объявлено 50
2026-09-10T00:30:01Z	rowframe_court.py	0	РАМКА РЯДА PASS: 0 ложных из 19674 судимых рядов (рубеж 0)
2026-09-10T00:30:04Z	opchoice_court.py	0	ВЫБОР ДЕЙСТВИЯ PASS: 0 ложных из 432 судимых (рубеж 0); оборотов объявлено 12
2026-09-10T00:30:05Z	analog_court.py	0	ПОДОБИЕ PASS: 0 ложных из 144 судимых, несудимых 0; подсадок поймано 3 из 3
2026-09-10T00:30:05Z	reply_court.py	0	ОТКЛИК PASS: 0 ложных из 54 судимых, несудимых 0; подсадок поймано 3 из 3
2026-09-10T00:31:21Z	register_pairs.py	0	ПАРА РЕГИСТРА PASS: пар 5298, одной дырой 4749 (89 %), дыр больше 549, ПОРОКОВ 0 (рубеж 0), без пары 0
2026-09-10T00:31:26Z	register_purity.py	0	ЧИСТОТА РЕГИСТРА: неформальных показов 21678, говорящих вежливо 0 (0 %), из них имеющих и вежливую пару 0; мест 0
2026-09-10T00:31:31Z	prefix_traps.py	1	ЛОВУШКА НАЧАЛА FAIL: домов с судом по началу строки 1 (рубеж 0), проб 2320, пойманных удвоений 40
2026-09-10T00:31:36Z	sign_traps.py	0	ЛОВУШКА ЗНАКА PASS: домов, немеющих на подмене СВОЕГО знака, 0 (рубеж 0); проб 1281, поймано 1281, немых проб 0; палата ловит их все (замер 144 из 144)
2026-09-10T00:31:37Z	strat_slice.py	0	СТРАТИФИЦИРОВАННЫЙ СРЕЗ PASS: миров 214 из 214 (без страниц 0, рубеж 0), строк 215416, байт 19821454, подпись dac68a57b136c417; потолок 1500 строк с мира, урезано миров 89; datasets/GENESIS-STRAT.txt
2026-09-10T00:32:59Z	house_rejects.py	0	ОТВЕРГНУТО ПО ИМЕНИ PASS: домов, чью объявленную порчу не увидел никто, 0 (рубеж 0); домов 214, проб 2310, отвергнуто 2278
2026-09-10T00:32:59Z	root_passport.py	0	ПАСПОРТ КОРНЕЙ PASS: корней 5, разладов объявления с делом 0 (рубеж 0)
2026-09-10T00:33:00Z	pack_singular_risk.py	0	ВОЛОСОК ЕДИНСТВЕННОГО PASS: пакетов на жребии 0 (рубеж 0); прямо называют 29, счёта в показах нет у 0; пакетов всего 29
2026-09-10T00:33:00Z	cell_shown.py	0	ЯЧЕЙКА БЕЗ ПОКАЗА PASS: обещано 706, показано 694 (98 %), без показа 12 (рубеж 32)
2026-09-10T00:33:04Z	idle_word.py	0	ПРАЗДНОЕ СЛОВО PASS: форм объявлено 3830, праздных 0 (рубеж 0); пакетов 29, свод GENESIS-FULL.txt (30172179 знаков)
2026-09-10T00:33:05Z	form_unshown.py	0	ФОРМА БЕЗ ПОКАЗА PASS: объявлено 3576, показано 3576 (100 %), без показа 0 (рубеж 0); пакетов 29
2026-09-10T00:33:07Z	one_singular.py	0	ЕДИНСТВЕННОЕ ПРИ ЕДИНИЦЕ PASS: обещано 159 имён, единица показана 159 (100 %), БЕЗ ЕДИНИЦЫ 0 (рубеж 0); лжи письма 0 (рубеж 0); пар в пакете 163
2026-09-10T00:33:07Z	template_word.py	0	СЛОВО ШАБЛОНА БЕЗ ОБЪЯВЛЕНИЯ PASS: разных слов 0 (рубеж 0) в 0 пакетах из 26 считанных; слов в шаблонах 1549
2026-09-10T00:33:07Z	signless_census.py	0	ПЕРЕПИСЬ БЕЗЗНАКОВЫХ: строк осмотрено 5800 из 29 пластов; БЕЗ ЗНАКА НИ ОДНОГО ЯЗЫКА 818 (14 %); знак дало бы единоличное слово 49 (6 %); слов в указателе 6889, единоличных 6089
2026-09-10T00:34:04Z	operator_share.py	0	ДОЛЯ ОПЕРАТОРА PASS: слов действия 36; НИЖЕ 5 % — 3 (рубеж 3): más (es) 3.8 %, mais (pt) 4.5 %, più (it) 4.5 %; самое низкое más (es) 3.8 %, самое высокое vermenigvuldigd met (nl) 100.0 %
2026-09-10T00:34:09Z	key_support.py	0	КЛЮЧ БЕЗ ОПОРЫ PASS: вопросов 3622, родов 633; РОДОВ НИЖЕ LAW³=8 страниц — 6 (рубеж 6), и они держат 9 вопросов ключа (0.2 %)
2026-09-10T00:34:09Z	half_law.py	0	ПОЛОВИНЧАТЫЙ ЗАКОН PASS: домов с литеральным множественным 2; БЕЗЗАКОННЫХ 0 (рубеж 0, мест 0); половинчатых 2 (МЕСТ 3, рубеж 3)
2026-09-10T00:34:16Z	unknown_name.py	0	НЕВЕДОМОЕ ИМЯ PASS: английских строк 115538, слов при числе 614; НЕВЕДОМЫХ ИМЁН 0 (рубеж 0); отсеяно обратным знаком 5, оспорено чужой клеткой 3; объявлено пакетом 163 имён
2026-09-10T00:37:03Z	stale_world.py	0	МИР БЕЗ ПРЕДЪЯВЛЕНИЯ PASS: миров 212, проб 8480; РАЗОШЕДШИХСЯ С ПАЛАТОЙ 0 (рубеж 0); ложных строк 0, немых 6
2026-09-10T00:37:40Z	agree_traps.py	0	ЛОВУШКА СОГЛАСОВАНИЯ PASS: миров 214, проб 573, поймано 573; МИРОВ, ГДЕ ПОРЧА НЕ ПОЙМАНА, 0 (рубеж 0); миров под ОБЩИМ ЗАКОНОМ ЯЗЫКА 78 — разделение труда, а не долг
2026-09-10T00:37:41Z	wrong_sign.py	0	ЗНАК НЕ ТОТ PASS: строк осмотрено 5800 из 29 пластов; ЗНАК НАЗВАЛ ЧУЖОЙ ЯЗЫК 0 (0.0 %, рубеж 0); свой 4904, молчит 896 (их считает перепись беззнаковых)
2026-09-10T00:37:41Z	debt_mark.py	0	МЕТКА ДОЛГА PASS: разладов 0 (рубеж 0), скрытых 0 (рубеж 0); долг по меткам 12299, по законам 12299
2026-09-10T00:38:14Z	copula_band.py	0	СВЯЗКА ПО ПОЛОСЕ PASS: страниц со связкой не по полосе 0 (рубеж 0); оборотов бытия не по числу 0 (рубеж 0); домов, немеющих на подмене связки, 0 (рубеж 0); проб 188, поймано 188
2026-09-10T00:38:22Z	past_gender.py	0	РОД ПРОШЕДШЕГО PASS: не по роду 0 (рубеж 0); несуществующих форм 0 (рубеж 0); домов, слепых на подмене рода, 0 (рубеж 0); проб 242, поймано 242, немых 0, пропущено 0
2026-09-10T00:38:26Z	word_once.py	0	СЛОВО ОДНАЖДЫ PASS: слов, показанных РОВНО РАЗ, 346 (рубеж 346); миров с такими словами 17 из 211
2026-09-10T00:38:33Z	article_sound.py	0	АРТИКЛЬ ПО ЗВУКУ PASS: строк не по звуку 0 (рубеж 0); палата пропустила 0 из 40 (рубеж 0), поймала 40
2026-09-10T00:38:34Z	elision.py	1	ЭЛИЗИЯ FAIL: строк без элизии 40 (рубеж 39); миров с долгом 6; пар объявлено 11
2026-09-10T00:38:35Z	threshold_census.py	0	ПЕРЕПИСЬ ПОРОГОВ: именованных 51 (объявлено 35, храповиков 14, ВКУС 2); встроенных сравнений от трёх 132 (печать 166, без основания рядом 110 — ВЕРХНЯЯ ОЦЕНКА: строй и порог здесь не разделены); папки scripts courts
2026-09-10T00:38:35Z	denominator_census.py	0	ЧИСЛО БЕЗ ЗНАМЕНАТЕЛЯ PASS: приборов в леджере 218, строк без объёма 1, из них НУЛЕЙ без объёма 0 (рубеж 0)
2026-09-10T00:38:35Z	repeat_census.py	0	ПЕРЕПИСЬ ПОВТОРОВ: миров 214, строк 402443, уникальных 287032, копий 115411 (28 %), из них сверх LAW=2: 75913 (18 %); миров с копиями > 10 %: 88
2026-09-10T00:38:39Z	definitions_reach.py	0	СЛЕД РАЗБОРА ОПРЕДЕЛЕНИЙ: понятий 829, без определения 222, из них полка не знает 68, разбор остановился на названных воротах 154, причина не названа 0 (рубеж 0)
2026-09-10T00:38:40Z	copies_census.py	0	ПЕРЕПИСЬ КОПИЙ PASS: миров через слой 176, сверх LAW=2 0 (рубеж 0); строк 284492, различных 257487, копий 27005, многострочных 5; вне слоя миров 2 (копий 119121) — не судятся; сайдкар datasets/COPIES.tsv
2026-09-10T00:38:40Z	sweep_self.py	1	СВОД СПРАШИВАЕТ СЕБЯ FAIL [FULL-19c8ae8d · читатель 0a84da47 · 400 · seed 5]: сертифицировано 114 из 400, верных 100, ЛЖЕЙ 8 (рубеж 0), немых 286, вне значения (why) 6
2026-09-10T01:32:03Z	court_reach.py	0	ДОСЯГАЕМОСТЬ СУДА PASS (вся палата; судов 169): миров 214, строк 402443, ЛЖЕЙ 0 (рубеж 0), слепых 0 (рубеж 0)
2026-09-10T01:32:07Z	holdout_key.py	0	КЛЮЧ СЛЕДУЮЩЕЙ ТОЧКИ PASS: вопросов 3622 (рубеж 1500), прожитых 0 (рубеж 0); по языкам de 396 en 408 es 404 fr 402 it 402 nl 402 pl 402 pt 402 ru 404; по глубине [0] 1154 [1] 1970 [2+] 498; домов 31; ключ datasets/HOLDOUT-KEY-NEXT.tsv
2026-09-10T01:32:08Z	holdforms_court.py	0	ДЕРЖАНИЯ БЕЗ ГЛАГОЛА PASS: 0 ложных из 6054 судимых, несудимых 0; подсадок поймано 12 из 12
2026-09-10T01:32:09Z	cmpframes_court.py	0	РАМКИ СРАВНЕНИЯ PASS: 0 ложных из 6480 судимых, несудимых 0; подсадок поймано 11 из 11
2026-09-10T01:32:10Z	sceneforms_court.py	0	СЦЕНА PASS: 0 ложных из 3818 судимых, несудимых 0; подсадок поймано 8 из 8
2026-09-10T01:32:11Z	toolforms_court.py	0	ИНСТРУМЕНТ PASS: 0 ложных из 2907 судимых, несудимых 0; подсадок поймано 8 из 8
2026-09-10T01:32:12Z	verifyforms_court.py	0	ВЕРИФИКАЦИЯ PASS: 0 ложных из 3285 судимых, несудимых 0; подсадок поймано 7 из 7
2026-09-10T01:32:13Z	planforms_court.py	0	ПЛАН PASS: 0 ложных из 2520 судимых, несудимых 0; подсадок поймано 9 из 9
2026-09-10T01:32:14Z	episodeforms_court.py	0	ЭПИЗОД PASS: 0 ложных из 5229 судимых, несудимых 0; подсадок поймано 8 из 8
2026-09-10T01:32:16Z	summaryforms_court.py	0	СВОДКА PASS: 0 ложных из 6102 судимых, несудимых 0; подсадок поймано 8 из 8
2026-09-10T01:32:17Z	opforms_court.py	0	ОПЕРАЦИЯ PASS: 0 ложных из 3780 судимых, несудимых 0; подсадок поймано 8 из 8
2026-09-10T01:32:17Z	readnum_court.py	0	ЧИСЛО PASS: 0 ложных из 3240 судимых, несудимых 0; подсадок поймано 8 из 8
2026-09-10T01:32:18Z	mandateforms_court.py	0	МАНДАТ PASS: 0 ложных из 2268 судимых, несудимых 0; подсадок поймано 8 из 8
2026-09-10T01:32:20Z	personforms_court.py	0	ЛИЧНОСТЬ PASS: 0 ложных из 3240 судимых, несудимых 0; подсадок поймано 8 из 8
2026-09-10T01:32:21Z	selfmodelforms_court.py	0	САМОМОДЕЛЬ PASS: 0 ложных из 2097 судимых, несудимых 0; подсадок поймано 8 из 8
2026-09-10T01:32:22Z	signedworld_court.py	0	ЗНАК PASS: 0 ложных из 1296 судимых, несудимых 0; подсадок поймано 8 из 8
2026-09-10T01:32:22Z	beforetails_court.py	0	ХВОСТ PASS: 0 ложных из 3600 судимых, несудимых 0; подсадок поймано 8 из 8
2026-09-10T01:32:22Z	discountroad_court.py	0	СКИДКА PASS: 0 ложных из 2808 судимых, несудимых 0; подсадок поймано 8 из 8
2026-09-10T01:32:24Z	nomention_court.py	0	НЕНАЗВАННОЕ PASS: 0 ложных из 2160 судимых, несудимых 0; подсадок поймано 8 из 8
2026-09-10T01:32:25Z	clockforms_court.py	0	ЧАСЫ PASS: 0 ложных из 1053 судимых, несудимых 0; подсадок поймано 8 из 8
2026-09-10T01:32:26Z	mixedunits_court.py	0	МЕРА PASS: 0 ложных из 882 судимых, несудимых 0; подсадок поймано 8 из 8
2026-09-10T01:32:27Z	dateforms_court.py	0	ДАТА PASS: 0 ложных из 480 судимых, несудимых 0; подсадок поймано 8 из 8
2026-09-10T01:32:27Z	clockwords_court.py	0	ЧАСЫ СЛОВОМ PASS: 0 ложных из 378 судимых, несудимых 0; подсадок поймано 8 из 8
2026-09-10T01:32:28Z	speedforms_court.py	0	СКОРОСТЬ PASS: 0 ложных из 432 судимых, несудимых 0; подсадок поймано 8 из 8
2026-09-10T01:32:28Z	roundforms_court.py	0	ОКРУГЛЕНИЕ PASS: 0 ложных из 432 судимых, несудимых 0; подсадок поймано 8 из 8
2026-09-10T01:32:28Z	orderforms_court.py	0	ПОРЯДОК PASS: 0 ложных из 792 судимых, несудимых 0; подсадок поймано 8 из 8
2026-09-10T01:32:29Z	quantforms_court.py	0	КВАНТОР PASS: 0 ложных из 648 судимых, несудимых 0; подсадок поймано 8 из 8
2026-09-10T01:32:29Z	roman_court.py	0	РИМСКОЕ PASS: 0 ложных из 387 судимых, несудимых 0; подсадок поймано 8 из 8
2026-09-10T01:32:29Z	place_court.py	0	МЕСТО PASS: 0 ложных из 1296 судимых, несудимых 0; подсадок поймано 8 из 8
2026-09-10T01:32:30Z	unitfrac_court.py	0	ДРОБЬ ЕДИНИЦЫ PASS: 0 ложных из 198 судимых, несудимых 0; подсадок поймано 8 из 8
2026-09-10T01:32:30Z	enough_court.py	0	ХВАТИТ PASS: 0 ложных из 324 судимых, несудимых 0; подсадок поймано 8 из 8
2026-09-10T01:32:31Z	numphrase_court.py	0	ФРАЗА ЧИСЛА PASS: 0 ложных из 225 судимых, несудимых 0; подсадок поймано 9 из 9, свободного числа нет (1 язык двигает глагол из 9)
2026-09-10T01:32:31Z	kinbearer_court.py	0	РОДСТВЕННИК PASS: 0 ложных из 486 судимых, несудимых 0; подсадок поймано 9 из 9, носитель не свободен (9 языков × 4 чужих слова)
2026-09-10T01:32:31Z	pronobject_court.py	0	МЕСТОИМЕНИЕ-ОБЪЕКТ PASS: 0 ложных из 864 судимых, несудимых 0; подсадок поймано 9 из 9, род местоимения различают 6 языка из 9
2026-09-10T01:32:32Z	proform_court.py	0	ПРО-ФОРМА PASS: 0 ложных из 288 судимых, несудимых 0; подсадок поймано 9 из 9, род при опущенном имени метят 4 языка из 9
2026-09-10T01:32:32Z	degrees_court.py	0	СТЕПЕНИ PASS: 0 ложных из 270 судимых, несудимых 0; подсадок поймано 8 из 8
2026-09-10T01:32:33Z	actturn_court.py	0	АКТ PASS: 0 ложных из 414 судимых, несудимых 0; подсадок поймано 8 из 8
2026-09-10T01:32:34Z	tempscale_court.py	0	ШКАЛА PASS: 0 ложных из 198 судимых, несудимых 0; подсадок поймано 8 из 8
2026-09-10T01:32:34Z	action_measure_court.py	0	МЕРА ДЕЙСТВИЯ PASS: 0 ложных из 234 судимых, несудимых 0; подсадок поймано 6 из 6
2026-09-10T01:32:35Z	numberline_court.py	0	ЧИСЛОВОЙ РЯД PASS: 0 ложных из 5292 судимых, несудимых 0; подсадок поймано 6 из 6
2026-09-10T01:32:35Z	countfacts_court.py	0	СЧЁТНЫЕ ФАКТЫ PASS: 0 ложных из 315 судимых, несудимых 0; подсадок поймано 6 из 6
2026-09-10T01:32:35Z	letters_court.py	0	БУКВЫ PASS: 0 ложных из 360 судимых, несудимых 0; подсадок поймано 5 из 5
2026-09-10T01:33:30Z	langcount_court.py	0	СЧЁТ НА ДЕВЯТИ ЯЗЫКАХ PASS: 0 ложных из 120065 судимых (рубеж 0)
2026-09-10T01:33:30Z	propcompare_court.py	0	СРАВНЕНИЕ СВОЙСТВ PASS: 0 ложных из 200 судимых, несудимых 0; подсадок поймано 4 из 4
2026-09-10T01:33:30Z	price_court.py	0	ЦЕНА PASS: 0 ложных из 378 судимых, несудимых 0; подсадок поймано 4 из 4
2026-09-10T01:33:31Z	translate_court.py	0	ПЕРЕВОД PASS: 0 ложных из 792 судимых, несудимых 0; подсадок поймано 4 из 4
2026-09-10T01:33:31Z	timeunits_court.py	0	ЕДИНИЦЫ ВРЕМЕНИ PASS: 0 ложных из 420 судимых, несудимых 0; подсадок поймано 3 из 3
2026-09-10T01:33:32Z	svamp_court.py	0	ФОРМЫ SVAMP PASS: 0 ложных из 6794 судимых, несудимых 0; подсадок поймано 10 из 10
2026-09-10T01:33:32Z	measure_langs_court.py	0	МЕРА ДЕЙСТВИЯ НА ЯЗЫКАХ PASS: 0 ложных из 462 судимых, несудимых 0; подсадок поймано 4 из 4
2026-09-10T02:16:47Z	arith_court.py	0	АРИФМЕТИКА PASS: 0 ложных равенств из 148773 судимых (214 файлов, неразобрано 128539)
2026-09-10T02:16:50Z	algo_court.py	0	АЛГОРИТМЫ PASS: 0 ложных утверждений из 2990 судимых (214 файлов)
2026-09-10T02:18:40Z	formula_court.py	0	ФОРМУЛЫ PASS: 0 ложных записей из 2919 судимых (214 файлов)
2026-09-10T02:18:45Z	logic_court.py	0	ЛОГИКА PASS: 0 ложных утверждений из 734 судимых (214 файлов)
2026-09-10T02:18:46Z	physics_court.py	0	ФИЗИКА PASS: 0 ложных утверждений из 1436 судимых (214 файлов)
2026-09-10T02:18:49Z	cyber_court.py	0	КИБЕРНЕТИКА PASS: 0 ложных утверждений из 1288 судимых (214 файлов)
2026-09-10T02:18:53Z	agreement_court.py	0	СОГЛАСОВАНИЕ PASS: 0 рассогласований при рубеже 0 (5083 верных, 214 файлов, закон 2)
2026-09-10T02:18:56Z	notation_court.py	0	ЗАПИСЬ PASS: 0 ложных записей из 1270 судимых (214 файлов)
2026-09-10T02:18:58Z	unit_court.py	0	ЕДИНИЦЫ PASS: 0 ложных переводов из 686 судимых (214 файлов)
2026-09-10T02:19:00Z	number_court.py	0	ЧИСЛА PASS: 0 ложных из 4220 судимых (214 файлов)
2026-09-10T02:19:03Z	inquiry_court.py	0	ДОЗНАНИЕ PASS: 0 ложных из 3915 судимых (214 файлов)
2026-09-10T02:19:03Z	surfaces_court.py	0	ПОВЕРХНОСТИ PASS: 0 ложных из 2200 судимых (214 файлов)
2026-09-10T02:19:04Z	markdown_court.py	0	РАЗМЕТКА-ПОЛНАЯ PASS: 0 ложных из 3848 судимых (214 файлов, обратимость дома цела)
2026-09-10T02:19:05Z	doctree_court.py	0	СТРУКТУРА PASS: 0 ложных из 516 судимых (214 файлов, дерево обратимо)
2026-09-10T02:19:07Z	rates_court.py	0	СТАВКИ PASS: 0 ложных из 758 судимых (214 файлов)
2026-09-10T02:19:09Z	formula_lang_court.py	0	КОНВЕРСИЯ PASS: 0 ложных из 2583 судимых (214 файлов)
2026-09-10T02:19:11Z	percent_court.py	0	ПРОЦЕНТЫ PASS: 0 ложных из 560 судимых (214 файлов)
2026-09-10T02:19:11Z	average_court.py	0	СВОДКА PASS: 0 ложных из 1300 судимых (214 файлов)
2026-09-10T02:19:15Z	equation_court.py	0	УРАВНЕНИЕ PASS: 0 ложных из 3340 судимых (214 файлов)
2026-09-10T02:19:16Z	dataformat_court.py	0	ФОРМАТЫ PASS: 0 ложных из 640 судимых (214 файлов, обратимость дома цела)
2026-09-10T02:19:21Z	everyday_court.py	0	БЫТ PASS: 0 ложных из 4556 судимых (214 файлов)
2026-09-10T02:19:22Z	story_chain_court.py	0	ЦЕПОЧКА PASS: 0 ложных из 890 судимых (214 файлов)
2026-09-10T02:19:23Z	age_court.py	0	ВОЗРАСТ PASS: 0 ложных из 900 судимых (214 файлов)
2026-09-10T02:19:24Z	halves_court.py	0	ПОЛОВИНЫ PASS: 0 ложных из 1028 судимых (214 файлов)
2026-09-10T02:19:27Z	inquiry_de_fr_court.py	0	ДОЗНАНИЕ-DE-FR PASS: 0 ложных из 2108 судимых (214 файлов)
2026-09-10T02:19:27Z	ru_conversion_court.py	0	РУССКИЙ ПЕРЕВОД PASS: 0 ложных из 68 судимых (214 файлов)
2026-09-10T02:19:28Z	selfmeasure_court.py	0	РАССКАЗ О СЕБЕ PASS: 0 ложных из 59 судимых (214 файлов)
2026-09-10T02:19:28Z	ru_compare_court.py	0	РУССКОЕ СРАВНЕНИЕ PASS: 0 ложных из 150 судимых (214 файлов)
2026-09-10T02:19:28Z	ru_story_court.py	0	РУССКАЯ ЗАДАЧА PASS: 0 ложных из 658 судимых (214 файлов)
2026-09-10T02:19:31Z	inquiry_es_it_court.py	0	ДОЗНАНИЕ-ES-IT PASS: 0 ложных из 1480 судимых (214 файлов)
2026-09-10T02:19:33Z	share_court.py	0	ДОЛЯ PASS: 0 ложных из 2396 судимых (214 файлов)
2026-09-10T02:19:35Z	compare_mult_court.py	0	КРАТНОЕ PASS: 0 ложных из 2797 судимых (214 файлов)
2026-09-10T02:19:38Z	sequence_court.py	0	ПОСЛЕДОВАТЕЛЬНОСТИ PASS: 0 ложных из 2616 судимых (214 файлов)
2026-09-10T02:19:41Z	geometry_court.py	0	ГЕОМЕТРИЯ PASS: 0 ложных из 2438 судимых (214 файлов)
2026-09-10T02:19:44Z	linalg_court.py	0	ВЕКТОР PASS: 0 ложных из 3726 судимых (214 файлов)
2026-09-10T02:19:45Z	calendar_court.py	0	КАЛЕНДАРЬ PASS: 0 ложных из 902 судимых (214 файлов)
2026-09-10T02:19:47Z	speech_court.py	0	РЕЧЬ PASS: 0 ложных из 1960 судимых (214 файлов)
2026-09-10T02:19:51Z	rugram_court.py	0	РУССКОЕ СОГЛАСОВАНИЕ PASS: 0 ложных из 19065 судимых (214 файлов)
2026-09-10T02:19:54Z	physlaw_court.py	0	ЗАКОНЫ ФИЗИКИ PASS: 0 ложных из 830 судимых (214 файлов)
2026-09-10T02:19:57Z	compsci_court.py	0	ИНФОРМАТИКА PASS: 0 ложных из 1368 судимых (214 файлов)
2026-09-10T02:19:57Z	case_court.py	0	ПАДЕЖ PASS: 0 ложных из 1066 судимых (214 файлов)
2026-09-10T02:19:59Z	valence_court.py	0	ОЦЕНКА PASS: 0 ложных из 1256 судимых (214 файлов)
2026-09-10T02:20:00Z	shadow_court.py	0	ЗАТЕНЕНИЕ PASS: 0 имён определены дважды (605 файлов, рубеж 0)
2026-09-10T02:20:47Z	syllabus_court.py	0	ПОЛНОТА PASS: 0 предметов свода не покрыты из 62 (рубеж 0, 214 файлов)
2026-09-10T02:21:06Z	richness_court.py	0	БОГАТСТВО[показано] PASS: не показаны 0 форм из 20 и 0 стыков из 6 (рубеж 0, 214 файлов); КУПЛЕНО и ИСПОЛНЕНО мерятся на стороне организма
2026-09-10T02:21:21Z	langpack_court.py	0	ЯЗЫКИ PASS: 29 зелёных из 29, красных 0 (рубеж 6)
2026-09-10T02:21:21Z	langrule_court.py	0	ПРАВИЛО ЯЗЫКА PASS: 0 разладов формы с правилом из 1014 сверенных (19 пакетов с правилом из 29)
2026-09-10T02:33:03Z	claims_court.py	0	РОДЫ PASS: 0 строк прочтены НЕ ХОЗЯИНОМ рода из 47831 с видимым родом (рубеж 0, 214 файлов, родов объявлено 4)
2026-09-10T02:33:08Z	program_court.py	0	ПРОГРАММЫ PASS: 0 ложных из 1078 судимых (214 файлов)
2026-09-10T02:33:13Z	statistics_court.py	0	СТАТИСТИКА PASS: 0 ложных из 1196 судимых (214 файлов)
2026-09-10T02:33:16Z	proof_court.py	0	ДОКАЗАТЕЛЬСТВО PASS: 0 ложных из 663 судимых (214 файлов)
2026-09-10T02:33:19Z	machine_court.py	0	МАШИНА PASS: 0 ложных из 1846 судимых (214 файлов)
2026-09-10T02:33:31Z	episode_court.py	0	ЭПИЗОД PASS: 0 ложных из 10270 судимых (214 файлов), вне владения 11 слов: ['day', 'dollar', 'foot', 'kilometer', 'leaf']
2026-09-10T02:33:35Z	copula_court.py	0	СВЯЗКИ PASS: 0 ложных из 500 судимых (214 файлов), НЕЗНАКОМЫХ ПАР 40615: ["cause: philosophy is literally, the love of, including the search after, wisdom; in actual usage, the knowledge of phenomena as explained by, and resolved into, / and reasons, powers and laws: webster's unabridged dictionary, 1913", 'cause: электричество — это то, содержащееся в теле, что сообщает этому телу особые свойства, / в нем способность действовать механически на некоторые другие тела, притягивать или при известных условиях отталкивать их, а также вызывает в самом этом теле способность испытывать подобные же механические действия других тел: эсбе, статья «электричество»', 'contain: does the node body contain the node liquid? in the tree of kinds the node body / the node liquid']
2026-09-10T02:33:38Z	markup_court.py	0	РАЗМЕТКА PASS: 0 ложных из 3830 судимых (214 файлов)
2026-09-10T02:33:58Z	langlayer_court.py	0	ПЛАСТ PASS: 0 необъявленных слов (106737 строк, 29 пластов)
2026-09-10T02:33:59Z	langform_court.py	0	ФОРМА ПЛАСТА PASS: 0 ложных из 83433 судимых (106737 строк пласта, 29 пластов, дословных 940, рамок без опознавателя 3, рубеж 0)
2026-09-10T02:33:59Z	gsm_census.py	0	GSM-CENSUS PASS: 0 расхождений (72 выведено, 69 в слое, 3 удержано)
2026-09-10T02:36:23Z	reproducible.py	0	ВОСПРОИЗВОДИМОСТЬ PASS: 0 расхождений из 207 сличённых (без объявленной цели 0, рубеж 0)
2026-09-10T02:36:24Z	bash32_court.py	0	BASH32-COURT PASS: ни одного имени, съедаемого bash 3.2; скриптов проверено: 6
2026-09-10T02:36:26Z	empty_in_court.py	0	ПУСТОЕ ВХОЖДЕНИЕ PASS: срезов, сличаемых со строковым литералом, 0 (рубеж 0); файлов 617
2026-09-10T02:36:27Z	lawfirst_court.py	0	ЗАКОН ПЕРВЫМ PASS: докстрингов, сдвинутых с первого места, 0 (рубеж 0); файлов 617
2026-09-10T02:39:59Z	house_selfcheck.py	0	САМОПРОВЕРКА ДОМА PASS: домов с самопроверкой 93, КРАСНЫХ 0 (рубеж 0); орудий руки 10 — объявлены поимённо и не зовутся
2026-09-10T02:40:01Z	manifest_court.py	0	МАНИФЕСТ PASS: 0 разладов объявления с делом (427 миров, сборок 6, обязательств дела 235)
2026-09-10T03:29:49Z	prose_court.py	0	ПРОЗА PASS: 0 разладов объявления (рубеж 0) и 433 возражений судов (рубеж 433, чтение вне подсудности) — 207 миров, 1171830 строк, прочтено 14116 (1%), судов живых 169
2026-09-10T03:29:58Z	mutants.py	0	МУТАНТЫ PASS: 9 полей из 9 поймали свою подсадку, чужих задето 0
2026-09-10T03:30:01Z	lexicon_reach.py	0	ОХВАТ PASS: 366 из 366 объявленных слов прожиты >=2 раз (100% при рубеже 100%)
2026-09-10T03:30:06Z	inquiry_pt_nl_court.py	0	ДОЗНАНИЕ-PT-NL PASS: 0 ложных из 2108 судимых (214 файлов)
2026-09-10T03:30:11Z	inquiry_pl_tr_court.py	0	ДОЗНАНИЕ-PL-TR PASS: 0 ложных из 1537 судимых (214 файлов)
2026-09-10T03:30:16Z	metalang_court.py	0	МЕТАЯЗЫК PASS: 0 ложных из 1849 судимых (214 файлов)
2026-09-10T03:30:17Z	glyph_court.py	0	ГЛИФЫ PASS: 0 ложных, 1101 истинных, 0 несудимых
2026-09-10T03:30:17Z	space_court.py	0	ПРОСТРАНСТВО PASS: 0 ложных, 2301 истинных, 0 несудимых
2026-09-10T03:30:18Z	stenogram_court.py	0	СТЕНОГРАММЫ PASS: 0 ложных, 550 истинных, 0 несудимых
2026-09-10T03:30:19Z	mathspaces_court.py	0	ПРОСТРАНСТВА PASS: 0 ложных, 814 истинных, 0 несудимых
2026-09-10T03:30:20Z	gsmforms_court.py	0	ШКОЛЬНЫЕ ФОРМЫ PASS: 0 ложных, 2591 истинных, 0 несудимых
2026-09-10T03:30:36Z	definitions_court.py	0	ОПРЕДЕЛЕНИЯ PASS: 0 ложных, 2141 истинных, 0 несудимых
2026-09-10T03:30:36Z	pronoun_court.py	0	МЕСТОИМЕНИЯ PASS: 0 ложных из 480 судимых, несудимых 0
2026-09-10T03:30:37Z	money_court.py	0	ДЕНЬГИ PASS: 0 ложных из 450 судимых, несудимых 0
2026-09-10T03:30:38Z	holes_court.py	0	ДЫРЫ PASS: 0 ложных из 6640 судимых, несудимых 0
2026-09-10T03:30:39Z	money_langs_court.py	0	ДЕНЬГИ НА ЯЗЫКАХ PASS: 0 ложных из 1188 судимых, несудимых 0
2026-09-10T03:30:39Z	geometry_langs_court.py	0	ГЕОМЕТРИЯ НА ЯЗЫКАХ PASS: 0 ложных из 960 судимых, несудимых 0
2026-09-10T03:30:40Z	units_langs_court.py	0	ЕДИНИЦЫ НА ЯЗЫКАХ PASS: 0 ложных из 640 судимых, несудимых 0
2026-09-10T03:30:41Z	stats_langs_court.py	0	СВОДКА НА ЯЗЫКАХ PASS: 0 ложных из 480 судимых, несудимых 0
2026-09-10T03:30:41Z	calendar_langs_court.py	0	НЕДЕЛЯ НА ЯЗЫКАХ PASS: 0 ложных из 1120 судимых, несудимых 0
2026-09-10T03:30:42Z	sequences_langs_court.py	0	ПРОГРЕССИИ НА ЯЗЫКАХ PASS: 0 ложных из 320 судимых, несудимых 0
2026-09-10T03:30:43Z	compare_langs_court.py	0	СРАВНЕНИЕ НА ЯЗЫКАХ PASS: 0 ложных из 480 судимых, несудимых 0
2026-09-10T03:30:43Z	share_langs_court.py	0	ДОЛИ НА ЯЗЫКАХ PASS: 0 ложных из 560 судимых, несудимых 0
2026-09-10T03:30:44Z	physics_langs_court.py	0	ФИЗИКА НА ЯЗЫКАХ PASS: 0 ложных из 480 судимых, несудимых 0
2026-09-10T03:30:50Z	relation_court.py	0	СТРОЕНИЕ PASS: 0 ложных из 2092 судимых (214 файлов, структуры обходимы)
2026-09-10T03:41:03Z	court_mutants.py	0	МУТАНТЫ СУДОВ PASS: 148 поймали, 1 онемели, 0 не поймали (рубеж 1), 4 со свободным числом, 15 без числовой истинной строки, 0 без истинной строки вовсе (судов 168)
2026-09-10T03:41:11Z	panel_court.py	0	СОСТАВ PASS: 0 расхождений (рубеж 0) — палата: судов живых 169, незаявленных 0, призраков 0; набор: приборов 120, вне набора 0, призраков 0
2026-09-10T03:41:20Z	concept_reach.py	0	ОХВАТ ПОНЯТИЯ PASS: 3841 из 22032 предметов показаны (17%); не показано из НАШИХ сводов 4975 (рубеж 6556), из полки 13216 — 207 корпусов прозы, отсеяно рубрик 670, слов в показах 17029
2026-09-10T03:46:32Z	ask_reach.py	0	ВОПРОСНАЯ ПОВЕРХНОСТЬ ОТЧЁТ: 214 из 214 миров спрашивают, только сообщают 0; вопросных строк 256327 из 402470 (63%); миров с непроверяемым вопросом 0
2026-09-10T03:46:34Z	band_reach.py	0	МИР × ПОЛОСА ОТЧЁТ: строк реестра 46, исполнимых опознаний 29, расхождений записи 3, родов без мира 14; миров показов 214, из них без полосы 203; полос в реестре 5
2026-09-10T03:46:36Z	biblio_reach.py	0	БИБЛИОТЕКА PASS: названо 1684 источников (12 трудов по заглавию, 1672 по автору с годом), НЕТ НА ПОЛКЕ 1549 — из них свободно по праву 320, защищено 1223; корпусов прозы 7
2026-09-10T03:46:42Z	ruverbs_court.py	0	РУССКИЕ ГЛАГОЛЫ PASS: 0 ложных из 881 судимых (427 файлов, рубеж 0)
2026-09-10T03:46:57Z	script_court.py	0	ПИСЬМО PASS: 0 смешанных слов в 402470 строках показов (214 файлов, рубеж 0)
2026-09-10T03:50:35Z	word_mutants.py	1	ПОДСАДКА СЛОВОМ FAIL: проб 4817 — ПОЙМАН 4556 (94%), ОНЕМЕЛ 184 (3%), НЕ ПОЙМАН 77 (1%); строк без слова 13889; миров с дырой 26
2026-09-10T03:53:12Z	verdict_cover.py	0	ПОКРЫТИЕ ВЕРДИКТА PASS: строк 427, слов 3137 — ЧИТАНО 2737 (87%), НЕМО 124 (3%), СЛЕПО 276 (8%, рубеж 343); судов со слепыми словами 36 из 168
2026-09-10T03:56:49Z	sentence_cover.py	0	ПОКРЫТИЕ ПРЕДЛОЖЕНИЯМИ PASS: строк о двух и более предложениях 429 — покрыты предложениями 392 (91%), покрыты вопросной половиной пары 33 (7%), покрыты ОБЪЯВЛЕННЫМ ПРЕДМЕТОМ 4 (0%), НЕ ПОКРЫТО НИЧЕМ 0 (0%, рубеж 0) в 0 мирах; форм предмета объявлено 65, из них без дела 0
2026-09-10T03:57:10Z	bench_leak.py	0	ТЕЧЬ ПОЛОСЫ PASS: тактов 726, вопрос такта стои́т в своде 0 (рубеж 0); та же формулировка с ИНЫМИ числами 8, совпадений СКЕЛЕТА 0 — считано, но не судимо; полоса t7_svamp_s1.jsonl (244288 байт), свод GENESIS-FULL.txt (35205987 байт)
2026-09-10T04:02:02Z	shelf_court.py	2	
2026-09-10T04:16:32Z	arith_court.py	0	АРИФМЕТИКА PASS: 0 ложных равенств из 148773 судимых (214 файлов, неразобрано 128539)
2026-09-10T04:16:37Z	algo_court.py	0	АЛГОРИТМЫ PASS: 0 ложных утверждений из 2990 судимых (214 файлов)
2026-09-10T04:20:15Z	formula_court.py	0	ФОРМУЛЫ PASS: 0 ложных записей из 2919 судимых (214 файлов)
2026-09-10T04:20:22Z	logic_court.py	0	ЛОГИКА PASS: 0 ложных утверждений из 734 судимых (214 файлов)
2026-09-10T04:20:23Z	physics_court.py	0	ФИЗИКА PASS: 0 ложных утверждений из 1436 судимых (214 файлов)
2026-09-10T04:20:29Z	cyber_court.py	0	КИБЕРНЕТИКА PASS: 0 ложных утверждений из 1288 судимых (214 файлов)
2026-09-10T04:20:36Z	agreement_court.py	0	СОГЛАСОВАНИЕ PASS: 0 рассогласований при рубеже 0 (5083 верных, 214 файлов, закон 2)
2026-09-10T04:20:41Z	notation_court.py	0	ЗАПИСЬ PASS: 0 ложных записей из 1270 судимых (214 файлов)
2026-09-10T04:20:43Z	unit_court.py	0	ЕДИНИЦЫ PASS: 0 ложных переводов из 686 судимых (214 файлов)
2026-09-10T04:20:46Z	number_court.py	0	ЧИСЛА PASS: 0 ложных из 4220 судимых (214 файлов)
2026-09-10T04:20:51Z	inquiry_court.py	0	ДОЗНАНИЕ PASS: 0 ложных из 3915 судимых (214 файлов)
2026-09-10T04:20:52Z	surfaces_court.py	0	ПОВЕРХНОСТИ PASS: 0 ложных из 2200 судимых (214 файлов)
2026-09-10T04:20:54Z	markdown_court.py	0	РАЗМЕТКА-ПОЛНАЯ PASS: 0 ложных из 3848 судимых (214 файлов, обратимость дома цела)
2026-09-10T04:20:56Z	doctree_court.py	0	СТРУКТУРА PASS: 0 ложных из 516 судимых (214 файлов, дерево обратимо)
2026-09-10T04:20:59Z	rates_court.py	0	СТАВКИ PASS: 0 ложных из 758 судимых (214 файлов)
2026-09-10T04:21:03Z	formula_lang_court.py	0	КОНВЕРСИЯ PASS: 0 ложных из 2583 судимых (214 файлов)
2026-09-10T04:21:07Z	percent_court.py	0	ПРОЦЕНТЫ PASS: 0 ложных из 560 судимых (214 файлов)
2026-09-10T04:21:08Z	average_court.py	0	СВОДКА PASS: 0 ложных из 1300 судимых (214 файлов)
2026-09-10T04:21:14Z	equation_court.py	0	УРАВНЕНИЕ PASS: 0 ложных из 3340 судимых (214 файлов)
2026-09-10T04:21:16Z	dataformat_court.py	0	ФОРМАТЫ PASS: 0 ложных из 640 судимых (214 файлов, обратимость дома цела)
2026-09-10T04:21:27Z	everyday_court.py	0	БЫТ PASS: 0 ложных из 4556 судимых (214 файлов)
2026-09-10T04:21:29Z	story_chain_court.py	0	ЦЕПОЧКА PASS: 0 ложных из 890 судимых (214 файлов)
2026-09-10T04:21:32Z	age_court.py	0	ВОЗРАСТ PASS: 0 ложных из 900 судимых (214 файлов)
2026-09-10T04:21:36Z	halves_court.py	0	ПОЛОВИНЫ PASS: 0 ложных из 1028 судимых (214 файлов)
2026-09-10T04:21:42Z	inquiry_de_fr_court.py	0	ДОЗНАНИЕ-DE-FR PASS: 0 ложных из 2108 судимых (214 файлов)
2026-09-10T04:21:43Z	ru_conversion_court.py	0	РУССКИЙ ПЕРЕВОД PASS: 0 ложных из 68 судимых (214 файлов)
2026-09-10T04:21:44Z	selfmeasure_court.py	0	РАССКАЗ О СЕБЕ PASS: 0 ложных из 59 судимых (214 файлов)
2026-09-10T04:21:45Z	ru_compare_court.py	0	РУССКОЕ СРАВНЕНИЕ PASS: 0 ложных из 150 судимых (214 файлов)
2026-09-10T04:21:46Z	ru_story_court.py	0	РУССКАЯ ЗАДАЧА PASS: 0 ложных из 658 судимых (214 файлов)
2026-09-10T04:21:50Z	inquiry_es_it_court.py	0	ДОЗНАНИЕ-ES-IT PASS: 0 ложных из 1480 судимых (214 файлов)
2026-09-10T04:21:55Z	share_court.py	0	ДОЛЯ PASS: 0 ложных из 2396 судимых (214 файлов)
2026-09-10T04:21:58Z	compare_mult_court.py	0	КРАТНОЕ PASS: 0 ложных из 2797 судимых (214 файлов)
2026-09-10T04:22:04Z	sequence_court.py	0	ПОСЛЕДОВАТЕЛЬНОСТИ PASS: 0 ложных из 2616 судимых (214 файлов)
2026-09-10T04:22:10Z	geometry_court.py	0	ГЕОМЕТРИЯ PASS: 0 ложных из 2438 судимых (214 файлов)
2026-09-10T04:22:15Z	linalg_court.py	0	ВЕКТОР PASS: 0 ложных из 3726 судимых (214 файлов)
2026-09-10T04:22:17Z	calendar_court.py	0	КАЛЕНДАРЬ PASS: 0 ложных из 902 судимых (214 файлов)
2026-09-10T04:22:20Z	speech_court.py	0	РЕЧЬ PASS: 0 ложных из 1960 судимых (214 файлов)
2026-09-10T04:22:26Z	rugram_court.py	0	РУССКОЕ СОГЛАСОВАНИЕ PASS: 0 ложных из 19065 судимых (214 файлов)
2026-09-10T04:22:31Z	physlaw_court.py	0	ЗАКОНЫ ФИЗИКИ PASS: 0 ложных из 830 судимых (214 файлов)
2026-09-10T04:22:37Z	compsci_court.py	0	ИНФОРМАТИКА PASS: 0 ложных из 1368 судимых (214 файлов)
2026-09-10T04:22:39Z	case_court.py	0	ПАДЕЖ PASS: 0 ложных из 1066 судимых (214 файлов)
2026-09-10T04:22:43Z	valence_court.py	0	ОЦЕНКА PASS: 0 ложных из 1256 судимых (214 файлов)
2026-09-10T04:22:46Z	shadow_court.py	0	ЗАТЕНЕНИЕ PASS: 0 имён определены дважды (605 файлов, рубеж 0)
2026-09-10T04:24:00Z	syllabus_court.py	0	ПОЛНОТА PASS: 0 предметов свода не покрыты из 62 (рубеж 0, 214 файлов)
2026-09-10T04:24:30Z	richness_court.py	0	БОГАТСТВО[показано] PASS: не показаны 0 форм из 20 и 0 стыков из 6 (рубеж 0, 214 файлов); КУПЛЕНО и ИСПОЛНЕНО мерятся на стороне организма
2026-09-10T04:24:55Z	langpack_court.py	0	ЯЗЫКИ PASS: 29 зелёных из 29, красных 0 (рубеж 6)
2026-09-10T04:24:55Z	langrule_court.py	0	ПРАВИЛО ЯЗЫКА PASS: 0 разладов формы с правилом из 1014 сверенных (19 пакетов с правилом из 29)
2026-09-10T04:39:54Z	claims_court.py	0	РОДЫ PASS: 0 строк прочтены НЕ ХОЗЯИНОМ рода из 47831 с видимым родом (рубеж 0, 214 файлов, родов объявлено 4)
2026-09-10T04:40:03Z	program_court.py	0	ПРОГРАММЫ PASS: 0 ложных из 1078 судимых (214 файлов)
2026-09-10T04:40:17Z	statistics_court.py	0	СТАТИСТИКА PASS: 0 ложных из 1196 судимых (214 файлов)
2026-09-10T04:40:25Z	proof_court.py	0	ДОКАЗАТЕЛЬСТВО PASS: 0 ложных из 663 судимых (214 файлов)
2026-09-10T04:40:29Z	machine_court.py	0	МАШИНА PASS: 0 ложных из 1846 судимых (214 файлов)
2026-09-10T04:40:46Z	episode_court.py	0	ЭПИЗОД PASS: 0 ложных из 10270 судимых (214 файлов), вне владения 11 слов: ['day', 'dollar', 'foot', 'kilometer', 'leaf']
2026-09-10T04:40:56Z	copula_court.py	0	СВЯЗКИ PASS: 0 ложных из 500 судимых (214 файлов), НЕЗНАКОМЫХ ПАР 40615: ["cause: philosophy is literally, the love of, including the search after, wisdom; in actual usage, the knowledge of phenomena as explained by, and resolved into, / and reasons, powers and laws: webster's unabridged dictionary, 1913", 'cause: электричество — это то, содержащееся в теле, что сообщает этому телу особые свойства, / в нем способность действовать механически на некоторые другие тела, притягивать или при известных условиях отталкивать их, а также вызывает в самом этом теле способность испытывать подобные же механические действия других тел: эсбе, статья «электричество»', 'contain: does the node body contain the node liquid? in the tree of kinds the node body / the node liquid']
2026-09-10T04:41:05Z	markup_court.py	0	РАЗМЕТКА PASS: 0 ложных из 3830 судимых (214 файлов)
2026-09-10T04:41:52Z	langlayer_court.py	0	ПЛАСТ PASS: 0 необъявленных слов (106737 строк, 29 пластов)
2026-09-10T04:41:54Z	langform_court.py	0	ФОРМА ПЛАСТА PASS: 0 ложных из 83433 судимых (106737 строк пласта, 29 пластов, дословных 940, рамок без опознавателя 3, рубеж 0)
2026-09-10T04:41:54Z	gsm_census.py	0	GSM-CENSUS PASS: 0 расхождений (72 выведено, 69 в слое, 3 удержано)
2026-09-10T04:45:08Z	reproducible.py	0	ВОСПРОИЗВОДИМОСТЬ PASS: 0 расхождений из 207 сличённых (без объявленной цели 0, рубеж 0)
2026-09-10T04:45:08Z	bash32_court.py	0	BASH32-COURT PASS: ни одного имени, съедаемого bash 3.2; скриптов проверено: 6
2026-09-10T04:45:10Z	empty_in_court.py	0	ПУСТОЕ ВХОЖДЕНИЕ PASS: срезов, сличаемых со строковым литералом, 0 (рубеж 0); файлов 617
2026-09-10T04:45:12Z	lawfirst_court.py	0	ЗАКОН ПЕРВЫМ PASS: докстрингов, сдвинутых с первого места, 0 (рубеж 0); файлов 617
2026-09-10T04:49:21Z	house_selfcheck.py	0	САМОПРОВЕРКА ДОМА PASS: домов с самопроверкой 93, КРАСНЫХ 0 (рубеж 0); орудий руки 10 — объявлены поимённо и не зовутся
2026-09-10T04:49:23Z	manifest_court.py	0	МАНИФЕСТ PASS: 0 разладов объявления с делом (427 миров, сборок 6, обязательств дела 235)
2026-09-10T05:33:42Z	prose_court.py	0	ПРОЗА PASS: 0 разладов объявления (рубеж 0) и 433 возражений судов (рубеж 433, чтение вне подсудности) — 207 миров, 1171830 строк, прочтено 14116 (1%), судов живых 169
2026-09-10T05:33:49Z	mutants.py	0	МУТАНТЫ PASS: 9 полей из 9 поймали свою подсадку, чужих задето 0
2026-09-10T05:33:51Z	lexicon_reach.py	0	ОХВАТ PASS: 366 из 366 объявленных слов прожиты >=2 раз (100% при рубеже 100%)
2026-09-10T05:33:55Z	inquiry_pt_nl_court.py	0	ДОЗНАНИЕ-PT-NL PASS: 0 ложных из 2108 судимых (214 файлов)
2026-09-10T05:33:58Z	inquiry_pl_tr_court.py	0	ДОЗНАНИЕ-PL-TR PASS: 0 ложных из 1537 судимых (214 файлов)
2026-09-10T05:34:02Z	metalang_court.py	0	МЕТАЯЗЫК PASS: 0 ложных из 1849 судимых (214 файлов)
2026-09-10T05:34:03Z	glyph_court.py	0	ГЛИФЫ PASS: 0 ложных, 1101 истинных, 0 несудимых
2026-09-10T05:34:03Z	space_court.py	0	ПРОСТРАНСТВО PASS: 0 ложных, 2301 истинных, 0 несудимых
2026-09-10T05:34:03Z	stenogram_court.py	0	СТЕНОГРАММЫ PASS: 0 ложных, 550 истинных, 0 несудимых
2026-09-10T05:34:04Z	mathspaces_court.py	0	ПРОСТРАНСТВА PASS: 0 ложных, 814 истинных, 0 несудимых
2026-09-10T05:34:04Z	gsmforms_court.py	0	ШКОЛЬНЫЕ ФОРМЫ PASS: 0 ложных, 2591 истинных, 0 несудимых
2026-09-10T05:34:16Z	definitions_court.py	0	ОПРЕДЕЛЕНИЯ PASS: 0 ложных, 2141 истинных, 0 несудимых
2026-09-10T05:34:17Z	pronoun_court.py	0	МЕСТОИМЕНИЯ PASS: 0 ложных из 480 судимых, несудимых 0
2026-09-10T05:34:17Z	money_court.py	0	ДЕНЬГИ PASS: 0 ложных из 450 судимых, несудимых 0
2026-09-10T05:34:18Z	holes_court.py	0	ДЫРЫ PASS: 0 ложных из 6640 судимых, несудимых 0
2026-09-10T05:34:18Z	money_langs_court.py	0	ДЕНЬГИ НА ЯЗЫКАХ PASS: 0 ложных из 1188 судимых, несудимых 0
2026-09-10T05:34:19Z	geometry_langs_court.py	0	ГЕОМЕТРИЯ НА ЯЗЫКАХ PASS: 0 ложных из 960 судимых, несудимых 0
2026-09-10T05:34:19Z	units_langs_court.py	0	ЕДИНИЦЫ НА ЯЗЫКАХ PASS: 0 ложных из 640 судимых, несудимых 0
2026-09-10T05:34:19Z	stats_langs_court.py	0	СВОДКА НА ЯЗЫКАХ PASS: 0 ложных из 480 судимых, несудимых 0
2026-09-10T05:34:20Z	calendar_langs_court.py	0	НЕДЕЛЯ НА ЯЗЫКАХ PASS: 0 ложных из 1120 судимых, несудимых 0
2026-09-10T05:34:20Z	sequences_langs_court.py	0	ПРОГРЕССИИ НА ЯЗЫКАХ PASS: 0 ложных из 320 судимых, несудимых 0
2026-09-10T05:34:20Z	compare_langs_court.py	0	СРАВНЕНИЕ НА ЯЗЫКАХ PASS: 0 ложных из 480 судимых, несудимых 0
2026-09-10T05:34:21Z	share_langs_court.py	0	ДОЛИ НА ЯЗЫКАХ PASS: 0 ложных из 560 судимых, несудимых 0
2026-09-10T05:34:21Z	physics_langs_court.py	0	ФИЗИКА НА ЯЗЫКАХ PASS: 0 ложных из 480 судимых, несудимых 0
2026-09-10T05:34:27Z	relation_court.py	0	СТРОЕНИЕ PASS: 0 ложных из 2092 судимых (214 файлов, структуры обходимы)
2026-09-10T05:48:51Z	court_mutants.py	0	МУТАНТЫ СУДОВ PASS: 148 поймали, 1 онемели, 0 не поймали (рубеж 1), 4 со свободным числом, 15 без числовой истинной строки, 0 без истинной строки вовсе (судов 168)
2026-09-10T05:48:57Z	panel_court.py	0	СОСТАВ PASS: 0 расхождений (рубеж 0) — палата: судов живых 169, незаявленных 0, призраков 0; набор: приборов 120, вне набора 0, призраков 0
2026-09-10T05:49:03Z	concept_reach.py	0	ОХВАТ ПОНЯТИЯ PASS: 3841 из 22032 предметов показаны (17%); не показано из НАШИХ сводов 4975 (рубеж 6556), из полки 13216 — 207 корпусов прозы, отсеяно рубрик 670, слов в показах 17029
2026-09-10T05:53:36Z	ask_reach.py	0	ВОПРОСНАЯ ПОВЕРХНОСТЬ ОТЧЁТ: 214 из 214 миров спрашивают, только сообщают 0; вопросных строк 256327 из 402470 (63%); миров с непроверяемым вопросом 0
2026-09-10T05:53:39Z	band_reach.py	0	МИР × ПОЛОСА ОТЧЁТ: строк реестра 46, исполнимых опознаний 29, расхождений записи 3, родов без мира 14; миров показов 214, из них без полосы 203; полос в реестре 5
2026-09-10T05:53:40Z	biblio_reach.py	0	БИБЛИОТЕКА PASS: названо 1684 источников (12 трудов по заглавию, 1672 по автору с годом), НЕТ НА ПОЛКЕ 1549 — из них свободно по праву 320, защищено 1223; корпусов прозы 7
2026-09-10T05:53:46Z	ruverbs_court.py	0	РУССКИЕ ГЛАГОЛЫ PASS: 0 ложных из 881 судимых (427 файлов, рубеж 0)
2026-09-10T05:54:02Z	script_court.py	0	ПИСЬМО PASS: 0 смешанных слов в 402470 строках показов (214 файлов, рубеж 0)
2026-09-10T05:56:54Z	word_mutants.py	0	ПОДСАДКА СЛОВОМ PASS: проб 4817 — ПОЙМАН 4557 (94%), ОНЕМЕЛ 184 (3%), НЕ ПОЙМАН 76 (1%); строк без слова 13889; миров с дырой 25
2026-09-10T05:59:11Z	verdict_cover.py	0	ПОКРЫТИЕ ВЕРДИКТА PASS: строк 427, слов 3137 — ЧИТАНО 2738 (87%), НЕМО 124 (3%), СЛЕПО 275 (8%, рубеж 343); судов со слепыми словами 36 из 168
2026-09-10T06:01:30Z	sentence_cover.py	0	ПОКРЫТИЕ ПРЕДЛОЖЕНИЯМИ PASS: строк о двух и более предложениях 429 — покрыты предложениями 392 (91%), покрыты вопросной половиной пары 33 (7%), покрыты ОБЪЯВЛЕННЫМ ПРЕДМЕТОМ 4 (0%), НЕ ПОКРЫТО НИЧЕМ 0 (0%, рубеж 0) в 0 мирах; форм предмета объявлено 65, из них без дела 0
2026-09-10T06:01:42Z	bench_leak.py	0	ТЕЧЬ ПОЛОСЫ PASS: тактов 726, вопрос такта стои́т в своде 0 (рубеж 0); та же формулировка с ИНЫМИ числами 8, совпадений СКЕЛЕТА 0 — считано, но не судимо; полоса t7_svamp_s1.jsonl (244288 байт), свод GENESIS-FULL.txt (35205987 байт)
2026-09-10T06:09:43Z	shelf_court.py	0	ПОЛКА PASS: 0 разладов объявления с делом (рубеж 0), никем не читаемых 174 миров, недоговорено 5 — оба числа считаны, но не судимы — 200 миров полки, судов живых 169
2026-09-10T06:30:45Z	ask_width.py	0	ШИРОТА ВОПРОСА PASS: 8820 из 9680 родов суда имеют вопросную поверхность (91%); БЕЗ ВОПРОСА 860 (рубеж 861) — от судов 860, от манифеста 0; роды объявлены судами (86 из 172, образцов 10388, вопросных слов от пакетов 261); от манифеста 0 актов в 0 мирах — с вопросом 0, без 0, не разрешено 0; строк без рода 36991 из 402470
2026-09-10T06:31:05Z	notationvar_court.py	0	НАЧЕРТАНИЕ PASS: 0 ложных из 24031 судимых (427 файлов, рубеж 0)
2026-09-10T06:45:35Z	prosetree_court.py	0	ДЕРЕВО ПРОЗЫ PASS: 45 ложных из 11339 судимых (207 файлов)
2026-09-10T06:45:39Z	longdiv_court.py	0	УГОЛ PASS: 0 ложных из 1322 судимых (214 файлов)
2026-09-10T07:03:55Z	form_census.py	0	ПЕРЕПИСЬ ФОРМ ОТЧЁТ: строк 402470, рамок 110219 (масса ≥ 9: 11404), родов 60351 (масса ≥ 9: 12468); минимальный корпус при массе 9: 295798 строк по рамкам (73 %), 215359 по родам (53 %); насыщение: последняя доля даёт 308 новых рамок и 253 новых РОДОВ на тысячу строк
2026-09-10T07:04:05Z	verbthings_court.py	0	ГЛАГОЛ–ВЕЩЬ PASS: 0 чужих пар глагол–вещь в 402470 строках показов (214 файлов, рубеж 0)
2026-09-10T10:31:11Z	coverage.py	0	СУДИМОСТЬ PASS: 402470 из 402470 строк судимы (100% при рубеже 100%, судов живых 169), слепых 0, зачтено словарём пакета 0 (0% свода, долг 0)
2026-09-10T10:31:12Z	behavior_court.py	0	ПОВЕДЕНЧЕСКИЕ ЗАКОНЫ PASS: 0 ложных из 1635 судимых, несудимых 0
2026-09-10T10:31:13Z	topics_court.py	0	БЫТОВЫЕ ТЕМЫ PASS: 0 ложных из 1104 судимых, несудимых 0
2026-09-10T10:31:13Z	nature_court.py	0	ПРИРОДА PASS: 0 ложных из 1050 судимых, несудимых 0
2026-09-10T10:31:15Z	links_court.py	0	СВЯЗКИ РАЗГОВОРА PASS: 0 ложных из 17566 судимых, несудимых 0
2026-09-10T10:31:16Z	scale_court.py	0	ШКАЛА PASS: 0 ложных из 747 судимых, несудимых 0
2026-09-10T10:31:17Z	opposites_court.py	0	ПРОТИВОПОЛОЖНОСТИ PASS: 0 ложных из 648 судимых, несудимых 0
2026-09-10T10:31:18Z	roles_court.py	0	РОЛЕВЫЕ ВОПРОСЫ PASS: 0 ложных из 144 судимых, несудимых 0
2026-09-10T10:31:19Z	joints_court.py	0	СОЧЛЕНЕНИЯ PASS: 0 ложных из 2700 судимых, несудимых 0
2026-09-10T10:31:20Z	dialogue_court.py	0	РЕЧЕВОЙ ОБИХОД PASS: 0 ложных из 2052 судимых, несудимых 0
2026-09-10T10:31:21Z	worldfacts_court.py	0	ФАКТЫ МИРА PASS: 0 ложных из 2779 судимых, несудимых 0, двойников чужих миров 0
2026-09-10T10:31:22Z	infer_court.py	0	СТРОГИЙ ВЫВОД PASS: 0 ложных из 1080 судимых, несудимых 0; подсадок поймано 5 из 5
2026-09-10T10:31:24Z	circle_probe.py	0	КРУГ PASS: 0 кругов из 3797 причинных ответов (219959 вопросных строк всего); отказов 1724, из них БЕЗ ОСНОВАНИЯ 0; отрицаний 14569, из них БЕЗ ОСНОВАНИЯ 0; подсадок поймано 2 из 2, ложных тревог 0
2026-09-10T10:31:26Z	agree_probe.py	0	СОГЛАСИЕ ДОМОВ PASS: 0 споров из 12 предметов, о которых говорит больше одного дома (всего предметов 708, домов сличено 3); подсадка сходится; разный уровень ОДНОЙ лестницы (согласие) 6
2026-09-10T10:31:26Z	shelf_declare.py	0	ПОЛКА БЕЗ ОБЪЯВЛЕНИЯ PASS: 0 книг лежали на диске без записи (в договоре 21, в манифесте 427 миров)
2026-09-10T10:35:22Z	house_reach.py	0	  истина fracforms признаёт numberline: 10
2026-09-10T10:35:24Z	head_census.py	0	ПЕРЕПИСЬ ГОЛОВ: голов 2600 на 218380 вопросных строк (по 2 слова); ОДИНОЧЕК 376 (14 %), они несут 376 строк — столько же, сколько голов
2026-09-10T10:35:26Z	form_matrix.py	0	ЩЕРБАТОСТЬ ДОМОВ: 1 щербатых форм из 161 (0 %), домов 23
2026-09-10T10:35:26Z	disj_court.py	0	ИСКЛЮЧЕНИЕ PASS: 0 ложных из 216 судимых, несудимых 0; подсадок поймано 3 из 3
2026-09-10T10:35:26Z	indu_court.py	0	ПОСПЕШНОСТЬ PASS: 0 ложных из 102 судимых, несудимых 0; подсадок поймано 13 из 13
2026-09-10T10:35:27Z	houseshows_court.py	0	ПОКАЗ ДОМА PASS: домов 6, показов собрано 12742; строк своих 8479, ВНЕ ДОМА 0 (рубеж 0)
2026-09-10T10:35:28Z	article_court.py	0	АРТИКЛЬ PASS: 0 ложных из 1374 судимых (рубеж 0); имён объявлено 50
2026-09-10T10:35:31Z	rowframe_court.py	0	РАМКА РЯДА PASS: 0 ложных из 19674 судимых рядов (рубеж 0)
2026-09-10T10:35:36Z	opchoice_court.py	0	ВЫБОР ДЕЙСТВИЯ PASS: 0 ложных из 432 судимых (рубеж 0); оборотов объявлено 12
2026-09-10T10:35:36Z	analog_court.py	0	ПОДОБИЕ PASS: 0 ложных из 144 судимых, несудимых 0; подсадок поймано 3 из 3
2026-09-10T10:35:37Z	reply_court.py	0	ОТКЛИК PASS: 0 ложных из 54 судимых, несудимых 0; подсадок поймано 3 из 3
2026-09-10T10:37:13Z	register_pairs.py	0	ПАРА РЕГИСТРА PASS: пар 5298, одной дырой 4749 (89 %), дыр больше 549, ПОРОКОВ 0 (рубеж 0), без пары 0
2026-09-10T10:37:21Z	register_purity.py	0	ЧИСТОТА РЕГИСТРА: неформальных показов 21678, говорящих вежливо 0 (0 %), из них имеющих и вежливую пару 0; мест 0
2026-09-10T10:37:29Z	prefix_traps.py	0	ЛОВУШКА НАЧАЛА PASS: домов с судом по началу строки 0 (рубеж 0), проб 2320, пойманных удвоений 0
2026-09-10T10:37:37Z	sign_traps.py	0	ЛОВУШКА ЗНАКА PASS: домов, немеющих на подмене СВОЕГО знака, 0 (рубеж 0); проб 1281, поймано 1281, немых проб 0; палата ловит их все (замер 144 из 144)
2026-09-10T10:37:37Z	strat_slice.py	0	СТРАТИФИЦИРОВАННЫЙ СРЕЗ PASS: миров 214 из 214 (без страниц 0, рубеж 0), строк 215416, байт 19820800, подпись 7d84060ce54ee8c4; потолок 1500 строк с мира, урезано миров 89; datasets/GENESIS-STRAT.txt
2026-09-10T10:39:47Z	house_rejects.py	0	ОТВЕРГНУТО ПО ИМЕНИ PASS: домов, чью объявленную порчу не увидел никто, 0 (рубеж 0); домов 214, проб 2310, отвергнуто 2278
2026-09-10T10:39:49Z	root_passport.py	0	ПАСПОРТ КОРНЕЙ PASS: корней 5, разладов объявления с делом 0 (рубеж 0)
2026-09-10T10:39:49Z	pack_singular_risk.py	0	ВОЛОСОК ЕДИНСТВЕННОГО PASS: пакетов на жребии 0 (рубеж 0); прямо называют 29, счёта в показах нет у 0; пакетов всего 29
2026-09-10T10:39:50Z	cell_shown.py	0	ЯЧЕЙКА БЕЗ ПОКАЗА PASS: обещано 706, показано 694 (98 %), без показа 12 (рубеж 32)
2026-09-10T10:39:57Z	idle_word.py	0	ПРАЗДНОЕ СЛОВО PASS: форм объявлено 3830, праздных 0 (рубеж 0); пакетов 29, свод GENESIS-FULL.txt (30173832 знаков)
2026-09-10T10:39:58Z	form_unshown.py	0	ФОРМА БЕЗ ПОКАЗА PASS: объявлено 3576, показано 3576 (100 %), без показа 0 (рубеж 0); пакетов 29
2026-09-10T10:40:01Z	one_singular.py	0	ЕДИНСТВЕННОЕ ПРИ ЕДИНИЦЕ PASS: обещано 159 имён, единица показана 159 (100 %), БЕЗ ЕДИНИЦЫ 0 (рубеж 0); лжи письма 0 (рубеж 0); пар в пакете 163
2026-09-10T10:40:02Z	template_word.py	0	СЛОВО ШАБЛОНА БЕЗ ОБЪЯВЛЕНИЯ PASS: разных слов 0 (рубеж 0) в 0 пакетах из 26 считанных; слов в шаблонах 1549
2026-09-10T10:40:03Z	signless_census.py	0	ПЕРЕПИСЬ БЕЗЗНАКОВЫХ: строк осмотрено 5800 из 29 пластов; БЕЗ ЗНАКА НИ ОДНОГО ЯЗЫКА 818 (14 %); знак дало бы единоличное слово 49 (6 %); слов в указателе 6889, единоличных 6089
2026-09-10T10:41:27Z	operator_share.py	0	ДОЛЯ ОПЕРАТОРА PASS: слов действия 36; НИЖЕ 5 % — 3 (рубеж 3): más (es) 3.8 %, mais (pt) 4.5 %, più (it) 4.5 %; самое низкое más (es) 3.8 %, самое высокое vermenigvuldigd met (nl) 100.0 %
2026-09-10T10:41:35Z	key_support.py	0	КЛЮЧ БЕЗ ОПОРЫ PASS: вопросов 3622, родов 633; РОДОВ НИЖЕ LAW³=8 страниц — 6 (рубеж 6), и они держат 9 вопросов ключа (0.2 %)
2026-09-10T10:41:35Z	half_law.py	0	ПОЛОВИНЧАТЫЙ ЗАКОН PASS: домов с литеральным множественным 2; БЕЗЗАКОННЫХ 0 (рубеж 0, мест 0); половинчатых 2 (МЕСТ 3, рубеж 3)
2026-09-10T10:41:47Z	unknown_name.py	0	НЕВЕДОМОЕ ИМЯ PASS: английских строк 115543, слов при числе 614; НЕВЕДОМЫХ ИМЁН 0 (рубеж 0); отсеяно обратным знаком 5, оспорено чужой клеткой 3; объявлено пакетом 163 имён
2026-09-10T10:45:53Z	stale_world.py	0	МИР БЕЗ ПРЕДЪЯВЛЕНИЯ PASS: миров 212, проб 8480; РАЗОШЕДШИХСЯ С ПАЛАТОЙ 0 (рубеж 0); ложных строк 0, немых 6
2026-09-10T10:46:48Z	agree_traps.py	0	ЛОВУШКА СОГЛАСОВАНИЯ PASS: миров 214, проб 573, поймано 573; МИРОВ, ГДЕ ПОРЧА НЕ ПОЙМАНА, 0 (рубеж 0); миров под ОБЩИМ ЗАКОНОМ ЯЗЫКА 78 — разделение труда, а не долг
2026-09-10T10:46:49Z	wrong_sign.py	0	ЗНАК НЕ ТОТ PASS: строк осмотрено 5800 из 29 пластов; ЗНАК НАЗВАЛ ЧУЖОЙ ЯЗЫК 0 (0.0 %, рубеж 0); свой 4904, молчит 896 (их считает перепись беззнаковых)
2026-09-10T10:46:49Z	debt_mark.py	0	МЕТКА ДОЛГА PASS: разладов 0 (рубеж 0), скрытых 0 (рубеж 0); долг по меткам 12268, по законам 12268
2026-09-10T10:47:39Z	copula_band.py	0	СВЯЗКА ПО ПОЛОСЕ PASS: страниц со связкой не по полосе 0 (рубеж 0); оборотов бытия не по числу 0 (рубеж 0); домов, немеющих на подмене связки, 0 (рубеж 0); проб 188, поймано 188
2026-09-10T10:47:53Z	past_gender.py	0	РОД ПРОШЕДШЕГО PASS: не по роду 0 (рубеж 0); несуществующих форм 0 (рубеж 0); домов, слепых на подмене рода, 0 (рубеж 0); проб 242, поймано 242, немых 0, пропущено 0
2026-09-10T10:48:03Z	word_once.py	0	СЛОВО ОДНАЖДЫ PASS: слов, показанных РОВНО РАЗ, 317 (рубеж 317); миров с такими словами 16 из 211
2026-09-10T10:48:20Z	article_sound.py	0	АРТИКЛЬ ПО ЗВУКУ PASS: строк не по звуку 0 (рубеж 0); палата пропустила 0 из 40 (рубеж 0), поймала 40
2026-09-10T10:48:25Z	elision.py	0	ЭЛИЗИЯ PASS: строк без элизии 37 (рубеж 37); миров с долгом 5; пар объявлено 11
2026-09-10T10:48:26Z	threshold_census.py	0	ПЕРЕПИСЬ ПОРОГОВ: именованных 52 (объявлено 37, храповиков 14, ВКУС 1); встроенных сравнений от трёх 132 (печать 166, без основания рядом 110 — ВЕРХНЯЯ ОЦЕНКА: строй и порог здесь не разделены); папки scripts courts
2026-09-10T10:48:27Z	denominator_census.py	0	ЧИСЛО БЕЗ ЗНАМЕНАТЕЛЯ PASS: приборов в леджере 219, строк без объёма 1, из них НУЛЕЙ без объёма 0 (рубеж 0)
2026-09-10T10:48:28Z	repeat_census.py	0	ПЕРЕПИСЬ ПОВТОРОВ: миров 214, строк 402470, уникальных 287059, копий 115411 (28 %), из них сверх LAW=2: 75913 (18 %); миров с копиями > 10 %: 88
2026-09-10T10:48:39Z	definitions_reach.py	0	СЛЕД РАЗБОРА ОПРЕДЕЛЕНИЙ: понятий 829, без определения 222, из них полка не знает 68, разбор остановился на названных воротах 154, причина не названа 0 (рубеж 0)
2026-09-10T10:48:41Z	copies_census.py	0	ПЕРЕПИСЬ КОПИЙ PASS: миров через слой 176, сверх LAW=2 0 (рубеж 0); строк 284519, различных 257514, копий 27005, многострочных 5; вне слоя миров 2 (копий 119121) — не судятся; сайдкар datasets/COPIES.tsv
2026-09-10T10:48:42Z	sweep_self.py	1	СВОД СПРАШИВАЕТ СЕБЯ FAIL [FULL-19c8ae8d · читатель 0a84da47 · 400 · seed 5]: сертифицировано 114 из 400, верных 100, ЛЖЕЙ 8 (рубеж 0), немых 286, вне значения (why) 6
2026-09-10T12:36:41Z	court_reach.py	0	ДОСЯГАЕМОСТЬ СУДА PASS (вся палата; судов 169): миров 214, строк 402470, ЛЖЕЙ 0 (рубеж 0), слепых 0 (рубеж 0)
2026-09-10T12:36:49Z	holdout_key.py	0	КЛЮЧ СЛЕДУЮЩЕЙ ТОЧКИ PASS: вопросов 3622 (рубеж 1500), прожитых 0 (рубеж 0); по языкам de 396 en 408 es 404 fr 402 it 402 nl 402 pl 402 pt 402 ru 404; по глубине [0] 1154 [1] 1970 [2+] 498; домов 31; ключ datasets/HOLDOUT-KEY-NEXT.tsv
2026-09-10T12:36:50Z	holdforms_court.py	0	ДЕРЖАНИЯ БЕЗ ГЛАГОЛА PASS: 0 ложных из 6054 судимых, несудимых 0; подсадок поймано 12 из 12
2026-09-10T12:36:52Z	cmpframes_court.py	0	РАМКИ СРАВНЕНИЯ PASS: 0 ложных из 6480 судимых, несудимых 0; подсадок поймано 11 из 11
2026-09-10T12:36:55Z	sceneforms_court.py	0	СЦЕНА PASS: 0 ложных из 3818 судимых, несудимых 0; подсадок поймано 8 из 8
2026-09-10T12:36:57Z	toolforms_court.py	0	ИНСТРУМЕНТ PASS: 0 ложных из 2907 судимых, несудимых 0; подсадок поймано 8 из 8
2026-09-10T12:36:59Z	verifyforms_court.py	0	ВЕРИФИКАЦИЯ PASS: 0 ложных из 3285 судимых, несудимых 0; подсадок поймано 7 из 7
2026-09-10T12:37:01Z	planforms_court.py	0	ПЛАН PASS: 0 ложных из 2520 судимых, несудимых 0; подсадок поймано 9 из 9
2026-09-10T12:37:03Z	episodeforms_court.py	0	ЭПИЗОД PASS: 0 ложных из 5229 судимых, несудимых 0; подсадок поймано 8 из 8
2026-09-10T12:37:07Z	summaryforms_court.py	0	СВОДКА PASS: 0 ложных из 6102 судимых, несудимых 0; подсадок поймано 8 из 8
2026-09-10T12:37:08Z	opforms_court.py	0	ОПЕРАЦИЯ PASS: 0 ложных из 3780 судимых, несудимых 0; подсадок поймано 8 из 8
2026-09-10T12:37:09Z	readnum_court.py	0	ЧИСЛО PASS: 0 ложных из 3240 судимых, несудимых 0; подсадок поймано 8 из 8
2026-09-10T12:37:12Z	mandateforms_court.py	0	МАНДАТ PASS: 0 ложных из 2268 судимых, несудимых 0; подсадок поймано 8 из 8
2026-09-10T12:37:16Z	personforms_court.py	0	ЛИЧНОСТЬ PASS: 0 ложных из 3240 судимых, несудимых 0; подсадок поймано 8 из 8
2026-09-10T12:37:19Z	selfmodelforms_court.py	0	САМОМОДЕЛЬ PASS: 0 ложных из 2097 судимых, несудимых 0; подсадок поймано 8 из 8
2026-09-10T12:37:21Z	signedworld_court.py	0	ЗНАК PASS: 0 ложных из 1296 судимых, несудимых 0; подсадок поймано 8 из 8
2026-09-10T12:37:22Z	beforetails_court.py	0	ХВОСТ PASS: 0 ложных из 3600 судимых, несудимых 0; подсадок поймано 8 из 8
2026-09-10T12:37:23Z	discountroad_court.py	0	СКИДКА PASS: 0 ложных из 2808 судимых, несудимых 0; подсадок поймано 8 из 8
2026-09-10T12:37:29Z	nomention_court.py	0	НЕНАЗВАННОЕ PASS: 0 ложных из 2160 судимых, несудимых 0; подсадок поймано 8 из 8
2026-09-10T12:37:31Z	clockforms_court.py	0	ЧАСЫ PASS: 0 ложных из 1053 судимых, несудимых 0; подсадок поймано 8 из 8
2026-09-10T12:37:33Z	mixedunits_court.py	0	МЕРА PASS: 0 ложных из 882 судимых, несудимых 0; подсадок поймано 8 из 8
2026-09-10T12:37:35Z	dateforms_court.py	0	ДАТА PASS: 0 ложных из 480 судимых, несудимых 0; подсадок поймано 8 из 8
2026-09-10T12:37:36Z	clockwords_court.py	0	ЧАСЫ СЛОВОМ PASS: 0 ложных из 378 судимых, несудимых 0; подсадок поймано 8 из 8
2026-09-10T12:37:38Z	speedforms_court.py	0	СКОРОСТЬ PASS: 0 ложных из 432 судимых, несудимых 0; подсадок поймано 8 из 8
2026-09-10T12:37:38Z	roundforms_court.py	0	ОКРУГЛЕНИЕ PASS: 0 ложных из 432 судимых, несудимых 0; подсадок поймано 8 из 8
2026-09-10T12:37:39Z	orderforms_court.py	0	ПОРЯДОК PASS: 0 ложных из 792 судимых, несудимых 0; подсадок поймано 8 из 8
2026-09-10T12:37:40Z	quantforms_court.py	0	КВАНТОР PASS: 0 ложных из 648 судимых, несудимых 0; подсадок поймано 8 из 8
2026-09-10T12:37:40Z	roman_court.py	0	РИМСКОЕ PASS: 0 ложных из 387 судимых, несудимых 0; подсадок поймано 8 из 8
2026-09-10T12:37:41Z	place_court.py	0	МЕСТО PASS: 0 ложных из 1296 судимых, несудимых 0; подсадок поймано 8 из 8
2026-09-10T12:37:42Z	unitfrac_court.py	0	ДРОБЬ ЕДИНИЦЫ PASS: 0 ложных из 198 судимых, несудимых 0; подсадок поймано 8 из 8
2026-09-10T12:37:43Z	enough_court.py	0	ХВАТИТ PASS: 0 ложных из 324 судимых, несудимых 0; подсадок поймано 8 из 8
2026-09-10T12:37:45Z	numphrase_court.py	0	ФРАЗА ЧИСЛА PASS: 0 ложных из 225 судимых, несудимых 0; подсадок поймано 9 из 9, свободного числа нет (1 язык двигает глагол из 9)
2026-09-10T12:37:46Z	kinbearer_court.py	0	РОДСТВЕННИК PASS: 0 ложных из 486 судимых, несудимых 0; подсадок поймано 9 из 9, носитель не свободен (9 языков × 4 чужих слова)
2026-09-10T12:37:47Z	pronobject_court.py	0	МЕСТОИМЕНИЕ-ОБЪЕКТ PASS: 0 ложных из 864 судимых, несудимых 0; подсадок поймано 9 из 9, род местоимения различают 6 языка из 9
2026-09-10T12:37:47Z	proform_court.py	0	ПРО-ФОРМА PASS: 0 ложных из 288 судимых, несудимых 0; подсадок поймано 9 из 9, род при опущенном имени метят 4 языка из 9
2026-09-10T12:37:50Z	degrees_court.py	0	СТЕПЕНИ PASS: 0 ложных из 270 судимых, несудимых 0; подсадок поймано 8 из 8
2026-09-10T12:37:52Z	actturn_court.py	0	АКТ PASS: 0 ложных из 414 судимых, несудимых 0; подсадок поймано 8 из 8
2026-09-10T12:37:54Z	tempscale_court.py	0	ШКАЛА PASS: 0 ложных из 198 судимых, несудимых 0; подсадок поймано 8 из 8
2026-09-10T12:37:55Z	action_measure_court.py	0	МЕРА ДЕЙСТВИЯ PASS: 0 ложных из 234 судимых, несудимых 0; подсадок поймано 6 из 6
2026-09-10T12:37:55Z	numberline_court.py	0	ЧИСЛОВОЙ РЯД PASS: 0 ложных из 5292 судимых, несудимых 0; подсадок поймано 6 из 6
2026-09-10T12:37:56Z	countfacts_court.py	0	СЧЁТНЫЕ ФАКТЫ PASS: 0 ложных из 315 судимых, несудимых 0; подсадок поймано 6 из 6
2026-09-10T12:37:56Z	letters_court.py	0	БУКВЫ PASS: 0 ложных из 360 судимых, несудимых 0; подсадок поймано 5 из 5
2026-09-10T12:39:44Z	langcount_court.py	0	СЧЁТ НА ДЕВЯТИ ЯЗЫКАХ PASS: 0 ложных из 120065 судимых (рубеж 0)
2026-09-10T12:39:45Z	propcompare_court.py	0	СРАВНЕНИЕ СВОЙСТВ PASS: 0 ложных из 200 судимых, несудимых 0; подсадок поймано 4 из 4
2026-09-10T12:39:45Z	price_court.py	0	ЦЕНА PASS: 0 ложных из 378 судимых, несудимых 0; подсадок поймано 4 из 4
2026-09-10T12:39:45Z	translate_court.py	0	ПЕРЕВОД PASS: 0 ложных из 792 судимых, несудимых 0; подсадок поймано 4 из 4
2026-09-10T12:39:46Z	timeunits_court.py	0	ЕДИНИЦЫ ВРЕМЕНИ PASS: 0 ложных из 420 судимых, несудимых 0; подсадок поймано 3 из 3
2026-09-10T12:39:48Z	svamp_court.py	0	ФОРМЫ SVAMP PASS: 0 ложных из 6794 судимых, несудимых 0; подсадок поймано 10 из 10
2026-09-10T12:39:49Z	measure_langs_court.py	0	МЕРА ДЕЙСТВИЯ НА ЯЗЫКАХ PASS: 0 ложных из 462 судимых, несудимых 0; подсадок поймано 4 из 4
2026-09-10T14:05:03Z	arith_court.py	0	АРИФМЕТИКА PASS: 0 ложных равенств из 148773 судимых (216 файлов, неразобрано 129725)
2026-09-10T14:05:10Z	algo_court.py	0	АЛГОРИТМЫ PASS: 0 ложных утверждений из 2990 судимых (216 файлов)
2026-09-10T14:11:49Z	formula_court.py	0	ФОРМУЛЫ PASS: 0 ложных записей из 2919 судимых (216 файлов)
2026-09-10T14:12:01Z	logic_court.py	0	ЛОГИКА PASS: 0 ложных утверждений из 734 судимых (216 файлов)
2026-09-10T14:12:03Z	physics_court.py	0	ФИЗИКА PASS: 0 ложных утверждений из 1436 судимых (216 файлов)
2026-09-10T14:12:12Z	cyber_court.py	0	КИБЕРНЕТИКА PASS: 0 ложных утверждений из 1288 судимых (216 файлов)
2026-09-10T14:12:22Z	agreement_court.py	0	СОГЛАСОВАНИЕ PASS: 0 рассогласований при рубеже 0 (5083 верных, 216 файлов, закон 2)
2026-09-10T14:12:29Z	notation_court.py	0	ЗАПИСЬ PASS: 0 ложных записей из 1270 судимых (216 файлов)
2026-09-10T14:12:31Z	unit_court.py	0	ЕДИНИЦЫ PASS: 0 ложных переводов из 686 судимых (216 файлов)
2026-09-10T14:12:34Z	number_court.py	0	ЧИСЛА PASS: 0 ложных из 4220 судимых (216 файлов)
2026-09-10T14:12:39Z	inquiry_court.py	0	ДОЗНАНИЕ PASS: 0 ложных из 3915 судимых (216 файлов)
2026-09-10T14:12:41Z	surfaces_court.py	0	ПОВЕРХНОСТИ PASS: 0 ложных из 2200 судимых (216 файлов)
2026-09-10T14:12:44Z	markdown_court.py	0	РАЗМЕТКА-ПОЛНАЯ PASS: 0 ложных из 3848 судимых (216 файлов, обратимость дома цела)
2026-09-10T14:12:45Z	doctree_court.py	0	СТРУКТУРА PASS: 0 ложных из 516 судимых (216 файлов, дерево обратимо)
2026-09-10T14:12:54Z	rates_court.py	0	СТАВКИ PASS: 0 ложных из 758 судимых (216 файлов)
2026-09-10T14:12:59Z	formula_lang_court.py	0	КОНВЕРСИЯ PASS: 0 ложных из 2583 судимых (216 файлов)
2026-09-10T14:13:04Z	percent_court.py	0	ПРОЦЕНТЫ PASS: 0 ложных из 560 судимых (216 файлов)
2026-09-10T14:13:06Z	average_court.py	0	СВОДКА PASS: 0 ложных из 1300 судимых (216 файлов)
2026-09-10T14:13:14Z	equation_court.py	0	УРАВНЕНИЕ PASS: 0 ложных из 3340 судимых (216 файлов)
2026-09-10T14:13:19Z	dataformat_court.py	0	ФОРМАТЫ PASS: 0 ложных из 640 судимых (216 файлов, обратимость дома цела)
2026-09-10T14:13:29Z	everyday_court.py	0	БЫТ PASS: 0 ложных из 4556 судимых (216 файлов)
2026-09-10T14:13:31Z	story_chain_court.py	0	ЦЕПОЧКА PASS: 0 ложных из 890 судимых (216 файлов)
2026-09-10T14:13:33Z	age_court.py	0	ВОЗРАСТ PASS: 0 ложных из 900 судимых (216 файлов)
2026-09-10T14:13:37Z	halves_court.py	0	ПОЛОВИНЫ PASS: 0 ложных из 1028 судимых (216 файлов)
2026-09-10T14:13:42Z	inquiry_de_fr_court.py	0	ДОЗНАНИЕ-DE-FR PASS: 0 ложных из 2108 судимых (216 файлов)
2026-09-10T14:13:43Z	ru_conversion_court.py	0	РУССКИЙ ПЕРЕВОД PASS: 0 ложных из 68 судимых (216 файлов)
2026-09-10T14:13:45Z	selfmeasure_court.py	0	РАССКАЗ О СЕБЕ PASS: 0 ложных из 59 судимых (216 файлов)
2026-09-10T14:13:46Z	ru_compare_court.py	0	РУССКОЕ СРАВНЕНИЕ PASS: 0 ложных из 150 судимых (216 файлов)
2026-09-10T14:13:47Z	ru_story_court.py	0	РУССКАЯ ЗАДАЧА PASS: 0 ложных из 658 судимых (216 файлов)
2026-09-10T14:13:54Z	inquiry_es_it_court.py	0	ДОЗНАНИЕ-ES-IT PASS: 0 ложных из 1480 судимых (216 файлов)
2026-09-10T14:14:00Z	share_court.py	0	ДОЛЯ PASS: 0 ложных из 2396 судимых (216 файлов)
2026-09-10T14:14:06Z	compare_mult_court.py	0	КРАТНОЕ PASS: 0 ложных из 2797 судимых (216 файлов)
2026-09-10T14:14:13Z	sequence_court.py	0	ПОСЛЕДОВАТЕЛЬНОСТИ PASS: 0 ложных из 2616 судимых (216 файлов)
2026-09-10T14:14:19Z	geometry_court.py	0	ГЕОМЕТРИЯ PASS: 0 ложных из 2438 судимых (216 файлов)
2026-09-10T14:14:25Z	linalg_court.py	0	ВЕКТОР PASS: 0 ложных из 3726 судимых (216 файлов)
2026-09-10T14:14:28Z	calendar_court.py	0	КАЛЕНДАРЬ PASS: 0 ложных из 902 судимых (216 файлов)
2026-09-10T14:14:32Z	speech_court.py	0	РЕЧЬ PASS: 0 ложных из 1960 судимых (216 файлов)
2026-09-10T14:14:43Z	rugram_court.py	0	РУССКОЕ СОГЛАСОВАНИЕ PASS: 0 ложных из 19428 судимых (216 файлов)
2026-09-10T14:14:51Z	physlaw_court.py	0	ЗАКОНЫ ФИЗИКИ PASS: 0 ложных из 830 судимых (216 файлов)
2026-09-10T14:14:58Z	compsci_court.py	0	ИНФОРМАТИКА PASS: 0 ложных из 1368 судимых (216 файлов)
2026-09-10T14:15:00Z	case_court.py	0	ПАДЕЖ PASS: 0 ложных из 1066 судимых (216 файлов)
2026-09-10T14:15:04Z	valence_court.py	0	ОЦЕНКА PASS: 0 ложных из 1256 судимых (216 файлов)
2026-09-10T14:15:07Z	shadow_court.py	0	ЗАТЕНЕНИЕ PASS: 0 имён определены дважды (611 файлов, рубеж 0)
2026-09-10T14:17:03Z	syllabus_court.py	0	ПОЛНОТА PASS: 0 предметов свода не покрыты из 62 (рубеж 0, 216 файлов)
2026-09-10T14:18:02Z	richness_court.py	0	БОГАТСТВО[показано] PASS: не показаны 0 форм из 20 и 0 стыков из 6 (рубеж 0, 216 файлов); КУПЛЕНО и ИСПОЛНЕНО мерятся на стороне организма
2026-09-10T14:18:38Z	langpack_court.py	0	ЯЗЫКИ PASS: 29 зелёных из 29, красных 0 (рубеж 6)
2026-09-10T14:18:38Z	langrule_court.py	0	ПРАВИЛО ЯЗЫКА PASS: 0 разладов формы с правилом из 1014 сверенных (19 пакетов с правилом из 29)
2026-09-10T14:44:24Z	claims_court.py	0	РОДЫ PASS: 0 строк прочтены НЕ ХОЗЯИНОМ рода из 48194 с видимым родом (рубеж 0, 216 файлов, родов объявлено 4)
2026-09-10T14:44:33Z	program_court.py	0	ПРОГРАММЫ PASS: 0 ложных из 1078 судимых (216 файлов)
2026-09-10T14:44:44Z	statistics_court.py	0	СТАТИСТИКА PASS: 0 ложных из 1196 судимых (216 файлов)
2026-09-10T14:44:50Z	proof_court.py	0	ДОКАЗАТЕЛЬСТВО PASS: 0 ложных из 663 судимых (216 файлов)
2026-09-10T14:44:54Z	machine_court.py	0	МАШИНА PASS: 0 ложных из 1846 судимых (216 файлов)
2026-09-10T14:45:17Z	episode_court.py	0	ЭПИЗОД PASS: 0 ложных из 10270 судимых (216 файлов), вне владения 11 слов: ['day', 'dollar', 'foot', 'kilometer', 'leaf']
2026-09-10T14:45:24Z	copula_court.py	0	СВЯЗКИ PASS: 0 ложных из 500 судимых (216 файлов), НЕЗНАКОМЫХ ПАР 41090: ["cause: philosophy is literally, the love of, including the search after, wisdom; in actual usage, the knowledge of phenomena as explained by, and resolved into, / and reasons, powers and laws: webster's unabridged dictionary, 1913", 'cause: электричество — это то, содержащееся в теле, что сообщает этому телу особые свойства, / в нем способность действовать механически на некоторые другие тела, притягивать или при известных условиях отталкивать их, а также вызывает в самом этом теле способность испытывать подобные же механические действия других тел: эсбе, статья «электричество»', 'contain: does the node body contain the node liquid? in the tree of kinds the node body / the node liquid']
2026-09-10T14:45:31Z	markup_court.py	0	РАЗМЕТКА PASS: 0 ложных из 3830 судимых (216 файлов)
2026-09-10T14:46:36Z	langlayer_court.py	0	ПЛАСТ PASS: 0 необъявленных слов (106737 строк, 29 пластов)
2026-09-10T14:46:38Z	langform_court.py	0	ФОРМА ПЛАСТА PASS: 0 ложных из 83433 судимых (106737 строк пласта, 29 пластов, дословных 940, рамок без опознавателя 3, рубеж 0)
2026-09-10T14:46:39Z	gsm_census.py	0	GSM-CENSUS PASS: 0 расхождений (72 выведено, 69 в слое, 3 удержано)
2026-09-10T14:50:55Z	reproducible.py	0	ВОСПРОИЗВОДИМОСТЬ PASS: 0 расхождений из 209 сличённых (без объявленной цели 0, рубеж 0)
2026-09-10T14:50:55Z	bash32_court.py	0	BASH32-COURT PASS: ни одного имени, съедаемого bash 3.2; скриптов проверено: 6
2026-09-10T14:50:58Z	empty_in_court.py	0	ПУСТОЕ ВХОЖДЕНИЕ PASS: срезов, сличаемых со строковым литералом, 0 (рубеж 0); файлов 623
2026-09-10T14:51:00Z	lawfirst_court.py	0	ЗАКОН ПЕРВЫМ PASS: докстрингов, сдвинутых с первого места, 0 (рубеж 0); файлов 623
2026-09-10T14:54:50Z	house_selfcheck.py	0	САМОПРОВЕРКА ДОМА PASS: домов с самопроверкой 95, КРАСНЫХ 0 (рубеж 0); орудий руки 10 — объявлены поимённо и не зовутся
2026-09-10T14:54:51Z	manifest_court.py	0	МАНИФЕСТ PASS: 0 разладов объявления с делом (429 миров, сборок 6, обязательств дела 237)
2026-09-10T16:25:26Z	prose_court.py	0	ПРОЗА PASS: 0 разладов объявления (рубеж 0) и 433 возражений судов (рубеж 433, чтение вне подсудности) — 207 миров, 1171830 строк, прочтено 14116 (1%), судов живых 171
2026-09-10T16:25:39Z	mutants.py	0	МУТАНТЫ PASS: 9 полей из 9 поймали свою подсадку, чужих задето 0
2026-09-10T16:25:41Z	lexicon_reach.py	0	ОХВАТ PASS: 366 из 366 объявленных слов прожиты >=2 раз (100% при рубеже 100%)
2026-09-10T16:25:47Z	inquiry_pt_nl_court.py	0	ДОЗНАНИЕ-PT-NL PASS: 0 ложных из 2108 судимых (216 файлов)
2026-09-10T16:25:53Z	inquiry_pl_tr_court.py	0	ДОЗНАНИЕ-PL-TR PASS: 0 ложных из 1537 судимых (216 файлов)
2026-09-10T16:25:59Z	metalang_court.py	0	МЕТАЯЗЫК PASS: 0 ложных из 1849 судимых (216 файлов)
2026-09-10T16:26:00Z	glyph_court.py	0	ГЛИФЫ PASS: 0 ложных, 1101 истинных, 0 несудимых
2026-09-10T16:26:00Z	space_court.py	0	ПРОСТРАНСТВО PASS: 0 ложных, 2301 истинных, 0 несудимых
2026-09-10T16:26:01Z	stenogram_court.py	0	СТЕНОГРАММЫ PASS: 0 ложных, 550 истинных, 0 несудимых
2026-09-10T16:26:02Z	mathspaces_court.py	0	ПРОСТРАНСТВА PASS: 0 ложных, 814 истинных, 0 несудимых
2026-09-10T16:26:02Z	gsmforms_court.py	0	ШКОЛЬНЫЕ ФОРМЫ PASS: 0 ложных, 2591 истинных, 0 несудимых
2026-09-10T16:26:21Z	definitions_court.py	0	ОПРЕДЕЛЕНИЯ PASS: 0 ложных, 2141 истинных, 0 несудимых
2026-09-10T16:26:22Z	pronoun_court.py	0	МЕСТОИМЕНИЯ PASS: 0 ложных из 480 судимых, несудимых 0
2026-09-10T16:26:23Z	money_court.py	0	ДЕНЬГИ PASS: 0 ложных из 450 судимых, несудимых 0
2026-09-10T16:26:24Z	holes_court.py	0	ДЫРЫ PASS: 0 ложных из 6640 судимых, несудимых 0
2026-09-10T16:26:25Z	money_langs_court.py	0	ДЕНЬГИ НА ЯЗЫКАХ PASS: 0 ложных из 1188 судимых, несудимых 0
2026-09-10T16:26:25Z	geometry_langs_court.py	0	ГЕОМЕТРИЯ НА ЯЗЫКАХ PASS: 0 ложных из 960 судимых, несудимых 0
2026-09-10T16:26:26Z	units_langs_court.py	0	ЕДИНИЦЫ НА ЯЗЫКАХ PASS: 0 ложных из 640 судимых, несудимых 0
2026-09-10T16:26:26Z	stats_langs_court.py	0	СВОДКА НА ЯЗЫКАХ PASS: 0 ложных из 480 судимых, несудимых 0
2026-09-10T16:26:27Z	calendar_langs_court.py	0	НЕДЕЛЯ НА ЯЗЫКАХ PASS: 0 ложных из 1120 судимых, несудимых 0
2026-09-10T16:26:27Z	sequences_langs_court.py	0	ПРОГРЕССИИ НА ЯЗЫКАХ PASS: 0 ложных из 320 судимых, несудимых 0
2026-09-10T16:26:28Z	compare_langs_court.py	0	СРАВНЕНИЕ НА ЯЗЫКАХ PASS: 0 ложных из 480 судимых, несудимых 0
2026-09-10T16:26:28Z	share_langs_court.py	0	ДОЛИ НА ЯЗЫКАХ PASS: 0 ложных из 560 судимых, несудимых 0
2026-09-10T16:26:28Z	physics_langs_court.py	0	ФИЗИКА НА ЯЗЫКАХ PASS: 0 ложных из 480 судимых, несудимых 0
2026-09-10T16:26:38Z	relation_court.py	0	СТРОЕНИЕ PASS: 0 ложных из 2092 судимых (216 файлов, структуры обходимы)
2026-09-10T16:37:39Z	court_mutants.py	0	МУТАНТЫ СУДОВ PASS: 150 поймали, 1 онемели, 0 не поймали (рубеж 1), 4 со свободным числом, 15 без числовой истинной строки, 0 без истинной строки вовсе (судов 170)
2026-09-10T16:37:44Z	panel_court.py	1	СОСТАВ FAIL: 1 расхождений (рубеж 0) — палата: судов живых 171, незаявленных 0, призраков 0; набор: приборов 123, вне набора 1, призраков 0
2026-09-10T16:37:48Z	concept_reach.py	0	ОХВАТ ПОНЯТИЯ PASS: 3844 из 22032 предметов показаны (17%); не показано из НАШИХ сводов 4975 (рубеж 6556), из полки 13213 — 207 корпусов прозы, отсеяно рубрик 670, слов в показах 17044
2026-09-10T16:41:24Z	ask_reach.py	0	ВОПРОСНАЯ ПОВЕРХНОСТЬ ОТЧЁТ: 216 из 216 миров спрашивают, только сообщают 0; вопросных строк 257277 из 403420 (63%); миров с непроверяемым вопросом 0
2026-09-10T16:41:26Z	band_reach.py	0	МИР × ПОЛОСА ОТЧЁТ: строк реестра 46, исполнимых опознаний 29, расхождений записи 3, родов без мира 14; миров показов 216, из них без полосы 205; полос в реестре 5
2026-09-10T16:41:28Z	biblio_reach.py	0	БИБЛИОТЕКА PASS: названо 1684 источников (12 трудов по заглавию, 1672 по автору с годом), НЕТ НА ПОЛКЕ 1549 — из них свободно по праву 320, защищено 1223; корпусов прозы 7
2026-09-10T16:41:33Z	ruverbs_court.py	0	РУССКИЕ ГЛАГОЛЫ PASS: 0 ложных из 881 судимых (429 файлов, рубеж 0)
2026-09-10T16:41:47Z	script_court.py	0	ПИСЬМО PASS: 0 смешанных слов в 403420 строках показов (216 файлов, рубеж 0)
2026-09-10T16:44:26Z	word_mutants.py	0	ПОДСАДКА СЛОВОМ PASS: проб 4865 — ПОЙМАН 4605 (94%), ОНЕМЕЛ 184 (3%), НЕ ПОЙМАН 76 (1%); строк без слова 13889; миров с дырой 25
2026-09-10T16:46:45Z	verdict_cover.py	0	ПОКРЫТИЕ ВЕРДИКТА PASS: строк 431, слов 3184 — ЧИТАНО 2785 (87%), НЕМО 124 (3%), СЛЕПО 275 (8%, рубеж 343); судов со слепыми словами 36 из 170
2026-09-10T16:49:04Z	sentence_cover.py	0	ПОКРЫТИЕ ПРЕДЛОЖЕНИЯМИ PASS: строк о двух и более предложениях 435 — покрыты предложениями 397 (91%), покрыты вопросной половиной пары 34 (7%), покрыты ОБЪЯВЛЕННЫМ ПРЕДМЕТОМ 4 (0%), НЕ ПОКРЫТО НИЧЕМ 0 (0%, рубеж 0) в 0 мирах; форм предмета объявлено 65, из них без дела 0
2026-09-10T16:49:16Z	bench_leak.py	0	ТЕЧЬ ПОЛОСЫ PASS: тактов 726, вопрос такта стои́т в своде 0 (рубеж 0); та же формулировка с ИНЫМИ числами 8, совпадений СКЕЛЕТА 0 — считано, но не судимо; полоса t7_svamp_s1.jsonl (244288 байт), свод GENESIS-FULL.txt (35424752 байт)
2026-09-10T16:56:57Z	shelf_court.py	0	ПОЛКА PASS: 0 разладов объявления с делом (рубеж 0), никем не читаемых 174 миров, недоговорено 5 — оба числа считаны, но не судимы — 200 миров полки, судов живых 171
2026-09-10T17:10:11Z	ask_width.py	0	ШИРОТА ВОПРОСА PASS: 8824 из 9684 родов суда имеют вопросную поверхность (91%); БЕЗ ВОПРОСА 860 (рубеж 861) — от судов 860, от манифеста 0; роды объявлены судами (86 из 174, образцов 10388, вопросных слов от пакетов 261); от манифеста 0 актов в 0 мирах — с вопросом 0, без 0, не разрешено 0; строк без рода 36991 из 403420
2026-09-10T17:10:16Z	notationvar_court.py	0	НАЧЕРТАНИЕ PASS: 0 ложных из 24031 судимых (429 файлов, рубеж 0)
2026-09-10T17:13:07Z	prosetree_court.py	0	ДЕРЕВО ПРОЗЫ PASS: 45 ложных из 11339 судимых (207 файлов)
2026-09-10T17:13:08Z	longdiv_court.py	0	УГОЛ PASS: 0 ложных из 1322 судимых (216 файлов)
2026-09-10T17:16:25Z	form_census.py	0	ПЕРЕПИСЬ ФОРМ ОТЧЁТ: строк 403420, рамок 110436 (масса ≥ 9: 11420), родов 60406 (масса ≥ 9: 12483); минимальный корпус при массе 9: 296365 строк по рамкам (73 %), 215682 по родам (53 %); насыщение: последняя десятая доля (40342 строк) даёт 308 новых рамок и 252 новых РОДОВ на тысячу строк
2026-09-10T17:16:27Z	verbthings_court.py	0	ГЛАГОЛ–ВЕЩЬ PASS: 0 чужих пар глагол–вещь в 403420 строках показов (216 файлов, рубеж 0)
2026-09-10T19:11:12Z	arith_court.py	0	АРИФМЕТИКА PASS: 0 ложных равенств из 148773 судимых (216 файлов, неразобрано 129725)
2026-09-10T19:11:25Z	algo_court.py	0	АЛГОРИТМЫ PASS: 0 ложных утверждений из 2990 судимых (216 файлов)
2026-09-10T19:16:23Z	formula_court.py	0	ФОРМУЛЫ PASS: 0 ложных записей из 2919 судимых (216 файлов)
2026-09-10T19:16:34Z	logic_court.py	0	ЛОГИКА PASS: 0 ложных утверждений из 734 судимых (216 файлов)
2026-09-10T19:16:36Z	physics_court.py	0	ФИЗИКА PASS: 0 ложных утверждений из 1436 судимых (216 файлов)
2026-09-10T19:16:43Z	cyber_court.py	0	КИБЕРНЕТИКА PASS: 0 ложных утверждений из 1288 судимых (216 файлов)
2026-09-10T19:16:51Z	agreement_court.py	0	СОГЛАСОВАНИЕ PASS: 0 рассогласований при рубеже 0 (5083 верных, 216 файлов, закон 2)
2026-09-10T19:16:56Z	notation_court.py	0	ЗАПИСЬ PASS: 0 ложных записей из 1270 судимых (216 файлов)
2026-09-10T19:16:58Z	unit_court.py	0	ЕДИНИЦЫ PASS: 0 ложных переводов из 686 судимых (216 файлов)
2026-09-10T19:17:01Z	number_court.py	0	ЧИСЛА PASS: 0 ложных из 4220 судимых (216 файлов)
2026-09-10T19:17:07Z	inquiry_court.py	0	ДОЗНАНИЕ PASS: 0 ложных из 3915 судимых (216 файлов)
2026-09-10T19:17:08Z	surfaces_court.py	0	ПОВЕРХНОСТИ PASS: 0 ложных из 2200 судимых (216 файлов)
2026-09-10T19:17:10Z	markdown_court.py	0	РАЗМЕТКА-ПОЛНАЯ PASS: 0 ложных из 3848 судимых (216 файлов, обратимость дома цела)
2026-09-10T19:17:11Z	doctree_court.py	0	СТРУКТУРА PASS: 0 ложных из 516 судимых (216 файлов, дерево обратимо)
2026-09-10T19:17:15Z	rates_court.py	0	СТАВКИ PASS: 0 ложных из 758 судимых (216 файлов)
2026-09-10T19:17:19Z	formula_lang_court.py	0	КОНВЕРСИЯ PASS: 0 ложных из 2583 судимых (216 файлов)
2026-09-10T19:17:22Z	percent_court.py	0	ПРОЦЕНТЫ PASS: 0 ложных из 560 судимых (216 файлов)
2026-09-10T19:17:24Z	average_court.py	0	СВОДКА PASS: 0 ложных из 1300 судимых (216 файлов)
2026-09-10T19:17:31Z	equation_court.py	0	УРАВНЕНИЕ PASS: 0 ложных из 3340 судимых (216 файлов)
2026-09-10T19:17:34Z	dataformat_court.py	0	ФОРМАТЫ PASS: 0 ложных из 640 судимых (216 файлов, обратимость дома цела)
2026-09-10T19:17:43Z	everyday_court.py	0	БЫТ PASS: 0 ложных из 4556 судимых (216 файлов)
2026-09-10T19:17:44Z	story_chain_court.py	0	ЦЕПОЧКА PASS: 0 ложных из 890 судимых (216 файлов)
2026-09-10T19:17:46Z	age_court.py	0	ВОЗРАСТ PASS: 0 ложных из 900 судимых (216 файлов)
2026-09-10T19:17:49Z	halves_court.py	0	ПОЛОВИНЫ PASS: 0 ложных из 1028 судимых (216 файлов)
2026-09-10T19:17:54Z	inquiry_de_fr_court.py	0	ДОЗНАНИЕ-DE-FR PASS: 0 ложных из 2108 судимых (216 файлов)
2026-09-10T19:17:55Z	ru_conversion_court.py	0	РУССКИЙ ПЕРЕВОД PASS: 0 ложных из 68 судимых (216 файлов)
2026-09-10T19:17:56Z	selfmeasure_court.py	0	РАССКАЗ О СЕБЕ PASS: 0 ложных из 59 судимых (216 файлов)
2026-09-10T19:17:57Z	ru_compare_court.py	0	РУССКОЕ СРАВНЕНИЕ PASS: 0 ложных из 150 судимых (216 файлов)
2026-09-10T19:17:58Z	ru_story_court.py	0	РУССКАЯ ЗАДАЧА PASS: 0 ложных из 658 судимых (216 файлов)
2026-09-10T19:18:03Z	inquiry_es_it_court.py	0	ДОЗНАНИЕ-ES-IT PASS: 0 ложных из 1480 судимых (216 файлов)
2026-09-10T19:18:08Z	share_court.py	0	ДОЛЯ PASS: 0 ложных из 2396 судимых (216 файлов)
2026-09-10T19:18:13Z	compare_mult_court.py	0	КРАТНОЕ PASS: 0 ложных из 2797 судимых (216 файлов)
2026-09-10T19:18:20Z	sequence_court.py	0	ПОСЛЕДОВАТЕЛЬНОСТИ PASS: 0 ложных из 2616 судимых (216 файлов)
2026-09-10T19:18:26Z	geometry_court.py	0	ГЕОМЕТРИЯ PASS: 0 ложных из 2438 судимых (216 файлов)
2026-09-10T19:18:31Z	linalg_court.py	0	ВЕКТОР PASS: 0 ложных из 3726 судимых (216 файлов)
2026-09-10T19:18:34Z	calendar_court.py	0	КАЛЕНДАРЬ PASS: 0 ложных из 902 судимых (216 файлов)
2026-09-10T19:18:38Z	speech_court.py	0	РЕЧЬ PASS: 0 ложных из 1960 судимых (216 файлов)
2026-09-10T19:18:46Z	rugram_court.py	0	РУССКОЕ СОГЛАСОВАНИЕ PASS: 0 ложных из 19428 судимых (216 файлов)
2026-09-10T19:18:52Z	physlaw_court.py	0	ЗАКОНЫ ФИЗИКИ PASS: 0 ложных из 830 судимых (216 файлов)
2026-09-10T19:18:58Z	compsci_court.py	0	ИНФОРМАТИКА PASS: 0 ложных из 1368 судимых (216 файлов)
2026-09-10T19:19:00Z	case_court.py	0	ПАДЕЖ PASS: 0 ложных из 1066 судимых (216 файлов)
2026-09-10T19:19:04Z	valence_court.py	0	ОЦЕНКА PASS: 0 ложных из 1256 судимых (216 файлов)
2026-09-10T19:19:06Z	shadow_court.py	0	ЗАТЕНЕНИЕ PASS: 0 имён определены дважды (612 файлов, рубеж 0)
2026-09-10T19:20:50Z	syllabus_court.py	0	ПОЛНОТА PASS: 0 предметов свода не покрыты из 62 (рубеж 0, 216 файлов)
2026-09-10T19:21:34Z	richness_court.py	0	БОГАТСТВО[показано] PASS: не показаны 0 форм из 20 и 0 стыков из 6 (рубеж 0, 216 файлов); КУПЛЕНО и ИСПОЛНЕНО мерятся на стороне организма
2026-09-10T19:22:15Z	langpack_court.py	0	ЯЗЫКИ PASS: 29 зелёных из 29, красных 0 (рубеж 6)
2026-09-10T19:22:16Z	langrule_court.py	0	ПРАВИЛО ЯЗЫКА PASS: 0 разладов формы с правилом из 1014 сверенных (19 пакетов с правилом из 29)
2026-09-10T19:44:17Z	claims_court.py	0	РОДЫ PASS: 0 строк прочтены НЕ ХОЗЯИНОМ рода из 48194 с видимым родом (рубеж 0, 216 файлов, родов объявлено 4)
2026-09-10T19:44:22Z	program_court.py	0	ПРОГРАММЫ PASS: 0 ложных из 1078 судимых (216 файлов)
2026-09-10T19:44:28Z	statistics_court.py	0	СТАТИСТИКА PASS: 0 ложных из 1196 судимых (216 файлов)
2026-09-10T19:44:32Z	proof_court.py	0	ДОКАЗАТЕЛЬСТВО PASS: 0 ложных из 663 судимых (216 файлов)
2026-09-10T19:44:35Z	machine_court.py	0	МАШИНА PASS: 0 ложных из 1846 судимых (216 файлов)
2026-09-10T19:44:53Z	episode_court.py	0	ЭПИЗОД PASS: 0 ложных из 10270 судимых (216 файлов), вне владения 11 слов: ['day', 'dollar', 'foot', 'kilometer', 'leaf']
2026-09-10T19:45:00Z	copula_court.py	0	СВЯЗКИ PASS: 0 ложных из 500 судимых (216 файлов), НЕЗНАКОМЫХ ПАР 41090: ["cause: philosophy is literally, the love of, including the search after, wisdom; in actual usage, the knowledge of phenomena as explained by, and resolved into, / and reasons, powers and laws: webster's unabridged dictionary, 1913", 'cause: электричество — это то, содержащееся в теле, что сообщает этому телу особые свойства, / в нем способность действовать механически на некоторые другие тела, притягивать или при известных условиях отталкивать их, а также вызывает в самом этом теле способность испытывать подобные же механические действия других тел: эсбе, статья «электричество»', 'contain: does the node body contain the node liquid? in the tree of kinds the node body / the node liquid']
2026-09-10T19:45:05Z	markup_court.py	0	РАЗМЕТКА PASS: 0 ложных из 3830 судимых (216 файлов)
2026-09-10T19:45:38Z	langlayer_court.py	0	ПЛАСТ PASS: 0 необъявленных слов (106737 строк, 29 пластов)
2026-09-10T19:45:40Z	langform_court.py	0	ФОРМА ПЛАСТА PASS: 0 ложных из 83433 судимых (106737 строк пласта, 29 пластов, дословных 940, рамок без опознавателя 3, рубеж 0)
2026-09-10T19:45:41Z	gsm_census.py	0	GSM-CENSUS PASS: 0 расхождений (72 выведено, 69 в слое, 3 удержано)
2026-09-10T19:49:40Z	reproducible.py	0	ВОСПРОИЗВОДИМОСТЬ PASS: 0 расхождений из 209 сличённых (без объявленной цели 0, рубеж 0)
2026-09-10T19:49:40Z	bash32_court.py	0	BASH32-COURT PASS: ни одного имени, съедаемого bash 3.2; скриптов проверено: 6
2026-09-10T19:49:43Z	empty_in_court.py	0	ПУСТОЕ ВХОЖДЕНИЕ PASS: срезов, сличаемых со строковым литералом, 0 (рубеж 0); файлов 624
2026-09-10T19:49:45Z	lawfirst_court.py	0	ЗАКОН ПЕРВЫМ PASS: докстрингов, сдвинутых с первого места, 0 (рубеж 0); файлов 624
2026-09-10T19:52:52Z	house_selfcheck.py	0	САМОПРОВЕРКА ДОМА PASS: домов с самопроверкой 95, КРАСНЫХ 0 (рубеж 0); орудий руки 10 — объявлены поимённо и не зовутся
2026-09-10T19:52:54Z	manifest_court.py	0	МАНИФЕСТ PASS: 0 разладов объявления с делом (429 миров, сборок 6, обязательств дела 237)
