# ФОРМЫ ВОПРОСА СВОДА И ТО, ЧИТАЕТ ЛИ ИХ КТО-НИБУДЬ (06.09)
#
# СЛОВА ВОПРОСА НЕ ЧИТАЕТ НИКТО — не в одном суде, а в корпусе вообще.
# Порченый вопрос («кратн ли 7 числу 3?») остаётся вопросной половиной
# объявленной пары и покрыт правилом (б) закона покрытия; пара проверяет
# ВЕЛИЧИНЫ вопроса и их порядок, а слова — нет.
#
#     ЗАКОН ПАРЫ ЧИТАЕТ ВЕЛИЧИНЫ, И ПОТОМУ ОН СЛЕП НА ВОПРОС О СВОЙСТВЕ.
#     «чётно ли 32?» и «чётн ли 32?» несут одни и те же величины в одном
#     порядке — пара их не различает, а иного читателя у вопроса нет.
#
# ЧИТАЕТСЯ ли форма — проверено ПОРЧЕЙ первого слова вопроса в три буквы:
# если вердикт СТРОКИ дрогнул (ложь или немота), слова читал кто-то.
# Выборка: 40 строк на мир.
форма	миры	строк	читается	пример
во сколько раз # больше #?	compare_mult,ru_compare	11	да	во сколько раз 81 больше 9?
на сколько # больше #?	numberline,ru_compare	10	да	на сколько 16 больше 14?
если # чётно, чётно ли #?	proof	9	НЕТ	если 6 чётно, чётно ли 37?
ich denke, jede durch # teilbare {Носитель} ist durch # teilbar. wie lässt sich das prüfen?	hypo	7	да	ich denke, jede durch 6 teilbare Zahl ist durch 3 teilbar. wie lässt sich das prüfen?
сколько будет #% от #?	notation,percent	7	да	сколько будет 40% от 35?
чему равна площадь прямоугольника # на #?	formulas,geometry	7	да	чему равна площадь прямоугольника 4 на 7?
does pressure = force ÷ area give a whole number for # and #?	physlaws	6	да	does pressure = force ÷ area give a whole number for 57 and 7?
myślę, że każda liczba dzieląca się przez # dzieli się przez #. jak to sprawdzić?	hypo	6	да	myślę, że każda liczba dzieląca się przez 5 dzieli się przez 10. jak to sprawdzić?
penso que todo número divisível por # é divisível por #. como se pode verificar?	hypo	6	да	penso que todo número divisível por 15 é divisível por 5. como se pode verificar?
сколько будет # разделить на #?	remainders	6	да	сколько будет 39 разделить на 8?
чему равно # − #?	ruler_dense,school_biling_v2c	6	да	чему равно 15 − 9?
# {Носитель} {Носитель} — wie viel ist das in {Носитель}?	tempscale	5	да	35 Grad Celsius — wie viel ist das in Fahrenheit?
# градусов по {Носитель} — сколько это по {Носитель}?	tempscale	5	да	86 градусов по Фаренгейту — сколько это по Цельсию?
if # is even, is # even?	proof	5	НЕТ	if 6 is even, is 37 even?
je pense que tout nombre divisible par # est divisible par #. comment le vérifier ?	hypo	5	да	je pense que tout nombre divisible par 6 est divisible par 3. comment le vérifier ?
there are # insects in a box, beetles and spiders. a beetle has # legs and a spider has # legs. there are # legs in all. how many beetles are there?	two_kinds	5	да	there are 32 insects in a box, beetles and spiders. a beetle has 6 legs and a spider has 8 legs. there are 222
what does add(# #) give?	eng_proof	5	да	what does add(2 1) give?
what is # + #?	genesis_bignum,ruler_dense,school_biling_v2c	5	да	what is 0 + 15?
what is # − #?	genesis_bignum,school_biling_v2c	5	да	what is 19 − 16?
what is the area of a rectangle # by #?	geometry	5	да	what is the area of a rectangle 2 by 7?
wie lautet # gerundet auf {Носитель}?	roundforms	5	да	wie lautet 741 gerundet auf Hunderter?
{Носитель} baked # cookies. {Носитель} sold # cookie away. how many cookies does {Носитель} keep?	realverbs	5	да	Carlos baked 11 cookies. Carlos sold 1 cookie away. how many cookies does Carlos keep?
{Носитель} had # coins. {Носитель} got # coins. how many coins does {Носитель} have now?	heads	5	да	Peter had 7 coins. Peter got 4 coins. how many coins does Peter have now?
{Носитель} s ducks lay # eggs. {Носитель} s ducks lay # eggs more. how many eggs do the ducks hold now?	gsmwide	5	да	Felix s ducks lay 3 eggs. Felix s ducks lay 2 eggs more. how many eggs do the ducks hold now?
{Носитель} wrote # pages. {Носитель} added # page more. how many pages does {Носитель} hold now?	realverbs	5	да	Sara wrote 12 pages. Sara added 1 page more. how many pages does Sara hold now?
{Носитель} wrote # pages. {Носитель} added # pages more. how many pages does {Носитель} hold now?	realverbs	5	да	Sara wrote 8 pages. Sara added 3 pages more. how many pages does Sara hold now?
вычисли # + #	genesis_bignum,school_biling_v2c	5	да	вычисли 5 + 14
жизнеспособность была # из #, стала # из # — рост или убыль?	valence	5	НЕТ	жизнеспособность была 6 из 7, стала 7 из 7 — рост или убыль?
как ещё пишется «z^# + # z + # = #»?	notationvar	5	да	как ещё пишется «z^2 + 28 z + 3 = 0»?
скажи, простое ли #	inquiry,numbers	5	да	скажи, простое ли 79
сколько километров в # метрах?	ru_conversions	5	да	сколько километров в 5000 метрах?
чего мне не хватало во втором замере # сентября # года?	selfmeasure	5	да	чего мне не хватало во втором замере 2 сентября 2026 года?
чем проверить # ÷ # = #?	longdiv	5	да	чем проверить 252 ÷ 12 = 21?
чему равно скалярное произведение (#, #) и (#, #)?	linalg	5	да	чему равно скалярное произведение (1, 3) и (5, 7)?
# asal mıdır?	primes_langs	4	да	2 asal mıdır?
# grados {Носитель} — ¿cuánto es eso en {Носитель}?	tempscale	4	да	41 grados Fahrenheit — ¿cuánto es eso en Celsius?
# graus {Носитель} — quanto é isso em {Носитель}?	tempscale	4	да	20 graus Celsius — quanto é isso em Fahrenheit?
# sta a # come # sta a che cosa?	analog	4	да	2 sta a 6 come 5 sta a che cosa?
am {Носитель} waren es −# {Носитель}. es wurde um # {Носитель} wärmer. wie viel {Носитель} sind es jetzt?	signedworld	4	да	am Morgen waren es −8 Grad. es wurde um 9 Grad wärmer. wie viel Grad sind es jetzt?
compute # + #	genesis_bignum,ruler_dense,school_biling_v2c	4	да	compute 6 + 4
creo que todo número divisible por # es divisible por #. ¿cómo se puede comprobar?	hypo	4	да	creo que todo número divisible por 7 es divisible por 14. ¿cómo se puede comprobar?
czy # jest liczbą pierwszą?	inquiry_pl_tr,primes_langs	4	да	czy 85 jest liczbą pierwszą?
czy # ma się do # jak # do #?	analog	4	да	czy 4 ma się do 10 jak 6 do 16?
der {Носитель} wiegt # {Носитель} # {Носитель}. # {Носитель} # {Носитель} wurden hineingegeben. wie viel wiegt der {Носитель}?	mixedunits	4	да	der Sack wiegt 6 Kilogramm 810 Gramm. 1 Kilogramm 290 Gramm wurden hineingegeben. wie viel wiegt der Sack?
does # have exactly two divisors?	inquiry,numbers	4	да	does 27 have exactly two divisors?
find # − #	arith_langs,ruler_dense,school_biling_v2c	4	да	find 20 − 15
hai detto che togliendo # a # restano #. è così?	object	4	да	hai detto che togliendo 4 a 18 restano 14. è così?
il sacco pesava # chilogrammi # grammi. ne sono stati tolti # chilogrammi # grammi. quanto pesa il sacco adesso?	mixedunits	4	да	il sacco pesava 8 chilogrammi 40 grammi. ne sono stati tolti 3 chilogrammi 790 grammi. quanto pesa il sacco ad
ile wynosi # zaokrąglone do dziesiątek?	roundforms	4	да	ile wynosi 47 zaokrąglone do dziesiątek?
ile wynosi wyraz numer # ciągu od # o kroku #?	sequences_langs	4	да	ile wynosi wyraz numer 7 ciągu od 17 o kroku 8?
im {Носитель} sind # {Носитель}. der erste {Носитель} erstellt # {Носитель}. ich denke, ich werde # antworten. wie viele {Носитель} sind im {Носитель}?	selfmodelforms	4	да	im Ordner sind 4 Dateien. der erste Akt erstellt 6 Dateien. ich denke, ich werde 12 antworten. wie viele Datei
is # a root of x^# - # x + # = #?	equation,equation_signed	4	да	is 19 a root of x^2 - 29 x + 208 = 0?
is # priem?	primes_langs	4	да	is 78 priem?
je zei dat # min # # is. klopt dat?	object	4	да	je zei dat 18 min 4 14 is. klopt dat?
quanto # é mais quente do que −#?	signedworld	4	да	quanto 2 é mais quente do que −11?
quel est le terme numéro # de la progression partant de # avec le pas # ?	sequences_langs	4	да	quel est le terme numéro 2 de la progression partant de 3 avec le pas 9 ?
tu as dit que # moins # fait #. est-ce exact ?	object	4	да	tu as dit que 12 moins 5 fait 7. est-ce exact ?
was heißt „{Носитель}“ auf {Носитель}?	translate	4	да	was heißt „Haus“ auf Italienisch?
what does the arithmetic progression from # with step # give?	sequences	4	да	what does the arithmetic progression from 16 with step 5 give?
what follows from # being divisible by #?	infer,speech	4	да	what follows from 16 being divisible by 8?
what is # divided by #?	remainders	4	да	what is 30 divided by 7?
what is #% of #?	notation,percent	4	да	what is 50% of 18?
what is term number # of the progression from # with step #?	sequences	4	да	what is term number 5 of the progression from 18 with step 2?
what is the area of a triangle with base # and height #?	formulas,geometry	4	да	what is the area of a triangle with base 7 and height 8?
what is the number "#" in #×# glyphs?	glyphs	4	да	what is the number "300" in 5×7 glyphs?
what is the sum of # # # #?	sequences	4	да	what is the sum of 10 15 20 25?
{Носитель} collected # seeds. {Носитель} found # seeds more. how many seeds does {Носитель} hold now?	realverbs	4	да	Cynthia collected 4 seeds. Cynthia found 2 seeds more. how many seeds does Cynthia hold now?
{Носитель} had # coins. {Носитель} gave # coins away. how many coins are left?	heads	4	да	Yuri had 5 coins. Yuri gave 4 coins away. how many coins are left?
¿cuánto es # redondeado a la decena?	roundforms	4	да	¿cuánto es 93 redondeado a la decena?
¿es verdad que # + # = #?	verifyforms	4	да	¿es verdad que 93 + 68 = 171?
как ещё пишется «x^# - # x + # = #»?	notationvar	4	да	как ещё пишется «x^2 - 6 x + 23 = 0»?
как ещё пишется «y^# + # y + # = #»?	notationvar	4	да	как ещё пишется «y^2 + 8 y + 27 = 0»?
как записать # римскими цифрами?	roman	4	да	как записать 76 римскими цифрами?
кратно ли # числу #?	inquiry,ru_compare	4	да	кратно ли 176 числу 3?
найди # + #	arith_langs,genesis_bignum,ruler_dense,school_biling_v2c	4	да	найди 3 + 2
попадает ли контур с целью #, начав с # при шаге # точно в цель?	cybernetics	4	НЕТ	попадает ли контур с целью 27, начав с 6 при шаге 4 точно в цель?
сколько будет # × #?	genesis_bignum,longdiv	4	да	сколько будет 50 × 9?
сколько возмущений различают вместе два регулятора с # и # состояниями?	cybernetics	4	да	сколько возмущений различают вместе два регулятора с 2 и 4 состояниями?
сколько недель в # днях?	ru_conversions	4	да	сколько недель в 56 днях?
сколько рублей в # копейках?	ru_conversions	4	да	сколько рублей в 400 копейках?
ты сказал, что от # отнять # будет #. так ли это?	object	4	да	ты сказал, что от 40 отнять 15 будет 26. так ли это?
чему равна поверхность коробки # на # на #?	geometry	4	да	чему равна поверхность коробки 4 на 5 на 4?
чему равно # + #?	genesis_bignum,ruler_dense	4	да	чему равно 12 + 1?
чему равно # умножить на (#, #)?	linalg	4	да	чему равно 2 умножить на (1, 2)?
что даёт сортировка [# # #]?	prog	4	да	что даёт сортировка [1 6 4]?
я думаю, что всякое число, делящееся на #, делится на #. как это проверить?	hypo	4	да	я думаю, что всякое число, делящееся на 7, делится на 14. как это проверить?
является ли # корнем x^# - # x + # = #?	equation	4	да	является ли 1 корнем x^2 - 3 x + 2 = 0?
# aprile. # giorni dopo. che data sarà?	dateforms	3	да	29 aprile. 5 giorni dopo. che data sarà?
# bölü # kaçtır?	remainders_langs	3	да	20 bölü 9 kaçtır?
# degrees {Носитель} — how much is that in {Носитель}?	tempscale	3	да	86 degrees Fahrenheit — how much is that in Celsius?
# degrés {Носитель} — combien cela fait-il en {Носитель} ?	tempscale	3	да	25 degrés Celsius — combien cela fait-il en Fahrenheit ?
# dzieci jeździło na karuzeli. ile dzieci jeździło na karuzeli?	numphrase	3	да	101 dzieci jeździło na karuzeli. ile dzieci jeździło na karuzeli?
# est à # ce que # est à quoi ?	analog	3	да	8 est à 12 ce que 10 est à quoi ?
# est-il un nombre premier ?	inquiry_de_fr	3	да	50 est-il un nombre premier ?
# est-il à # ce que # est à # ?	analog	3	да	4 est-il à 10 ce que 6 est à 16 ?
# está para # como # está para #?	analog	3	да	9 está para 15 como 12 está para 21?
# está para # como # está para quê?	analog	3	да	3 está para 12 como 4 está para quê?
# graden {Носитель} — hoeveel is dat in {Носитель}?	tempscale	3	да	41 graden Fahrenheit — hoeveel is dat in Celsius?
# gradi {Носитель} — quanto fa in {Носитель}?	tempscale	3	да	35 gradi Celsius — quanto fa in Fahrenheit?
# niños montaban en el tiovivo. ¿cuántos niños montaban en el tiovivo?	numphrase	3	да	111 niños montaban en el tiovivo. ¿cuántos niños montaban en el tiovivo?
# stopni {Носитель} — ile to jest {Носитель}?	tempscale	3	да	35 stopni Celsjusza — ile to jest Fahrenheita?
# verhält sich zu # wie # zu was?	analog	3	да	8 verhält sich zu 12 wie 10 zu was?
# {Носитель}. # days later. what date will it be?	dateforms	3	да	28 March. 6 days later. what date will it be?
# è primo?	primes_langs	3	да	56 è primo?
# è un numero primo?	inquiry_es_it	3	да	50 è un numero primo?
# é primo?	primes_langs	3	да	9 é primo?
# относится к #, как # к #?	analog	3	да	9 относится к 15, как 12 к 21?
afirmação: # + # = #. verificação: # + # = #. qual é o veredicto?	verifyforms	3	да	afirmação: 88 + 63 = 151. verificação: 88 + 63 = 151. qual é o veredicto?
anna heeft # boeken meer, maar # potloden minder. hoeveel boeken meer?	numphrase	3	да	anna heeft 12 boeken meer, maar 7 potloden minder. hoeveel boeken meer?
are # + # and # × # the same?	rewrite	3	да	are 7 + 7 and 3 × 7 the same?
are # and # congruent modulo #?	numbers	3	да	are 56 and 8 congruent modulo 4?
ci sono # voci nella scatola. il primo atto crea # voci. penso che risponderò #. quanti voci ci sono nella scatola?	selfmodelforms	3	да	ci sono 9 voci nella scatola. il primo atto crea 5 voci. penso che risponderò 15. quanti voci ci sono nella sc
combien vaut un tiers de # ?	share_langs	3	да	combien vaut un tiers de 9 ?
comment dire autrement # minutes ?	unitfrac	3	да	comment dire autrement 15 minutes ?
compute # ÷ #	arith_langs,school_biling_v2c	3	да	compute 2 ÷ 1
das {Носитель} dauert # {Носитель}. wie lange dauert das {Носитель}?	unit_counts	3	да	das Treffen dauert 2 Jahre. wie lange dauert das Treffen?
die {Носитель} dauert # {Носитель}. wie lange dauert die {Носитель}?	unit_counts	3	да	die Reise dauert 5 Stunden. wie lange dauert die Reise?
each pack costs $#. the discount is $# on each pack. how many packs can be bought for $#?	discountroad	3	да	each pack costs $52. the discount is $14 on each pack. how many packs can be bought for $208?
er liggen # bestanden in de map. de eerste handeling maakt # bestanden aan. ik denk dat ik # zal antwoorden. hoeveel bestanden liggen in de map?	selfmodelforms	3	да	er liggen 7 bestanden in de map. de eerste handeling maakt 6 bestanden aan. ik denk dat ik 15 zal antwoorden. 
es gibt # {Носитель}. es gibt dreimal so viele {Носитель} wie {Носитель}. wie viele {Носитель} gibt es insgesamt?	relations_story	3	да	es gibt 18 Hunde. es gibt dreimal so viele Katzen wie Hunde. wie viele Tiere gibt es insgesamt?
hay # manzanas en la cesta: # rojas y # verdes. ¿hay verdes?	quantforms	3	да	hay 15 manzanas en la cesta: 11 rojas y 4 verdes. ¿hay verdes?
hoeveel is # afgerond op honderdtallen?	roundforms	3	да	hoeveel is 594 afgerond op honderdtallen?
how many ways does choosing # from # give?	statistics	3	да	how many ways does choosing 3 from 6 give?
how much is # − #?	genesis_bignum,school_biling_v2c	3	да	how much is 18 − 1?
how old was {Носитель} # years ago?	age	3	да	how old was Tom 5 years ago?
i think every number divisible by # is divisible by #. how can that be tested?	hypo	3	да	i think every number divisible by 7 is divisible by 14. how can that be tested?
il treno è partito alle #:#. il viaggio dura # ore # minuti. quando arriva?	clockforms	3	да	il treno è partito alle 11:45. il viaggio dura 2 ore 35 minuti. quando arriva?
ile minut to # godzina?	units_langs	3	да	ile minut to 10 godzina?
im {Носитель} sind # Äpfel: # rote und # grüne. gibt es grün?	quantforms	3	да	im Korb sind 5 Äpfel: 3 rote und 2 grüne. gibt es grün?
in the morning it was −# degrees. it became # degrees warmer. how many degrees is it now?	signedworld	3	да	in the morning it was −3 degrees. it became 9 degrees warmer. how many degrees is it now?
is # alleen door # en zichzelf deelbaar?	inquiry_pt_nl	3	да	is 113 alleen door 1 en zichzelf deelbaar?
jede {Носитель} kostet # €. der {Носитель} beträgt # € auf jede {Носитель}. wie viele {Носитель} kann man für # € kaufen?	discountroad	3	да	jede Karte kostet 71 €. der Rabatt beträgt 33 € auf jede Karte. wie viele Karten kann man für 152 € kaufen?
l'orologio segna #:#. come si dice a parole?	clockwords	3	да	l'orologio segna 7:45. come si dice a parole?
o comboio vai a # km/h. que distância percorre em # horas?	speedforms	3	да	o comboio vai a 60 km/h. que distância percorre em 3 horas?
ogni pacco costa # €. lo sconto è di # € su ogni pacco. quanto si paga per # pacchi?	discountroad	3	да	ogni pacco costa 39 €. lo sconto è di 21 € su ogni pacco. quanto si paga per 3 pacchi?
penso che ogni numero divisibile per # sia divisibile per #. come si può verificarlo?	hypo	3	да	penso che ogni numero divisibile per 3 sia divisibile per 6. come si può verificarlo?
pociąg odjechał o #:# i przyjechał o #:#. jak długo jechał?	clockforms	3	да	pociąg odjechał o 16:55 i przyjechał o 19:20. jak długo jechał?
pociąg przejechał # km z prędkością # km/h. w ile godzin przejechał tę drogę?	speedforms	3	да	pociąg przejechał 225 km z prędkością 75 km/h. w ile godzin przejechał tę drogę?
qual è il termine numero # della progressione da # con passo #?	sequences_langs	3	да	qual è il termine numero 7 della progressione da 17 con passo 8?
quanto é # arredondado à centena?	roundforms	3	да	quanto é 750 arredondado à centena?
quel est # arrondi à la centaine ?	roundforms	3	да	quel est 950 arrondi à la centaine ?
se n è pari, n + # è pari?	inquiry_es_it	3	да	se n è pari, n + 8 è pari?
stimmt es, dass # + # = #?	verifyforms	3	да	stimmt es, dass 93 + 68 = 171?
teile # gleichmäßig durch #. was kommt heraus?	opforms	3	да	teile 30 gleichmäßig durch 6. was kommt heraus?
the numbers: #, #, #. which number is between the other two?	orderforms	3	да	the numbers: 6, 19, 11. which number is between the other two?
there are # vehicles in a yard, bicycles and cars. a bicycle has # wheels and a car has # wheels. there are # wheels in all. how many bicycles are there?	two_kinds	3	да	there are 14 vehicles in a yard, bicycles and cars. a bicycle has 2 wheels and a car has 4 wheels. there are 4
uma maçã custa # euros. tenho # euros. quanto falta para # maçãs?	enough	3	да	uma maçã custa 3 euros. tenho 12 euros. quanto falta para 5 maçãs?
un livre coûte # euros. combien coûtent # livres ?	price	3	да	un livre coûte 3 euros. combien coûtent 2 livres ?
un livre coûte # euros. j'ai # euros. est-ce assez pour # livres ?	enough	3	да	un livre coûte 4 euros. j'ai 15 euros. est-ce assez pour 4 livres ?
una matita costa # euro. quanto costano # matite?	price	3	да	una matita costa 2 euro. quanto costano 4 matite?
usted dijo que quitando # a # quedan #. ¿es así?	object	3	да	usted dijo que quitando 9 a 24 quedan 15. ¿es así?
verhält sich # zu # wie # zu #?	analog	3	да	verhält sich 9 zu 15 wie 12 zu 21?
wat is # gedeeld door #?	remainders_langs	3	да	wat is 27 gedeeld door 5?
wat is de snelheid van een lichaam dat # meter in # seconden aflegt?	physics_langs	3	да	wat is de snelheid van een lichaam dat 110 meter in 10 seconden aflegt?
what does force = mass × acceleration give for # and #?	physics	3	да	what does force = mass × acceleration give for 3 and 3?
what does speed = distance / time give for # and #?	physics	3	да	what does speed = distance / time give for 48 and 8?
what does the subtraction of # from # give?	surfaces	3	да	what does the subtraction of 4 from 28 give?
what is # mod #?	numbers	3	да	what is 13 mod 4?
what is # rounded to the nearest ten?	roundforms	3	да	what is 85 rounded to the nearest ten?
what is hex # in decimal?	machine	3	да	what is hex 6 in decimal?
what is the entropy of # equally likely outcomes?	compsci	3	да	what is the entropy of 64 equally likely outcomes?
what is the mean of # # #?	statistics	3	да	what is the mean of 1 4 10?
what is the product for i from # to #?	programs	3	да	what is the product for i from 3 to 7?
what is the sum for i from # to #?	programs	3	да	what is the sum for i from 2 to 7?
wie groß ist die Fläche eines {Носитель} mit {Носитель} #?	geometry_langs	3	да	wie groß ist die Fläche eines Quadrats mit Seite 5?
wie schreibt man # in römischen {Носитель}?	roman	3	да	wie schreibt man 3 in römischen Ziffern?
wie viele {Носитель} sind # {Носитель}?	units_langs	3	да	wie viele Minuten sind 3 Stunden?
{Носитель} collected # cards. {Носитель} found # cards more. how many cards does {Носитель} hold now?	realverbs	3	да	Wanda collected 6 cards. Wanda found 2 cards more. how many cards does Wanda hold now?
{Носитель} collected # pencils. {Носитель} found # pencils more. how many pencils does {Носитель} hold now?	realverbs	3	да	Wanda collected 9 pencils. Wanda found 2 pencils more. how many pencils does Wanda hold now?
{Носитель} ha # anni. quanti anni ha {Носитель}?	holdforms	3	да	Anna ha 37 anni. quanti anni ha Anna?
{Носитель} haben gesagt, dass # minus # # macht. stimmt das?	object	3	да	Sie haben gesagt, dass 40 minus 15 26 macht. stimmt das?
{Носитель} had # balls. {Носитель} got # balls. how many balls does {Носитель} have now?	heads	3	да	Nick had 3 balls. Nick got 2 balls. how many balls does Nick have now?
{Носитель} had # nuts. {Носитель} gave # nut away. how many nuts are left?	heads	3	да	Ann had 5 nuts. Ann gave 1 nut away. how many nuts are left?
{Носитель} had # stamps. {Носитель} got # stamps. how many stamps does {Носитель} have now?	heads	3	да	Nick had 6 stamps. Nick got 2 stamps. how many stamps does Nick have now?
{Носитель} hatte # Bücher und {Носитель} und {Носитель} hatten # Bücher. {Носитель} gab ihnen # Bücher. wie viele Bücher hat {Носитель} jetzt?	pronobject	3	да	Ben hatte 25 Bücher und Anna und Mia hatten 9 Bücher. Ben gab ihnen 13 Bücher. wie viele Bücher hat Ben jetzt?
{Носитель} packed # seeds. {Носитель} used # seed away. how many seeds does {Носитель} keep?	realverbs	3	НЕТ	Tom packed 4 seeds. Tom used 1 seed away. how many seeds does Tom keep?
{Носитель} packed # shells. {Носитель} used # shells away. how many shells does {Носитель} keep?	realverbs	3	да	Tom packed 5 shells. Tom used 3 shells away. how many shells does Tom keep?
¿cuál es el perímetro de un cuadrado de lado #?	geometry_langs	3	да	¿cuál es el perímetro de un cuadrado de lado 13?
¿cuánto es # dividido entre #?	remainders_langs	3	да	¿cuánto es 27 dividido entre 5?
¿es # primo?	primes_langs	3	да	¿es 18 primo?
больше ли # нуля?	proof	3	НЕТ	больше ли 2 нуля?
в коробке # ручек. {Носитель} взяла # ручки. сколько ручек теперь в коробке?	ru_story	3	НЕТ	в коробке 10 ручек. Маша взяла 3 ручки. сколько ручек теперь в коробке?
вы сказали, что от # отнять # будет #. так ли это?	object	3	да	вы сказали, что от 40 отнять 15 будет 26. так ли это?
вычисли # − #	arith_langs,ruler_dense	3	да	вычисли 8 − 1
даёт ли давление = сила ÷ площадь целое число при # и #?	physlaws	3	НЕТ	даёт ли давление = сила ÷ площадь целое число при 36 и 6?
есть ли единственная медиана у # # #?	statistics	3	НЕТ	есть ли единственная медиана у 5 2 9?
как ещё пишется «# x^# - # x = #»?	notationvar	3	да	как ещё пишется «3 x^2 - 8 x = 0»?
на ферме # животных, куриц и коров. у курицы # ноги, а у коровы # ноги. всего # ног. сколько куриц?	two_kinds	3	да	на ферме 16 животных, куриц и коров. у курицы 2 ноги, а у коровы 4 ноги. всего 46 ног. сколько куриц?
первая глава — # страниц длиной. какой длины первая глава?	numphrase	3	да	первая глава — 60 страниц длиной. какой длины первая глава?
поезд выехал в #:# и приехал в #:#. сколько он ехал?	clockforms	3	да	поезд выехал в 16:45 и приехал в 18:25. сколько он ехал?
поезд прошёл # км со скоростью # км/ч. за сколько часов он прошёл этот путь?	speedforms	3	да	поезд прошёл 350 км со скоростью 50 км/ч. за сколько часов он прошёл этот путь?
сколько будет #, если округлить до десятков?	roundforms	3	да	сколько будет 35, если округлить до десятков?
сколько источников насчитал у меня прибор biblio_reach во втором замере # сентября # года?	selfmeasure	3	да	сколько источников насчитал у меня прибор biblio_reach во втором замере 2 сентября 2026 года?
сколько монет стало у {Носитель}?	genesis_story	3	да	сколько монет стало у Ани?
сколько секунд в трёх минутах?	ru_conversions,timeunits	3	да	сколько секунд в трёх минутах?
чего я не показывал во втором замере # сентября # года по прибору concept_reach?	selfmeasure	3	да	чего я не показывал во втором замере 2 сентября 2026 года по прибору concept_reach?
чему равна медиана # # #?	statistics	3	да	чему равна медиана 12 3 9?
чему равна сумма # # # #?	algorithms,sequences	3	да	чему равна сумма 7 2 9 1?
чему равно # × #?	arith_langs,genesis_bignum	3	да	чему равно 90 × 3?
чему равно ( #^# )^#?	algebra	3	да	чему равно ( 5^3 )^3?
чему равно (#, #) − (#, #)?	linalg	3	да	чему равно (1, 2) − (3, 1)?
что даёт давление = сила ÷ площадь при # и #?	physlaws	3	да	что даёт давление = сила ÷ площадь при 42 и 6?
# asal sayı mıdır?	inquiry_pl_tr	2	да	51 asal sayı mıdır?
# bambini andavano sulla giostra. quanti bambini andavano sulla giostra?	numphrase	2	да	29 bambini andavano sulla giostra. quanti bambini andavano sulla giostra?
# czerwca. # dni wcześniej. jaka była data?	dateforms	2	да	2 czerwca. 4 dni wcześniej. jaka była data?
# de junho. # dias antes. que data era?	dateforms	2	да	2 de junho. 4 dias antes. que data era?
# dzieli się przez #. czy wynika z tego, że # dzieli się przez #?	infer	2	да	20 dzieli się przez 4. czy wynika z tego, że 20 dzieli się przez 8?
# enfants étaient dans le bus. # enfants sont descendus. combien d'enfants y a-t-il dans le bus maintenant ?	action_measure_langs	2	да	28 enfants étaient dans le bus. 14 enfants sont descendus. combien d'enfants y a-t-il dans le bus maintenant ?
# est-il premier ?	primes_langs	2	да	30 est-il premier ?
# février. # jours plus tard. quelle date sera-t-il ?	dateforms	2	да	25 février. 11 jours plus tard. quelle date sera-t-il ?
# ile başlayan ve adımı # olan dizinin # numaralı terimi kaçtır?	sequences_langs	2	да	21 ile başlayan ve adımı 2 olan dizinin 4 numaralı terimi kaçtır?
# is # percent of what number?	shares_percent	2	да	20 is 80 percent of what number?
# is niet deelbaar door #. volgt daaruit dat # niet deelbaar is door #?	infer	2	да	6 is niet deelbaar door 4. volgt daaruit dat 6 niet deelbaar is door 2?
# is to # as # is to what?	analog	2	да	7 is to 21 as 9 is to what?
# kinderen reden op de draaimolen. hoeveel kinderen reden op de draaimolen?	numphrase	2	да	111 kinderen reden op de draaimolen. hoeveel kinderen reden op de draaimolen?
# newton kuvvetin # metrekare üzerindeki basıncı kaçtır?	physics_langs	2	да	10 newton kuvvetin 5 metrekare üzerindeki basıncı kaçtır?
# saniyede # metre yol alan bir cismin hızı kaçtır?	physics_langs	2	да	7 saniyede 42 metre yol alan bir cismin hızı kaçtır?
# sayısının yüzde # kısmı kaçtır?	stats_langs	2	да	90 sayısının yüzde 30 kısmı kaçtır?
# {Носитель} fuhren {Носитель}. wie viele {Носитель} fuhren {Носитель}?	numphrase	2	да	29 Kinder fuhren Karussell. wie viele Kinder fuhren Karussell?
# × # e # + # sono la stessa cosa?	rewrite	2	да	9 × 2 e 9 + 2 sono la stessa cosa?
# × # et # + # sont-ils la même chose ?	rewrite	2	да	9 × 2 et 9 + 2 sont-ils la même chose ?
# çift mi tek mi?	inquiry_pl_tr	2	да	7 çift mi tek mi?
# é divisível apenas por # e por si mesmo?	inquiry_pt_nl	2	да	50 é divisível apenas por 1 e por si mesmo?
# é divisível por #?	inquiry_pt_nl	2	да	65 é divisível por 4?
# ÷ # e # ÷ # são a mesma coisa?	rewrite	2	да	18 ÷ 6 e 18 ÷ 3 são a mesma coisa?
# — это # процентов какого числа?	shares_percent	2	да	10 — это 40 процентов какого числа?
#^# − # = # è primo. #^# − # = # è primo. #^# − # = # è primo. #^# − # = # è primo. ne segue che #^n − # è primo per ogni n primo?	indu	2	НЕТ	2^2 − 1 = 3 è primo. 2^3 − 1 = 7 è primo. 2^5 − 1 = 31 è primo. 2^7 − 1 = 127 è primo. ne segue che 2^n − 1 è 
Léa avait # crayons. elle a donné # crayons à son père. combien de crayons a Léa maintenant ?	kinbearer	2	да	Léa avait 9 crayons. elle a donné 3 crayons à son père. combien de crayons a Léa maintenant ?
Zoé avait # crayons et {Носитель} avait # crayons. Zoé lui a donné # crayons. combien de crayons a {Носитель} maintenant ?	pronobject	2	да	Zoé avait 11 crayons et Hugo avait 6 crayons. Zoé lui a donné 3 crayons. combien de crayons a Hugo maintenant 
a car and a bicycle cost # dollars together. the car costs twice as much as the bicycle. how much does the bicycle cost?	measure_story	2	да	a car and a bicycle cost 75 dollars together. the car costs twice as much as the bicycle. how much does the bi
a^# + b^# = c^# with a = # and b = # — what is c?	formulas	2	НЕТ	a^2 + b^2 = c^2 with a = 8 and b = 15 — what is c?
additionne # et #. qu'est-ce que ça donne ?	opforms	2	да	additionne 5 et 6. qu'est-ce que ça donne ?
affirmation : # + # = #. la vérification porte sur autre chose : # − # = #. quel est le verdict ?	verifyforms	2	да	affirmation : 70 + 65 = 135. la vérification porte sur autre chose : 70 − 65 = 5. quel est le verdict ?
aiutami, per favore: quanto è # diviso #?	cross	2	да	aiutami, per favore: quanto è 12 diviso 4?
als n even is, is n + # even?	inquiry_pt_nl	2	да	als n even is, is n + 9 even?
are # and # coprime?	numbers	2	да	are 6 and 11 coprime?
bir sayı, rakamları toplamı #'e bölünüyorsa #'e bölünür demek doğru mudur?	inquiry_pl_tr	2	да	bir sayı, rakamları toplamı 3'e bölünüyorsa 3'e bölünür demek doğru mudur?
by how much is # warmer than −#?	signedworld	2	да	by how much is 4 warmer than −19?
cada billete cuesta # €. el descuento es de # € en cada billete. ¿cuánto se paga por # billetes?	discountroad	2	да	cada billete cuesta 91 €. el descuento es de 49 € en cada billete. ¿cuánto se paga por 4 billetes?
cada pacote custa # €. o desconto é de # € em cada pacote. quantos pacotes se podem comprar por # €?	discountroad	2	да	cada pacote custa 59 €. o desconto é de 26 € em cada pacote. quantos pacotes se podem comprar por 177 €?
calcola # diviso #	task	2	да	calcola 12 diviso 4
calcule # − #	arith_langs	2	да	calcule 9 − 8
chaque billet coûte # €. la remise est de # € sur chaque billet. combien de billets peut-on acheter pour # € ?	discountroad	2	да	chaque billet coûte 47 €. la remise est de 18 € sur chaque billet. combien de billets peut-on acheter pour 188
chaque paquet coûte # €. la remise est de # € sur chaque paquet. combien de paquets peut-on acheter pour # € ?	discountroad	2	да	chaque paquet coûte 68 €. la remise est de 35 € sur chaque paquet. combien de paquets peut-on acheter pour 99 
chaque paquet coûte # €. la remise est de # € sur chaque paquet. combien paie-t-on pour # paquets ?	discountroad	2	да	chaque paquet coûte 66 €. la remise est de 31 € sur chaque paquet. combien paie-t-on pour 3 paquets ?
che cosa segue dal fatto che # non è divisibile per #?	infer	2	да	che cosa segue dal fatto che 6 non è divisibile per 4?
ci sono # documenti nella cartella. l'atto crea # documento. quanti documenti ci sono nella cartella dopo l'atto?	toolforms	2	да	ci sono 9 documenti nella cartella. l'atto crea 1 documento. quanti documenti ci sono nella cartella dopo l'at
combien de centimes font #,# euros ?	money_langs	2	да	combien de centimes font 18,25 euros ?
combien font # % de # ?	stats_langs	2	да	combien font 15 % de 60 ?
combien font # divisé par # ?	remainders_langs	2	да	combien font 17 divisé par 2 ?
como se escreve # em algarismos romanos?	roman	2	да	como se escreve 24 em algarismos romanos?
como se pode escrever # × # de outra maneira?	rewrite	2	да	como se pode escrever 6 × 3 de outra maneira?
count from # to #. what do we get?	numberline	2	да	count from 7 to 10. what do we get?
czy # + # i # × # to to samo?	rewrite	2	да	czy 7 + 7 i 3 × 7 to to samo?
czy # i # są względnie pierwsze?	inquiry_pl_tr	2	да	czy 19 i 22 są względnie pierwsze?
czy # ma dokładnie dwa dzielniki?	inquiry_pl_tr	2	да	czy 55 ma dokładnie dwa dzielniki?
czy to prawda, że # + # = #?	verifyforms	2	да	czy to prawda, że 82 + 57 = 141?
czy to prawda, że jeśli n jest parzyste, to n + # jest parzyste?	inquiry_pl_tr	2	да	czy to prawda, że jeśli n jest parzyste, to n + 1 jest parzyste?
das erste {Носитель} hat # {Носитель}. wie viele {Носитель} hat das erste {Носитель}?	numphrase	2	да	das erste Kapitel hat 48 Seiten. wie viele Seiten hat das erste Kapitel?
das {Носитель} wartete # {Носитель}. wie lange wartete das {Носитель}?	unit_counts	2	да	das Kind wartete 2 Stunden. wie lange wartete das Kind?
de getallen: #, #, #, #. welk getal is het op een na grootste?	orderforms	2	да	de getallen: 28, 47, 35, 16. welk getal is het op een na grootste?
de klok wijst #:# aan. hoe zegt men dat in woorden?	clockwords	2	да	de klok wijst 4:30 aan. hoe zegt men dat in woorden?
de manhã estavam # graus. desceu # graus. quantos graus estão agora?	signedworld	2	да	de manhã estavam 7 graus. desceu 13 graus. quantos graus estão agora?
de trein rijdt # km/u. hoe ver rijdt hij in # uur?	speedforms	2	да	de trein rijdt 95 km/u. hoe ver rijdt hij in 3 uur?
de trein vertrok om #:#. de reis duurt # uur # minuten. wanneer komt hij aan?	clockforms	2	да	de trein vertrok om 17:40. de reis duurt 1 uur 30 minuten. wanneer komt hij aan?
del # de abril al # de mayo. ¿cuántos días pasaron?	dateforms	2	да	del 25 de abril al 7 de mayo. ¿cuántos días pasaron?
der {Носитель} fuhr # km mit # km/h. in wie vielen {Носитель} fuhr er so weit?	speedforms	2	да	der Zug fuhr 350 km mit 70 km/h. in wie vielen Stunden fuhr er so weit?
der {Носитель} fuhr um #:# ab und kam um #:# an. wie lange fuhr er?	clockforms	2	да	der Zug fuhr um 5:25 ab und kam um 10:10 an. wie lange fuhr er?
der {Носитель} kommt um #:# an. die {Носитель} dauert # {Носитель} # {Носитель}. wann ist er abgefahren?	clockforms	2	да	der Zug kommt um 9:10 an. die Fahrt dauert 2 Stunden 45 Minuten. wann ist er abgefahren?
die erste {Носитель}: lösche keine {Носитель}. die zweite {Носитель}: verschiebe keine {Носитель}. erstelle # {Носитель}. darf der {Носитель} ausgeführt werden?	mandateforms	2	да	die erste Regel: lösche keine Dateien. die zweite Regel: verschiebe keine Dateien. erstelle 2 Dateien. darf de
die {Носитель} dauerte # {Носитель}. wie lange dauerte die {Носитель}?	unit_counts	2	да	die Arbeit dauerte 2 Wochen. wie lange dauerte die Arbeit?
die {Носитель} zeigt #:#. wie sagt man das in {Носитель}?	clockwords	2	да	die Uhr zeigt 1:15. wie sagt man das in Worten?
die {Носитель}: #, #, #. wie gehen sie absteigend?	orderforms	2	да	die Zahlen: 73, 52, 88. wie gehen sie absteigend?
disseste que # menos # dá #. é assim?	object	2	да	disseste que 15 menos 8 dá 7. é assim?
divide # em # partes iguais. quanto dá?	opforms	2	да	divide 21 em 7 partes iguais. quanto dá?
does a loop with target # starting at # with step # land exactly on the target?	cybernetics	2	да	does a loop with target 29 starting at 8 with step 3 land exactly on the target?
du hast gesagt, dass # minus # # macht. stimmt das?	object	2	да	du hast gesagt, dass 15 minus 8 8 macht. stimmt das?
een potlood kost # euro. hoeveel kosten # potloden?	price	2	да	een potlood kost 5 euro. hoeveel kosten 3 potloden?
eine {Носитель} hat # {Носитель}. wie viele {Носитель} hat eine {Носитель}?	nature,topics	2	да	eine Minute hat 60 Sekunden. wie viele Sekunden hat eine Minute?
el gato saltó # metros y luego # metros. ¿cuánto saltó el gato en total?	action_measure_langs	2	да	el gato saltó 27 metros y luego 13 metros. ¿cuánto saltó el gato en total?
el primer capítulo tiene # páginas de largo. ¿qué longitud tiene el primer capítulo?	numphrase	2	да	el primer capítulo tiene 124 páginas de largo. ¿qué longitud tiene el primer capítulo?
el reloj marca #:#. ¿cómo se dice en palabras?	clockwords	2	да	el reloj marca 3:45. ¿cómo se dice en palabras?
el tren llega a las #:#. el viaje dura # hora # minutos. ¿cuándo salió?	clockforms	2	да	el tren llega a las 10:05. el viaje dura 1 hora 20 minutos. ¿cuándo salió?
el tren recorrió # km a # km/h. ¿en cuántas horas recorrió esa distancia?	speedforms	2	да	el tren recorrió 440 km a 110 km/h. ¿en cuántas horas recorrió esa distancia?
elk pak kost # €. de korting is # € op elk pak. hoeveel pakken kan men kopen voor # €?	discountroad	2	да	elk pak kost 59 €. de korting is 26 € op elk pak. hoeveel pakken kan men kopen voor 99 €?
es gibt # {Носитель} in einem {Носитель}, Fahrräder und {Носитель}. ein {Носитель} hat # Räder und ein {Носитель} hat # Räder. es gibt insgesamt # Räder. wie viele Fahrräder gibt es?	two_kinds	2	да	es gibt 20 Fahrzeuge in einem Hof, Fahrräder und Autos. ein Fahrrad hat 2 Räder und ein Auto hat 4 Räder. es g
es gibt # {Носитель} in einem {Носитель}, Fahrräder und {Носитель}. ein {Носитель} hat # Räder und ein {Носитель} hat # Räder. es gibt insgesamt # Räder. wie viele {Носитель} gibt es?	two_kinds	2	да	es gibt 10 Fahrzeuge in einem Hof, Fahrräder und Autos. ein Fahrrad hat 2 Räder und ein Auto hat 4 Räder. es g
es gibt # {Носитель} in einem {Носитель}, Hühner und Kühe. ein {Носитель} hat # {Носитель} und eine {Носитель} hat # {Носитель}. es gibt insgesamt # {Носитель}. wie viele Hühner gibt es?	two_kinds	2	да	es gibt 32 Tiere in einem Hof, Hühner und Kühe. ein Huhn hat 2 Beine und eine Kuh hat 4 Beine. es gibt insgesa
es gibt # {Носитель} in einem {Носитель}, Hühner und Kühe. ein {Носитель} hat # {Носитель} und eine {Носитель} hat # {Носитель}. es gibt insgesamt # {Носитель}. wie viele Kühe gibt es?	two_kinds	2	да	es gibt 30 Tiere in einem Hof, Hühner und Kühe. ein Huhn hat 2 Beine und eine Kuh hat 4 Beine. es gibt insgesa
es gibt # {Носитель} in einer {Носитель}, Käfer und {Носитель}. ein Käfer hat # {Носитель} und eine {Носитель} hat # {Носитель}. es gibt insgesamt # {Носитель}. wie viele {Носитель} gibt es?	two_kinds	2	да	es gibt 26 Insekten in einer Kiste, Käfer und Spinnen. ein Käfer hat 6 Beine und eine Spinne hat 8 Beine. es g
est-ce que # est pair ou impair ?	inquiry_de_fr	2	да	est-ce que 27 est pair ou impair ?
est-il vrai que # n'est pas plus grand que # ?	numberline	2	да	est-il vrai que 5 n'est pas plus grand que 7 ?
five sixths of a number is #. what is the number?	share	2	да	five sixths of a number is 20. what is the number?
from # {Носитель} to # {Носитель}. how many days passed?	dateforms	2	да	from 25 April to 7 May. how many days passed?
gebruiker: hoeveel bestanden zitten er in de map?	actturn	2	да	gebruiker: hoeveel bestanden zitten er in de map?
hay # archivos en la carpeta. el primer acto crea # archivos. creo que responderé #. ¿cuántos archivos hay en la carpeta?	selfmodelforms	2	да	hay 12 archivos en la carpeta. el primer acto crea 5 archivos. creo que responderé 19. ¿cuántos archivos hay e
hay # mensajes en la lista. el primer acto crea # mensajes. ¿cuántos mensajes hay en la lista?	personforms	2	да	hay 20 mensajes en la lista. el primer acto crea 2 mensajes. ¿cuántos mensajes hay en la lista?
heute ist {Носитель}. welcher {Носитель} ist morgen?	calendar_langs	2	да	heute ist Samstag. welcher Tag ist morgen?
ho # mele e # nuove. quante mele ho?	proform	2	да	ho 10 mele e 5 nuove. quante mele ho?
hoeveel is # % van #?	stats_langs	2	да	hoeveel is 10 % van 40?
hoje é segunda-feira. que dia será amanhã?	calendar_langs	2	да	hoje é segunda-feira. que dia será amanhã?
how is x ^ # - # * x + # = # read aloud?	formula_lang	2	да	how is x ^ 2 - 15 * x + 54 = 0 read aloud?
how many apples does {Носитель} have now?	genesis_story	2	да	how many apples does Vera have now?
how many bits do # equally likely outcomes carry?	compsci	2	да	how many bits do 4 equally likely outcomes carry?
how many cents is $#.#?	money	2	да	how many cents is $15.70?
how many coins does {Носитель} have now?	genesis_story	2	да	how many coins does Mary have now?
how many items do # dozens equal?	genesis_units	2	да	how many items do 4 dozens equal?
how many stamps does {Носитель} have left?	genesis_story	2	да	how many stamps does Yuri have left?
how much is # + #?	ruler_dense	2	да	how much is 7 + 1?
how old is {Носитель} now?	age	2	да	how old is Olya now?
how old is {Носитель}'s sister?	age	2	да	how old is Tom's sister?
há # maçãs no cesto: # vermelhas e # verdes. quantas maçãs não são vermelhas?	quantforms	2	да	há 10 maçãs no cesto: 3 vermelhas e 7 verdes. quantas maçãs não são vermelhas?
i bought # books. now i have # books. how many books did i have at the start?	beforetails	2	да	i bought 3 books. now i have 21 books. how many books did i have at the start?
i have # books and # new ones. how many books do i have?	proform	2	да	i have 14 books and 8 new ones. how many books do i have?
i have # books. i buy # new ones. how many do i have now?	proform	2	да	i have 13 books. i buy 7 new ones. how many do i have now?
i numeri: #, #, #. quale numero sta fra gli altri due?	orderforms	2	да	i numeri: 73, 52, 88. quale numero sta fra gli altri due?
ich habe # Bücher. ich kaufe # neue. wie viele habe ich jetzt?	proform	2	да	ich habe 13 Bücher. ich kaufe 7 neue. wie viele habe ich jetzt?
if # > #, what is y?	programs	2	да	if 9 > 8, what is y?
ik denk dat elk getal deelbaar door # deelbaar is door #. hoe kan dat getest worden?	hypo	2	да	ik denk dat elk getal deelbaar door 6 deelbaar is door 3. hoe kan dat getest worden?
ik heb # appels. ik eet er # op. hoeveel blijven er over?	price	2	да	ik heb 2 appels. ik eet er 1 op. hoeveel blijven er over?
ik heb # boeken. ik koop # nieuwe. hoeveel heb ik nu?	proform	2	да	ik heb 13 boeken. ik koop 7 nieuwe. hoeveel heb ik nu?
ik heb # € uitgegeven. ik heb nog # € over. hoeveel geld had ik oorspronkelijk?	beforetails	2	да	ik heb 38 € uitgegeven. ik heb nog 95 € over. hoeveel geld had ik oorspronkelijk?
ik heb boeken. het zijn er #. hoeveel boeken heb ik?	readnum	2	да	ik heb boeken. het zijn er 6. hoeveel boeken heb ik?
il cane pesava # chilogrammi. quanto pesava il cane?	action_measure_langs	2	да	il cane pesava 15 chilogrammi. quanto pesava il cane?
il treno arriva alle #:#. il viaggio dura # ore # minuti. quando è partito?	clockforms	2	да	il treno arriva alle 10:15. il viaggio dura 3 ore 40 minuti. quando è partito?
il treno ha fatto # km in # ore. quanti chilometri all'ora fa?	speedforms	2	да	il treno ha fatto 180 km in 3 ore. quanti chilometri all'ora fa?
il treno è partito alle #:# ed è arrivato alle #:#. quanto tempo ha viaggiato?	clockforms	2	да	il treno è partito alle 13:30 ed è arrivato alle 15:20. quanto tempo ha viaggiato?
il y a # fichiers dans le dossier. l'acte crée # fichier. combien de fichiers y a-t-il dans le dossier après l'acte ?	toolforms	2	да	il y a 5 fichiers dans le dossier. l'acte crée 1 fichier. combien de fichiers y a-t-il dans le dossier après l
il y a # fichiers dans le dossier. le premier acte crée # fichiers. je pense que je répondrai #. combien de fichiers y a-t-il dans le dossier ?	selfmodelforms	2	да	il y a 8 fichiers dans le dossier. le premier acte crée 5 fichiers. je pense que je répondrai 14. combien de f
il y a # messages dans la liste. le premier acte crée # messages. le deuxième acte crée # messages. le troisième acte supprime # messages. combien y en avait-il avant et après ?	episodeforms	2	да	il y a 8 messages dans la liste. le premier acte crée 4 messages. le deuxième acte crée 2 messages. le troisiè
ile to # podzielone przez #?	remainders_langs	2	да	ile to 27 podzielone przez 6?
ile to jedna piąta z #?	share_langs	2	да	ile to jedna piąta z 55?
ile wynosi # zaokrąglone do setek?	roundforms	2	да	ile wynosi 750 zaokrąglone do setek?
ile wynosi suma pierwszych # liczb nieparzystych?	inquiry_pl_tr	2	да	ile wynosi suma pierwszych 7 liczb nieparzystych?
im {Носитель} waren # {Носитель}. an der {Носитель} stiegen # {Носитель} ein, während einige ausstiegen. jetzt sind # {Носитель} im {Носитель}. wie viele {Носитель} stiegen aus?	svamp	2	да	im Bus waren 24 Kinder. an der Haltestelle stiegen 15 Kinder ein, während einige ausstiegen. jetzt sind 32 Kin
in de mand liggen # appels: # rode en # groene. zijn alle appels rood?	quantforms	2	да	in de mand liggen 8 appels: 5 rode en 3 groene. zijn alle appels rood?
is # eight times more than #?	compare_mult	2	да	is 56 eight times more than 8?
is # positive?	proof	2	НЕТ	is 12 positive?
is # to # as # is to #?	analog	2	НЕТ	is 5 to 20 as 7 is to 29?
is het waar: elk even getal is deelbaar door #?	inquiry_pt_nl	2	да	is het waar: elk even getal is deelbaar door 4?
is it true that # + # = #?	verifyforms	2	да	is it true that 81 + 56 = 147?
is the hypotenuse of a right triangle with legs # and # a whole number?	geometry	2	НЕТ	is the hypotenuse of a right triangle with legs 3 and 4 a whole number?
is there a single median of # # # #?	statistics	2	НЕТ	is there a single median of 3 7 5 8?
is −# positive?	proof	2	НЕТ	is −10 positive?
ist # eine {Носитель}?	inquiry_de_fr,primes_langs	2	да	ist 60 eine Primzahl?
j'ai # livres. j'achète # nouveaux. combien en ai-je maintenant ?	proform	2	да	j'ai 13 livres. j'achète 7 nouveaux. combien en ai-je maintenant ?
j'ai # pommes. j'en mange #. combien en reste-t-il ?	price	2	да	j'ai 2 pommes. j'en mange 1. combien en reste-t-il ?
jakie jest ciśnienie siły # niutonów na # metrów kwadratowych?	physics_langs	2	да	jakie jest ciśnienie siły 12 niutonów na 3 metrów kwadratowych?
jedno jabłko kosztuje # złote. ile kosztują # jabłka?	price	2	да	jedno jabłko kosztuje 2 złote. ile kosztują 4 jabłka?
l'horloge indique #:#. comment le dit-on en mots ?	clockwords	2	да	l'horloge indique 7:30. comment le dit-on en mots ?
la rana pesaba # kilogramos. ¿cuánto pesaba la rana?	action_measure_langs	2	да	la rana pesaba 27 kilogramos. ¿cuánto pesaba la rana?
le chat a sauté de # mètres puis de # mètres. combien de mètres le chat a sauté en tout ?	action_measure_langs	2	да	le chat a sauté de 27 mètres puis de 13 mètres. combien de mètres le chat a sauté en tout ?
le train a parcouru # km en # heures. combien de kilomètres par heure fait-il ?	speedforms	2	да	le train a parcouru 180 km en 3 heures. combien de kilomètres par heure fait-il ?
le train a parcouru # km à # km/h. en combien d'heures a-t-il parcouru cette distance ?	speedforms	2	да	le train a parcouru 320 km à 40 km/h. en combien d'heures a-t-il parcouru cette distance ?
le train est parti à #:#. le trajet dure # heure # minutes. quand arrive-t-il ?	clockforms	2	да	le train est parti à 11:35. le trajet dure 1 heure 55 minutes. quand arrive-t-il ?
le train roule à # km/h. quelle distance parcourt-il en # heures ?	speedforms	2	да	le train roule à 45 km/h. quelle distance parcourt-il en 4 heures ?
les nombres : #, #, #. comment vont-ils par ordre décroissant ?	orderforms	2	да	les nombres : 33, 17, 45. comment vont-ils par ordre décroissant ?
les nombres : #, #, #. quel nombre est le deuxième plus grand ?	orderforms	2	да	les nombres : 7, 3, 9. quel nombre est le deuxième plus grand ?
liczby: #, #, #. jak idą rosnąco?	orderforms	2	да	liczby: 28, 47, 35. jak idą rosnąco?
los números: #, #, #. ¿qué número es el segundo mayor?	orderforms	2	да	los números: 12, 25, 18. ¿qué número es el segundo mayor?
los números: #, #, #. ¿qué número está entre los otros dos?	orderforms	2	да	los números: 73, 52, 88. ¿qué número está entre los otros dos?
na liście jest # wiadomości. akt tworzy # wiadomości. ile wiadomości jest na liście po akcie?	toolforms	2	да	na liście jest 16 wiadomości. akt tworzy 3 wiadomości. ile wiadomości jest na liście po akcie?
na liście jest # wiadomości. pierwszy akt tworzy # wiadomości. myślę, że odpowiem #. ile wiadomości jest na liście?	selfmodelforms	2	да	na liście jest 9 wiadomości. pierwszy akt tworzy 2 wiadomości. myślę, że odpowiem 11. ile wiadomości jest na l
non ho visto il segnale. perché?	reply	2	да	non ho visto il segnale. perché?
o comboio percorreu # km a # km/h. em quantas horas percorreu essa distância?	speedforms	2	да	o comboio percorreu 270 km a 90 km/h. em quantas horas percorreu essa distância?
o comboio percorreu # km em # horas. quantos quilómetros por hora faz?	speedforms	2	да	o comboio percorreu 500 km em 5 horas. quantos quilómetros por hora faz?
o primeiro capítulo tem # páginas. quantas páginas tem o primeiro capítulo?	numphrase	2	да	o primeiro capítulo tem 215 páginas. quantas páginas tem o primeiro capítulo?
o que se segue de # não ser divisível por #?	infer	2	да	o que se segue de 20 não ser divisível por 3?
o {Носитель} tinha # lápis e a Inês tinha # lápis. o {Носитель} deu-lhe # lápis. quantos lápis tem a Inês agora?	pronobject	2	да	o Tiago tinha 25 lápis e a Inês tinha 9 lápis. o Tiago deu-lhe 13 lápis. quantos lápis tem a Inês agora?
odejmij # od #. ile to jest?	opforms	2	да	odejmij 19 od 27. ile to jest?
ogni biglietto costa # €. lo sconto è di # € su ogni biglietto. quanto si paga per # biglietti?	discountroad	2	да	ogni biglietto costa 74 €. lo sconto è di 39 € su ogni biglietto. quanto si paga per 2 biglietti?
one apple costs # dollars. how much do # apples cost?	price	2	да	one apple costs 2 dollars. how much do 4 apples cost?
one pencil costs # dollars. i have # dollars. is that enough for # pencils?	enough	2	да	one pencil costs 2 dollars. i have 10 dollars. is that enough for 6 pencils?
os números: #, #, #. como vão por ordem crescente?	orderforms	2	да	os números: 6, 19, 11. como vão por ordem crescente?
personality: terse. there are # messages in the list. the first act creates # messages. how many messages are in the list?	personforms	2	да	personality: terse. there are 5 messages in the list. the first act creates 7 messages. how many messages are 
personnalité : détaillée. il y a # enregistrements dans la boîte. le premier acte crée # enregistrements. combien de enregistrements y a-t-il dans la boîte ?	personforms	2	да	personnalité : détaillée. il y a 9 enregistrements dans la boîte. le premier acte crée 5 enregistrements. comb
plan: regar # bancales. paso # — llenar # cubos, paso # — regar # bancales. ¿qué hacer primero: llenar los cubos o regar los bancales?	planforms	2	да	plan: regar 14 bancales. paso 1 — llenar 2 cubos, paso 2 — regar 14 bancales. ¿qué hacer primero: llenar los c
plano: regar # canteiros. passo # — encher # baldes, passo # — regar # canteiros. quantos passos tem o plano?	planforms	2	да	plano: regar 14 canteiros. passo 1 — encher 7 baldes, passo 2 — regar 14 canteiros. quantos passos tem o plano
pociąg odjechał o #:#. podróż trwa # godziny # minut. kiedy przyjedzie?	clockforms	2	да	pociąg odjechał o 11:45. podróż trwa 2 godziny 35 minut. kiedy przyjedzie?
por la mañana hacía # grados. bajó # grados. ¿cuántos grados hace ahora?	signedworld	2	да	por la mañana hacía 18 grados. bajó 26 grados. ¿cuántos grados hace ahora?
por la mañana hacía −# grados. subió # grados. ¿cuántos grados hace ahora?	signedworld	2	да	por la mañana hacía −7 grados. subió 12 grados. ¿cuántos grados hace ahora?
powiedział pan, że # minus # to #. czy tak jest?	object	2	да	powiedział pan, że 27 minus 13 to 15. czy tak jest?
qual das duas dá #: # + # ou # − #?	verifyforms	2	да	qual das duas dá 25: 97 + 72 ou 97 − 72?
qual è il perimetro di un rettangolo # per #?	geometry_langs	2	да	qual è il perimetro di un rettangolo 6 per 2?
qual é a área de um retângulo # por #?	geometry_langs	2	да	qual é a área de um retângulo 5 por 9?
qual é o termo número # da progressão desde # com passo #?	sequences_langs	2	да	qual é o termo número 5 da progressão desde 11 com passo 7?
quanto dá # − #?	arith_langs,cross	2	да	quanto dá 12 − 4?
quanto fa # arrotondato alla decina?	roundforms	2	да	quanto fa 47 arrotondato alla decina?
quanto fa # diviso #?	remainders_langs	2	да	quanto fa 27 diviso 5?
quanto fa il doppio di #?	numberline	2	да	quanto fa il doppio di 9?
quanto é # arredondado à dezena?	roundforms	2	да	quanto é 31 arredondado à dezena?
quanto é # dividido por #?	remainders_langs	2	да	quanto é 20 dividido por 3?
quantos gramas são # quilogramas?	units_langs	2	да	quantos gramas são 12 quilogramas?
que découle-t-il du fait que # n'est pas divisible par # ?	infer	2	да	que découle-t-il du fait que 15 n'est pas divisible par 2 ?
quel est # arrondi à la dizaine ?	roundforms	2	да	quel est 35 arrondi à la dizaine ?
quel est le périmètre d'un rectangle # sur # ?	geometry_langs	2	да	quel est le périmètre d'un rectangle 2 sur 10 ?
quelle est la pression d'une force de # newtons sur # mètres carrés ?	physics_langs	2	да	quelle est la pression d'une force de 20 newtons sur 5 mètres carrés ?
sag das {Носитель} „{Носитель}“ rückwärts. was kommt heraus?	letters	2	да	sag das Wort „Brot“ rückwärts. was kommt heraus?
soma # e #. quanto dá?	opforms	2	да	soma 13 e 6. quanto dá?
tengo # libros. compro # nuevos. ¿cuántos tengo ahora?	proform	2	да	tengo 20 libros. compro 9 nuevos. ¿cuántos tengo ahora?
tenho # maçãs # livros # lápis. quantas maçãs tenho?	readnum	2	да	tenho 12 maçãs 5 livros 8 lápis. quantas maçãs tenho?
tenho # maçãs e # novas. quantas maçãs tenho?	proform	2	да	tenho 14 maçãs e 8 novas. quantas maçãs tenho?
the bag weighed # kilograms # grams. # kilograms # grams was taken out of it. how much does the bag weigh now?	mixedunits	2	да	the bag weighed 10 kilograms 120 grams. 4 kilograms 930 grams was taken out of it. how much does the bag weigh
the clock shows #:#. how do you say it in words?	clockwords	2	да	the clock shows 1:15. how do you say it in words?
the first chapter has # pages. how many pages does the first chapter have?	numphrase	2	да	the first chapter has 124 pages. how many pages does the first chapter have?
the frog jumped # inches. how far did the frog jump?	action_measure	2	да	the frog jumped 12 inches. how far did the frog jump?
the numbers: #, #, #. how do they go in descending order?	orderforms	2	да	the numbers: 96, 74, 85. how do they go in descending order?
the train left at #:#. the journey takes # hours # minutes. when will it arrive?	clockforms	2	да	the train left at 15:45. the journey takes 2 hours 20 minutes. when will it arrive?
the train went # km at # km/h. in how many hours did it go that far?	speedforms	2	да	the train went 440 km at 110 km/h. in how many hours did it go that far?
there are # animals in a farm, chickens and cows. a chicken has # legs and a cow has # legs. there are # legs in all. how many chickens are there?	two_kinds	2	да	there are 36 animals in a farm, chickens and cows. a chicken has 2 legs and a cow has 4 legs. there are 86 leg
there are # animals in a farm, chickens and cows. a chicken has # legs and a cow has # legs. there are # legs in all. how many cows are there?	two_kinds	2	да	there are 42 animals in a farm, chickens and cows. a chicken has 2 legs and a cow has 4 legs. there are 142 le
there are # apples in the basket: # red and # green. are all the apples red?	quantforms	2	да	there are 6 apples in the basket: 4 red and 2 green. are all the apples red?
there are # apples in the basket: # red and # green. are there any blue ones?	quantforms	2	да	there are 4 apples in the basket: 1 red and 3 green. are there any blue ones?
there are # messages in the list. the first act creates # messages. i think i will answer #. how many messages are in the list?	selfmodelforms	2	да	there are 9 messages in the list. the first act creates 2 messages. i think i will answer 12. how many message
there are # more girls than boys in the school. there are # boys in the school. how many girls are there in the school?	action_measure	2	да	there are 12 more girls than boys in the school. there are 20 boys in the school. how many girls are there in 
there are # records in the box. the first act creates # records. i think i will answer #. how many records are in the box?	selfmodelforms	2	да	there are 12 records in the box. the first act creates 6 records. i think i will answer 19. how many records a
there are twice as many worker bees as baby bees. there are # bees in all. how many baby bees are there?	relations_story	2	да	there are twice as many worker bees as baby bees. there are 15 bees in all. how many baby bees are there?
there were # children on the bus. # more children got on. how many children are there on the bus now?	action_measure	2	да	there were 11 children on the bus. 9 more children got on. how many children are there on the bus now?
there were # children on the playground. # more children came. how many children are there on the playground now?	action_measure	2	да	there were 28 children on the playground. 14 more children came. how many children are there on the playground
there were # kids on the bus. # kids got off. how many kids are there on the bus now?	action_measure	2	да	there were 43 kids on the bus. 21 kids got off. how many kids are there on the bus now?
together {Носитель}, {Носитель} and {Носитель} have # books. {Носитель} has three times as many as {Носитель}. {Носитель} has # fewer than {Носитель}. how many books does {Носитель} have?	relations_story	2	да	together Cynthia, Ava and Dima have 104 books. Cynthia has three times as many as Ava. Ava has 4 fewer than Di
tom has # balls. he gave away # balls. how many does he have left?	anaphora	2	да	tom has 15 balls. he gave away 6 balls. how many does he have left?
tüm kareler çifttir demek doğru mudur?	inquiry_pl_tr	2	да	tüm kareler çifttir demek doğru mudur?
u zei dat # min # # is. klopt dat?	object	2	да	u zei dat 20 min 7 14 is. klopt dat?
uma maçã custa # euros. quanto custam # maçãs?	price	2	да	uma maçã custa 5 euros. quanto custam 4 maçãs?
un libro cuesta # euros. ¿cuánto cuestan # libros?	price	2	да	un libro cuesta 5 euros. ¿cuánto cuestan 2 libros?
una manzana cuesta # euros. tengo # euros. ¿cuánto falta para # manzanas?	enough	2	да	una manzana cuesta 2 euros. tengo 10 euros. ¿cuánto falta para 6 manzanas?
una matita costa # euro. ho # euro. quanto manca per # matite?	enough	2	да	una matita costa 5 euro. ho 20 euro. quanto manca per 5 matite?
una mela costa # euro. ho # euro. è abbastanza per # mele?	enough	2	да	una mela costa 5 euro. ho 20 euro. è abbastanza per 3 mele?
una mela costa # euro. quanto costano # mele?	price	2	да	una mela costa 5 euro. quanto costano 5 mele?
une pomme coûte # euros. combien coûtent # pommes ?	price	2	да	une pomme coûte 3 euros. combien coûtent 5 pommes ?
użytkownik: utwórz plik b.txt. organizm: proponuję utworzyć plik b.txt. czy to potwierdzone?	actturn	2	да	użytkownik: utwórz plik b.txt. organizm: proponuję utworzyć plik b.txt. czy to potwierdzone?
van # februari tot # maart. hoeveel dagen zijn er verstreken?	dateforms	2	да	van 26 februari tot 3 maart. hoeveel dagen zijn er verstreken?
van # maart tot # april. hoeveel dagen zijn er verstreken?	dateforms	2	да	van 30 maart tot 8 april. hoeveel dagen zijn er verstreken?
vous avez dit que # moins # fait #. est-ce exact ?	object	2	да	vous avez dit que 31 moins 6 fait 26. est-ce exact ?
w koszyku jest # jabłek: # czerwonych i # zielone. czy wszystkie jabłka są czerwone?	quantforms	2	да	w koszyku jest 9 jabłek: 7 czerwonych i 2 zielone. czy wszystkie jabłka są czerwone?
was ist # geteilt durch #?	remainders_langs	2	да	was ist 30 geteilt durch 4?
was ist # − #?	arith_langs	2	НЕТ	was ist 12 − 5?
was ist das {Носитель} {Носитель} # der {Носитель} ab # mit {Носитель} #?	sequences_langs	2	да	was ist das Glied Nummer 5 der Folge ab 11 mit Schritt 7?
was ist der {Носитель} von #, #?	stats_langs	2	да	was ist der Durchschnitt von 9, 11?
was ist größer: ein {Носитель} oder ein {Носитель}?	scale	2	да	was ist größer: ein Elefant oder ein Pferd?
was ist {Носитель}?	dialogue,topics	2	да	was ist Quarkosaurus?
was passt nicht dazu: eine {Носитель}, eine {Носитель}, eine {Носитель}?	worldfacts	2	да	was passt nicht dazu: eine Ameise, eine Katze, eine Eiche?
was sind drei {Носитель} von #?	share_langs,shares_percent	2	да	was sind drei Zehntel von 160?
wat is een kwart van #?	share_langs	2	да	wat is een kwart van 36?
wat is het kwadraat van #?	inquiry_pt_nl	2	да	wat is het kwadraat van 14?
wat is het volgende priemgetal na #?	search_langs	2	да	wat is het volgende priemgetal na 49?
welcher {Носитель} kommt # {Носитель} nach {Носитель}?	calendar_langs	2	да	welcher Tag kommt 5 Tage nach Montag?
what does # + # equal?	arith_langs	2	да	what does 38 + 11 equal?
what does # factorise into?	numbers	2	да	what does 178 factorise into?
what does granite contain?	genesis_l4	2	да	what does granite contain?
what does pressure = force ÷ area give for # and #?	physlaws	2	да	what does pressure = force ÷ area give for 14 and 2?
what does the division of # by # give?	surfaces	2	да	what does the division of 45 by 5 give?
what does voltage = current × resistance give for # and #?	physics	2	да	what does voltage = current × resistance give for 4 and 15?
what does work = force × distance give for # and #?	physics	2	да	what does work = force × distance give for 22 and 5?
what is # and #?	machine	2	да	what is 70 and 6?
what is # or #?	machine	2	НЕТ	what is 9 or 7?
what is # shifted left by #?	machine	2	да	what is 11 shifted left by 5?
what is # times (#, #)?	linalg	2	да	what is 2 times (8, 4)?
what is # to the power #?	formulas,md_latex	2	да	what is 2 to the power 2?
what is # × #?	algebra,school_biling_v2c	2	да	what is 10 × 0?
what is (#, #) − (#, #)?	linalg	2	да	what is (8, 3) − (6, 6)?
what is [# #; # #] times (#, #)?	linalg	2	да	what is [5 3; 3 4] times (2, 2)?
what is binary # in decimal?	machine	2	да	what is binary 1100 in decimal?
what is nine plus one?	lang_en,ruler_dense	2	да	what is nine plus one?
what is oxygen?	genesis_l4	2	да	what is oxygen?
what is the dot product of (#, #) and (#, #)?	linalg	2	да	what is the dot product of (6, 5) and (6, 4)?
what is the product of # and #?	surfaces	2	да	what is the product of 28 and 4?
what is the quotient of # and #?	cross,surfaces	2	да	what is the quotient of 18 and 6?
what is the square root of #?	equation,equation_signed	2	да	what is the square root of 900?
what is to be proved?	metalang	2	да	what is to be proved?
why is the perimeter of a rectangle # by # equal to #?	geometry	2	да	why is the perimeter of a rectangle 6 by 4 equal to 20?
why is the pressure of # newtons on # square metres equal to # pascals?	physlaws	2	да	why is the pressure of 20 newtons on 5 square metres equal to 4 pascals?
wie groß ist der {Носитель} einer {Носитель} von # {Носитель} auf # {Носитель}?	physics_langs	2	да	wie groß ist der Druck einer Kraft von 20 Newton auf 5 Quadratmeter?
wie viele {Носитель} hat ein {Носитель}?	countfacts	2	да	wie viele Beine hat ein Pferd?
winda jest na piętrze −#. winda jedzie # pięter w górę. na którym piętrze jest winda?	signedworld	2	да	winda jest na piętrze −6. winda jedzie 8 pięter w górę. na którym piętrze jest winda?
zegar wskazuje #:#. jak to powiedzieć słowami?	clockwords	2	да	zegar wskazuje 5:45. jak to powiedzieć słowami?
zijn # en # onderling ondeelbaar?	inquiry_pt_nl	2	да	zijn 22 en 33 onderling ondeelbaar?
{Носитель} # лет. {Носитель} вчетверо старше {Носитель}. сколько лет будет {Носитель} через # лет?	relations_story	2	да	Ивану 13 лет. Вера вчетверо старше Ивана. сколько лет будет Вере через 8 лет?
{Носитель} a # balles. elle a donné # balles. combien lui en reste-t-il ?	anaphora	2	да	Anne a 7 balles. elle a donné 2 balles. combien lui en reste-t-il ?
{Носитель} a faim. donc {Носитель} cherche à manger. pourquoi {Носитель} cherche à manger ?	behavior	2	да	Hugo a faim. donc Hugo cherche à manger. pourquoi Hugo cherche à manger ?
{Носитель} avait # livres et Léa et Zoé avaient # livres. {Носитель} leur a donné # livres. combien de livres ont Léa et Zoé maintenant ?	pronobject	2	да	Louis avait 16 livres et Léa et Zoé avaient 4 livres. Louis leur a donné 7 livres. combien de livres ont Léa e
{Носитель} aveva # libri e {Носитель} aveva # libri. {Носитель} gli ha dato # libri. quanti libri ha {Носитель} adesso?	pronobject	2	да	Giulia aveva 20 libri e Matteo aveva 5 libri. Giulia gli ha dato 8 libri. quanti libri ha Matteo adesso?
{Носитель} aveva # libri e {Носитель} aveva # libri. {Носитель} le ha dato # libri. quanti libri ha {Носитель} adesso?	pronobject	2	да	Matteo aveva 20 libri e Giulia aveva 5 libri. Matteo le ha dato 8 libri. quanti libri ha Matteo adesso?
{Носитель} baked # cookies. {Носитель} sold # cookies away. how many cookies does {Носитель} keep?	realverbs	2	да	James baked 9 cookies. James sold 2 cookies away. how many cookies does James keep?
{Носитель} bought # balls at # dollars each. how much did {Носитель} pay?	heads	2	да	Nick bought 4 balls at 5 dollars each. how much did Nick pay?
{Носитель} bought # nuts at # dollars each. how much did {Носитель} pay?	heads	2	да	Vera bought 6 nuts at 4 dollars each. how much did Vera pay?
{Носитель} collected # cards. {Носитель} found # card more. how many cards does {Носитель} hold now?	realverbs	2	да	Cynthia collected 11 cards. Cynthia found 1 card more. how many cards does Cynthia hold now?
{Носитель} est plus lent que {Носитель}. {Носитель} est plus lent que {Носитель}. qui est le plus lent ?	degrees	2	да	Louis est plus lent que Paul. Paul est plus lent que Hugo. qui est le plus lent ?
{Носитель} ha # libri. ne ha date #. quante gliene restano?	anaphora	2	да	Marco ha 11 libri. ne ha date 3. quante gliene restano?
{Носитель} had # books. {Носитель} gave # books away. how many books are left?	heads	2	да	Vera had 7 books. Vera gave 3 books away. how many books are left?
{Носитель} had # cookies. {Носитель} gave # cookies away. how many cookies are left?	heads	2	да	Ann had 10 cookies. Ann gave 3 cookies away. how many cookies are left?
{Носитель} had # cookies. {Носитель} got # cookies. how many cookies does {Носитель} have now?	heads	2	да	Mary had 10 cookies. Mary got 3 cookies. how many cookies does Mary have now?
{Носитель} had # miles. {Носитель} bought # miles more. how many miles does {Носитель} own now?	gsmlex	2	да	Hugo had 6 miles. Hugo bought 3 miles more. how many miles does Hugo own now?
{Носитель} had # nuts. {Носитель} got # nut. how many nuts does {Носитель} have now?	heads	2	да	Ann had 8 nuts. Ann got 1 nut. how many nuts does Ann have now?
{Носитель} had # pencils and {Носитель} had # pencils. {Носитель} gave her # pencils. how many pencils does {Носитель} have now?	pronobject	2	да	Ben had 32 pencils and Ann had 12 pencils. Ben gave her 15 pencils. how many pencils does Ben have now?
{Носитель} had # potloden. haar vader gaf haar nog # potloden. hoeveel potloden heeft {Носитель} nu?	kinbearer	2	да	Lotte had 5 potloden. haar vader gaf haar nog 4 potloden. hoeveel potloden heeft Lotte nu?
{Носитель} has # apples and {Носитель} has # apples; how many times as many apples does {Носитель} have as {Носитель}?	compare_mult	2	да	Ann has 32 apples and Mark has 4 apples; how many times as many apples does Ann have as Mark?
{Носитель} has # apples. {Носитель} has # more than twice the number of apples that {Носитель} has. how many apples does {Носитель} hold now?	genesis_compare	2	да	Felix has 2 apples. Ava has 2 more than twice the number of apples that Felix has. how many apples does Ava ho
{Носитель} has # books and {Носитель} has # books; how many times as many books does {Носитель} have as {Носитель}?	compare_mult	2	да	Ann has 64 books and Mark has 8 books; how many times as many books does Ann have as Mark?
{Носитель} has # books. how many does {Носитель} have?	links	2	да	Dima has 13 books. how many does Grace have?
{Носитель} has # days. {Носитель} buys # days more. how many days does {Носитель} hold now?	gsmlex	2	да	Grace has 11 days. Grace buys 2 days more. how many days does Grace hold now?
{Носитель} has # points. {Носитель} has twice as many points as {Носитель}. how many points does {Носитель} own now?	genesis_compare	2	да	Ava has 6 points. Elena has twice as many points as Ava. how many points does Elena own now?
{Носитель} has # slices. {Носитель} eats # slices away. how many slices does {Носитель} keep?	gsmlex	2	да	Elena has 6 slices. Elena eats 3 slices away. how many slices does Elena keep?
{Носитель} has # times as many books as {Носитель}. {Носитель} has # books. how many books does {Носитель} own now?	genesis_compare	2	да	Carla has 3 times as many books as Grace. Grace has 3 books. how many books does Carla own now?
{Носитель} has ordered # books. {Носитель} has ordered # more books than {Носитель}. how many books does {Носитель} hold now?	verbs	2	да	Umar has ordered 4 books. Rosa has ordered 9 more books than Umar. how many books does Rosa hold now?
{Носитель} hat #,# {Носитель}. sie bezahlte #,# {Носитель}. wie viel {Носитель} bleibt übrig?	money_story	2	да	Laura hat 41,85 Euro. sie bezahlte 22,37 Euro. wie viel Geld bleibt übrig?
{Носитель} heeft # boeken. zij gaf # boeken weg. hoeveel heeft zij nog?	anaphora	2	да	Anna heeft 11 boeken. zij gaf 3 boeken weg. hoeveel heeft zij nog?
{Носитель} is # jaar oud. hoe oud is {Носитель}?	holdforms	2	да	Sanne is 7 jaar oud. hoe oud is Sanne?
{Носитель} is better than {Носитель}. {Носитель} is better than {Носитель}. who is the best?	degrees	2	да	Ben is better than Carlos. Carlos is better than Dan. who is the best?
{Носитель} makes # degrees. {Носитель} sells # degree away. how many degrees does {Носитель} keep?	gsmwide	2	да	Felix makes 12 degrees. Felix sells 1 degree away. how many degrees does Felix keep?
{Носитель} packed # eggs. {Носитель} used # eggs away. how many eggs does {Носитель} keep?	realverbs	2	НЕТ	Tom packed 10 eggs. Tom used 2 eggs away. how many eggs does Tom keep?
{Носитель} reads # pages every day. how much in # days?	heads	2	да	Yuri reads 5 pages every day. how much in 4 days?
{Носитель} s hens lay # eggs. {Носитель} s hens lay # eggs more. how many eggs do the hens hold now?	gsmwide	2	да	Iris s hens lay 4 eggs. Iris s hens lay 3 eggs more. how many eggs do the hens hold now?
{Носитель} scored # packs. {Носитель} adds # pack more. how many packs does {Носитель} hold now?	gsmwide	2	да	Felix scored 11 packs. Felix adds 1 pack more. how many packs does Felix hold now?
{Носитель} takes # cups. {Носитель} drops # cups away. how many cups does {Носитель} save?	gsmwide	2	да	Janet takes 5 cups. Janet drops 3 cups away. how many cups does Janet save?
{Носитель} takes # pages. {Носитель} loses # pages away. how many pages does {Носитель} save?	gsmlex	2	да	Hugo takes 10 pages. Hugo loses 2 pages away. how many pages does Hugo save?
{Носитель} tiene # libros. dio # libros. ¿cuántas le quedan?	anaphora	2	да	Ana tiene 12 libros. dio 5 libros. ¿cuántas le quedan?
{Носитель} weet niet wat er komt. daarom is {Носитель} bang. waarom is {Носитель} bang?	behavior	2	да	Jan weet niet wat er komt. daarom is Jan bang. waarom is Jan bang?
{Носитель} weighs # pounds. {Носитель} loses # pounds away. how many pounds does {Носитель} save?	gsmwide	2	да	Elena weighs 5 pounds. Elena loses 3 pounds away. how many pounds does Elena save?
{Носитель} è più lento di {Носитель}. {Носитель} è più lento di {Носитель}. chi è il più lento?	degrees	2	да	Marco è più lento di Luca. Luca è più lento di Paolo. chi è il più lento?
{Носитель}: # + # = #. die Prüfung betrifft etwas anderes: # − # = #. wie lautet das {Носитель}?	verifyforms	2	да	Behauptung: 97 + 72 = 169. die Prüfung betrifft etwas anderes: 97 − 72 = 25. wie lautet das Urteil?
{Носитель}: erstelle die {Носитель} b.txt. {Носитель}: ich schlage vor, die {Носитель} b.txt zu erstellen. ist das bestätigt?	actturn	2	да	Benutzer: erstelle die Datei b.txt. Organismus: ich schlage vor, die Datei b.txt zu erstellen. ist das bestäti
¿cuál es el siguiente primo después de #?	search_langs	2	да	¿cuál es el siguiente primo después de 101?
¿cuánto es # ÷ #?	arith_langs	2	да	¿cuánto es 56 ÷ 8?
¿cuánto más caliente es # que −#?	signedworld	2	да	¿cuánto más caliente es 1 que −6?
¿cuántos bolígrafos más que {Носитель} tiene {Носитель}?	compare_langs	2	да	¿cuántos bolígrafos más que Elena tiene Diego?
¿cómo se dice # minutos de otra manera?	unitfrac	2	да	¿cómo se dice 15 minutos de otra manera?
¿cómo se escribe el número # en letras?	numberline	2	да	¿cómo se escribe el número 14 en letras?
¿es # par o impar?	inquiry_es_it	2	да	¿es 20 par o impar?
è vero che # + # = #?	verifyforms	2	да	è vero che 64 + 53 = 118?
é verdade que se n é par então n + m é par exatamente quando m é par?	inquiry_pt_nl	2	да	é verdade que se n é par então n + m é par exatamente quando m é par?
в коробке # насекомых, жуков и пауков. у жука # ног, а у паука # ног. всего # ног. сколько пауков?	two_kinds	2	да	в коробке 32 насекомых, жуков и пауков. у жука 6 ног, а у паука 8 ног. всего 228 ног. сколько пауков?
в папке # файлов. первый акт создаёт # файлов. я думал #, а ответ #. что верно?	selfmodelforms	2	да	в папке 7 файлов. первый акт создаёт 6 файлов. я думал 15, а ответ 13. что верно?
в ящике # записей. первый акт создаёт # записей. второй акт удаляет # записей. третий акт создаёт # записи. какой акт изменил счёт больше всех?	episodeforms	2	да	в ящике 16 записей. первый акт создаёт 8 записей. второй акт удаляет 8 записей. третий акт создаёт 2 записи. к
верно ли, что число делится на #, когда делится сумма его цифр?	inquiry	2	да	верно ли, что число делится на 3, когда делится сумма его цифр?
взаимно ли просты # и #?	numbers	2	НЕТ	взаимно ли просты 15 и 31?
во дворе # машин, велосипедов и автомобилей. у велосипеда # колеса, а у автомобиля # колеса. всего # колёс. сколько автомобилей?	two_kinds	2	да	во дворе 8 машин, велосипедов и автомобилей. у велосипеда 2 колеса, а у автомобиля 4 колеса. всего 26 колёс. с
во дворе # машин, велосипедов и автомобилей. у велосипеда # колеса, а у автомобиля # колеса. всего # колёс. сколько велосипедов?	two_kinds	2	да	во дворе 46 машин, велосипедов и автомобилей. у велосипеда 2 колеса, а у автомобиля 4 колеса. всего 166 колёс.
встреча длится # дня. сколько длится встреча?	unit_counts	2	да	встреча длится 2 дня. сколько длится встреча?
делится ли # на # нацело?	longdiv	2	НЕТ	делится ли 3852 на 18 нацело?
есть ли единственная медиана у # # # #?	statistics	2	НЕТ	есть ли единственная медиана у 8 1 2 9?
каждая пачка стоит # ₽. скидка # ₽ на каждую пачку. сколько пачек можно купить за # ₽?	discountroad	2	да	каждая пачка стоит 68 ₽. скидка 35 ₽ на каждую пачку. сколько пачек можно купить за 99 ₽?
как ещё пишется «x^# + # x + # = #»?	notationvar	2	да	как ещё пишется «x^2 + 9 x + 18 = 0»?
карандаш стоит # копеек, а ручка стоит # копеек. сколько они стоят вместе?	money	2	да	карандаш стоит 120 копеек, а ручка стоит 205 копеек. сколько они стоят вместе?
найди # × #	genesis_bignum	2	да	найди 90 × 6
найди # − #	arith_langs,school_biling_v2c	2	да	найди 20 − 20
найди произведение # и #	task	2	да	найди произведение 0 и 5
одна шестая числа — это #. чему равно число?	share	2	да	одна шестая числа — это 10. чему равно число?
одно яблоко стоит # рубля. сколько стоят # яблока?	price	2	да	одно яблоко стоит 2 рубля. сколько стоят 3 яблока?
поезд выехал в #:#. он идёт # часа # минут. когда он приедет?	clockforms	2	да	поезд выехал в 15:45. он идёт 2 часа 20 минут. когда он приедет?
поезд прошёл # км за # часа. сколько километров в час он идёт?	speedforms	2	да	поезд прошёл 160 км за 2 часа. сколько километров в час он идёт?
пользователь: допиши файл notes.md. организм: предлагаю дописать файл notes.md. подтверждено ли это?	actturn	2	да	пользователь: допиши файл notes.md. организм: предлагаю дописать файл notes.md. подтверждено ли это?
почему скалярное произведение (#, #) и (#, #) равно #?	linalg	2	да	почему скалярное произведение (9, 3) и (6, 5) равно 69?
почему среднее # # # равно #?	statistics	2	да	почему среднее 4 4 10 равно 6?
почему среднее # # равно #?	statistics	2	да	почему среднее 6 12 равно 9?
почему член номер # прогрессии от # с шагом # равен #?	sequences	2	да	почему член номер 5 прогрессии от 19 с шагом 2 равен 27?
почему энтропия # равновозможных исхода равна # битов?	compsci	2	да	почему энтропия 64 равновозможных исхода равна 6 битов?
сколько бит стоит слово из # знаков алфавита в # знака?	compsci	2	да	сколько бит стоит слово из 5 знаков алфавита в 2 знака?
сколько копеек составляют # рублей # копеек?	money	2	да	сколько копеек составляют 19 рублей 30 копеек?
сколько лет {Носитель} сейчас?	age	2	да	сколько лет Мише сейчас?
сколько лет будет {Носитель} через # года?	age	2	да	сколько лет будет Оле через 4 года?
сколько марок осталось у {Носитель}?	genesis_story	2	да	сколько марок осталось у Коли?
сколько минут в # секундах?	ru_conversions	2	да	сколько минут в 120 секундах?
сколько минут в двух метрах?	ru_conversions	2	да	сколько минут в двух метрах?
сколько минут в двух часах?	ru_conversions	2	да	сколько минут в двух часах?
сколько минут в тринадцати часах?	ru_conversions	2	да	сколько минут в тринадцати часах?
сколько предметов насчитает у меня прибор concept_reach завтра?	selfmeasure	2	да	сколько предметов насчитает у меня прибор concept_reach завтра?
сколько родов насчитает у меня прибор ask_width завтра?	selfmeasure	2	да	сколько родов насчитает у меня прибор ask_width завтра?
сколько родов насчитал у меня прибор ask_width во втором замере # сентября # года?	selfmeasure	2	да	сколько родов насчитал у меня прибор ask_width во втором замере 2 сентября 2026 года?
сколько рублей заплатил {Носитель}?	genesis_story	2	да	сколько рублей заплатил Дима?
сколько рублей заплатила {Носитель}?	genesis_story	2	да	сколько рублей заплатила Маша?
сравнимы ли # и # по модулю #?	numbers	2	НЕТ	сравнимы ли 34 и 11 по модулю 3?
у {Носитель} # книг. он отдал # книг. сколько у него осталось?	anaphora	2	да	у Ивана 20 книг. он отдал 8 книг. сколько у него осталось?
у тары было # марок. пятая часть марок ушла. сколько марок осталось?	depletion	2	НЕТ	у тары было 40 марок. пятая часть марок ушла. сколько марок осталось?
целое ли число гипотенуза прямоугольного треугольника с катетами # и #?	geometry	2	НЕТ	целое ли число гипотенуза прямоугольного треугольника с катетами 6 и 8?
чего я не показывал во втором замере # сентября # года по прибору ask_width?	selfmeasure	2	да	чего я не показывал во втором замере 2 сентября 2026 года по прибору ask_width?
чему равен предел последовательности # # # #?	sequences	2	НЕТ	чему равен предел последовательности 81 27 9 3?
чему равен член номер # прогрессии от # с шагом #?	sequences	2	НЕТ	чему равен член номер 5 прогрессии от 27 с шагом 5?
чему равна сумма # # #?	algorithms	2	да	чему равна сумма 13 3 5?
чему равно # x + # y?	algebra	2	да	чему равно 3 x + 5 y?
чему равно # в степени #?	algebra,formulas	2	да	чему равно 6 в степени 2?
чему равно # и # побитово?	machine	2	да	чему равно 18 и 16 побитово?
чему равно # по модулю #?	numbers	2	да	чему равно 28 по модулю 2?
чему равно #^# × #^#?	algebra	2	да	чему равно 5^3 × 5^2?
чему равно (#, #) + (#, #)?	linalg	2	да	чему равно (8, 5) + (5, 1)?
чему равно произведение для i от # до #?	programs	2	да	чему равно произведение для i от 2 до 8?
чему равно среднее # # #?	statistics	2	да	чему равно среднее 1 3 5?
чему равно среднее # #?	statistics	2	да	чему равно среднее 4 8?
чему равно сумма первых # чисел?	formulas	2	да	чему равно сумма первых 4 чисел?
чему равны три пятых от #?	share	2	да	чему равны три пятых от 40?
числа: #, #, #. какое число второе по величине?	orderforms	2	да	числа: 7, 3, 9. какое число второе по величине?
что даёт вычитание # из #?	surfaces	2	да	что даёт вычитание 2 из 4?
что значит блок, начатый с «---»?	markdown	2	да	что значит блок, начатый с «---»?
что такое доказательство?	metalang	2	да	что такое доказательство?
что такое ложка?	lang_ru	2	да	что такое ложка?
чётно или нечётно #?	proof	2	НЕТ	чётно или нечётно 9?
що таке місто?	lang_uk	2	да	що таке місто?
является ли # простым числом?	inquiry,numbers	2	да	является ли 15 простым числом?
सिक्का क्या है?	lang_hi	2	НЕТ	सिक्का क्या है?
# + # + # e # × # sono la stessa cosa?	rewrite	1	да	4 + 4 + 4 e 4 × 4 sono la stessa cosa?
# + # + # et # × # sont-ils la même chose ?	rewrite	1	да	4 + 4 + 4 et 4 × 4 sont-ils la même chose ?
# + # = #. bist du sicher?	links	1	да	20 + 30 = 50. bist du sicher?
# + # = #. sind {Носитель} sicher?	links	1	да	17 + 25 = 42. sind Sie sicher?
# + # e # × # sono la stessa cosa?	rewrite	1	да	7 + 7 e 3 × 7 sono la stessa cosa?
# + # и # × # — одно и то же?	rewrite	1	да	7 + 7 и 3 × 7 — одно и то же?
# = # × # ÷ #. # + # = # × # ÷ #. # + # + # = # × # ÷ #. # + # + # + # = # × # ÷ #. folgt daraus, dass die {Носитель} der ersten n {Носитель} n × (n + #) ÷ # ist?	indu	1	НЕТ	1 = 1 × 2 ÷ 2. 1 + 2 = 2 × 3 ÷ 2. 1 + 2 + 3 = 3 × 4 ÷ 2. 1 + 2 + 3 + 4 = 4 × 5 ÷ 2. folgt daraus, dass die Sum
# = # × # ÷ #. # + # = # × # ÷ #. # + # + # = # × # ÷ #. # + # + # + # = # × # ÷ #. segue-se que a soma dos primeiros n números é n × (n + #) ÷ #?	indu	1	НЕТ	1 = 1 × 2 ÷ 2. 1 + 2 = 2 × 3 ÷ 2. 1 + 2 + 3 = 3 × 4 ÷ 2. 1 + 2 + 3 + 4 = 4 × 5 ÷ 2. segue-se que a soma dos pr
# = # × # ÷ #. # + # = # × # ÷ #. # + # + # = # × # ÷ #. # + # + # + # = # × # ÷ #. volgt daaruit dat de som van de eerste n getallen n × (n + #) ÷ # is?	indu	1	НЕТ	1 = 1 × 2 ÷ 2. 1 + 2 = 2 × 3 ÷ 2. 1 + 2 + 3 = 3 × 4 ÷ 2. 1 + 2 + 3 + 4 = 4 × 5 ÷ 2. volgt daaruit dat de som v
# = # × # ÷ #. # + # = # × # ÷ #. # + # + # = # × # ÷ #. # + # + # + # = # × # ÷ #. ¿se sigue que la suma de los primeros n números es n × (n + #) ÷ #?	indu	1	НЕТ	1 = 1 × 2 ÷ 2. 1 + 2 = 2 × 3 ÷ 2. 1 + 2 + 3 = 3 × 4 ÷ 2. 1 + 2 + 3 + 4 = 4 × 5 ÷ 2. ¿se sigue que la suma de l
# = # × # ÷ #. # + # = # × # ÷ #. # + # + # = # × # ÷ #. # + # + # + # = # × # ÷ #. значит ли, что сумма первых n чисел равна n × (n + #) ÷ #?	indu	1	НЕТ	1 = 1 × 2 ÷ 2. 1 + 2 = 2 × 3 ÷ 2. 1 + 2 + 3 = 3 × 4 ÷ 2. 1 + 2 + 3 + 4 = 4 × 5 ÷ 2. значит ли, что сумма первы
# = # × #. # + # = # × #. # + # + # = # × #. # + # + # + # = # × #. en découle-t-il que la somme des n premiers cubes vaut le carré de la somme des n premiers nombres ?	indu	1	НЕТ	1 = 1 × 1. 1 + 8 = 3 × 3. 1 + 8 + 27 = 6 × 6. 1 + 8 + 27 + 64 = 10 × 10. en découle-t-il que la somme des n pr
# = # × #. # + # = # × #. # + # + # = # × #. # + # + # + # = # × #. en découle-t-il que la somme des n premiers nombres impairs vaut n × n ?	indu	1	НЕТ	1 = 1 × 1. 1 + 3 = 2 × 2. 1 + 3 + 5 = 3 × 3. 1 + 3 + 5 + 7 = 4 × 4. en découle-t-il que la somme des n premier
# = # × #. # + # = # × #. # + # + # = # × #. # + # + # + # = # × #. segue-se que a soma dos primeiros n cubos é o quadrado da soma dos primeiros n números?	indu	1	НЕТ	1 = 1 × 1. 1 + 8 = 3 × 3. 1 + 8 + 27 = 6 × 6. 1 + 8 + 27 + 64 = 10 × 10. segue-se que a soma dos primeiros n c
# = # × #. # + # = # × #. # + # + # = # × #. # + # + # + # = # × #. ¿se sigue que la suma de los primeros n cubos es el cuadrado de la suma de los primeros n números?	indu	1	НЕТ	1 = 1 × 1. 1 + 8 = 3 × 3. 1 + 8 + 27 = 6 × 6. 1 + 8 + 27 + 64 = 10 × 10. ¿se sigue que la suma de los primeros
# = # × #. # + # = # × #. # + # + # = # × #. # + # + # + # = # × #. ¿se sigue que la suma de los primeros n números impares es n × n?	indu	1	НЕТ	1 = 1 × 1. 1 + 3 = 2 × 2. 1 + 3 + 5 = 3 × 3. 1 + 3 + 5 + 7 = 4 × 4. ¿se sigue que la suma de los primeros n nú
# = # × #. # + # = # × #. # + # + # = # × #. # + # + # + # = # × #. значит ли, что сумма первых n кубов равна квадрату суммы первых n чисел?	indu	1	НЕТ	1 = 1 × 1. 1 + 8 = 3 × 3. 1 + 8 + 27 = 6 × 6. 1 + 8 + 27 + 64 = 10 × 10. значит ли, что сумма первых n кубов р
# = # × #. # + # = # × #. # + # + # = # × #. # + # + # + # = # × #. значит ли, что сумма первых n нечётных чисел равна n × n?	indu	1	НЕТ	1 = 1 × 1. 1 + 3 = 2 × 2. 1 + 3 + 5 = 3 × 3. 1 + 3 + 5 + 7 = 4 × 4. значит ли, что сумма первых n нечётных чис
# avril. # jours plus tôt. quelle date était-ce ?	dateforms	1	да	9 avril. 13 jours plus tôt. quelle date était-ce ?
# balls are on the shelf. where are the # balls?	sceneforms	1	да	40 balls are on the shelf. where are the 40 balls?
# birds were sitting on the fence. # more birds came. how many birds are on the fence now?	action_measure	1	да	6 birds were sitting on the fence. 4 more birds came. how many birds are on the fence now?
# cars were in the parking lot. # cars drove away. how many cars are in the parking lot now?	action_measure	1	да	28 cars were in the parking lot. 14 cars drove away. how many cars are in the parking lot now?
# children were riding on the bus. # children got off. how many children are on the bus now?	action_measure	1	да	43 children were riding on the bus. 21 children got off. how many children are on the bus now?
# children were riding the carousel. how many children were riding the carousel?	numphrase	1	да	29 children were riding the carousel. how many children were riding the carousel?
# de janeiro. # dias antes. que data era?	dateforms	1	да	3 de janeiro. 4 dias antes. que data era?
# de maio. # dias antes. que data era?	dateforms	1	да	4 de maio. 5 dias antes. que data era?
# długopisów jest na półce. gdzie jest # długopisów?	sceneforms	1	да	10 długopisów jest na półce. gdzie jest 10 długopisów?
# enfants faisaient du manège. combien d'enfants faisaient du manège ?	numphrase	1	да	101 enfants faisaient du manège. combien d'enfants faisaient du manège ?
# es primo. # es primo. # es primo. ¿se sigue que todo número impar mayor que # es primo?	indu	1	НЕТ	3 es primo. 5 es primo. 7 es primo. ¿se sigue que todo número impar mayor que 1 es primo?
# est divisible par #. en découle-t-il que # est divisible par # ?	infer	1	да	25 est divisible par 5. en découle-t-il que 25 est divisible par 10 ?
# est-il divisible par # ?	inquiry_de_fr	1	да	33 est-il divisible par 3 ?
# est-il divisible seulement par # et par lui-même ?	inquiry_de_fr	1	да	95 est-il divisible seulement par 1 et par lui-même ?
# est-il plus grand que # ?	numberline	1	да	16 est-il plus grand que 14 ?
# februari. # dagen eerder. welke datum was het?	dateforms	1	да	5 februari. 9 dagen eerder. welke datum was het?
# fiori sono nella scatola. dove sono i # fiori?	sceneforms	1	да	17 fiori sono nella scatola. dove sono i 17 fiori?
# flowers are on the table. where are the # flowers?	sceneforms	1	да	38 flowers are on the table. where are the 38 flowers?
# is deelbaar door #. volgt daaruit dat # deelbaar is door #?	infer	1	да	6 is deelbaar door 2. volgt daaruit dat 6 deelbaar is door 4?
# is divisible by #. does it follow that # is divisible by #?	infer	1	да	4 is divisible by 4. does it follow that 4 is divisible by 8?
# is een priemgetal. # is een priemgetal. # is een priemgetal. volgt daaruit dat elk oneven getal groter dan # een priemgetal is?	indu	1	НЕТ	3 is een priemgetal. 5 is een priemgetal. 7 is een priemgetal. volgt daaruit dat elk oneven getal groter dan 1
# is not divisible by #. does it follow that # is not divisible by #?	infer	1	да	25 is not divisible by 10. does it follow that 25 is not divisible by 5?
# jabłek leży na stole. ile jabłek leży na stole?	readnum	1	да	21 jabłek leży na stole. ile jabłek leży na stole?
# juin. # jours plus tôt. quelle date était-ce ?	dateforms	1	да	3 juin. 6 jours plus tôt. quelle date était-ce ?
# kilogram kaç gramdır?	units_langs	1	да	4 kilogram kaç gramdır?
# libros están en la caja. ¿dónde están los # libros?	sceneforms	1	да	11 libros están en la caja. ¿dónde están los 11 libros?
# livros estão na mesa. quantos livros estão na mesa?	readnum	1	да	6 livros estão na mesa. quantos livros estão na mesa?
# ma się do # jak # do czego?	analog	1	да	9 ma się do 15 jak 12 do czego?
# maggio. # giorni dopo. che data sarà?	dateforms	1	да	30 maggio. 7 giorni dopo. che data sarà?
# marca. # dni wcześniej. jaka była data?	dateforms	1	да	3 marca. 5 dni wcześniej. jaka była data?
# mars. # jours plus tôt. quelle date était-ce ?	dateforms	1	да	4 mars. 8 jours plus tôt. quelle date était-ce ?
# metre kaç santimetredir?	units_langs	1	да	4 metre kaç santimetredir?
# no es divisible por #. ¿se sigue que # no es divisible por #?	infer	1	да	25 no es divisible por 15. ¿se sigue que 25 no es divisible por 5?
# palloni sono nella borsa. dove sono i # palloni?	sceneforms	1	да	13 palloni sono nella borsa. dove sono i 13 palloni?
# pencils are on the table. how many pencils are on the table?	readnum	1	да	30 pencils are on the table. how many pencils are on the table?
# pièces sont dans la boîte. où sont les # pièces ?	sceneforms	1	да	37 pièces sont dans la boîte. où sont les 37 pièces ?
# potloden liggen op de tafel. hoeveel potloden liggen op de tafel?	readnum	1	да	8 potloden liggen op de tafel. hoeveel potloden liggen op de tafel?
# sayısı #'a bölünür mü?	inquiry_pl_tr	1	да	165 sayısı 10'a bölünür mü?
# sayısı #'a tam bölünüyor mu?	inquiry_pl_tr	1	да	157 sayısı 9'a tam bölünüyor mu?
# sayısı #'e tam bölünüyor mu?	inquiry_pl_tr	1	да	148 sayısı 8'e tam bölünüyor mu?
# sayısı #'ye tam bölünüyor mu?	inquiry_pl_tr	1	да	137 sayısı 7'ye tam bölünüyor mu?
# sayısının dörtte biri kaçtır?	share_langs	1	да	52 sayısının dörtte biri kaçtır?
# sayısının üçte biri kaçtır?	share_langs	1	да	39 sayısının üçte biri kaçtır?
# sind # {Носитель} welcher {Носитель}?	shares_percent	1	да	2 sind 25 Prozent welcher Zahl?
# sta a # come # sta a #?	analog	1	да	3 sta a 12 come 4 sta a 17?
# stycznia. # dni wcześniej. jaka była data?	dateforms	1	да	6 stycznia. 10 dni wcześniej. jaka była data?
# to liczba parzysta czy nieparzysta?	numberline	1	да	3 to liczba parzysta czy nieparzysta?
# verhoudt zich tot # als # tot wat?	analog	1	да	8 verhoudt zich tot 12 als 10 tot wat?
# {Носитель} kosten # Münzen. wie viele Münzen kostet ein {Носитель}?	action_pages	1	да	8 Tassen kosten 64 Münzen. wie viele Münzen kostet ein Tasse?
# × # e # + # são a mesma coisa?	rewrite	1	да	9 × 2 e 9 + 2 são a mesma coisa?
# × # e # × # sono la stessa cosa?	rewrite	1	да	6 × 3 e 6 × 4 sono la stessa cosa?
# × # e # × # são a mesma coisa?	rewrite	1	да	6 × 3 e 6 × 4 são a mesma coisa?
# × # et # × # sont-ils la même chose ?	rewrite	1	да	6 × 3 et 6 × 4 sont-ils la même chose ?
# × # и # × # — одно и то же?	rewrite	1	да	6 × 3 и 6 × 4 — одно и то же?
# é divisível por #. segue-se que # é divisível por #?	infer	1	да	21 é divisível por 3. segue-se que 21 é divisível por 6?
# é par ou ímpar?	inquiry_pt_nl	1	да	45 é par ou ímpar?
# делится на #. значит ли, что # делится на #?	infer	1	да	14 делится на 2. значит ли, что 14 делится на 4?
# июня. через # дня. какое будет число?	dateforms	1	да	29 июня. через 4 дня. какое будет число?
# мая. через # дня. какое будет число?	dateforms	1	да	29 мая. через 4 дня. какое будет число?
# не делится на #. значит ли, что # не делится на #?	infer	1	да	6 не делится на 4. значит ли, что 6 не делится на 2?
# относится к #, как # к чему?	analog	1	да	9 относится к 15, как 12 к чему?
# ребёнок катался на карусели. сколько детей каталось на карусели?	numphrase	1	да	31 ребёнок катался на карусели. сколько детей каталось на карусели?
# цветка на столе. где # цветка?	sceneforms	1	да	22 цветка на столе. где 22 цветка?
# чашки стоят # монет. сколько монет стоит одна чашка?	action_pages	1	да	4 чашки стоят 40 монет. сколько монет стоит одна чашка?
# яблок на столе. сколько яблок на столе?	readnum	1	да	9 яблок на столе. сколько яблок на столе?
# января. через # дня. какое будет число?	dateforms	1	да	30 января. через 3 дня. какое будет число?
#! + # = # es primo. #! + # = # es primo. #! + # = # es primo. ¿se sigue que n! + # es primo para todo n?	indu	1	НЕТ	1! + 1 = 2 es primo. 2! + 1 = 3 es primo. 3! + 1 = 7 es primo. ¿se sigue que n! + 1 es primo para todo n?
#! + # = # is een priemgetal. #! + # = # is een priemgetal. #! + # = # is een priemgetal. volgt daaruit dat n! + # voor elke n een priemgetal is?	indu	1	НЕТ	1! + 1 = 2 is een priemgetal. 2! + 1 = 3 is een priemgetal. 3! + 1 = 7 is een priemgetal. volgt daaruit dat n!
#! + # = # é primo. #! + # = # é primo. #! + # = # é primo. segue-se que n! + # é primo para todo n?	indu	1	НЕТ	1! + 1 = 2 é primo. 2! + 1 = 3 é primo. 3! + 1 = 7 é primo. segue-se que n! + 1 é primo para todo n?
#! + # = # — простое. #! + # = # — простое. #! + # = # — простое. значит ли, что n! + # просто при всяком n?	indu	1	НЕТ	1! + 1 = 2 — простое. 2! + 1 = 3 — простое. 3! + 1 = 7 — простое. значит ли, что n! + 1 просто при всяком n?
#, #, # sayılarının ortalaması kaçtır?	stats_langs	1	да	18, 24, 30 sayılarının ortalaması kaçtır?
#, #, #, # sayılarının ortalaması kaçtır?	stats_langs	1	да	19, 20, 21, 24 sayılarının ortalaması kaçtır?
#^# − # = # is een priemgetal. #^# − # = # is een priemgetal. #^# − # = # is een priemgetal. #^# − # = # is een priemgetal. volgt daaruit dat #^n − # voor elk priemgetal n een priemgetal is?	indu	1	НЕТ	2^2 − 1 = 3 is een priemgetal. 2^3 − 1 = 7 is een priemgetal. 2^5 − 1 = 31 is een priemgetal. 2^7 − 1 = 127 is
#^# − # = # is prime. #^# − # = # is prime. #^# − # = # is prime. #^# − # = # is prime. does it follow that #^n − # is prime for every prime n?	indu	1	НЕТ	2^2 − 1 = 3 is prime. 2^3 − 1 = 7 is prime. 2^5 − 1 = 31 is prime. 2^7 − 1 = 127 is prime. does it follow that
#^# − # = # ist eine {Носитель}. #^# − # = # ist eine {Носитель}. #^# − # = # ist eine {Носитель}. #^# − # = # ist eine {Носитель}. folgt daraus, dass #^n − # für jede {Носитель} n eine {Носитель} ist?	indu	1	НЕТ	2^2 − 1 = 3 ist eine Primzahl. 2^3 − 1 = 7 ist eine Primzahl. 2^5 − 1 = 31 ist eine Primzahl. 2^7 − 1 = 127 is
#^# − # = # jest liczbą pierwszą. #^# − # = # jest liczbą pierwszą. #^# − # = # jest liczbą pierwszą. #^# − # = # jest liczbą pierwszą. czy wynika z tego, że #^n − # jest liczbą pierwszą dla każdej liczby pierwszej n?	indu	1	НЕТ	2^2 − 1 = 3 jest liczbą pierwszą. 2^3 − 1 = 7 jest liczbą pierwszą. 2^5 − 1 = 31 jest liczbą pierwszą. 2^7 − 1
#^# − # = # — простое. #^# − # = # — простое. #^# − # = # — простое. #^# − # = # — простое. значит ли, что #^n − # просто при всяком простом n?	indu	1	НЕТ	2^2 − 1 = 3 — простое. 2^3 − 1 = 7 — простое. 2^5 − 1 = 31 — простое. 2^7 − 1 = 127 — простое. значит ли, что 
#² + # + # = # ist eine {Носитель}. #² + # + # = # ist eine {Носитель}. #² + # + # = # ist eine {Носитель}. #² + # + # = # ist eine {Носитель}. folgt daraus, dass n² + n + # für jedes n eine {Носитель} ist?	indu	1	НЕТ	0² + 0 + 41 = 41 ist eine Primzahl. 1² + 1 + 41 = 43 ist eine Primzahl. 2² + 2 + 41 = 47 ist eine Primzahl. 3²
#² + # + # = # é primo. #² + # + # = # é primo. #² + # + # = # é primo. #² + # + # = # é primo. segue-se que n² + n + # é primo para todo n?	indu	1	НЕТ	0² + 0 + 41 = 41 é primo. 1² + 1 + 41 = 43 é primo. 2² + 2 + 41 = 47 é primo. 3² + 3 + 41 = 53 é primo. segue-
's ochtends was het # graden. het werd # graden kouder. hoeveel graden is het nu?	signedworld	1	да	's ochtends was het 8 graden. het werd 20 graden kouder. hoeveel graden is het nu?
's ochtends was het −# graden. het werd # graden warmer. hoeveel graden is het nu?	signedworld	1	да	's ochtends was het −3 graden. het werd 9 graden warmer. hoeveel graden is het nu?
Ayşe çarşamba yolda # taş buldu. Ayşe çarşamba yolda ne buldu?	holes	1	да	Ayşe çarşamba yolda 8 taş buldu. Ayşe çarşamba yolda ne buldu?
Ayşe'de Ömer'in kaç katı kadar elma var?	compare_langs	1	да	Ayşe'de Ömer'in kaç katı kadar elma var?
Gökhan cuma okulda # mektup okudu. Gökhan cuma okulda kaç mektup okudu?	holes	1	да	Gökhan cuma okulda 7 mektup okudu. Gökhan cuma okulda kaç mektup okudu?
João tem # bolas, # cartas e # canetas. quantas coisas João tem no total?	action_pages	1	да	João tem 13 bolas, 15 cartas e 7 canetas. quantas coisas João tem no total?
João tinha # flores. João deu # flores. João tem # flores. porque é que João tem # flores?	links	1	да	João tinha 16 flores. João deu 2 flores. João tem 14 flores. porque é que João tem 14 flores?
João é mais rápido do que {Носитель}. e {Носитель} então?	degrees	1	да	João é mais rápido do que Pedro. e Pedro então?
João é melhor do que {Носитель}. e {Носитель} então?	degrees	1	да	João é melhor do que Pedro. e Pedro então?
Lucía hizo # flexiones. {Носитель} hizo # flexiones menos que Lucía. ¿cuántas flexiones hizo {Носитель}?	svamp	1	да	Lucía hizo 30 flexiones. Diego hizo 12 flexiones menos que Lucía. ¿cuántas flexiones hizo Diego?
Lucía tenía # balones. Lucía recibió # balones más. ¿cuántos balones tiene Lucía ahora?	action_pages	1	да	Lucía tenía 45 balones. Lucía recibió 10 balones más. ¿cuántos balones tiene Lucía ahora?
Lucía tiene # balones y # monedas. ¿cuántas cosas tiene Lucía en total?	joints	1	да	Lucía tiene 35 balones y 59 monedas. ¿cuántas cosas tiene Lucía en total?
Léa a # livres. est-ce vrai ?	links	1	да	Léa a 21 livres. est-ce vrai ?
Léa a # pièces et # œufs. combien de choses a Léa en tout ?	joints	1	да	Léa a 18 pièces et 58 œufs. combien de choses a Léa en tout ?
Léa avait # crayons. sa mère lui a donné # crayons et son père lui a donné # crayons. combien de crayons a Léa maintenant ?	kinbearer	1	да	Léa avait 2 crayons. sa mère lui a donné 3 crayons et son père lui a donné 4 crayons. combien de crayons a Léa
Léa avait # livres. elle a donné # livres à sa mère. combien de livres a Léa maintenant ?	kinbearer	1	да	Léa avait 9 livres. elle a donné 3 livres à sa mère. combien de livres a Léa maintenant ?
Léa avait # livres. sa mère lui a donné # livres de plus. qui a donné les livres à Léa ?	kinbearer	1	да	Léa avait 12 livres. sa mère lui a donné 7 livres de plus. qui a donné les livres à Léa ?
Paweł jest lepszy niż {Носитель}. {Носитель} jest lepszy niż {Носитель}. kto jest najlepszy?	degrees	1	да	Paweł jest lepszy niż Jan. Jan jest lepszy niż Piotr. kto jest najlepszy?
Paweł ma # kredek. {Носитель} ma trzy razy więcej kredek niż Paweł. ile kredek ma {Носитель}?	cmpframes	1	да	Paweł ma 28 kredek. Zofia ma trzy razy więcej kredek niż Paweł. ile kredek ma Zofia?
Paweł ma # kwiatów. ile kwiatów ma Paweł?	holdforms	1	да	Paweł ma 21 kwiatów. ile kwiatów ma Paweł?
Persönlichkeit: ausführliche. in der {Носитель} sind # Einträge. der erste {Носитель} erstellt # Einträge. wie viele Einträge sind in der {Носитель}?	personforms	1	да	Persönlichkeit: ausführliche. in der Kiste sind 6 Einträge. der erste Akt erstellt 5 Einträge. wie viele Eintr
Persönlichkeit: knappe. im {Носитель} sind # {Носитель}. der erste {Носитель} erstellt # {Носитель}. wie viele {Носитель} sind im {Носитель}?	personforms	1	да	Persönlichkeit: knappe. im Ordner sind 10 Dateien. der erste Akt erstellt 3 Dateien. wie viele Dateien sind im
Zoé avait # livres et {Носитель} avait # livres. Zoé lui a donné # livres. combien de livres a Zoé maintenant ?	pronobject	1	да	Zoé avait 16 livres et Hugo avait 4 livres. Zoé lui a donné 7 livres. combien de livres a Zoé maintenant ?
a Inês tinha # livros e a mãe dela tinha # livros. a mãe dela deu-lhe # livros, e a Inês deu # livros à mãe dela. quantos livros tem a mãe dela agora?	kinbearer	1	да	a Inês tinha 5 livros e a mãe dela tinha 16 livros. a mãe dela deu-lhe 4 livros, e a Inês deu 10 livros à mãe 
a Inês tinha # livros. a mãe dela deu-lhe # livros e o pai dela deu-lhe # livros. quantos livros tem a Inês agora?	kinbearer	1	да	a Inês tinha 6 livros. a mãe dela deu-lhe 5 livros e o pai dela deu-lhe 7 livros. quantos livros tem a Inês ag
a Inês tinha # lápis e o pai dela tinha # lápis. o pai dela deu-lhe # lápis, e a Inês deu # lápis ao pai dela. quantos lápis tem o pai dela agora?	kinbearer	1	да	a Inês tinha 5 lápis e o pai dela tinha 16 lápis. o pai dela deu-lhe 4 lápis, e a Inês deu 10 lápis ao pai del
a Inês tinha # lápis. a mãe dela deu-lhe mais # lápis. quantos lápis tem a Inês agora?	kinbearer	1	да	a Inês tinha 20 lápis. a mãe dela deu-lhe mais 15 lápis. quantos lápis tem a Inês agora?
a Inês tinha # lápis. a mãe dela deu-lhe mais # lápis. quem deu os lápis à Inês?	kinbearer	1	да	a Inês tinha 12 lápis. a mãe dela deu-lhe mais 7 lápis. quem deu os lápis à Inês?
a apple costs # cents and a cup costs # cents. how much do they cost together?	money	1	да	a apple costs 195 cents and a cup costs 170 cents. how much do they cost together?
a bird is an animal that flies. is a bird a vessel or an animal?	genus_diff	1	да	a bird is an animal that flies. is a bird a vessel or an animal?
a car and a bicycle cost # dollars together. the car costs five times as much as the bicycle. how much does the bicycle cost?	measure_story	1	да	a car and a bicycle cost 180 dollars together. the car costs five times as much as the bicycle. how much does 
a car and a bicycle cost # dollars together. the car costs twice as much as the bicycle. how much does the car cost?	measure_story	1	да	a car and a bicycle cost 135 dollars together. the car costs twice as much as the bicycle. how much does the c
a chave está acima do livro, o livro está acima da chávena. o que está entre a chave e a chávena?	place	1	да	a chave está acima do livro, o livro está acima da chávena. o que está entre a chave e a chávena?
a chávena está abaixo da lâmpada. onde está a lâmpada?	place	1	да	a chávena está abaixo da lâmpada. onde está a lâmpada?
a chávena está abaixo do livro, o livro está abaixo da lâmpada. o que está abaixo da lâmpada?	place	1	да	a chávena está abaixo do livro, o livro está abaixo da lâmpada. o que está abaixo da lâmpada?
a chávena está à esquerda da lâmpada, a lâmpada está à esquerda do livro. o que está à esquerda do livro?	place	1	да	a chávena está à esquerda da lâmpada, a lâmpada está à esquerda do livro. o que está à esquerda do livro?
a coin costs $ #. how much do # coins cost?	svamp	1	да	a coin costs $ 6. how much do 3 coins cost?
a corda media # metros # centímetros. foram cortados # metro # centímetros. quanto resta?	mixedunits	1	да	a corda media 9 metros 7 centímetros. foram cortados 1 metro 35 centímetros. quanto resta?
a dog is bigger than a cat. so a cat is not bigger than a dog. can a cat be bigger than a dog?	scale	1	да	a dog is bigger than a cat. so a cat is not bigger than a dog. can a cat be bigger than a dog?
a egg costs $ #. how much do # eggs cost?	svamp	1	да	a egg costs $ 2. how much do 5 eggs cost?
a horse is bigger than a dog. so a dog is not bigger than a horse. can a dog be bigger than a horse?	scale	1	да	a horse is bigger than a dog. so a dog is not bigger than a horse. can a dog be bigger than a horse?
a horse is bigger than a mouse. which is bigger: a horse or a mouse?	scale	1	да	a horse is bigger than a mouse. which is bigger: a horse or a mouse?
a house and a lot cost # dollars together. the house costs four times as much as the lot. how much does the house cost?	measure_story	1	да	a house and a lot cost 300 dollars together. the house costs four times as much as the lot. how much does the 
a house and a lot cost # dollars together. the house costs three times as much as the lot. how much does the lot cost?	measure_story	1	да	a house and a lot cost 160 dollars together. the house costs three times as much as the lot. how much does the
a house and a lot cost # dollars together. the house costs twice as much as the lot. how much does the lot cost?	measure_story	1	да	a house and a lot cost 45 dollars together. the house costs twice as much as the lot. how much does the lot co
a lamp is a device that gives light. is a lamp a garment or a device?	genus_diff	1	да	a lamp is a device that gives light. is a lamp a garment or a device?
a lâmpada está abaixo do livro, o livro está abaixo da chávena. o que está entre a lâmpada e a chávena?	place	1	да	a lâmpada está abaixo do livro, o livro está abaixo da chávena. o que está entre a lâmpada e a chávena?
a lâmpada está à direita da chave. onde está a chave?	place	1	да	a lâmpada está à direita da chave. onde está a chave?
a pasta A contém # mensagens, a pasta B contém # mensagens. o ato move # mensagens da pasta A para a pasta B. quantas mensagens contém a pasta B depois do ato?	toolforms	1	да	a pasta A contém 17 mensagens, a pasta B contém 28 mensagens. o ato move 3 mensagens da pasta A para a pasta B
a pen costs # cents. how much do # pens cost?	money	1	да	a pen costs 145 cents. how much do 4 pens cost?
a pencil costs # cents and a pen costs # cents. how much do they cost together?	money	1	да	a pencil costs 250 cents and a pen costs 195 cents. how much do they cost together?
a person has # hands. how many hands does a person have?	nature	1	да	a person has 2 hands. how many hands does a person have?
a primeira regra: não apagues ficheiros. a segunda regra: não movas ficheiros. cria # mensagens. a ordem pode ser executada?	mandateforms	1	да	a primeira regra: não apagues ficheiros. a segunda regra: não movas ficheiros. cria 3 mensagens. a ordem pode 
a primeira regra: não cries ficheiros. a segunda regra: não movas ficheiros. apaga # registos. a ordem pode ser executada?	mandateforms	1	да	a primeira regra: não cries ficheiros. a segunda regra: não movas ficheiros. apaga 3 registos. a ordem pode se
a primeira regra: não cries ficheiros. a segunda regra: não movas ficheiros. cria # mensagens. que regra o proíbe?	mandateforms	1	да	a primeira regra: não cries ficheiros. a segunda regra: não movas ficheiros. cria 3 mensagens. que regra o pro
a quanti gradi {Носитель} l'acqua gela?	tempscale	1	да	a quanti gradi Celsius l'acqua gela?
a quantos graus {Носитель} a água ferve?	tempscale	1	да	a quantos graus Celsius a água ferve?
a right triangle is a figure that has one right angle. is a right triangle a figure or a force?	genus_diff	1	да	a right triangle is a figure that has one right angle. is a right triangle a figure or a force?
a spider has # legs. how many legs does a spider have?	nature	1	да	a spider has 8 legs. how many legs does a spider have?
a spoon is a tool that scoops. what is a spoon?	genus_diff	1	да	a spoon is a tool that scoops. what is a spoon?
a stone sinks in water — is that a fact or an opinion?	opinion	1	да	a stone sinks in water — is that a fact or an opinion?
a table and a chair cost # dollars together. the table costs three times as much as the chair. how much does the chair cost?	measure_story	1	да	a table and a chair cost 120 dollars together. the table costs three times as much as the chair. how much does
a table and a chair cost # dollars together. the table costs twice as much as the chair. how much does the chair cost?	measure_story	1	да	a table and a chair cost 120 dollars together. the table costs twice as much as the chair. how much does the c
a worker earns # cents every minute. how much does a worker earn in # minutes?	rates	1	да	a worker earns 8 cents every minute. how much does a worker earn in 4 minutes?
a worker earns # rubles every day. how much does a worker earn in # days?	rates	1	да	a worker earns 5 rubles every day. how much does a worker earn in 5 days?
a {Носитель} tem # aplicações. o {Носитель} tem mais # aplicações do que a {Носитель}. quantas aplicações tem o {Носитель}?	cmpframes	1	да	a Maria tem 36 aplicações. o Tiago tem mais 15 aplicações do que a Maria. quantas aplicações tem o Tiago?
a {Носитель} tem # bolas. quantas bolas tem a {Носитель}?	holdforms	1	да	a Maria tem 40 bolas. quantas bolas tem a Maria?
a {Носитель} tem # bonecos. o João tem # bonecos. quantas vezes mais bonecos tem a {Носитель} do que o João?	cmpframes	1	да	a Beatriz tem 63 bonecos. o João tem 21 bonecos. quantas vezes mais bonecos tem a Beatriz do que o João?
a {Носитель} tem # ovos e # canetas. quantas canetas tem a {Носитель}?	holdforms	1	да	a Beatriz tem 23 ovos e 5 canetas. quantas canetas tem a Beatriz?
a {Носитель} tinha # lápis e o {Носитель} tinha # lápis. a {Носитель} deu-lhe # lápis. quantos lápis tem a {Носитель} agora?	pronobject	1	да	a Ana tinha 18 lápis e o Tiago tinha 7 lápis. a Ana deu-lhe 4 lápis. quantos lápis tem a Ana agora?
a {Носитель} tinha # moedas. deu # delas ao João. quantas moedas tem agora?	svamp	1	да	a Ana tinha 12 moedas. deu 5 delas ao João. quantas moedas tem agora?
a água ferve a # graus — é um facto ou uma opinião?	opinion	1	да	a água ferve a 100 graus — é um facto ou uma opinião?
add # and #. what do you get?	opforms	1	да	add 13 and 6. what do you get?
addiere # und #. was kommt heraus?	opforms	1	да	addiere 9 und 12. was kommt heraus?
affirmation : # + # = #. vérification : # + # = #. quel est le verdict ?	verifyforms	1	да	affirmation : 62 + 61 = 123. vérification : 62 + 61 = 123. quel est le verdict ?
afirmación: # + # = #. comprobación: # + # = #. ¿cuál es el veredicto?	verifyforms	1	да	afirmación: 91 + 66 = 157. comprobación: 91 + 66 = 157. ¿cuál es el veredicto?
afirmação: # + # = #. a verificação é de outra coisa: # − # = #. qual é o veredicto?	verifyforms	1	да	afirmação: 94 + 69 = 163. a verificação é de outra coisa: 94 − 69 = 25. qual é o veredicto?
afirmação: # é par. verificação: # = # × #, sem resto. qual é o veredicto?	verifyforms	1	да	afirmação: 82 é par. verificação: 82 = 41 × 2, sem resto. qual é o veredicto?
after february comes march. what comes after february?	nature	1	да	after february comes march. what comes after february?
after rain the ground is wet — is that a fact or an opinion?	opinion	1	да	after rain the ground is wet — is that a fact or an opinion?
after winter comes spring. what comes after winter?	nature	1	да	after winter comes spring. what comes after winter?
aide-moi, s'il te plaît : que font # divisé par # ?	cross	1	да	aide-moi, s'il te plaît : que font 18 divisé par 6 ?
am {Носитель} legte {Носитель} # {Носитель} auf den {Носитель}. wie viele {Носитель} legte {Носитель} am {Носитель} auf den {Носитель}?	holes	1	да	am Montag legte Jonas 5 Teller auf den Tisch. wie viele Teller legte Jonas am Montag auf den Tisch?
an elephant is bigger than a cat. which is bigger: an elephant or a cat?	scale	1	да	an elephant is bigger than a cat. which is bigger: an elephant or a cat?
ana tiene # libros más, pero # lápices menos. ¿cuántos libros más?	numphrase	1	да	ana tiene 6 libros más, pero 4 lápices menos. ¿cuántos libros más?
ann has # books more but # pencils fewer. how many more books?	numphrase	1	да	ann has 15 books more but 9 pencils fewer. how many more books?
anna has # books. she gave away # books. how many does she have left?	anaphora	1	да	anna has 11 books. she gave away 3 books. how many does she have left?
anna sold # books. how many books did anna sell?	verbal	1	НЕТ	anna sold 6 books. how many books did anna sell?
anne a # livres de plus, mais # crayons de moins. combien de livres en plus ?	numphrase	1	да	anne a 12 livres de plus, mais 7 crayons de moins. combien de livres en plus ?
après août vient septembre. qu'est-ce qui vient après août ?	nature	1	да	après août vient septembre. qu'est-ce qui vient après août ?
après mars vient avril. qu'est-ce qui vient après mars ?	nature	1	да	après mars vient avril. qu'est-ce qui vient après mars ?
après novembre vient décembre. qu'est-ce qui vient après novembre ?	nature	1	да	après novembre vient décembre. qu'est-ce qui vient après novembre ?
are # + # + # and # × # the same?	rewrite	1	да	are 4 + 4 + 4 and 4 × 4 the same?
are # × # and # × # the same?	rewrite	1	да	are 6 × 3 and 6 × 4 the same?
at first {Носитель} had # balls. then she got # more. how many balls does she have now?	svamp	1	да	at first Anna had 20 balls. then she got 8 more. how many balls does she have now?
auf dem {Носитель} saßen # Vögel. # weitere Vögel kamen dazu. wie viele Vögel sind jetzt auf dem {Носитель}?	action_measure_langs	1	да	auf dem Zaun saßen 6 Vögel. 4 weitere Vögel kamen dazu. wie viele Vögel sind jetzt auf dem Zaun?
auf dem {Носитель} sind # {Носитель} und # Münzen. wie viele Münzen sind auf dem {Носитель}?	sceneforms	1	да	auf dem Tisch sind 29 Eier und 33 Münzen. wie viele Münzen sind auf dem Tisch?
auf dem {Носитель} sind # {Носитель} und in der {Носитель} sind # {Носитель}. wo sind mehr {Носитель}?	sceneforms	1	да	auf dem Tisch sind 36 Tassen und in der Kiste sind 28 Tassen. wo sind mehr Tassen?
auf dem {Носитель} sind # {Носитель}. gibt es {Носитель} auf dem {Носитель}?	sceneforms	1	да	auf dem Tisch sind 23 Eier. gibt es Eier auf dem Tisch?
aujourd'hui c'est dimanche. quel jour était-ce avant-hier ?	calendar_langs	1	да	aujourd'hui c'est dimanche. quel jour était-ce avant-hier ?
avec quoi coupe-t-on le pain ?	roles	1	да	avec quoi coupe-t-on le pain ?
avevo # libri. ho perso # libri e trovato # nuovi. quanti libri ho adesso?	proform	1	да	avevo 25 libri. ho perso 13 libri e trovato 6 nuovi. quanti libri ho adesso?
avevo # mele. ho perso # mele e trovato # nuove. quante mele ho adesso?	proform	1	да	avevo 25 mele. ho perso 13 mele e trovato 6 nuove. quante mele ho adesso?
ayúdeme, por favor: ¿cuánto es # dividido por #?	cross	1	да	ayúdeme, por favor: ¿cuánto es 12 dividido por 4?
barua ni nini?	lang_sw	1	да	barua ni nini?
bei wie viel {Носитель} {Носитель} gefriert {Носитель}?	tempscale	1	да	bei wie viel Grad Celsius gefriert Wasser?
ben has # apples. he gave away # apples. how many does he have left?	anaphora	1	да	ben has 12 apples. he gave away 5 apples. how many does he have left?
berechne # geteilt durch #	task	1	да	berechne 20 geteilt durch 5
berechne # ÷ #	arith_langs	1	да	berechne 54 ÷ 6
bereken # × #	arith_langs	1	да	bereken 17 × 12
bereken # ÷ #	arith_langs	1	да	bereken 12 ÷ 3
bereken dertig min veertien	task	1	да	bereken dertig min veertien
bugün cuma. evvelsi gün hangi gündü?	calendar_langs	1	да	bugün cuma. evvelsi gün hangi gündü?
bugün pazar. evvelsi gün hangi gündü?	calendar_langs	1	да	bugün pazar. evvelsi gün hangi gündü?
c'erano # barche nel porto. sono arrivate altre # barche. quanti barche ci sono nel porto adesso?	action_measure_langs	1	да	c'erano 11 barche nel porto. sono arrivate altre 9 barche. quanti barche ci sono nel porto adesso?
c'erano # uccelli sul recinto. # uccelli sono volati via. quanti uccelli ci sono sul recinto adesso?	action_measure_langs	1	да	c'erano 15 uccelli sul recinto. 8 uccelli sono volati via. quanti uccelli ci sono sul recinto adesso?
cada billete cuesta # €. el descuento es de # € en cada billete. ¿cuánto se paga por un billete?	discountroad	1	да	cada billete cuesta 58 €. el descuento es de 23 € en cada billete. ¿cuánto se paga por un billete?
calcola # ÷ #	arith_langs	1	да	calcola 48 ÷ 12
calcola cento diviso dieci	task	1	да	calcola cento diviso dieci
calcula # dividido por #. o que dá?	task	1	да	calcula 20 dividido por 5. o que dá?
calcula # vezes #. o que dá?	task	1	да	calcula 100 vezes 2. o que dá?
calcula # − #	arith_langs	1	да	calcula 29 − 6
calcula cem vezes dois	task	1	да	calcula cem vezes dois
calcula nueve por seis	task	1	да	calcula nueve por seis
calcula o produto de # e #	task	1	да	calcula o produto de 100 e 2
calcule # moins #	task	1	да	calcule 20 moins 5
calcule # × #	arith_langs	1	да	calcule 23 × 6
calcule # ÷ #	arith_langs	1	да	calcule 72 ÷ 9
ce livre est intéressant — est-ce un fait ou une opinion ?	opinion	1	да	ce livre est intéressant — est-ce un fait ou une opinion ?
chaque paquet coûte # €. la remise est de # € sur chaque paquet. combien paie-t-on pour un paquet ?	discountroad	1	да	chaque paquet coûte 39 €. la remise est de 21 € sur chaque paquet. combien paie-t-on pour un paquet ?
che cos'è flumbero?	dialogue	1	да	che cos'è flumbero?
che cos'è i genitori?	topics	1	да	che cos'è i genitori?
che cos'è il fiore?	lang_it	1	да	che cos'è il fiore?
che cos'è il lavoro?	topics	1	да	che cos'è il lavoro?
che cos'è il sonno?	topics	1	да	che cos'è il sonno?
che cos'è la colazione?	topics	1	да	che cos'è la colazione?
che cos'è quarcosauro?	dialogue	1	да	che cos'è quarcosauro?
che cos'è un esagono?	countfacts	1	да	che cos'è un esagono?
che cosa segue dal fatto che il resto di # diviso per # non è nessuno dei numeri #, #, # e #?	disj	1	да	che cosa segue dal fatto che il resto di 17 diviso per 5 non è nessuno dei numeri 0, 1, 3 e 4?
che cosa segue dal fatto che il resto di # diviso per # non è nessuno dei numeri #, #, #, # e #?	disj	1	да	che cosa segue dal fatto che il resto di 19 diviso per 6 non è nessuno dei numeri 0, 2, 3, 4 e 5?
che cosa è più grande: una persona o un topo?	scale	1	да	che cosa è più grande: una persona o un topo?
che giorno viene # giorni dopo domenica?	calendar_langs	1	да	che giorno viene 2 giorni dopo domenica?
che giorno viene # giorno dopo martedì?	calendar_langs	1	да	che giorno viene 1 giorno dopo martedì?
ci sono # documenti nella cartella. il primo atto crea # documenti. pensavo #, e la risposta è #. che cosa è vero?	selfmodelforms	1	да	ci sono 9 documenti nella cartella. il primo atto crea 3 documenti. pensavo 14, e la risposta è 12. che cosa è
ci sono # documenti nella cartella. il primo atto crea # documenti. penso che risponderò #. quanti documenti ci sono nella cartella?	selfmodelforms	1	да	ci sono 8 documenti nella cartella. il primo atto crea 5 documenti. penso che risponderò 15. quanti documenti 
ci sono # libri nella scatola. ci sono libri nella scatola?	sceneforms	1	да	ci sono 19 libri nella scatola. ci sono libri nella scatola?
ci sono # messaggi nell'elenco. il primo atto crea # messaggi. il secondo atto solo legge. il terzo atto crea # messaggi. quanti atti hanno cambiato il conto?	episodeforms	1	да	ci sono 7 messaggi nell'elenco. il primo atto crea 3 messaggi. il secondo atto solo legge. il terzo atto crea 
ci sono # messaggi nell'elenco. il primo atto crea # messaggi. penso che risponderò #. quanti messaggi ci sono nell'elenco?	selfmodelforms	1	да	ci sono 5 messaggi nell'elenco. il primo atto crea 3 messaggi. penso che risponderò 9. quanti messaggi ci sono
ci sono # palloni sul tavolo. quanti palloni ci sono sul tavolo?	holdforms	1	да	ci sono 40 palloni sul tavolo. quanti palloni ci sono sul tavolo?
ci sono # voci nella scatola. l'atto crea # voci. quante voci ci sono nella scatola dopo l'atto?	toolforms	1	да	ci sono 28 voci nella scatola. l'atto crea 2 voci. quante voci ci sono nella scatola dopo l'atto?
ci sono # voci nella scatola. l'atto solo legge due volte. quante voci ci sono nella scatola dopo l'atto?	toolforms	1	да	ci sono 16 voci nella scatola. l'atto solo legge due volte. quante voci ci sono nella scatola dopo l'atto?
ci sono # voci nella scatola. l'atto solo legge. quante voci ci sono nella scatola dopo l'atto?	toolforms	1	да	ci sono 7 voci nella scatola. l'atto solo legge. quante voci ci sono nella scatola dopo l'atto?
ciepły i zimny to przeciwieństwa. jakie jest przeciwieństwo słowa ciepły?	opposites	1	да	ciepły i zimny to przeciwieństwa. jakie jest przeciwieństwo słowa ciepły?
claim: # + # = #. the check is about something else: # − # = #. what is the verdict?	verifyforms	1	да	claim: 88 + 63 = 151. the check is about something else: 88 − 63 = 25. what is the verdict?
claro e escuro são contrários. o que se segue disso?	opposites	1	да	claro e escuro são contrários. o que se segue disso?
co jest bardziej miękkie: poduszka czy kamień?	propcompare	1	да	co jest bardziej miękkie: poduszka czy kamień?
co jest twardsze: poduszka czy kamień?	propcompare	1	да	co jest twardsze: poduszka czy kamień?
co jest większe: # czy #?	numberline	1	да	co jest większe: 4 czy 6?
co jest większe: pies czy kot?	scale	1	да	co jest większe: pies czy kot?
co jest wolniejsze: żółw czy zając?	propcompare	1	да	co jest wolniejsze: żółw czy zając?
co mają wspólnego sosna i dąb?	worldfacts	1	да	co mają wspólnego sosna i dąb?
co nie pasuje: jaskółka, sowa, róża?	worldfacts	1	да	co nie pasuje: jaskółka, sowa, róża?
co nie pasuje: pająk, kot, stół?	worldfacts	1	да	co nie pasuje: pająk, kot, stół?
co to jest dziękuję?	dialogue	1	да	co to jest dziękuję?
co to jest egzamin?	lang_pl	1	да	co to jest egzamin?
co wynika z tego, że # nie dzieli się przez #?	infer	1	да	co wynika z tego, że 7 nie dzieli się przez 5?
co wynika z tego, że liczba dzieli się przez #?	infer	1	да	co wynika z tego, że liczba dzieli się przez 6?
co wynika z tego, że reszta z dzielenia # przez # nie jest żadną z liczb # i #?	disj	1	да	co wynika z tego, że reszta z dzielenia 14 przez 3 nie jest żadną z liczb 0 i 1?
co wynika z tego, że reszta z dzielenia # przez # nie jest żadną z liczb #, # i #?	disj	1	да	co wynika z tego, że reszta z dzielenia 23 przez 4 nie jest żadną z liczb 0, 1 i 2?
com que se desenha?	roles	1	да	com que se desenha?
combien d'heures font # jours ?	units_langs	1	да	combien d'heures font 8 jours ?
combien de côtés a un octogone ?	countfacts	1	да	combien de côtés a un octogone ?
combien de fois {Носитель} a-t-il plus de pièces que {Носитель} ?	compare_langs	1	да	combien de fois Louis a-t-il plus de pièces que Marie ?
combien de heures y a-t-il dans # jours ?	timeunits	1	да	combien de heures y a-t-il dans 5 jours ?
combien de minutes fait trois quarts d'heure ?	unitfrac	1	да	combien de minutes fait trois quarts d'heure ?
combien de mètres font # kilomètres ?	units_langs	1	да	combien de mètres font 6 kilomètres ?
combien de pattes a un chat ?	countfacts	1	да	combien de pattes a un chat ?
combien de pattes a un cheval ?	countfacts	1	да	combien de pattes a un cheval ?
combien de pattes a une araignée ?	countfacts	1	да	combien de pattes a une araignée ?
combien de pattes a une fourmi ?	countfacts	1	да	combien de pattes a une fourmi ?
combien de secondes font # minutes ?	units_langs	1	да	combien de secondes font 6 minutes ?
combien de secondes y a-t-il dans # minutes ?	timeunits	1	да	combien de secondes y a-t-il dans 3 minutes ?
combien de secondes y a-t-il dans quatre minutes ?	timeunits	1	да	combien de secondes y a-t-il dans quatre minutes ?
combien fait la différence de # et # ?	cross	1	да	combien fait la différence de 20 et 5 ?
come si dice «grazie» in spagnolo?	translate	1	да	come si dice «grazie» in spagnolo?
come si dice «mano» in tedesco?	translate	1	да	come si dice «mano» in tedesco?
come si dice «pane» in tedesco?	translate	1	да	come si dice «pane» in tedesco?
come si scrive # in numeri romani?	roman	1	да	come si scrive 19 in numeri romani?
come si scrive il numero # in lettere?	numberline	1	да	come si scrive il numero 13 in lettere?
comment allez-vous ?	dialogue	1	да	comment allez-vous ?
comment dit-on « au revoir » en anglais ?	translate	1	да	comment dit-on « au revoir » en anglais ?
comment dit-on « bonjour » en russe ?	translate	1	да	comment dit-on « bonjour » en russe ?
comment dit-on « eau » en allemand ?	translate	1	да	comment dit-on « eau » en allemand ?
comment dit-on « pain » en italien ?	translate	1	да	comment dit-on « pain » en italien ?
comment écrire # × # autrement ?	rewrite	1	да	comment écrire 6 × 3 autrement ?
comment écrit-on # en chiffres romains ?	roman	1	да	comment écrit-on 14 en chiffres romains ?
como está?	dialogue	1	да	como está?
como se diz «casa» em russo?	translate	1	да	como se diz «casa» em russo?
como se diz «cão» em espanhol?	translate	1	да	como se diz «cão» em espanhol?
como se diz «mesa» em alemão?	translate	1	да	como se diz «mesa» em alemão?
como se diz «mesa» em neerlandês?	translate	1	да	como se diz «mesa» em neerlandês?
como se diz «pão» em espanhol?	translate	1	да	como se diz «pão» em espanhol?
como se diz «pão» em inglês?	translate	1	да	como se diz «pão» em inglês?
como vai?	dialogue	1	да	como vai?
comprei # maçãs. agora tenho # maçãs. quantas maçãs tinha no início?	beforetails	1	да	comprei 6 maçãs. agora tenho 15 maçãs. quantas maçãs tinha no início?
compré # libros. ahora tengo # libros. ¿cuántos libros tenía al principio?	beforetails	1	да	compré 5 libros. ahora tengo 18 libros. ¿cuántos libros tenía al principio?
compré # libros. ahora tengo # libros. ¿cuántos libros tenía antes de eso?	beforetails	1	да	compré 7 libros. ahora tengo 24 libros. ¿cuántos libros tenía antes de eso?
compré # lápices. ahora tengo # lápices. ¿cuántos lápices tenía antes de eso?	beforetails	1	да	compré 6 lápices. ahora tengo 25 lápices. ¿cuántos lápices tenía antes de eso?
compute # × #	school_biling_v2c	1	да	compute 5 × 3
compute # − #	arith_langs	1	да	compute 41 − 8
compute fifty times two	task	1	да	compute fifty times two
compute hundred divided by four	task	1	да	compute hundred divided by four
con che cosa si mangia la zuppa?	roles	1	да	con che cosa si mangia la zuppa?
con che cosa si scava la terra?	roles	1	да	con che cosa si scava la terra?
con che cosa si taglia il pane?	roles	1	да	con che cosa si taglia il pane?
concordas que # menos # é #?	cross	1	НЕТ	concordas que 25 menos 17 é 8?
cosa è più caldo: il ghiaccio o il fuoco?	propcompare	1	да	cosa è più caldo: il ghiaccio o il fuoco?
cosa è più freddo: il fuoco o il ghiaccio?	propcompare	1	да	cosa è più freddo: il fuoco o il ghiaccio?
cosa è più leggero: una pietra o una piuma?	propcompare	1	да	cosa è più leggero: una pietra o una piuma?
cosa è più leggero: una piuma o una pietra?	propcompare	1	да	cosa è più leggero: una piuma o una pietra?
cosa è più morbido: un cuscino o una pietra?	propcompare	1	да	cosa è più morbido: un cuscino o una pietra?
cuando una persona mira hacia otro lado, no ve la señal. ¿por qué no ve la señal?	behavior	1	да	cuando una persona mira hacia otro lado, no ve la señal. ¿por qué no ve la señal?
cuenta del # al #. ¿qué sale?	numberline	1	да	cuenta del 6 al 9. ¿qué sale?
cumartesinden sonra hangi gün gelir?	calendar_langs	1	да	cumartesinden sonra hangi gün gelir?
czy # + # + # i # × # to to samo?	rewrite	1	да	czy 4 + 4 + 4 i 4 × 4 to to samo?
czy # dzieli się przez #?	inquiry_pl_tr	1	да	czy 115 dzieli się przez 5?
czy # jest parzyste, czy nieparzyste?	inquiry_pl_tr	1	да	czy 27 jest parzyste, czy nieparzyste?
czy # × # i # + # to to samo?	rewrite	1	да	czy 3 × 8 i 3 + 8 to to samo?
czy # × # i # × # to to samo?	rewrite	1	да	czy 6 × 3 i 6 × 4 to to samo?
czy to prawda, że # jest parzysta?	verifyforms	1	да	czy to prawda, że 89 jest parzysta?
czy to prawda, że wszystkie kwadraty są parzyste?	inquiry_pl_tr	1	да	czy to prawda, że wszystkie kwadraty są parzyste?
czy zgadza się pan, że # razy # to #?	cross	1	да	czy zgadza się pan, że 8 razy 5 to 40?
czym się rysuje?	roles	1	да	czym się rysuje?
człowiek ma # ręce. ile rąk mają dwaj ludzie?	nature	1	да	człowiek ma 2 ręce. ile rąk mają dwaj ludzie?
dal # maggio al # giugno. quanti giorni sono passati?	dateforms	1	да	dal 29 maggio al 2 giugno. quanti giorni sono passati?
dans XCV le signe plus petit X est placé devant le signe plus grand C et se soustrait. qu'est-ce que cela signifie ?	roman	1	да	dans XCV le signe plus petit X est placé devant le signe plus grand C et se soustrait. qu'est-ce que cela sign
dans la boîte il y a # enregistrements. combien de enregistrements y a-t-il dans la liste ?	nomention	1	да	dans la boîte il y a 17 enregistrements. combien de enregistrements y a-t-il dans la liste ?
dans la boîte il y a # messages. combien de messages y a-t-il dans la boîte ?	nomention	1	да	dans la boîte il y a 5 messages. combien de messages y a-t-il dans la boîte ?
dans la liste il y a # enregistrements. combien de enregistrements y a-t-il dans la liste ?	nomention	1	да	dans la liste il y a 18 enregistrements. combien de enregistrements y a-t-il dans la liste ?
dans la liste il y a # messages. sur l'étagère il y a # messages. combien de messages y a-t-il dans le dossier ?	nomention	1	да	dans la liste il y a 11 messages. sur l'étagère il y a 18 messages. combien de messages y a-t-il dans le dossi
dans le dossier il y a # enregistrements. dans la boîte il y a # enregistrements. dans la liste il y a # enregistrements. le résumé : # enregistrements dans le dossier, # enregistrements dans la boîte. est-ce que le résumé est juste ?	summaryforms	1	да	dans le dossier il y a 18 enregistrements. dans la boîte il y a 5 enregistrements. dans la liste il y a 8 enre
dans le dossier il y a # enregistrements. dans la boîte il y a # enregistrements. dans la liste il y a # enregistrements. sur l'étagère il y a # enregistrements. le résumé : # enregistrements dans le dossier, # enregistrements dans la boîte, # enregistrements sur l'étagère. sur quel endroit le résumé ne dit rien ?	summaryforms	1	да	dans le dossier il y a 8 enregistrements. dans la boîte il y a 11 enregistrements. dans la liste il y a 14 enr
dans le dossier il y a # fichiers. dans la boîte il y a # fichiers. dans la liste il y a # fichiers. sur l'étagère il y a # fichiers. le résumé : # fichiers dans le dossier, # fichiers dans la liste, # fichiers sur l'étagère. est-ce que le résumé est juste ?	summaryforms	1	да	dans le dossier il y a 13 fichiers. dans la boîte il y a 16 fichiers. dans la liste il y a 3 fichiers. sur l'é
dans le dossier il y a # messages. dans la boîte il y a # messages. dans la liste il y a # messages. le résumé : # messages dans le dossier, # messages dans la boîte. que dit le résumé sur le dossier ?	summaryforms	1	да	dans le dossier il y a 8 messages. dans la boîte il y a 11 messages. dans la liste il y a 14 messages. le résu
dans le parc il y avait # livres. on a enlevé # livres. combien de livres y a-t-il maintenant ?	action_pages	1	да	dans le parc il y avait 36 livres. on a enlevé 34 livres. combien de livres y a-t-il maintenant ?
das Känguru sprang # {Носитель}. wie weit sprang das Känguru?	action_measure_langs	1	да	das Känguru sprang 12 Meter. wie weit sprang das Känguru?
das menschliche {Носитель} ist ein {Носитель}, das pumpt {Носитель}. ist das menschliche {Носитель} ein {Носитель} oder ein {Носитель}?	genus_diff	1	да	das menschliche Herz ist ein Organ, das pumpt Blut. ist das menschliche Herz ein Organ oder ein Stoff?
das {Носитель} ist links vom Schlüssel, der Schlüssel ist links von der {Носитель}. was ist zwischen dem {Носитель} und der {Носитель}?	place	1	да	das Buch ist links vom Schlüssel, der Schlüssel ist links von der Tasse. was ist zwischen dem Buch und der Tas
de # de janeiro a # de fevereiro. quantos dias passaram?	dateforms	1	да	de 30 de janeiro a 2 de fevereiro. quantos dias passaram?
de combien # est-il plus chaud que −# ?	signedworld	1	да	de combien 2 est-il plus chaud que −11 ?
de eerste regel: maak geen bestanden aan. de tweede regel: verplaats geen bestanden. verplaats # berichten. welke regel verbiedt dit?	mandateforms	1	да	de eerste regel: maak geen bestanden aan. de tweede regel: verplaats geen bestanden. verplaats 3 berichten. we
de eerste regel: verwijder geen bestanden. de tweede regel: verplaats geen bestanden. maak # berichten aan. kan de opdracht worden uitgevoerd?	mandateforms	1	да	de eerste regel: verwijder geen bestanden. de tweede regel: verplaats geen bestanden. maak 7 berichten aan. ka
de eerste regel: verwijder geen bestanden. de tweede regel: verplaats geen bestanden. maak # records aan. hoeveel regels zijn er?	mandateforms	1	да	de eerste regel: verwijder geen bestanden. de tweede regel: verplaats geen bestanden. maak 7 records aan. hoev
de getallen: #, #, #, #. hoe gaan ze aflopend?	orderforms	1	да	de getallen: 6, 19, 11, 27. hoe gaan ze aflopend?
de getallen: #, #, #. hoe gaan ze aflopend?	orderforms	1	да	de getallen: 96, 74, 85. hoe gaan ze aflopend?
de kangoeroe sprong # meter en daarna # meter. hoe ver sprong de kangoeroe in totaal?	action_measure_langs	1	да	de kangoeroe sprong 12 meter en daarna 8 meter. hoe ver sprong de kangoeroe in totaal?
de kangoeroe sprong # meter. hoe ver sprong de kangoeroe?	action_measure_langs	1	да	de kangoeroe sprong 12 meter. hoe ver sprong de kangoeroe?
de kangoeroe woog # gram en daarna # gram. hoeveel woog de kangoeroe in totaal?	action_measure_langs	1	да	de kangoeroe woog 31 gram en daarna 19 gram. hoeveel woog de kangoeroe in totaal?
de kat woog # gram en daarna # gram. hoeveel woog de kat in totaal?	action_measure_langs	1	да	de kat woog 46 gram en daarna 14 gram. hoeveel woog de kat in totaal?
de kikker sprong # centimeter en daarna # centimeter. hoe ver sprong de kikker in totaal?	action_measure_langs	1	да	de kikker sprong 46 centimeter en daarna 14 centimeter. hoe ver sprong de kikker in totaal?
de lift is op verdieping −#. de lift gaat # verdiepingen omhoog. op welke verdieping is de lift?	signedworld	1	да	de lift is op verdieping −2. de lift gaat 9 verdiepingen omhoog. op welke verdieping is de lift?
de que cor é o céu?	countfacts	1	да	de que cor é o céu?
de que cor é o leite?	countfacts	1	да	de que cor é o leite?
de que cor é o sol?	countfacts	1	да	de que cor é o sol?
de que cor é um limão?	countfacts	1	да	de que cor é um limão?
de quelle couleur est le sang ?	countfacts	1	да	de quelle couleur est le sang ?
de sleutel is links van het boek, het boek is links van de beker. wat is tussen de sleutel en de beker?	place	1	да	de sleutel is links van het boek, het boek is links van de beker. wat is tussen de sleutel en de beker?
de sleutel is rechts van de beker, de beker is rechts van het boek. wat is tussen de sleutel en het boek?	place	1	да	de sleutel is rechts van de beker, de beker is rechts van het boek. wat is tussen de sleutel en het boek?
de sleutel is rechts van het boek, het boek is rechts van de beker. wat is tussen de sleutel en de beker?	place	1	да	de sleutel is rechts van het boek, het boek is rechts van de beker. wat is tussen de sleutel en de beker?
de trein komt om #:# aan. de reis duurt # uur # minuten. wanneer is hij vertrokken?	clockforms	1	да	de trein komt om 11:15 aan. de reis duurt 3 uur 40 minuten. wanneer is hij vertrokken?
de trein vertrok om #:# en kwam om #:# aan. hoe lang reed hij?	clockforms	1	да	de trein vertrok om 5:25 en kwam om 10:10 aan. hoe lang reed hij?
de zak woog # kilogram # gram. er werd # kilogram # gram uit gehaald. hoeveel weegt de zak nu?	mixedunits	1	да	de zak woog 7 kilogram 170 gram. er werd 2 kilogram 390 gram uit gehaald. hoeveel weegt de zak nu?
deel # door #. hoeveel krijg je?	opforms	1	да	deel 45 door 9. hoeveel krijg je?
deel # door #. wat krijg je?	opforms	1	да	deel 18 door 3. wat krijg je?
dei # lápis. restam-me # lápis. quantos lápis tinha de início?	beforetails	1	да	dei 4 lápis. restam-me 21 lápis. quantos lápis tinha de início?
dei # maçãs. restam-me # maçãs. quantas maçãs tinha no início?	beforetails	1	да	dei 9 maçãs. restam-me 23 maçãs. quantas maçãs tinha no início?
del # de enero al # de febrero. ¿cuántos días pasaron?	dateforms	1	да	del 29 de enero al 4 de febrero. ¿cuántos días pasaron?
del # de febrero al # de marzo. ¿cuántos días pasaron?	dateforms	1	да	del 26 de febrero al 3 de marzo. ¿cuántos días pasaron?
del # de marzo al # de abril. ¿cuántos días pasaron?	dateforms	1	да	del 28 de marzo al 3 de abril. ¿cuántos días pasaron?
depois da chuva a terra está molhada — é um facto ou uma opinião?	opinion	1	да	depois da chuva a terra está molhada — é um facto ou uma opinião?
depois do domingo vem a segunda-feira. o que vem depois do domingo?	nature	1	да	depois do domingo vem a segunda-feira. o que vem depois do domingo?
der Schlüssel ist links vom {Носитель}, das {Носитель} ist links von der {Носитель}. was ist links von der {Носитель}?	place	1	да	der Schlüssel ist links vom Buch, das Buch ist links von der Tasse. was ist links von der Tasse?
der {Носитель} fuhr # km in # {Носитель}. wie viele {Носитель} pro {Носитель} fährt er?	speedforms	1	да	der Zug fuhr 270 km in 3 Stunden. wie viele Kilometer pro Stunde fährt er?
der {Носитель} fuhr um #:# ab. die {Носитель} dauert # {Носитель} # {Носитель}. wann kommt er an?	clockforms	1	да	der Zug fuhr um 16:35 ab. die Fahrt dauert 1 Stunde 45 Minuten. wann kommt er an?
der {Носитель} fährt # km/h. wie weit fährt er in # {Носитель}?	speedforms	1	да	der Zug fährt 130 km/h. wie weit fährt er in 2 Stunden?
der {Носитель} wog # {Носитель}. wie viel wog der {Носитель}?	action_measure_langs	1	да	der Hund wog 15 Kilogramm. wie viel wog der Hund?
después de la lluvia la tierra está mojada — ¿es un hecho o una opinión?	opinion	1	да	después de la lluvia la tierra está mojada — ¿es un hecho o una opinión?
después de noviembre viene diciembre. ¿qué viene después de noviembre?	nature	1	да	después de noviembre viene diciembre. ¿qué viene después de noviembre?
deze weg is lang — is dat een feit of een mening?	opinion	1	да	deze weg is lang — is dat een feit of een mening?
di # lápices. me quedan # lápices. ¿cuántos lápices tenía antes de eso?	beforetails	1	да	di 8 lápices. me quedan 12 lápices. ¿cuántos lápices tenía antes de eso?
di # lápices. me quedan # lápices. ¿cuántos lápices tenía inicialmente?	beforetails	1	да	di 9 lápices. me quedan 16 lápices. ¿cuántos lápices tenía inicialmente?
di che colore è la neve?	countfacts	1	да	di che colore è la neve?
di la palabra «perro» al revés. ¿qué sale?	letters	1	да	di la palabra «perro» al revés. ¿qué sale?
di notte è buio. che cosa succede poi?	worldfacts	1	да	di notte è buio. che cosa succede poi?
di quanto # è maggiore di #?	numberline	1	да	di quanto 14 è maggiore di 12?
di quanto # è più caldo di −#?	signedworld	1	да	di quanto 3 è più caldo di −5?
di' la parola «cane» al contrario. che cosa viene?	letters	1	да	di' la parola «cane» al contrario. che cosa viene?
die Hälfte einer {Носитель} ist #. welche {Носитель} ist es?	shares_percent	1	да	die Hälfte einer Zahl ist 13. welche Zahl ist es?
die römische {Носитель} XXVII. welche {Носитель} ist das?	roman	1	да	die römische Zahl XXVII. welche Zahl ist das?
die {Носитель} ist rechts vom Schlüssel, der Schlüssel ist rechts vom {Носитель}. was ist rechts vom {Носитель}?	place	1	да	die Tasse ist rechts vom Schlüssel, der Schlüssel ist rechts vom Buch. was ist rechts vom Buch?
die {Носитель} ist rechts vom Schlüssel. wo ist der Schlüssel?	place	1	да	die Lampe ist rechts vom Schlüssel. wo ist der Schlüssel?
die {Носитель} ist rechts von der {Носитель}, die {Носитель} ist rechts vom {Носитель}. was ist rechts vom {Носитель}?	place	1	да	die Tasse ist rechts von der Lampe, die Lampe ist rechts vom Buch. was ist rechts vom Buch?
die {Носитель} sprang # {Носитель}. wie weit sprang die {Носитель}?	action_measure_langs	1	да	die Katze sprang 27 Meter. wie weit sprang die Katze?
die {Носитель} wog # {Носитель} und dann # {Носитель}. wie viel wog die {Носитель} insgesamt?	action_measure_langs	1	да	die Katze wog 46 Gramm und dann 14 Gramm. wie viel wog die Katze insgesamt?
die {Носитель} wog # {Носитель}. wie viel wog die {Носитель}?	action_measure_langs	1	да	die Katze wog 9 Gramm. wie viel wog die Katze?
die {Носитель}: #, #, #, #. wie gehen sie absteigend?	orderforms	1	да	die Zahlen: 7, 3, 9, 5. wie gehen sie absteigend?
die {Носитель}: #, #, #. welche {Носитель} liegt zwischen den beiden anderen?	orderforms	1	да	die Zahlen: 83, 62, 71. welche Zahl liegt zwischen den beiden anderen?
diese {Носитель} ist gut — ist das eine {Носитель} oder eine {Носитель}?	opinion	1	да	diese Musik ist gut — ist das eine Tatsache oder eine Meinung?
dieses {Носитель} ist interessant — ist das eine {Носитель} oder eine {Носитель}?	opinion	1	да	dieses Buch ist interessant — ist das eine Tatsache oder eine Meinung?
dijiste que quitando # a # quedan #. ¿es así?	object	1	да	dijiste que quitando 9 a 24 quedan 16. ¿es así?
dis le mot « soleil » à l'envers. que trouve-t-on ?	letters	1	да	dis le mot « soleil » à l'envers. que trouve-t-on ?
divide # entre #. ¿qué da?	opforms	1	да	divide 28 entre 7. ¿qué da?
divide # por #. o que dá?	opforms	1	да	divide 28 por 7. o que dá?
dividi # per #. quanto fa?	opforms	1	да	dividi 14 per 2. quanto fa?
divise # par #. combien cela fait-il ?	opforms	1	да	divise 36 par 6. combien cela fait-il ?
diz-se: cinco e um quarto. como se escreve em algarismos?	clockwords	1	да	diz-se: cinco e um quarto. como se escreve em algarismos?
diz-se: quatro e um quarto. como se escreve em algarismos?	clockwords	1	да	diz-se: quatro e um quarto. como se escreve em algarismos?
diz-se: quatro menos um quarto. como se escreve em algarismos?	clockwords	1	да	diz-se: quatro menos um quarto. como se escreve em algarismos?
dlaczego, kiedy człowiek patrzy w inną stronę, nie widzi znaku?	behavior	1	да	dlaczego, kiedy człowiek patrzy w inną stronę, nie widzi znaku?
dodaj # i #. ile to jest?	opforms	1	да	dodaj 5 i 6. ile to jest?
does graph #-#, #-# have the cycle #-#-#-#?	mathspaces	1	НЕТ	does graph 1-2, 3-4 have the cycle 1-3-2-1?
dopo dicembre viene gennaio. che cosa viene dopo dicembre?	nature	1	да	dopo dicembre viene gennaio. che cosa viene dopo dicembre?
dopo l'estate viene l'autunno. che cosa viene dopo l'estate?	nature	1	да	dopo l'estate viene l'autunno. che cosa viene dopo l'estate?
dove si compra il pane?	roles	1	да	dove si compra il pane?
dove si cucina il cibo?	roles	1	да	dove si cucina il cibo?
dym unosi się do góry — to fakt czy opinia?	opinion	1	да	dym unosi się do góry — to fakt czy opinia?
dziś jest sobota. jaki dzień będzie pojutrze?	calendar_langs	1	да	dziś jest sobota. jaki dzień będzie pojutrze?
dziś jest wtorek. jaki dzień był wczoraj?	calendar_langs	1	да	dziś jest wtorek. jaki dzień był wczoraj?
dziś jest środa. jaki dzień był wczoraj?	calendar_langs	1	да	dziś jest środa. jaki dzień był wczoraj?
e agora # + #?	cross	1	да	e agora 20 + 5?
each card costs # dollars. how much do # cards cost?	rates	1	да	each card costs 5 dollars. how much do 6 cards cost?
each ticket costs $#. the discount is $# on each ticket. how many tickets can be bought for $#?	discountroad	1	да	each ticket costs $96. the discount is $55 on each ticket. how many tickets can be bought for $205?
een appel kost # euro. hoeveel kosten # appels?	price	1	да	een appel kost 5 euro. hoeveel kosten 5 appels?
een appel kost # euro. ik heb # euro. hoeveel is er nog nodig voor # appels?	enough	1	да	een appel kost 3 euro. ik heb 12 euro. hoeveel is er nog nodig voor 5 appels?
een appel kost # euro. ik heb # euro. is dat genoeg voor # appels?	enough	1	да	een appel kost 5 euro. ik heb 20 euro. is dat genoeg voor 3 appels?
een boek kost # euro. hoeveel kosten # boeken?	price	1	да	een boek kost 3 euro. hoeveel kosten 4 boeken?
een boek kost # euro. ik heb # euro. hoeveel is er nog nodig voor # boeken?	enough	1	да	een boek kost 4 euro. ik heb 15 euro. hoeveel is er nog nodig voor 4 boeken?
een dag heeft # uren, een uur heeft # minuten. hoeveel minuten heeft een dag?	topics	1	да	een dag heeft 24 uren, een uur heeft 60 minuten. hoeveel minuten heeft een dag?
een haai is een vis. wat is een haai?	sceneforms	1	да	een haai is een vis. wat is een haai?
een mens is groter dan een muis. dus een muis is niet groter dan een mens. kan een muis groter dan een mens zijn?	scale	1	да	een mens is groter dan een muis. dus een muis is niet groter dan een mens. kan een muis groter dan een mens zi
een olifant is groter dan een muis. wat is groter: een olifant of een muis?	scale	1	да	een olifant is groter dan een muis. wat is groter: een olifant of een muis?
een potlood kost # euro. ik heb # euro. is dat genoeg voor # potloden?	enough	1	да	een potlood kost 3 euro. ik heb 12 euro. is dat genoeg voor 4 potloden?
een steen zinkt in water — is dat een feit of een mening?	opinion	1	да	een steen zinkt in water — is dat een feit of een mening?
ein Fünftel der {Носитель} haben einen {Носитель}; # haben keinen. wie viele {Носитель} gibt es?	shares_percent	1	да	ein Fünftel der Spieler haben einen Stift; 32 haben keinen. wie viele Spieler gibt es?
ein Fünftel einer {Носитель} ist #. welche {Носитель} ist es?	shares_percent	1	да	ein Fünftel einer Zahl ist 8. welche Zahl ist es?
ein {Носитель} einer {Носитель} ist #. welche {Носитель} ist es?	shares_percent	1	да	ein Zehntel einer Zahl ist 18. welche Zahl ist es?
ein {Носитель} ist ein {Носитель}, das fährt über {Носитель}. was macht ein {Носитель}?	genus_diff	1	да	ein Boot ist ein Fahrzeug, das fährt über Wasser. was macht ein Boot?
ein {Носитель} ist ein {Носитель}, das schwimmt. was ist ein {Носитель}?	genus_diff	1	да	ein Fisch ist ein Tier, das schwimmt. was ist ein Fisch?
ein {Носитель} kostet # {Носитель}. ich habe # {Носитель}. ist das genug für # {Носитель}?	enough	1	да	ein Bleistift kostet 2 Euro. ich habe 10 Euro. ist das genug für 4 Bleistifte?
ein {Носитель} kostet # {Носитель}. ich habe # {Носитель}. wie viel fehlt noch für # Bücher?	enough	1	да	ein Buch kostet 4 Euro. ich habe 15 Euro. wie viel fehlt noch für 4 Bücher?
ein {Носитель} kostet # {Носитель}. ich habe # {Носитель}. wie viel fehlt noch für # {Носитель}?	enough	1	да	ein Bleistift kostet 4 Euro. ich habe 15 Euro. wie viel fehlt noch für 4 Bleistifte?
ein {Носитель} kostet # {Носитель}. ich habe # {Носитель}. wie viel fehlt noch für # Äpfel?	enough	1	да	ein Apfel kostet 4 Euro. ich habe 15 Euro. wie viel fehlt noch für 4 Äpfel?
ein {Носитель} kostet # {Носитель}. wie viel kosten # {Носитель}?	price	1	да	ein Bleistift kostet 3 Euro. wie viel kosten 4 Bleistifte?
ein {Носитель} kostet # {Носитель}. wie viel kosten # Äpfel?	price	1	да	ein Apfel kostet 5 Euro. wie viel kosten 3 Äpfel?
eine Mütze ist eine {Носитель}, die bedeckt den {Носитель}. ist eine Mütze ein {Носитель} oder eine {Носитель}?	genus_diff	1	да	eine Mütze ist eine Kleidung, die bedeckt den Kopf. ist eine Mütze ein Stoff oder eine Kleidung?
eine gerade {Носитель} ist eine {Носитель}, die teilt sich durch zwei. ist eine gerade {Носитель} eine {Носитель} oder eine {Носитель}?	genus_diff	1	да	eine gerade Zahl ist eine Zahl, die teilt sich durch zwei. ist eine gerade Zahl eine Kraft oder eine Zahl?
eine {Носитель} ist ein Gefäß, das hält {Носитель}. ist eine {Носитель} ein {Носитель} oder ein Gefäß?	genus_diff	1	да	eine Tasse ist ein Gefäß, das hält Wasser. ist eine Tasse ein Fahrzeug oder ein Gefäß?
eine {Носитель} ist ein Gefäß, das hält {Носитель}. welches Gefäß hält {Носитель}?	genus_diff	1	да	eine Flasche ist ein Gefäß, das hält Milch. welches Gefäß hält Milch?
eine {Носитель} ist eine {Носитель}, die wächst hoch. ist eine {Носитель} eine {Носитель} oder ein Möbelstück?	genus_diff	1	да	eine Eiche ist eine Pflanze, die wächst hoch. ist eine Eiche eine Pflanze oder ein Möbelstück?
el agua hierve a # grados — ¿es un hecho o una opinión?	opinion	1	да	el agua hierve a 100 grados — ¿es un hecho o una opinión?
el canguro pesaba # gramos. ¿cuánto pesaba el canguro?	action_measure_langs	1	да	el canguro pesaba 8 gramos. ¿cuánto pesaba el canguro?
el canguro saltó # metros. ¿cuánto saltó el canguro?	action_measure_langs	1	да	el canguro saltó 12 metros. ¿cuánto saltó el canguro?
el domingo {Носитель} encontró # piedras en el parque. ¿cuántas piedras encontró {Носитель} en el parque el domingo?	holes	1	да	el domingo Marta encontró 2 piedras en el parque. ¿cuántas piedras encontró Marta en el parque el domingo?
el domingo {Носитель} leyó # cartas en casa. ¿cuántas cartas leyó {Носитель} en casa el domingo?	holes	1	да	el domingo Ana leyó 11 cartas en casa. ¿cuántas cartas leyó Ana en casa el domingo?
el número romano XIII. ¿qué número es este?	roman	1	да	el número romano XIII. ¿qué número es este?
el número romano XXX. ¿qué número es este?	roman	1	да	el número romano XXX. ¿qué número es este?
el primer capítulo tiene # páginas. ¿cuántas páginas tiene el primer capítulo?	numphrase	1	да	el primer capítulo tiene 124 páginas. ¿cuántas páginas tiene el primer capítulo?
el saco pesaba # kilogramos # gramos. se le sacaron # kilogramo # gramos. ¿cuánto pesa el saco ahora?	mixedunits	1	да	el saco pesaba 7 kilogramos 70 gramos. se le sacaron 1 kilogramo 130 gramos. ¿cuánto pesa el saco ahora?
el saco pesaba # kilogramos # gramos. se le sacaron # kilogramos # gramos. ¿cuánto pesa el saco ahora?	mixedunits	1	да	el saco pesaba 6 kilogramos 150 gramos. se le sacaron 2 kilogramos 700 gramos. ¿cuánto pesa el saco ahora?
el tren recorrió # km en # horas. ¿cuántos kilómetros por hora va?	speedforms	1	да	el tren recorrió 160 km en 2 horas. ¿cuántos kilómetros por hora va?
el tren salió a las #:# y llegó a las #:#. ¿cuánto tiempo viajó?	clockforms	1	да	el tren salió a las 14:25 y llegó a las 16:15. ¿cuánto tiempo viajó?
el tren va a # km/h. ¿qué distancia recorre en # horas?	speedforms	1	да	el tren va a 80 km/h. ¿qué distancia recorre en 2 horas?
elk kaartje kost # €. de korting is # € op elk kaartje. hoeveel betaalt men voor # kaartjes?	discountroad	1	да	elk kaartje kost 48 €. de korting is 17 € op elk kaartje. hoeveel betaalt men voor 2 kaartjes?
elk kaartje kost # €. de korting is # € op elk kaartje. hoeveel betaalt men voor één kaartje?	discountroad	1	да	elk kaartje kost 48 €. de korting is 17 € op elk kaartje. hoeveel betaalt men voor één kaartje?
elk kaartje kost # €. de korting is # € op elk kaartje. hoeveel kaartjes kan men kopen voor # €?	discountroad	1	да	elk kaartje kost 71 €. de korting is 33 € op elk kaartje. hoeveel kaartjes kan men kopen voor 355 €?
en IV el signo menor I está delante del signo mayor V y se resta. ¿qué significa eso?	roman	1	да	en IV el signo menor I está delante del signo mayor V y se resta. ¿qué significa eso?
en XXIV el signo menor I está delante del signo mayor V y se resta. ¿qué significa eso?	roman	1	да	en XXIV el signo menor I está delante del signo mayor V y se resta. ¿qué significa eso?
en el estante había # monedas y # huevos. llegaron # monedas más. ¿cuántas monedas y huevos hay en el estante?	action_pages	1	да	en el estante había 26 monedas y 15 huevos. llegaron 12 monedas más. ¿cuántas monedas y huevos hay en el estan
en el estante hay # mensajes. ¿cuántos mensajes hay en la caja?	nomention	1	да	en el estante hay 7 mensajes. ¿cuántos mensajes hay en la caja?
en el estante hay # mensajes. ¿cuántos registros hay en el estante?	nomention	1	да	en el estante hay 7 mensajes. ¿cuántos registros hay en el estante?
en la caja hay # archivos. ¿cuántos mensajes hay en la caja?	nomention	1	да	en la caja hay 12 archivos. ¿cuántos mensajes hay en la caja?
en la caja hay # mensajes. en la lista hay # mensajes. ¿cuántos mensajes hay en la lista?	nomention	1	да	en la caja hay 5 mensajes. en la lista hay 11 mensajes. ¿cuántos mensajes hay en la lista?
en la carpeta hay # archivos. en la caja hay # archivos. en la lista hay # archivos. el resumen: # archivos en la caja, # archivos en la lista. ¿es correcto el resumen?	summaryforms	1	да	en la carpeta hay 18 archivos. en la caja hay 5 archivos. en la lista hay 8 archivos. el resumen: 5 archivos e
en la carpeta hay # archivos. en la caja hay # archivos. en la lista hay # archivos. en el estante hay # archivos. el resumen: # archivos en la carpeta, # archivos en la caja, # archivos en la lista. ¿cuántos lugares nombra el resumen?	summaryforms	1	да	en la carpeta hay 13 archivos. en la caja hay 16 archivos. en la lista hay 3 archivos. en el estante hay 6 arc
en la carpeta hay # mensajes. en la caja hay # mensajes. en la lista hay # mensajes. en el estante hay # mensajes. el resumen: # mensajes en la carpeta, # mensajes en la caja, # mensajes en el estante. ¿cuántos lugares nombra el resumen?	summaryforms	1	да	en la carpeta hay 3 mensajes. en la caja hay 6 mensajes. en la lista hay 9 mensajes. en el estante hay 12 mens
en la carpeta hay # mensajes. en la caja hay # mensajes. en la lista hay # mensajes. en el estante hay # mensajes. el resumen: # mensajes en la carpeta, # mensajes en la lista, # mensajes en el estante. ¿qué dice el resumen de la lista?	summaryforms	1	да	en la carpeta hay 3 mensajes. en la caja hay 6 mensajes. en la lista hay 9 mensajes. en el estante hay 12 mens
en la carpeta hay # registros. en la caja hay # registros. en la lista hay # registros. en el estante hay # registros. el resumen: # registros en la carpeta, # registros en la lista, # registros en el estante. ¿de qué lugar calla el resumen?	summaryforms	1	да	en la carpeta hay 18 registros. en la caja hay 5 registros. en la lista hay 8 registros. en el estante hay 11 
en la habitación había # manzanas y # cartas. llegaron # manzanas más. ¿cuántas manzanas más que cartas hay en la habitación?	action_pages	1	да	en la habitación había 24 manzanas y 3 cartas. llegaron 8 manzanas más. ¿cuántas manzanas más que cartas hay e
en quoi est fait une fenêtre ?	roles	1	да	en quoi est fait une fenêtre ?
en quoi est fait une table ?	roles	1	да	en quoi est fait une table ?
encontra # menos #. o que dá?	task	1	да	encontra 100 menos 30. o que dá?
er liggen # berichten in de lijst. de eerste handeling maakt # berichten aan. de tweede handeling maakt # berichten aan. de derde handeling verwijdert # berichten. welke handeling heeft het aantal het meest veranderd?	episodeforms	1	да	er liggen 10 berichten in de lijst. de eerste handeling maakt 8 berichten aan. de tweede handeling maakt 2 ber
er liggen # berichten in de lijst. de eerste handeling maakt # berichten aan. de tweede handeling verwijdert # berichten. de derde handeling maakt # berichten aan. welke handeling heeft het aantal het meest veranderd?	episodeforms	1	да	er liggen 6 berichten in de lijst. de eerste handeling maakt 2 berichten aan. de tweede handeling verwijdert 4
er liggen # berichten in de lijst. de eerste handeling maakt # berichten aan. hoeveel berichten liggen in de lijst?	personforms	1	да	er liggen 9 berichten in de lijst. de eerste handeling maakt 3 berichten aan. hoeveel berichten liggen in de l
er liggen # berichten in de lijst. de eerste handeling maakt # berichten aan. ik denk dat ik # zal antwoorden. hoeveel berichten liggen in de lijst?	selfmodelforms	1	да	er liggen 9 berichten in de lijst. de eerste handeling maakt 2 berichten aan. ik denk dat ik 12 zal antwoorden
er liggen # bestanden in de map. de eerste handeling maakt # bestand aan. de tweede handeling verwijdert # bestanden. de derde handeling maakt # bestanden aan. welke handeling heeft het aantal het meest veranderd?	episodeforms	1	да	er liggen 19 bestanden in de map. de eerste handeling maakt 1 bestand aan. de tweede handeling verwijdert 3 be
er liggen # bestanden in de map. de eerste handeling verwijdert # bestand. de tweede handeling maakt # bestanden aan. de derde handeling maakt # bestanden aan. hoeveel bestanden zijn er in de map na alle handelingen?	episodeforms	1	да	er liggen 19 bestanden in de map. de eerste handeling verwijdert 1 bestand. de tweede handeling maakt 3 bestan
er liggen # bestanden in de map. de handeling verwijdert # bestand. hoeveel bestanden zijn er in de map na de handeling?	toolforms	1	да	er liggen 8 bestanden in de map. de handeling verwijdert 1 bestand. hoeveel bestanden zijn er in de map na de 
er liggen # bloemen in de tas en er liggen # bloemen op de plank. waar liggen meer bloemen?	sceneforms	1	да	er liggen 10 bloemen in de tas en er liggen 18 bloemen op de plank. waar liggen meer bloemen?
er liggen # bloemen op de plank. hoeveel bloemen liggen op de plank?	holdforms	1	да	er liggen 11 bloemen op de plank. hoeveel bloemen liggen op de plank?
er liggen # eieren op de plank en er liggen # eieren op de tafel. waar liggen meer eieren?	sceneforms	1	да	er liggen 36 eieren op de plank en er liggen 28 eieren op de tafel. waar liggen meer eieren?
er liggen # eieren op de plank. hoeveel eieren liggen op de plank?	holdforms	1	да	er liggen 28 eieren op de plank. hoeveel eieren liggen op de plank?
er liggen # kaarten en # munten op de plank. hoeveel munten liggen er op de plank?	sceneforms	1	да	er liggen 19 kaarten en 23 munten op de plank. hoeveel munten liggen er op de plank?
er liggen # munten en # boeken op de plank. hoeveel boeken liggen er op de plank?	sceneforms	1	да	er liggen 16 munten en 8 boeken op de plank. hoeveel boeken liggen er op de plank?
er liggen # records in de doos. de eerste handeling maakt # records aan. ik denk dat ik # zal antwoorden. hoeveel records liggen in de doos?	selfmodelforms	1	да	er liggen 7 records in de doos. de eerste handeling maakt 3 records aan. ik denk dat ik 11 zal antwoorden. hoe
er liggen # records in de doos. de handeling leest alleen. hoeveel records zijn er in de doos na de handeling?	toolforms	1	да	er liggen 15 records in de doos. de handeling leest alleen. hoeveel records zijn er in de doos na de handeling
er liggen # records in de doos. de handeling leest twee keer alleen. hoeveel records zijn er in de doos na de handeling?	toolforms	1	да	er liggen 22 records in de doos. de handeling leest twee keer alleen. hoeveel records zijn er in de doos na de
er liggen # regels in het bestand. de handeling voegt # regels toe. hoeveel regels zijn er in het bestand na de handeling?	toolforms	1	да	er liggen 11 regels in het bestand. de handeling voegt 3 regels toe. hoeveel regels zijn er in het bestand na 
er liggen geen eieren op de plank. zijn er eieren op de plank?	sceneforms	1	да	er liggen geen eieren op de plank. zijn er eieren op de plank?
er zaten # kinderen in de bus. # kinderen stapten uit. hoeveel kinderen zijn er nu in de bus?	action_measure_langs	1	да	er zaten 30 kinderen in de bus. 12 kinderen stapten uit. hoeveel kinderen zijn er nu in de bus?
es gab # {Носитель} auf dem {Носитель}. # davon waren grün. wie viele waren nicht grün?	action_pages	1	да	es gab 80 Blumen auf dem Regal. 25 davon waren grün. wie viele waren nicht grün?
es gibt # {Носитель} im {Носитель}. # davon sind grün. wie viele davon sind grün?	action_pages	1	да	es gibt 800 Karten im Zimmer. 15 davon sind grün. wie viele davon sind grün?
es-tu d'accord que l'eau bout à # degrés ?	worldfacts	1	да	es-tu d'accord que l'eau bout à 100 degrés ?
est-il vrai que f(x) = x × n est injective exactement quand n n'est pas # ?	inquiry_de_fr	1	да	est-il vrai que f(x) = x × n est injective exactement quand n n'est pas 0 ?
est-il vrai que la somme des k premiers nombres impairs est # × k ?	inquiry_de_fr	1	да	est-il vrai que la somme des k premiers nombres impairs est 2 × k ?
est-il vrai que si n est pair alors n + # est pair ?	inquiry_de_fr	1	да	est-il vrai que si n est pair alors n + 1 est pair ?
est-il vrai que un nombre est divisible par # quand la somme de ses chiffres l'est ?	inquiry_de_fr	1	да	est-il vrai que un nombre est divisible par 3 quand la somme de ses chiffres l'est ?
esta sopa está rica — ¿es un hecho o una opinión?	opinion	1	да	esta sopa está rica — ¿es un hecho o una opinión?
este color es bonito — ¿es un hecho o una opinión?	opinion	1	да	este color es bonito — ¿es un hecho o una opinión?
estou cansado. o que devo fazer?	reply	1	да	estou cansado. o que devo fazer?
estoy cansado. ¿qué debo hacer?	reply	1	да	estoy cansado. ¿qué debo hacer?
et maintenant # ÷ # ?	cross	1	да	et maintenant 100 ÷ 4 ?
eu tenho # bolas, tu tens # bolas. quem tem mais?	joint2	1	да	eu tenho 14 bolas, tu tens 14 bolas. quem tem mais?
eu tenho # livros, tu tens # livros. quantas temos juntos?	joint2	1	да	eu tenho 11 livros, tu tens 2 livros. quantas temos juntos?
eu tenho # livros, tu tens # livros. quem tem mais?	joint2	1	да	eu tenho 9 livros, tu tens 9 livros. quem tem mais?
eu tenho # maçãs, tu tens # maçãs. quantas tenho eu a mais?	joint2	1	да	eu tenho 7 maçãs, tu tens 4 maçãs. quantas tenho eu a mais?
f(x) = x × # birebir midir?	inquiry_pl_tr	1	да	f(x) = x × 8 birebir midir?
f(x) = x × # est-elle injective sur #, #, # ?	inquiry_de_fr	1	да	f(x) = x × 3 est-elle injective sur 1, 2, 3 ?
f(x) = x × k birebirdir ancak ve ancak k # değildir demek doğru mudur?	inquiry_pl_tr	1	да	f(x) = x × k birebirdir ancak ve ancak k 0 değildir demek doğru mudur?
f(x) = x × n birebirdir ancak ve ancak n # değildir demek doğru mudur?	inquiry_pl_tr	1	да	f(x) = x × n birebirdir ancak ve ancak n 0 değildir demek doğru mudur?
facile et difficile sont des contraires. qu'est-ce qui en découle ?	opposites	1	да	facile et difficile sont des contraires. qu'est-ce qui en découle ?
faço isto todos os dias. porque é que?	reply	1	да	faço isto todos os dias. porque é que?
filiżanka jest na prawo od klucza, klucz jest na prawo od książki. co jest między filiżanką a książką?	place	1	да	filiżanka jest na prawo od klucza, klucz jest na prawo od książki. co jest między filiżanką a książką?
filiżanka jest nad kluczem. gdzie jest klucz?	place	1	да	filiżanka jest nad kluczem. gdzie jest klucz?
find # + #	arith_langs	1	да	find 6 + 11
find # times #	task	1	да	find 100 times 2
find # × #	arith_langs	1	да	find 32 × 5
find # ÷ #	school_biling_v2c	1	да	find 12 ÷ 1
find zero divided by five	task	1	да	find zero divided by five
flüssiges {Носитель} ist ein {Носитель}, der gefriert bei null. ist flüssiges {Носитель} ein {Носитель} oder eine {Носитель}?	genus_diff	1	да	flüssiges Wasser ist ein Stoff, der gefriert bei null. ist flüssiges Wasser ein Stoff oder eine Figur?
folder A zawiera # wiadomości, folder B zawiera # wiadomości. akt przenosi # wiadomości z folderu A do folderu B. ile wiadomości zawiera folder A po akcie?	toolforms	1	да	folder A zawiera 17 wiadomości, folder B zawiera 28 wiadomości. akt przenosi 3 wiadomości z folderu A do folde
folder A zawiera # wiadomości, folder B zawiera # wiadomości. akt przenosi # wiadomości z folderu A do folderu B. ile wiadomości zawiera folder B po akcie?	toolforms	1	да	folder A zawiera 29 wiadomości, folder B zawiera 28 wiadomości. akt przenosi 3 wiadomości z folderu A do folde
for f(t) = t^#, what is the change from # to #?	sequences	1	НЕТ	for f(t) = t^2, what is the change from 10 to 11?
fort et faible sont des contraires. quel est le contraire de fort ?	opposites	1	да	fort et faible sont des contraires. quel est le contraire de fort ?
fuerte y débil son contrarios. ¿cuál es el contrario de fuerte?	opposites	1	да	fuerte y débil son contrarios. ¿cuál es el contrario de fuerte?
gari ni nini?	lang_sw	1	да	gari ni nini?
gastei # €. restam-me # €. quanto dinheiro tinha de início?	beforetails	1	да	gastei 25 €. restam-me 76 €. quanto dinheiro tinha de início?
gastei # €. restam-me # €. quanto dinheiro tinha no início?	beforetails	1	да	gastei 14 €. restam-me 52 €. quanto dinheiro tinha no início?
gdzie się kupuje chleb?	roles	1	да	gdzie się kupuje chleb?
gdzie się uczy dzieci?	roles	1	да	gdzie się uczy dzieci?
gebruiker: bewerk het bestand a.txt. organisme: ik stel voor het bestand a.txt te bewerken. is dat bevestigd?	actturn	1	да	gebruiker: bewerk het bestand a.txt. organisme: ik stel voor het bestand a.txt te bewerken. is dat bevestigd?
gebruiker: creëer het bestand b.txt. organisme: ik stel voor het bestand b.txt te creëren. is dat bevestigd?	actturn	1	да	gebruiker: creëer het bestand b.txt. organisme: ik stel voor het bestand b.txt te creëren. is dat bevestigd?
gebruiker: creëer het bestand list.csv. organisme: ik stel voor het bestand list.csv te creëren. is dat bevestigd?	actturn	1	да	gebruiker: creëer het bestand list.csv. organisme: ik stel voor het bestand list.csv te creëren. is dat bevest
güneş nedir?	lang_tr	1	да	güneş nedir?
había # pájaros en la valla. llegaron # pájaros más. ¿cuántos pájaros hay en la valla ahora?	action_measure_langs	1	да	había 15 pájaros en la valla. llegaron 8 pájaros más. ¿cuántos pájaros hay en la valla ahora?
hago esto cada día. ¿por qué?	reply	1	да	hago esto cada día. ¿por qué?
halla # más #. ¿qué sale?	task	1	да	halla 8 más 15. ¿qué sale?
hava nedir?	lang_tr	1	да	hava nedir?
havia # pássaros na vedação. # pássaros voaram embora. quantos pássaros há na vedação agora?	action_measure_langs	1	да	havia 9 pássaros na vedação. 3 pássaros voaram embora. quantos pássaros há na vedação agora?
havia # pássaros na vedação. chegaram mais # pássaros. quantos pássaros há na vedação agora?	action_measure_langs	1	да	havia 6 pássaros na vedação. chegaram mais 4 pássaros. quantos pássaros há na vedação agora?
hay # archivos en la carpeta. el acto borra # archivo. ¿cuántos archivos hay en la carpeta después del acto?	toolforms	1	да	hay 21 archivos en la carpeta. el acto borra 1 archivo. ¿cuántos archivos hay en la carpeta después del acto?
hay # archivos en la carpeta. el primer acto borra # archivos. el segundo acto crea # archivos. el tercer acto crea # archivos. ¿qué acto cambió más la cuenta?	episodeforms	1	да	hay 16 archivos en la carpeta. el primer acto borra 2 archivos. el segundo acto crea 8 archivos. el tercer act
hay # archivos en la carpeta. el primer acto crea # archivo. el segundo acto borra # archivos. el tercer acto crea # archivos. ¿cuántos archivos hay en la carpeta después del segundo acto?	episodeforms	1	да	hay 19 archivos en la carpeta. el primer acto crea 1 archivo. el segundo acto borra 3 archivos. el tercer acto
hay # archivos en la carpeta. el primer acto crea # archivos. el segundo acto borra # archivos. el tercer acto crea # archivo. ¿qué acto cambió más la cuenta?	episodeforms	1	да	hay 20 archivos en la carpeta. el primer acto crea 2 archivos. el segundo acto borra 6 archivos. el tercer act
hay # archivos en la carpeta. el primer acto crea # archivos. el segundo acto borra # archivos. el tercer acto crea # archivos. el resumen: # archivos en la carpeta. ¿es correcto el resumen?	summaryforms	1	да	hay 14 archivos en la carpeta. el primer acto crea 4 archivos. el segundo acto borra 3 archivos. el tercer act
hay # archivos en la carpeta. el primer acto crea # archivos. el segundo acto crea # archivos. el tercer acto borra # archivos. ¿qué acto cambió más la cuenta?	episodeforms	1	да	hay 16 archivos en la carpeta. el primer acto crea 7 archivos. el segundo acto crea 3 archivos. el tercer acto
hay # archivos en la carpeta. el primer acto crea # archivos. pensaba #, y la respuesta es #. ¿qué es verdad?	selfmodelforms	1	да	hay 8 archivos en la carpeta. el primer acto crea 5 archivos. pensaba 15, y la respuesta es 13. ¿qué es verdad
hay # archivos en la carpeta. el primer acto crea # archivos. ¿cuántos archivos hay en la carpeta?	personforms	1	да	hay 5 archivos en la carpeta. el primer acto crea 2 archivos. ¿cuántos archivos hay en la carpeta?
hay # bolígrafos en la caja. ¿cuántos bolígrafos hay en la caja?	holdforms	1	да	hay 2 bolígrafos en la caja. ¿cuántos bolígrafos hay en la caja?
hay # huevos en la mesa. ¿es verdad que hay huevos en la mesa?	sceneforms	1	да	hay 31 huevos en la mesa. ¿es verdad que hay huevos en la mesa?
hay # libros en la caja. ¿es verdad que hay libros en la caja?	sceneforms	1	да	hay 8 libros en la caja. ¿es verdad que hay libros en la caja?
hay # manzanas en la cesta: # rojas y # verdes. ¿cuántas manzanas no son rojas?	quantforms	1	да	hay 10 manzanas en la cesta: 3 rojas y 7 verdes. ¿cuántas manzanas no son rojas?
hay # manzanas en la cesta: # rojas y # verdes. ¿son rojas todas las manzanas?	quantforms	1	да	hay 14 manzanas en la cesta: 6 rojas y 8 verdes. ¿son rojas todas las manzanas?
hay # mensajes en la lista. el primer acto crea # mensaje. el segundo acto borra # mensajes. el tercer acto solo lee. ¿cuántos actos cambiaron la cuenta?	episodeforms	1	да	hay 14 mensajes en la lista. el primer acto crea 1 mensaje. el segundo acto borra 2 mensajes. el tercer acto s
hay # mensajes en la lista. el primer acto crea # mensajes. el segundo acto borra # mensajes. el tercer acto crea # mensajes. ¿cuántos mensajes hay en la lista después del segundo acto?	episodeforms	1	да	hay 6 mensajes en la lista. el primer acto crea 2 mensajes. el segundo acto borra 5 mensajes. el tercer acto c
hay # mensajes en la lista. el primer acto crea # mensajes. el segundo acto crea # mensajes. el tercer acto borra # mensajes. ¿qué acto cambió más la cuenta?	episodeforms	1	да	hay 16 mensajes en la lista. el primer acto crea 8 mensajes. el segundo acto crea 2 mensajes. el tercer acto b
hay # registros en la caja. el acto crea # registros dos veces. ¿cuántos registros hay en la caja después del acto?	toolforms	1	да	hay 28 registros en la caja. el acto crea 2 registros dos veces. ¿cuántos registros hay en la caja después del
hay # registros en la caja. el acto crea # registros. ¿cuántos registros hay en la caja después del acto?	toolforms	1	да	hay 16 registros en la caja. el acto crea 2 registros. ¿cuántos registros hay en la caja después del acto?
hay # registros en la caja. el primer acto crea # registros. creo que responderé #. ¿cuántos registros hay en la caja?	selfmodelforms	1	да	hay 6 registros en la caja. el primer acto crea 5 registros. creo que responderé 12. ¿cuántos registros hay en
hay mensajes en la caja. cuántos, no se dice. creo que no responderé. ¿cuántos mensajes hay en la caja?	selfmodelforms	1	да	hay mensajes en la caja. cuántos, no se dice. creo que no responderé. ¿cuántos mensajes hay en la caja?
helfen {Носитель} mir bitte: was ist # minus #?	cross	1	да	helfen Sie mir bitte: was ist 20 minus 5?
help me, please: how much is # times #?	cross	1	да	help me, please: how much is 100 times 2?
help me, please: what is # divided by #?	cross	1	да	help me, please: what is 0 divided by 5?
het boek is onder de sleutel. waar is de sleutel?	place	1	да	het boek is onder de sleutel. waar is de sleutel?
het eerste hoofdstuk heeft # bladzijden. hoeveel bladzijden heeft het eerste hoofdstuk?	numphrase	1	да	het eerste hoofdstuk heeft 96 bladzijden. hoeveel bladzijden heeft het eerste hoofdstuk?
het is donker in de nacht — is dat een feit of een mening?	opinion	1	да	het is donker in de nacht — is dat een feit of een mening?
het is hier gezellig — is dat een feit of een mening?	opinion	1	да	het is hier gezellig — is dat een feit of een mening?
het touw is # meter # centimeter lang. er werd # meter # centimeter aan geknoopt. hoe lang is het nu?	mixedunits	1	да	het touw is 8 meter 63 centimeter lang. er werd 2 meter 52 centimeter aan geknoopt. hoe lang is het nu?
het {Носитель} getal VI. welk getal is dit?	roman	1	да	het Romeinse getal VI. welk getal is dit?
heute ist {Носитель}. welcher {Носитель} war vorgestern?	calendar_langs	1	да	heute ist Donnerstag. welcher Tag war vorgestern?
hilf mir bitte: wie viel ist # mal #?	cross	1	да	hilf mir bitte: wie viel ist 8 mal 5?
ho # libri e # nuovi. quanti libri ho?	proform	1	да	ho 10 libri e 5 nuovi. quanti libri ho?
ho # matite # mele # libri. quante cose ho?	readnum	1	да	ho 20 matite 4 mele 5 libri. quante cose ho?
ho # matite # mele # libri. quante matite ho?	readnum	1	да	ho 7 matite 6 mele 4 libri. quante matite ho?
ho # mele # libri # matite. quante cose ho?	readnum	1	да	ho 34 mele 5 libri 6 matite. quante cose ho?
ho # mele # libri # matite. quante mele ho?	readnum	1	да	ho 5 mele 2 libri 7 matite. quante mele ho?
ho # mele. compro # nuove. quante ne ho adesso?	proform	1	да	ho 20 mele. compro 9 nuove. quante ne ho adesso?
ho dato # libri. mi restano # libri. quanti libri avevo all'origine?	beforetails	1	да	ho dato 3 libri. mi restano 7 libri. quanti libri avevo all'origine?
ho dato # mele. mi restano # mele. quante mele avevo prima di questo?	beforetails	1	да	ho dato 9 mele. mi restano 15 mele. quante mele avevo prima di questo?
ho fame. che cosa devo fare?	reply	1	да	ho fame. che cosa devo fare?
hoe heet u?	dialogue	1	да	hoe heet u?
hoe kan # + # nog geschreven worden?	rewrite	1	да	hoe kan 5 + 5 nog geschreven worden?
hoe schrijft men # in {Носитель} cijfers?	roman	1	да	hoe schrijft men 38 in Romeinse cijfers?
hoe zeg je "dank je" in het {Носитель}?	translate	1	да	hoe zeg je "dank je" in het Frans?
hoe zeg je # minuten anders?	unitfrac	1	да	hoe zeg je 15 minuten anders?
hoeveel appels heeft {Носитель} meer dan {Носитель}?	compare_langs	1	да	hoeveel appels heeft Sem meer dan Lotte?
hoeveel boeken heeft {Носитель} meer dan {Носитель}?	compare_langs	1	да	hoeveel boeken heeft Sanne meer dan Luuk?
hoeveel cent is #,# euro?	money_langs	1	да	hoeveel cent is 6,85 euro?
hoeveel centimeter is een halve meter?	unitfrac	1	да	hoeveel centimeter is een halve meter?
hoeveel dagen hebben # weken?	timeunits	1	да	hoeveel dagen hebben 5 weken?
hoeveel dagen is # weken?	units_langs	1	да	hoeveel dagen is 5 weken?
hoeveel dagen zitten er in # weken?	timeunits	1	да	hoeveel dagen zitten er in 4 weken?
hoeveel is # afgerond op tientallen?	roundforms	1	да	hoeveel is 66 afgerond op tientallen?
hoeveel is twee plus een?	lang_nl	1	НЕТ	hoeveel is twee plus een?
hoeveel is zes plus twee?	lang_nl	1	НЕТ	hoeveel is zes plus twee?
hoeveel letters heeft het woord "hond"?	letters	1	да	hoeveel letters heeft het woord "hond"?
hoeveel letters heeft het woord "kat"?	letters	1	да	hoeveel letters heeft het woord "kat"?
hoeveel meter is # kilometer?	units_langs	1	да	hoeveel meter is 6 kilometer?
hoeveel minuten hebben # uur?	timeunits	1	да	hoeveel minuten hebben 4 uur?
hoeveel minuten hebben twee uur?	timeunits	1	да	hoeveel minuten hebben twee uur?
hoeveel poten heeft een kever?	countfacts	1	да	hoeveel poten heeft een kever?
hoeveel poten heeft een mier?	countfacts	1	да	hoeveel poten heeft een mier?
hoeveel seconden zitten er in twee minuten?	timeunits	1	да	hoeveel seconden zitten er in twee minuten?
hoeveel uur hebben # dagen?	timeunits	1	да	hoeveel uur hebben 2 dagen?
hoeveel warmer is # dan −#?	signedworld	1	да	hoeveel warmer is 4 dan −20?
hoeveel zijden heeft een driehoek?	countfacts	1	да	hoeveel zijden heeft een driehoek?
hoeveel zijden heeft een vierkant?	countfacts	1	да	hoeveel zijden heeft een vierkant?
how are you doing?	dialogue	1	да	how are you doing?
how do you say "hello" in french?	translate	1	да	how do you say "hello" in french?
how do you say "thank you" in french?	translate	1	да	how do you say "thank you" in french?
how do you write the number # in words?	numberline	1	да	how do you write the number 2 in words?
how else can # ÷ # be written?	rewrite	1	да	how else can 18 ÷ 6 be written?
how is $ \frac{\left| \sqrt{#^{c}} \right|}{\left| \sin{\frac{x}{b}} \right|} $ said in words?	formula_lang	1	да	how is $ \frac{\left| \sqrt{7^{c}} \right|}{\left| \sin{\frac{x}{b}} \right|} $ said in words?
how is $ \left( #^{y} - a \cdot b \right) \cdot \frac{# - #}{\left| x \right|} $ said in words?	formula_lang	1	да	how is $ \left( 7^{y} - a \cdot b \right) \cdot \frac{2 - 10}{\left| x \right|} $ said in words?
how is $ \left| \left| \left( \left| n \right| \right)^{\frac{a}{n}} \right| \right| $ said in words?	formula_lang	1	да	how is $ \left| \left| \left( \left| n \right| \right)^{\frac{a}{n}} \right| \right| $ said in words?
how is $ \sum_{i=\sqrt{\sqrt{b}}}^{\frac{\sqrt{a}}{\frac{#}{y}}} {# - # + # \cdot b} - \left( \frac{#^{#}}{# + b} - \left( \frac{#}{#} - n \cdot y \right) \right) $ said in words?	formula_lang	1	да	how is $ \sum_{i=\sqrt{\sqrt{b}}}^{\frac{\sqrt{a}}{\frac{6}{y}}} {15 - 1 + 2 \cdot b} - \left( \frac{6^{3}}{6 
how is the sign → read?	logic_sets	1	да	how is the sign → read?
how is the sign ∈ read?	logic_sets	1	да	how is the sign ∈ read?
how is the sign ≈ read?	eng_proof	1	да	how is the sign ≈ read?
how is {"kind": false, "value": true} said in words?	dataformat	1	да	how is {"kind": false, "value": true} said in words?
how long is the shortest path from (#, #) to (#, #) through empty cells by side in grid __#_/_#_#/_#__/__#_?	space	1	да	how long is the shortest path from (4, 4) to (3, 4) through empty cells by side in grid __#_/_#_#/_#__/__#_?
how many apples does {Носитель} have left?	genesis_story	1	да	how many apples does Yuri have left?
how many apples does {Носитель} keep?	story_chain	1	да	how many apples does Ben keep?
how many balls does {Носитель} have left?	genesis_story	1	да	how many balls does Nick have left?
how many balls does {Носитель} have now?	genesis_story	1	да	how many balls does Peter have now?
how many bits does a regulator need to distinguish # disturbances?	cybernetics	1	да	how many bits does a regulator need to distinguish 13 disturbances?
how many bits does a sign of an alphabet of # signs cost?	compsci	1	да	how many bits does a sign of an alphabet of 32 signs cost?
how many cards does {Носитель} hold?	story_chain	1	да	how many cards does Kate hold?
how many cents are # dollars and # cents?	rates	1	да	how many cents are 6 dollars and 44 cents?
how many cents are in # dollars?	rates	1	да	how many cents are in 3 dollars?
how many coins does {Носитель} hold?	story_chain	1	да	how many coins does Tom hold?
how many coins does {Носитель} keep?	story_chain	1	да	how many coins does Mia keep?
how many days are in # weeks?	rates	1	да	how many days are in 4 weeks?
how many days are there in # weeks?	timeunits	1	да	how many days are there in 5 weeks?
how many days do # weeks equal?	genesis_units	1	да	how many days do 13 weeks equal?
how many disturbances do two regulators with # and # states distinguish together?	cybernetics	1	да	how many disturbances do two regulators with 32 and 4 states distinguish together?
how many dollars did {Носитель} pay?	genesis_story	1	да	how many dollars did Yuri pay?
how many filled cells does grid #_#_/____/#_#_/____ have?	space	1	да	how many filled cells does grid #_#_/____/#_#_/____ have?
how many filled side-neighbours does cell (#, #) in grid #_##/____/###_/____ have?	space	1	да	how many filled side-neighbours does cell (3, 3) in grid #_##/____/###_/____ have?
how many filled side-neighbours does cell (#, #) in grid #__/_#_/___ have?	space	1	да	how many filled side-neighbours does cell (1, 2) in grid #__/_#_/___ have?
how many filled side-neighbours does cell (#, #) in grid __#/#__/_## have?	space	1	да	how many filled side-neighbours does cell (1, 2) in grid __#/#__/_## have?
how many grams do # kilograms equal?	genesis_units	1	да	how many grams do 11 kilograms equal?
how many kopecks are in # rubles?	rates	1	да	how many kopecks are in 6 rubles?
how many legs does a horse have?	countfacts	1	да	how many legs does a horse have?
how many letters are there in the word "bread"?	letters	1	да	how many letters are there in the word "bread"?
how many lines of {Носитель} plane #, #, #, #, #, #, # pass through point #?	mathspaces	1	да	how many lines of Fano plane 124, 235, 346, 457, 561, 672, 713 pass through point 6?
how many minutes are in # hours?	rates	1	да	how many minutes are in 5 hours?
how many minutes are there in three hours?	timeunits	1	да	how many minutes are there in three hours?
how many minutes is a quarter of an hour?	unitfrac	1	да	how many minutes is a quarter of an hour?
how many minutes is three quarters of an hour?	unitfrac	1	да	how many minutes is three quarters of an hour?
how many nuts does {Носитель} have now?	genesis_story	1	да	how many nuts does Nick have now?
how many seconds are there in # minutes?	timeunits	1	да	how many seconds are there in 2 minutes?
how many sides does a hexagon have?	countfacts	1	да	how many sides does a hexagon have?
how many steps does starting at # with target # and step # take?	cybernetics	1	да	how many steps does starting at 8 with target 29 and step 3 take?
how much does a word of # signs over an alphabet of # signs cost?	compsci	1	да	how much does a word of 6 signs over an alphabet of 2 signs cost?
how much does he have left after spending # dollars of # dollars?	rates	1	да	how much does he have left after spending 4 dollars of 68 dollars?
how much is #.# dollars + #.# dollars?	money	1	да	how much is 8.30 dollars + 19.50 dollars?
how much is $#.# + $#.#?	money	1	да	how much is $3.25 + $16.15?
how much older is {Носитель} than {Носитель}?	age	1	да	how much older is Misha than Olya?
how old will {Носитель} be in # years?	age	1	да	how old will Misha be in 3 years?
hoy es sábado. ¿qué día será pasado mañana?	calendar_langs	1	да	hoy es sábado. ¿qué día será pasado mañana?
hur mycket är fyra plus två?	lang_sv	1	да	hur mycket är fyra plus två?
hur mycket är två plus ett?	lang_sv	1	да	hur mycket är två plus ett?
há # ficheiros na pasta. o ato cria # ficheiro. quantos ficheiros há na pasta depois do ato?	toolforms	1	да	há 17 ficheiros na pasta. o ato cria 1 ficheiro. quantos ficheiros há na pasta depois do ato?
há # ficheiros na pasta. o primeiro ato apaga # ficheiros. o segundo ato cria # ficheiros. o terceiro ato cria # ficheiros. quantos ficheiros há na pasta depois de todos os atos?	episodeforms	1	да	há 12 ficheiros na pasta. o primeiro ato apaga 3 ficheiros. o segundo ato cria 9 ficheiros. o terceiro ato cri
há # ficheiros na pasta. o primeiro ato cria # ficheiros. eu pensava #, e a resposta é #. o que é verdade?	selfmodelforms	1	да	há 7 ficheiros na pasta. o primeiro ato cria 6 ficheiros. eu pensava 15, e a resposta é 13. o que é verdade?
há # ficheiros na pasta. o primeiro ato cria # ficheiros. o segundo ato apaga # ficheiros. o terceiro ato apaga # ficheiro. quantos havia antes e depois?	episodeforms	1	да	há 20 ficheiros na pasta. o primeiro ato cria 2 ficheiros. o segundo ato apaga 6 ficheiros. o terceiro ato apa
há # ficheiros na pasta. o primeiro ato cria # ficheiros. o segundo ato apaga # ficheiros. o terceiro ato apenas lê. quantos atos mudaram a contagem?	episodeforms	1	да	há 8 ficheiros na pasta. o primeiro ato cria 8 ficheiros. o segundo ato apaga 6 ficheiros. o terceiro ato apen
há # flores e # canetas na prateleira. quantas canetas há na prateleira?	sceneforms	1	да	há 4 flores e 28 canetas na prateleira. quantas canetas há na prateleira?
há # maçãs na mesa e # maçãs na caixa. onde há mais maçãs?	sceneforms	1	да	há 36 maçãs na mesa e 28 maçãs na caixa. onde há mais maçãs?
há # maçãs no cesto: # vermelhas e # verdes. tem maçãs azuis?	quantforms	1	да	há 7 maçãs no cesto: 2 vermelhas e 5 verdes. tem maçãs azuis?
há # maçãs no cesto: # vermelhas e # verdes. tem maçãs verdes?	quantforms	1	да	há 7 maçãs no cesto: 2 vermelhas e 5 verdes. tem maçãs verdes?
há # maçãs no cesto: as # vermelhas. são todas as maçãs vermelhas?	quantforms	1	да	há 5 maçãs no cesto: as 5 vermelhas. são todas as maçãs vermelhas?
há # mensagens na lista. o ato apenas lê. quantas mensagens há na lista depois do ato?	toolforms	1	да	há 28 mensagens na lista. o ato apenas lê. quantas mensagens há na lista depois do ato?
há # mensagens na lista. o primeiro ato cria # mensagens. eu pensava #, e a resposta é #. o que é verdade?	selfmodelforms	1	да	há 6 mensagens na lista. o primeiro ato cria 6 mensagens. eu pensava 14, e a resposta é 12. o que é verdade?
há # mensagens na lista. o primeiro ato cria # mensagens. o segundo ato apenas lê. o terceiro ato cria # mensagens. quantos atos mudaram a contagem?	episodeforms	1	да	há 20 mensagens na lista. o primeiro ato cria 7 mensagens. o segundo ato apenas lê. o terceiro ato cria 6 mens
há # mensagens na lista. o primeiro ato cria # mensagens. o segundo ato cria # mensagens. o terceiro ato apaga # mensagens. quantas havia antes e depois?	episodeforms	1	да	há 13 mensagens na lista. o primeiro ato cria 9 mensagens. o segundo ato cria 8 mensagens. o terceiro ato apag
há # mensagens na lista. o primeiro ato cria # mensagens. o segundo ato cria # mensagens. o terceiro ato apaga # mensagens. quantas mensagens há na lista depois do segundo ato?	episodeforms	1	да	há 17 mensagens na lista. o primeiro ato cria 4 mensagens. o segundo ato cria 2 mensagens. o terceiro ato apag
há # mensagens na lista. o primeiro ato cria # mensagens. quantos mensagens há na lista?	personforms	1	да	há 10 mensagens na lista. o primeiro ato cria 5 mensagens. quantos mensagens há na lista?
há # moeda na prateleira. é verdade que há moedas na prateleira?	sceneforms	1	да	há 1 moeda na prateleira. é verdade que há moedas na prateleira?
há # ovos e # moedas na mesa. quantas moedas há na mesa?	sceneforms	1	да	há 29 ovos e 33 moedas na mesa. quantas moedas há na mesa?
há # registos na caixa. o ato apenas lê. quantos registos há na caixa depois do ato?	toolforms	1	да	há 12 registos na caixa. o ato apenas lê. quantos registos há na caixa depois do ato?
há # registos na caixa. o ato cria # registos duas vezes. quantos registos há na caixa depois do ato?	toolforms	1	да	há 13 registos na caixa. o ato cria 2 registos duas vezes. quantos registos há na caixa depois do ato?
há # registos na caixa. o primeiro ato cria # registos. penso que vou responder #. quantos registos há na caixa?	selfmodelforms	1	да	há 7 registos na caixa. o primeiro ato cria 3 registos. penso que vou responder 10. quantos registos há na cai
i am afraid. why?	reply	1	да	i am afraid. why?
i am hungry. what should i do?	reply	1	да	i am hungry. what should i do?
i am in a hurry. what should i do?	reply	1	да	i am in a hurry. what should i do?
i bought # apples. now i have # apples. how many apples did i have before that?	beforetails	1	да	i bought 3 apples. now i have 9 apples. how many apples did i have before that?
i bought # apples. now i have # apples. how many apples did i have initially?	beforetails	1	да	i bought 6 apples. now i have 15 apples. how many apples did i have initially?
i did not notice the sign. why?	reply	1	да	i did not notice the sign. why?
i do this every day. why?	reply	1	да	i do this every day. why?
i had # books. i lost # books and found # new ones. how many books do i have now?	proform	1	да	i had 30 books. i lost 14 books and found 8 new ones. how many books do i have now?
i have # apples # books # pencils. how many things do i have?	readnum	1	да	i have 22 apples 7 books 3 pencils. how many things do i have?
i have # books # pencils # apples. how many books do i have?	readnum	1	да	i have 18 books 3 pencils 7 apples. how many books do i have?
i have apples. there are #. how many apples do i have?	readnum	1	да	i have apples. there are 21. how many apples do i have?
i have books. there are #. how many books do i have?	readnum	1	да	i have books. there are 9. how many books do i have?
i have pencils. there are #. how many pencils do i have?	readnum	1	да	i have pencils. there are 8. how many pencils do i have?
i numeri: #, #, #, #. quale numero è il secondo più grande?	orderforms	1	да	i numeri: 44, 31, 57, 23. quale numero è il secondo più grande?
i numeri: #, #, #. come vanno in ordine crescente?	orderforms	1	да	i numeri: 73, 52, 88. come vanno in ordine crescente?
i numeri: #, #, #. come vanno in ordine decrescente?	orderforms	1	да	i numeri: 7, 3, 9. come vanno in ordine decrescente?
i spent $#. i have $# left. how much money did i have in the beginning?	beforetails	1	да	i spent $26. i have $59 left. how much money did i have in the beginning?
ich bin hungrig. was soll ich tun?	reply	1	да	ich bin hungrig. was soll ich tun?
ich bin in {Носитель}. was soll ich tun?	reply	1	да	ich bin in Eile. was soll ich tun?
ich habe # Bälle, {Носитель} haben # Bälle. wer hat mehr?	joint2	1	да	ich habe 14 Bälle, Sie haben 14 Bälle. wer hat mehr?
ich habe # Bälle, {Носитель} haben # Bälle. wie viele haben wir zusammen?	joint2	1	да	ich habe 9 Bälle, Sie haben 6 Bälle. wie viele haben wir zusammen?
ich habe # Bücher und # neue. wie viele Bücher habe ich?	proform	1	да	ich habe 11 Bücher und 6 neue. wie viele Bücher habe ich?
ich habe # Bücher, du hast # Bücher. wer hat mehr?	joint2	1	да	ich habe 9 Bücher, du hast 9 Bücher. wer hat mehr?
ich habe # Bücher, du hast # Bücher. wie viele haben wir zusammen?	joint2	1	да	ich habe 12 Bücher, du hast 8 Bücher. wie viele haben wir zusammen?
ich habe # {Носитель} # Äpfel # Bücher. wie viele {Носитель} habe ich?	readnum	1	да	ich habe 22 Bleistifte 7 Äpfel 3 Bücher. wie viele Bleistifte habe ich?
ich habe # {Носитель} gekauft. jetzt habe ich # {Носитель}. wie viele {Носитель} hatte ich zu {Носитель}?	beforetails	1	да	ich habe 9 Bleistifte gekauft. jetzt habe ich 20 Bleistifte. wie viele Bleistifte hatte ich zu Beginn?
ich habe # {Носитель} weggegeben. mir sind # {Носитель} geblieben. wie viele {Носитель} hatte ich anfangs?	beforetails	1	да	ich habe 8 Bleistifte weggegeben. mir sind 19 Bleistifte geblieben. wie viele Bleistifte hatte ich anfangs?
ich habe # Äpfel und # neue. wie viele Äpfel habe ich?	proform	1	да	ich habe 25 Äpfel und 12 neue. wie viele Äpfel habe ich?
ich habe # Äpfel, du hast # Äpfel. wer hat mehr?	joint2	1	да	ich habe 6 Äpfel, du hast 6 Äpfel. wer hat mehr?
ich habe # Äpfel, du hast # Äpfel. wie viele haben wir zusammen?	joint2	1	да	ich habe 7 Äpfel, du hast 4 Äpfel. wie viele haben wir zusammen?
ich habe # Äpfel, {Носитель} haben # Äpfel. wie viele haben wir zusammen?	joint2	1	да	ich habe 5 Äpfel, Sie haben 3 Äpfel. wie viele haben wir zusammen?
ich habe # Äpfel. ich esse #. wie viele bleiben übrig?	price	1	да	ich habe 6 Äpfel. ich esse 4. wie viele bleiben übrig?
ich habe Bücher. es sind #. wie viele Bücher habe ich?	readnum	1	да	ich habe Bücher. es sind 6. wie viele Bücher habe ich?
ich habe das {Носитель} nicht gesehen. warum?	reply	1	да	ich habe das Zeichen nicht gesehen. warum?
ich habe {Носитель}. warum?	reply	1	да	ich habe Angst. warum?
ich hatte # Bücher. ich verlor # Bücher und fand # neue. wie viele Bücher habe ich jetzt?	proform	1	да	ich hatte 25 Bücher. ich verlor 13 Bücher und fand 6 neue. wie viele Bücher habe ich jetzt?
ich hatte # Äpfel. ich verlor # Äpfel und fand # neue. wie viele Äpfel habe ich jetzt?	proform	1	да	ich hatte 25 Äpfel. ich verlor 13 Äpfel und fand 6 neue. wie viele Äpfel habe ich jetzt?
ich mache das jeden {Носитель}. warum?	reply	1	да	ich mache das jeden Tag. warum?
ida had # apples. #/# of the apples had gone. how many apples went?	depletion	1	да	ida had 70 apples. 1/2 of the apples had gone. how many apples went?
ida had # jewels. a half of the jewels had gone. how many jewels remain?	depletion	1	да	ida had 84 jewels. a half of the jewels had gone. how many jewels remain?
ida had # marbles. #/# of the marbles were sold. how many marbles are left?	depletion	1	да	ida had 56 marbles. 1/2 of the marbles were sold. how many marbles are left?
ida had # shells. #/# of the shells had left. how many shells stay?	depletion	1	да	ida had 32 shells. 1/2 of the shells had left. how many shells stay?
ida made # guns. ida sold # of them. then ida made # more guns. how many more guns did ida make than sell?	items	1	да	ida made 3 guns. ida sold 1 of them. then ida made 1 more guns. how many more guns did ida make than sell?
ida made # pens. ida sold # of them. then ida made # more pens. how many more pens did ida make than sell?	items	1	да	ida made 3 pens. ida sold 1 of them. then ida made 1 more pens. how many more pens did ida make than sell?
ida packed # kilograms. ida used # kilograms away. how many kilograms does ida keep?	items	1	да	ida packed 8 kilograms. ida used 2 kilograms away. how many kilograms does ida keep?
ida packed # points. ida used # points away. how many points does ida keep?	items	1	да	ida packed 8 points. ida used 2 points away. how many points does ida keep?
if all birds are animals and a swallow is a bird, is a swallow an animal?	worldfacts	1	да	if all birds are animals and a swallow is a bird, is a swallow an animal?
if ann brought # balloons and dan brought # balloons, how many more balloons did ann bring than dan?	gsmforms	1	да	if ann brought 15 balloons and dan brought 7 balloons, how many more balloons did ann bring than dan?
if the design started with # panels, was tripled and then reduced by #, how many panels does the final design have?	gsmforms	1	да	if the design started with 11 panels, was tripled and then reduced by 3, how many panels does the final design
if the town has # people and a tenth of the whole population lives in the centre, how many people live in the centre?	gsmforms	1	да	if the town has 3000 people and a tenth of the whole population lives in the centre, how many people live in t
if there are # girls and # boys in the class, how many pupils are there in the class?	gsmforms	1	да	if there are 15 girls and 6 boys in the class, how many pupils are there in the class?
if there were # ants and half as many bugs as ants in the garden, how many insects were there in all?	gsmforms	1	да	if there were 20 ants and half as many bugs as ants in the garden, how many insects were there in all?
if {Носитель} cut # roses in the morning, # in the afternoon and # in the evening, how many roses did {Носитель} cut in the morning?	gsmforms	1	да	if Dan cut 12 roses in the morning, 16 in the afternoon and 5 in the evening, how many roses did Dan cut in th
if {Носитель} has # books, {Носитель} has # more books than {Носитель}, and {Носитель} has three times as many books as {Носитель}, how many books do they have together?	gsmforms	1	да	if Dan has 10 books, Elena has 7 more books than Dan, and Felix has three times as many books as Dan, how many
if {Носитель} planted # trees in the morning and # trees in the afternoon, how many more trees did {Носитель} plant in the morning than in the afternoon?	gsmforms	1	да	if Vera planted 7 trees in the morning and 4 trees in the afternoon, how many more trees did Vera plant in the
ik ben bang. waarom?	reply	1	да	ik ben bang. waarom?
ik ben moe. wat moet ik doen?	reply	1	да	ik ben moe. wat moet ik doen?
ik doe dit elke dag. waarom?	reply	1	да	ik doe dit elke dag. waarom?
ik had # appels. ik verloor # appels en vond # nieuwe. hoeveel appels heb ik nu?	proform	1	да	ik had 20 appels. ik verloor 11 appels en vond 5 nieuwe. hoeveel appels heb ik nu?
ik had # boeken. ik verloor # boeken en vond # nieuwe. hoeveel boeken heb ik nu?	proform	1	да	ik had 25 boeken. ik verloor 13 boeken en vond 6 nieuwe. hoeveel boeken heb ik nu?
ik heb # appels # boeken # potloden. hoeveel appels heb ik?	readnum	1	да	ik heb 3 appels 4 boeken 5 potloden. hoeveel appels heb ik?
ik heb # appels en # nieuwe. hoeveel appels heb ik?	proform	1	да	ik heb 20 appels en 9 nieuwe. hoeveel appels heb ik?
ik heb # appels, jij hebt # appels. hoeveel heb ik er meer?	joint2	1	да	ik heb 5 appels, jij hebt 3 appels. hoeveel heb ik er meer?
ik heb # appels, u heeft # appels. hoeveel heb ik er meer?	joint2	1	да	ik heb 7 appels, u heeft 4 appels. hoeveel heb ik er meer?
ik heb # appels, u heeft # appels. wie heeft er meer?	joint2	1	да	ik heb 6 appels, u heeft 6 appels. wie heeft er meer?
ik heb # ballen, u heeft # ballen. hoeveel heb ik er meer?	joint2	1	да	ik heb 9 ballen, u heeft 6 ballen. hoeveel heb ik er meer?
ik heb # boeken # potloden # appels. hoeveel boeken heb ik?	readnum	1	да	ik heb 20 boeken 4 potloden 5 appels. hoeveel boeken heb ik?
ik heb # boeken en # nieuwe. hoeveel boeken heb ik?	proform	1	да	ik heb 20 boeken en 9 nieuwe. hoeveel boeken heb ik?
ik heb # boeken weggegeven. ik heb nog # boeken over. hoeveel boeken had ik daarvoor?	beforetails	1	да	ik heb 6 boeken weggegeven. ik heb nog 17 boeken over. hoeveel boeken had ik daarvoor?
ik heb # munten, jij hebt # munten. hoeveel heb ik er meer?	joint2	1	да	ik heb 20 munten, jij hebt 15 munten. hoeveel heb ik er meer?
ik heb # potloden gekocht. nu heb ik # potloden. hoeveel potloden had ik daarvoor?	beforetails	1	да	ik heb 6 potloden gekocht. nu heb ik 15 potloden. hoeveel potloden had ik daarvoor?
ik heb # € uitgegeven. ik heb nog # € over. hoeveel geld had ik aanvankelijk?	beforetails	1	да	ik heb 29 € uitgegeven. ik heb nog 63 € over. hoeveel geld had ik aanvankelijk?
ik heb haast. wat moet ik doen?	reply	1	да	ik heb haast. wat moet ik doen?
ik heb het teken niet gezien. waarom?	reply	1	да	ik heb het teken niet gezien. waarom?
ik heb honger. wat moet ik doen?	reply	1	да	ik heb honger. wat moet ik doen?
il cane pesava # chilogrammi e poi # chilogrammi. quanto pesava il cane in tutto?	action_measure_langs	1	да	il cane pesava 9 chilogrammi e poi 4 chilogrammi. quanto pesava il cane in tutto?
il fumo sale — è un fatto o un'opinione?	opinion	1	да	il fumo sale — è un fatto o un'opinione?
il gatto pesava # grammi. quanto pesava il gatto?	action_measure_langs	1	да	il gatto pesava 9 grammi. quanto pesava il gatto?
il libro si trova sotto la chiave, la chiave si trova sotto la tazza. che cosa si trova sotto la tazza?	place	1	да	il libro si trova sotto la chiave, la chiave si trova sotto la tazza. che cosa si trova sotto la tazza?
il numero romano III. che numero è questo?	roman	1	да	il numero romano III. che numero è questo?
il numero romano LXXXIV. che numero è questo?	roman	1	да	il numero romano LXXXIV. che numero è questo?
il numero romano XIV. che numero è questo?	roman	1	да	il numero romano XIV. che numero è questo?
il primo capitolo ha # pagine. quante pagine ha il primo capitolo?	numphrase	1	да	il primo capitolo ha 96 pagine. quante pagine ha il primo capitolo?
il primo capitolo è lungo # pagine. quanto è lungo il primo capitolo?	numphrase	1	да	il primo capitolo è lungo 96 pagine. quanto è lungo il primo capitolo?
il sacco pesa # chilogrammi # grammi. ci sono stati aggiunti # chilogrammi # grammi. quanto pesa il sacco?	mixedunits	1	да	il sacco pesa 2 chilogrammi 640 grammi. ci sono stati aggiunti 3 chilogrammi 470 grammi. quanto pesa il sacco?
il treno ha fatto # km a # km/h. in quante ore ha fatto questa strada?	speedforms	1	да	il treno ha fatto 330 km a 55 km/h. in quante ore ha fatto questa strada?
il y a # fichiers dans le dossier. l'acte ne fait que lire. combien de fichiers y a-t-il dans le dossier après l'acte ?	toolforms	1	да	il y a 15 fichiers dans le dossier. l'acte ne fait que lire. combien de fichiers y a-t-il dans le dossier aprè
il y a # fichiers dans le dossier. l'acte supprime # fichier. combien de fichiers y a-t-il dans le dossier après l'acte ?	toolforms	1	да	il y a 15 fichiers dans le dossier. l'acte supprime 1 fichier. combien de fichiers y a-t-il dans le dossier ap
il y a # fichiers dans le dossier. le premier acte crée # fichiers. combien de fichiers y a-t-il dans le dossier ?	personforms	1	да	il y a 6 fichiers dans le dossier. le premier acte crée 4 fichiers. combien de fichiers y a-t-il dans le dossi
il y a # fichiers dans le dossier. le premier acte crée # fichiers. le deuxième acte crée # fichiers. le troisième acte supprime # fichiers. combien de fichiers y a-t-il dans le dossier après tous les actes ?	episodeforms	1	да	il y a 18 fichiers dans le dossier. le premier acte crée 9 fichiers. le deuxième acte crée 9 fichiers. le troi
il y a # fichiers dans le dossier. le premier acte crée # fichiers. le deuxième acte supprime # fichiers. le troisième acte supprime # fichiers. combien y en avait-il avant et après ?	episodeforms	1	да	il y a 7 fichiers dans le dossier. le premier acte crée 7 fichiers. le deuxième acte supprime 3 fichiers. le t
il y a # messages dans la liste. l'acte crée # messages. combien de messages y a-t-il dans la liste après l'acte ?	toolforms	1	да	il y a 20 messages dans la liste. l'acte crée 3 messages. combien de messages y a-t-il dans la liste après l'a
il y a # messages dans la liste. le premier acte crée # messages. je pense que je répondrai #. combien de messages y a-t-il dans la liste ?	selfmodelforms	1	да	il y a 8 messages dans la liste. le premier acte crée 3 messages. je pense que je répondrai 12. combien de mes
il y a # messages dans la liste. le premier acte supprime # messages. le deuxième acte crée # messages. le troisième acte crée # message. combien de messages y a-t-il dans la liste après le deuxième acte ?	episodeforms	1	да	il y a 19 messages dans la liste. le premier acte supprime 6 messages. le deuxième acte crée 8 messages. le tr
il y a # pièces et # ballons dans la boîte. combien de ballons y a-t-il dans la boîte ?	sceneforms	1	да	il y a 21 pièces et 33 ballons dans la boîte. combien de ballons y a-t-il dans la boîte ?
il y a # pommes dans le panier : # rouges et # vertes. combien de pommes ne sont pas rouges ?	quantforms	1	да	il y a 9 pommes dans le panier : 7 rouges et 2 vertes. combien de pommes ne sont pas rouges ?
il y a # pommes dans le panier : # rouges et # vertes. toutes les pommes sont-elles rouges ?	quantforms	1	да	il y a 5 pommes dans le panier : 3 rouges et 2 vertes. toutes les pommes sont-elles rouges ?
il y a # pommes dans le panier : # rouges et # vertes. y a-t-il des vertes ?	quantforms	1	да	il y a 7 pommes dans le panier : 2 rouges et 5 vertes. y a-t-il des vertes ?
il y a # pommes dans le panier : toutes les # rouges. toutes les pommes sont-elles rouges ?	quantforms	1	да	il y a 10 pommes dans le panier : toutes les 10 rouges. toutes les pommes sont-elles rouges ?
il y a # stylos et # pièces sur l'étagère. combien de pièces y a-t-il sur l'étagère ?	sceneforms	1	да	il y a 19 stylos et 23 pièces sur l'étagère. combien de pièces y a-t-il sur l'étagère ?
il y a # stylos et # pommes dans la boîte. combien de pommes y a-t-il dans la boîte ?	sceneforms	1	да	il y a 6 stylos et 38 pommes dans la boîte. combien de pommes y a-t-il dans la boîte ?
ile boków ma trójkąt?	countfacts	1	да	ile boków ma trójkąt?
ile dni jest w # tygodniach?	timeunits	1	да	ile dni jest w 3 tygodniach?
ile dni jest w czterech tygodniach?	timeunits	1	да	ile dni jest w czterech tygodniach?
ile jest # ÷ #?	cross	1	да	ile jest 18 ÷ 6?
ile liter ma słowo „słońce”?	letters	1	да	ile liter ma słowo „słońce”?
ile miesięcy to # rok?	units_langs	1	да	ile miesięcy to 3 rok?
ile miesięcy to pół roku?	unitfrac	1	да	ile miesięcy to pół roku?
ile minut mają # godziny?	timeunits	1	да	ile minut mają 3 godziny?
ile minut mają cztery godziny?	timeunits	1	да	ile minut mają cztery godziny?
ile minut to kwadrans?	unitfrac	1	да	ile minut to kwadrans?
ile minut to półtorej godziny?	unitfrac	1	да	ile minut to półtorej godziny?
ile nóg ma krowa?	countfacts	1	да	ile nóg ma krowa?
ile nóg ma kura?	countfacts	1	да	ile nóg ma kura?
ile razy więcej jabłek niż Paweł ma {Носитель}?	compare_langs	1	да	ile razy więcej jabłek niż Paweł ma Zofia?
ile razy więcej jabłek niż {Носитель} ma {Носитель}?	compare_langs	1	да	ile razy więcej jabłek niż Jan ma Anna?
ile sekund jest w # minutach?	timeunits	1	да	ile sekund jest w 3 minutach?
ile to # % z #?	stats_langs	1	да	ile to 15 % z 60?
ile to # + #?	arith_langs	1	да	ile to 4 + 11?
ile to połowa z #?	numberline	1	да	ile to połowa z 20?
ile to siedem plus trzy?	lang_pl	1	да	ile to siedem plus trzy?
ile wynosi osiem razy pięć?	cross	1	да	ile wynosi osiem razy pięć?
ile wynosi średnia z #, #, #, #, #?	stats_langs	1	да	ile wynosi średnia z 8, 14, 20, 26, 32?
ile wynosi średnia z #, #, #?	stats_langs	1	да	ile wynosi średnia z 18, 24, 30?
im {Носитель} lagen # {Носитель}. # {Носитель} fuhren weg. wie viele {Носитель} sind jetzt im {Носитель}?	action_measure_langs	1	да	im Hafen lagen 7 Boote. 6 Boote fuhren weg. wie viele Boote sind jetzt im Hafen?
im {Носитель} sind # Einträge. in der {Носитель} sind # Einträge. in der {Носитель} sind # Einträge. die {Носитель}: # Einträge im {Носитель}, # Einträge in der {Носитель}. was sagt die {Носитель} über die {Носитель}?	summaryforms	1	да	im Ordner sind 18 Einträge. in der Kiste sind 5 Einträge. in der Liste sind 8 Einträge. die Zusammenfassung: 1
im {Носитель} sind # Einträge. in der {Носитель} sind # Einträge. in der {Носитель} sind # Einträge. die {Носитель}: # Einträge in der {Носитель}, # Einträge in der {Носитель}. was sagt die {Носитель} über die {Носитель}?	summaryforms	1	да	im Ordner sind 8 Einträge. in der Kiste sind 11 Einträge. in der Liste sind 14 Einträge. die Zusammenfassung: 
im {Носитель} sind # Einträge. in der {Носитель} sind # Einträge. in der {Носитель} sind # Einträge. im {Носитель} sind # Einträge. die {Носитель}: # Einträge im {Носитель}, # Einträge in der {Носитель}, # Einträge im {Носитель}. wie viele {Носитель} nennt die {Носитель}?	summaryforms	1	да	im Ordner sind 3 Einträge. in der Kiste sind 6 Einträge. in der Liste sind 9 Einträge. im Regal sind 12 Einträ
im {Носитель} sind # Einträge. in der {Носитель} sind # Einträge. in der {Носитель} sind # Einträge. im {Носитель} sind # Einträge. die {Носитель}: # Einträge im {Носитель}, # Einträge in der {Носитель}, # Einträge in der {Носитель}. was sagt die {Носитель} über den {Носитель}?	summaryforms	1	да	im Ordner sind 8 Einträge. in der Kiste sind 11 Einträge. in der Liste sind 14 Einträge. im Regal sind 17 Eint
im {Носитель} sind # {Носитель}. der erste {Носитель} erstellt # {Носитель}. ich dachte #, und die {Носитель} ist #. was ist wahr?	selfmodelforms	1	да	im Ordner sind 9 Dateien. der erste Akt erstellt 3 Dateien. ich dachte 13, und die Antwort ist 12. was ist wah
im {Носитель} sind # {Носитель}. wie viele Einträge sind im {Носитель}?	nomention	1	да	im Ordner sind 17 Dateien. wie viele Einträge sind im Ordner?
im {Носитель} sind # {Носитель}. wie viele {Носитель} sind in der {Носитель}?	nomention	1	да	im Ordner sind 6 Dateien. wie viele Dateien sind in der Kiste?
im {Носитель} sind # Äpfel: # rote und # grüne. gibt es blau?	quantforms	1	да	im Korb sind 6 Äpfel: 2 rote und 4 grüne. gibt es blau?
im {Носитель} sind # Äpfel: # rote und # grüne. sind alle Äpfel rot?	quantforms	1	да	im Korb sind 7 Äpfel: 4 rote und 3 grüne. sind alle Äpfel rot?
im {Носитель} waren # Bücher und # {Носитель}. jetzt gibt es # Bücher und # {Носитель} im {Носитель}. wie viele Bücher kamen dazu?	action_pages	1	да	im Garten waren 9 Bücher und 18 Blumen. jetzt gibt es 12 Bücher und 46 Blumen im Garten. wie viele Bücher kame
im {Носитель} waren # {Носитель}. # {Носитель} stiegen aus. wie viele {Носитель} sind jetzt im {Носитель}?	action_measure_langs	1	да	im Bus waren 43 Kinder. 21 Kinder stiegen aus. wie viele Kinder sind jetzt im Bus?
in # {Носитель} wird {Носитель} # {Носитель} alt sein. wie alt ist {Носитель} jetzt?	relations_story	1	да	in 13 Jahren wird Felix 31 Jahre alt sein. wie alt ist Felix jetzt?
in IX the smaller sign I stands before the larger sign X and is subtracted. what does that mean?	roman	1	да	in IX the smaller sign I stands before the larger sign X and is subtracted. what does that mean?
in XC steht das kleinere {Носитель} X vor dem größeren {Носитель} C und wird abgezogen. was bedeutet das?	roman	1	да	in XC steht das kleinere Zeichen X vor dem größeren Zeichen C und wird abgezogen. was bedeutet das?
in XIX il segno minore I sta davanti al segno maggiore X e si sottrae. che cosa significa?	roman	1	да	in XIX il segno minore I sta davanti al segno maggiore X e si sottrae. che cosa significa?
in de lijst liggen # records. hoeveel records liggen in de lijst?	nomention	1	да	in de lijst liggen 18 records. hoeveel records liggen in de lijst?
in de mand liggen # appels: # rode en # groene. hoeveel appels zijn niet rood?	quantforms	1	да	in de mand liggen 7 appels: 4 rode en 3 groene. hoeveel appels zijn niet rood?
in de mand liggen # appels: # rode en # groene. zijn er blauw?	quantforms	1	да	in de mand liggen 12 appels: 8 rode en 4 groene. zijn er blauw?
in de mand liggen # appels: # rode en # groene. zijn er groen?	quantforms	1	да	in de mand liggen 5 appels: 3 rode en 2 groene. zijn er groen?
in de map liggen # berichten. in de doos liggen # berichten. in de lijst liggen # berichten. op de plank liggen # berichten. de samenvatting: # berichten in de map, # berichten in de doos, # berichten in de lijst. wat zegt de samenvatting over de map?	summaryforms	1	да	in de map liggen 3 berichten. in de doos liggen 6 berichten. in de lijst liggen 9 berichten. op de plank ligge
in de map liggen # bestanden. in de doos liggen # bestanden. in de lijst liggen # bestanden. op de plank liggen # bestanden. de samenvatting: # bestanden in de doos, # bestanden in de lijst, # bestanden op de plank. klopt de samenvatting?	summaryforms	1	да	in de map liggen 18 bestanden. in de doos liggen 5 bestanden. in de lijst liggen 8 bestanden. op de plank ligg
in de map liggen # bestanden. in de doos liggen # bestanden. in de lijst liggen # bestanden. op de plank liggen # bestanden. de samenvatting: # bestanden in de map, # bestanden in de doos, # bestanden in de lijst. wat zegt de samenvatting over de plank?	summaryforms	1	да	in de map liggen 8 bestanden. in de doos liggen 11 bestanden. in de lijst liggen 14 bestanden. op de plank lig
in de map liggen # records. in de doos liggen # records. hoeveel records liggen in de doos?	nomention	1	да	in de map liggen 5 records. in de doos liggen 11 records. hoeveel records liggen in de doos?
in de map liggen # records. in de doos liggen # records. in de lijst liggen # records. de samenvatting: # records in de doos, # records in de lijst. klopt de samenvatting?	summaryforms	1	да	in de map liggen 8 records. in de doos liggen 11 records. in de lijst liggen 14 records. de samenvatting: 11 r
in der {Носитель} sind # Bälle. wie viele Bälle sind in der {Носитель}?	holdforms	1	да	in der Tasche sind 2 Bälle. wie viele Bälle sind in der Tasche?
in der {Носитель} sind # Einträge. der erste {Носитель} erstellt # Einträge. wie viele Einträge sind in der {Носитель}?	personforms	1	да	in der Kiste sind 7 Einträge. der erste Akt erstellt 4 Einträge. wie viele Einträge sind in der Kiste?
in der {Носитель} sind # Einträge. der erste {Носитель} löscht # {Носитель}. der zweite {Носитель} erstellt # Einträge. der dritte {Носитель} erstellt # Einträge. welcher {Носитель} hat die {Носитель} am meisten geändert?	episodeforms	1	да	in der Kiste sind 17 Einträge. der erste Akt löscht 1 Eintrag. der zweite Akt erstellt 3 Einträge. der dritte 
in der {Носитель} sind # Einträge. wie viele Einträge sind in der {Носитель}?	nomention	1	да	in der Liste sind 18 Einträge. wie viele Einträge sind in der Liste?
in der {Носитель} sind # {Носитель} und auf dem {Носитель} sind # {Носитель}. wo sind mehr {Носитель}?	sceneforms	1	да	in der Tasche sind 35 Karten und auf dem Tisch sind 23 Karten. wo sind mehr Karten?
in der {Носитель} sind # {Носитель}. der erste {Носитель} erstellt # {Носитель}. der zweite {Носитель} löscht # {Носитель}. der dritte {Носитель} liest nur. wie viele {Носитель} haben die {Носитель} geändert?	episodeforms	1	да	in der Liste sind 15 Nachrichten. der erste Akt erstellt 2 Nachrichten. der zweite Akt löscht 5 Nachrichten. d
in der {Носитель} sind # {Носитель}. der erste {Носитель} erstellt # {Носитель}. ich dachte #, und die {Носитель} ist #. was ist wahr?	selfmodelforms	1	да	in der Liste sind 9 Nachrichten. der erste Akt erstellt 2 Nachrichten. ich dachte 13, und die Antwort ist 11. 
in der {Носитель} sind # {Носитель}. der erste {Носитель} liest nur. der zweite {Носитель} erstellt # {Носитель}. der dritte {Носитель} löscht # {Носитель}. wie viele {Носитель} haben die {Носитель} geändert?	episodeforms	1	да	in der Liste sind 9 Nachrichten. der erste Akt liest nur. der zweite Akt erstellt 5 Nachrichten. der dritte Ak
in der {Носитель} sind # {Носитель}. der {Носитель} erstellt # {Носитель} zweimal. wie viele {Носитель} sind nach dem {Носитель} in der {Носитель}?	toolforms	1	да	in der Liste sind 23 Nachrichten. der Akt erstellt 3 Nachrichten zweimal. wie viele Nachrichten sind nach dem 
in der {Носитель} sind # {Носитель}. im {Носитель} sind # {Носитель}. wie viele {Носитель} sind im {Носитель}?	nomention	1	да	in der Liste sind 8 Dateien. im Regal sind 15 Dateien. wie viele Dateien sind im Regal?
in der {Носитель} sind # {Носитель}. in der {Носитель} sind # {Носитель}. wie viele {Носитель} sind im {Носитель}?	nomention	1	да	in der Kiste sind 12 Dateien. in der Liste sind 20 Dateien. wie viele Dateien sind im Regal?
in einer {Носитель} gibt es # Mädchen und # {Носитель}. wie viele Schüler gibt es in der {Носитель}?	svamp	1	да	in einer Schule gibt es 15 Mädchen und 7 Jungen. wie viele Schüler gibt es in der Schule?
in het begin had {Носитель} # boeken. toen kreeg ze er # bij. hoeveel boeken heeft ze nu?	svamp	1	да	in het begin had Emma 15 boeken. toen kreeg ze er 6 bij. hoeveel boeken heeft ze nu?
in the morning it was # degrees. it became # degrees colder. how many degrees is it now?	signedworld	1	да	in the morning it was 6 degrees. it became 11 degrees colder. how many degrees is it now?
initially {Носитель} had # eggs. later he got # more. how many eggs does he have now?	svamp	1	да	initially Carlos had 25 eggs. later he got 7 more. how many eggs does he have now?
io ho # libri, tu hai # libri. quante ne abbiamo insieme?	joint2	1	да	io ho 11 libri, tu hai 2 libri. quante ne abbiamo insieme?
io ho # libri, {Носитель} ha # libri. quante ne ho in più?	joint2	1	да	io ho 11 libri, Lei ha 2 libri. quante ne ho in più?
io ho # mele, tu hai # mele. chi ne ha di più?	joint2	1	да	io ho 6 mele, tu hai 6 mele. chi ne ha di più?
io ho # mele, {Носитель} ha # mele. chi ne ha di più?	joint2	1	да	io ho 6 mele, Lei ha 6 mele. chi ne ha di più?
io ho # mele, {Носитель} ha # mele. quante ne abbiamo insieme?	joint2	1	да	io ho 5 mele, Lei ha 3 mele. quante ne abbiamo insieme?
io ho # palle, {Носитель} ha # palle. quante ne ho in più?	joint2	1	да	io ho 9 palle, Lei ha 6 palle. quante ne ho in più?
is # a perfect square?	inquiry	1	да	is 81 a perfect square?
is # a prime number?	numbers	1	НЕТ	is 54 a prime number?
is # a root of the equation x² − #x = #?	equation_signed	1	да	is 4 a root of the equation x² − 3x = 0?
is # a square number?	inquiry	1	да	is 22 a square number?
is # an even or an odd number?	numberline	1	да	is 13 an even or an odd number?
is # bigger than #?	numberline	1	да	is 3 bigger than 17?
is # divisible by #?	inquiry	1	да	is 66 divisible by 8?
is # even of oneven?	inquiry_pt_nl	1	да	is 12 even of oneven?
is # even or odd?	proof	1	НЕТ	is 12 even or odd?
is # groter dan #?	numberline	1	да	is 8 groter dan 10?
is # nine times more than #?	compare_mult	1	да	is 90 nine times more than 10?
is # two times more than #?	compare_mult	1	да	is 2 two times more than 2?
is -# a root of x^# + # x + # = #?	equation_signed	1	да	is -6 a root of x^2 + 16 x + 60 = 0?
is a bee a vessel or an animal?	genus_diff	1	да	is a bee a vessel or an animal?
is a rose a plant or a piece of furniture?	genus_diff	1	да	is a rose a plant or a piece of furniture?
is a spoon a tool or a vessel?	genus_diff	1	да	is a spoon a tool or a vessel?
is an oak a device or a plant?	genus_diff	1	да	is an oak a device or a plant?
is graph #-#, #-# connected?	mathspaces	1	НЕТ	is graph 1-2, 3-4 connected?
is het waar dat # + # = #?	verifyforms	1	да	is het waar dat 75 + 50 = 127?
is het waar: alle oneven getallen zijn priemgetallen?	inquiry_pt_nl	1	да	is het waar: alle oneven getallen zijn priemgetallen?
is het waar: elk geheel getal groter dan # is een product van priemgetallen?	inquiry_pt_nl	1	да	is het waar: elk geheel getal groter dan 1 is een product van priemgetallen?
is het waar: elke functie is injectief?	inquiry_pt_nl	1	да	is het waar: elke functie is injectief?
is het waar: het kwadraat van een oneven getal is oneven?	inquiry_pt_nl	1	да	is het waar: het kwadraat van een oneven getal is oneven?
is it true that all multiples of # are odd?	proof	1	да	is it true that all multiples of 3 are odd?
is it true that f(x) = x × k is injective exactly when k is not #?	inquiry	1	да	is it true that f(x) = x × k is injective exactly when k is not 0?
is it true that the sum of the first n odd numbers is n × n?	inquiry	1	да	is it true that the sum of the first n odd numbers is n × n?
is pure iron a force or a metal?	genus_diff	1	да	is pure iron a force or a metal?
is the area of a triangle with base # and height # a whole number?	formulas	1	НЕТ	is the area of a triangle with base 4 and height 9 a whole number?
is the correspondence «name in {Носитель}» on the nodes of the tree of kinds one-to-one?	relation	1	НЕТ	is the correspondence «name in Russian» on the nodes of the tree of kinds one-to-one?
is the number # a prime number?	inquiry	1	да	is the number 105 a prime number?
is the number # divisible by #?	inquiry	1	да	is the number 232 divisible by 9?
is the speed of a body covering # metres in # seconds a whole number?	physics	1	НЕТ	is the speed of a body covering 72 metres in 24 seconds a whole number?
is there a single median of # # #?	statistics	1	НЕТ	is there a single median of 2 10 6?
is {a b} ⊂ {a b}?	logic_sets	1	НЕТ	is {a b} ⊂ {a b}?
is {a c} ⊂ {a c d e}?	logic_sets	1	НЕТ	is {a c} ⊂ {a c d e}?
is {a e} ⊂ {a b d e}?	logic_sets	1	НЕТ	is {a e} ⊂ {a b d e}?
is {b d} ⊂ {b d e}?	logic_sets	1	НЕТ	is {b d} ⊂ {b d e}?
is −# a root of the equation x² + #x + # = #?	equation_signed	1	да	is −2 a root of the equation x² + 6x + 8 = 0?
is −# above zero?	proof	1	НЕТ	is −4 above zero?
ist # durch # teilbar?	inquiry_de_fr	1	да	ist 70 durch 4 teilbar?
ist # größer als #?	numberline	1	да	ist 15 größer als 9?
ist # nur durch # und sich selbst teilbar?	inquiry_de_fr	1	да	ist 152 nur durch 1 und sich selbst teilbar?
ist die {Носитель} ein {Носитель} oder eine {Носитель}?	genus_diff	1	да	ist die Schwerkraft ein Organismus oder eine Kraft?
ist ein rechtwinkliges {Носитель} eine {Носитель} oder eine {Носитель}?	genus_diff	1	да	ist ein rechtwinkliges Dreieck eine Figur oder eine Kraft?
ist ein {Носитель} ein Möbelstück oder ein Gebäude?	genus_diff	1	да	ist ein Tisch ein Möbelstück oder ein Gebäude?
ist ein {Носитель} ein {Носитель} oder ein {Носитель}?	genus_diff	1	да	ist ein Verb ein Tier oder ein Wort?
ist eine {Носитель} ein {Носитель} oder eine {Носитель}?	genus_diff	1	да	ist eine Primzahl ein Wort oder eine Zahl?
ist eine {Носитель} eine {Носитель} oder ein Gefäß?	genus_diff	1	да	ist eine Eiche eine Pflanze oder ein Gefäß?
ist es wahr: die {Носитель} der ersten m ungeraden {Носитель} ist m × m?	inquiry_de_fr	1	да	ist es wahr: die Summe der ersten m ungeraden Zahlen ist m × m?
ist es wahr: die {Носитель} der ersten n ungeraden {Носитель} ist n × n?	inquiry_de_fr	1	да	ist es wahr: die Summe der ersten n ungeraden Zahlen ist n × n?
ist es wahr: eine {Носитель} ist durch # teilbar, wenn ihre {Носитель} es ist?	inquiry_de_fr	1	да	ist es wahr: eine Zahl ist durch 3 teilbar, wenn ihre Quersumme es ist?
ist es wahr: jede ganze {Носитель} größer als # ist ein {Носитель} von {Носитель}?	inquiry_de_fr	1	да	ist es wahr: jede ganze Zahl größer als 1 ist ein Produkt von Primzahlen?
ist es wahr: jede gerade {Носитель} ist durch # teilbar?	inquiry_de_fr	1	да	ist es wahr: jede gerade Zahl ist durch 4 teilbar?
ist es wahr: wenn n gerade ist, dann ist n + # gerade?	inquiry_de_fr	1	да	ist es wahr: wenn n gerade ist, dann ist n + 3 gerade?
it is dark at night. what happens next?	worldfacts	1	да	it is dark at night. what happens next?
ivan took # coins. how many coins did ivan take?	verbal	1	НЕТ	ivan took 7 coins. how many coins did ivan take?
j'ai # balles, tu as # balles. combien en ai-je de plus ?	joint2	1	да	j'ai 9 balles, tu as 6 balles. combien en ai-je de plus ?
j'ai # livres # crayons # pommes. combien de choses ai-je ?	readnum	1	да	j'ai 16 livres 9 crayons 4 pommes. combien de choses ai-je ?
j'ai # livres et # nouveaux. combien de livres ai-je ?	proform	1	да	j'ai 14 livres et 8 nouveaux. combien de livres ai-je ?
j'ai # livres, vous avez # livres. combien avons-nous ensemble ?	joint2	1	да	j'ai 11 livres, vous avez 2 livres. combien avons-nous ensemble ?
j'ai # livres, vous avez # livres. combien en ai-je de plus ?	joint2	1	да	j'ai 11 livres, vous avez 2 livres. combien en ai-je de plus ?
j'ai # pommes # livres # crayons. combien de choses ai-je ?	readnum	1	да	j'ai 6 pommes 9 livres 3 crayons. combien de choses ai-je ?
j'ai # pommes # livres # crayons. combien de pommes ai-je ?	readnum	1	да	j'ai 5 pommes 2 livres 7 crayons. combien de pommes ai-je ?
j'ai # pommes rouges et # nouvelles. combien de pommes ai-je ?	readnum	1	да	j'ai 6 pommes rouges et 3 nouvelles. combien de pommes ai-je ?
j'ai # pommes, tu as # pommes. combien en ai-je de plus ?	joint2	1	да	j'ai 5 pommes, tu as 3 pommes. combien en ai-je de plus ?
j'ai des crayons. il y en a #. combien de crayons ai-je ?	readnum	1	да	j'ai des crayons. il y en a 8. combien de crayons ai-je ?
j'ai donné # crayons. il me reste # crayons. combien de crayons avais-je initialement ?	beforetails	1	да	j'ai donné 2 crayons. il me reste 6 crayons. combien de crayons avais-je initialement ?
j'ai donné # pommes. il me reste # pommes. combien de pommes avais-je au commencement ?	beforetails	1	да	j'ai donné 5 pommes. il me reste 14 pommes. combien de pommes avais-je au commencement ?
j'ai donné # pommes. il me reste # pommes. combien de pommes avais-je initialement ?	beforetails	1	да	j'ai donné 5 pommes. il me reste 13 pommes. combien de pommes avais-je initialement ?
j'ai dépensé # €. il me reste # €. combien d'argent avais-je au départ ?	beforetails	1	да	j'ai dépensé 17 €. il me reste 48 €. combien d'argent avais-je au départ ?
j'ai dépensé # €. il me reste # €. combien d'argent avais-je avant cela ?	beforetails	1	да	j'ai dépensé 46 €. il me reste 87 €. combien d'argent avais-je avant cela ?
j'ai dépensé # €. il me reste # €. combien d'argent avais-je initialement ?	beforetails	1	да	j'ai dépensé 33 €. il me reste 71 €. combien d'argent avais-je initialement ?
j'avais # livres. j'ai perdu # livres et trouvé # nouveaux. combien de livres ai-je maintenant ?	proform	1	да	j'avais 20 livres. j'ai perdu 11 livres et trouvé 5 nouveaux. combien de livres ai-je maintenant ?
jak inaczej powiedzieć # minut?	unitfrac	1	да	jak inaczej powiedzieć 30 minut?
jak jest „chleb” po portugalsku?	translate	1	да	jak jest „chleb” po portugalsku?
jak jeszcze można zapisać # ÷ #?	rewrite	1	да	jak jeszcze można zapisać 18 ÷ 6?
jak powiedzieć „cześć” po rosyjsku?	translate	1	да	jak powiedzieć „cześć” po rosyjsku?
jak zapisać # cyframi rzymskimi?	roman	1	да	jak zapisać 95 cyframi rzymskimi?
jaka jest pierwsza litera słowa „słońce”?	letters	1	да	jaka jest pierwsza litera słowa „słońce”?
jaka jest pierwsza litera słowa „woda”?	letters	1	да	jaka jest pierwsza litera słowa „woda”?
jaka jest prędkość ciała, które przebywa # metrów w # sekund?	physics_langs	1	да	jaka jest prędkość ciała, które przebywa 15 metrów w 3 sekund?
jaka liczba jest po #?	numberline	1	да	jaka liczba jest po 10?
jaka to liczba, jeśli jej jedna piąta to #?	search_langs	1	да	jaka to liczba, jeśli jej jedna piąta to 5?
jaki jest obwód prostokąta # na #?	geometry_langs	1	да	jaki jest obwód prostokąta 12 na 7?
jakie jest pole kwadratu o boku #?	geometry_langs	1	да	jakie jest pole kwadratu o boku 9?
jakie jest pole prostokąta # na #?	geometry_langs	1	да	jakie jest pole prostokąta 10 na 3?
jakie jest przeciwieństwo słowa jasny?	opposites	1	да	jakie jest przeciwieństwo słowa jasny?
jakie jest przeciwieństwo słowa szybki?	opposites	1	да	jakie jest przeciwieństwo słowa szybki?
jakie są trzy stopnie słowa «niski»?	degrees	1	да	jakie są trzy stopnie słowa «niski»?
jakiego koloru jest cytryna?	countfacts	1	да	jakiego koloru jest cytryna?
jane does not know what will happen. therefore jane is afraid. why is jane afraid?	behavior	1	да	jane does not know what will happen. therefore jane is afraid. why is jane afraid?
jane wants to be in time. therefore jane hurries. why does jane hurry?	behavior	1	да	jane wants to be in time. therefore jane hurries. why does jane hurry?
je n'ai pas vu le signe. pourquoi ?	reply	1	да	je n'ai pas vu le signe. pourquoi ?
je suis fatigué. que dois-je faire ?	reply	1	да	je suis fatigué. que dois-je faire ?
je suis pressé. que dois-je faire ?	reply	1	да	je suis pressé. que dois-je faire ?
jede {Носитель} kostet # €. der {Носитель} beträgt # € auf jede {Носитель}. wie viel zahlt man für eine {Носитель}?	discountroad	1	да	jede Packung kostet 84 €. der Rabatt beträgt 27 € auf jede Packung. wie viel zahlt man für eine Packung?
jeden ołówek kosztuje # złote. ile kosztują # ołówków?	price	1	да	jeden ołówek kosztuje 3 złote. ile kosztują 5 ołówków?
jeden ołówek kosztuje # złote. mam # złotych. czy wystarczy na # ołówków?	enough	1	да	jeden ołówek kosztuje 3 złote. mam 12 złotych. czy wystarczy na 5 ołówków?
jeden ołówek kosztuje # złote. mam # złotych. ile jeszcze potrzeba na # ołówki?	enough	1	да	jeden ołówek kosztuje 4 złote. mam 15 złotych. ile jeszcze potrzeba na 4 ołówki?
jedna książka kosztuje # złote. mam # złotych. czy wystarczy na # książek?	enough	1	да	jedna książka kosztuje 2 złote. mam 10 złotych. czy wystarczy na 6 książek?
jedna książka kosztuje # złote. mam # złotych. czy wystarczy na # książki?	enough	1	да	jedna książka kosztuje 4 złote. mam 15 złotych. czy wystarczy na 3 książki?
jedno jabłko kosztuje # zł. ile kosztuje jedno jabłko?	readnum	1	да	jedno jabłko kosztuje 5 zł. ile kosztuje jedno jabłko?
jedno jabłko kosztuje # złote. ile kosztują # jabłek?	price	1	да	jedno jabłko kosztuje 2 złote. ile kosztują 5 jabłek?
jedno jabłko kosztuje # złote. mam # złotych. czy wystarczy na # jabłek?	enough	1	да	jedno jabłko kosztuje 3 złote. mam 12 złotych. czy wystarczy na 5 jabłek?
jestem głodny. co mam robić?	reply	1	да	jestem głodny. co mam robić?
jestem zmęczony. co mam robić?	reply	1	да	jestem zmęczony. co mam robić?
jeudi {Носитель} a mangé # prunes dans la cuisine. qui a mangé # prunes dans la cuisine jeudi ?	holes	1	да	jeudi Louis a mangé 2 prunes dans la cuisine. qui a mangé 2 prunes dans la cuisine jeudi ?
jeśli n jest parzyste, czy n + # jest parzyste?	inquiry_pl_tr	1	да	jeśli n jest parzyste, czy n + 4 jest parzyste?
jeśli wszystkie płyny to substancje, a mleko to płyn, to czy mleko to substancja?	worldfacts	1	да	jeśli wszystkie płyny to substancje, a mleko to płyn, to czy mleko to substancja?
kalamu ni nini?	lang_sw	1	да	kalamu ni nini?
kamień tonie w wodzie — to fakt czy opinia?	opinion	1	да	kamień tonie w wodzie — to fakt czy opinia?
kate has # apples. she gave away # apples. how many does she have left?	anaphora	1	да	kate has 12 apples. she gave away 5 apples. how many does she have left?
kağıt nedir?	lang_tr	1	да	kağıt nedir?
każda paczka kosztuje # zł. rabat wynosi # zł na każdą paczkę. ile paczek można kupić za # zł?	discountroad	1	да	każda paczka kosztuje 68 zł. rabat wynosi 35 zł na każdą paczkę. ile paczek można kupić za 132 zł?
każda paczka kosztuje # zł. rabat wynosi # zł na każdą paczkę. ile płaci się za # paczki?	discountroad	1	да	każda paczka kosztuje 85 zł. rabat wynosi 42 zł na każdą paczkę. ile płaci się za 4 paczki?
każdy bilet kosztuje # zł. rabat wynosi # zł na każdy bilet. ile płaci się za # bilety?	discountroad	1	да	każdy bilet kosztuje 48 zł. rabat wynosi 17 zł na każdy bilet. ile płaci się za 4 bilety?
każdy bilet kosztuje # zł. rabat wynosi # zł na każdy bilet. ile płaci się za # biletów?	discountroad	1	да	każdy bilet kosztuje 47 zł. rabat wynosi 18 zł na każdy bilet. ile płaci się za 5 biletów?
kenarları # ve # olan dikdörtgenin alanı kaçtır?	geometry_langs	1	да	kenarları 13 ve 6 olan dikdörtgenin alanı kaçtır?
kenarı # olan karenin alanı kaçtır?	geometry_langs	1	да	kenarı 6 olan karenin alanı kaçtır?
kim pan jest?	dialogue	1	да	kim pan jest?
kisu ni nini?	lang_sw	1	да	kisu ni nini?
książka jest na lewo od klucza, klucz jest na lewo od filiżanki. co jest między książką a filiżanką?	place	1	да	książka jest na lewo od klucza, klucz jest na lewo od filiżanki. co jest między książką a filiżanką?
która liczba jest największa: #, # czy #?	numberline	1	да	która liczba jest największa: 3, 9 czy 5?
kupiłem # jabłka. teraz mam # jabłek. ile jabłek miałem na wstępie?	beforetails	1	да	kupiłem 4 jabłka. teraz mam 13 jabłek. ile jabłek miałem na wstępie?
kupiłem # książek. teraz mam # książki. ile książek miałem na początku?	beforetails	1	да	kupiłem 8 książek. teraz mam 22 książki. ile książek miałem na początku?
kupiłem # ołówki. teraz mam # ołówków. ile ołówków miałem pierwotnie?	beforetails	1	да	kupiłem 3 ołówki. teraz mam 9 ołówków. ile ołówków miałem pierwotnie?
l'acqua bolle a # gradi — è un fatto o un'opinione?	opinion	1	да	l'acqua bolle a 100 gradi — è un fatto o un'opinione?
l'ascenseur est à l'étage −#. l'ascenseur monte de # étages. à quel étage est l'ascenseur ?	signedworld	1	да	l'ascenseur est à l'étage −4. l'ascenseur monte de 14 étages. à quel étage est l'ascenseur ?
l'ascensore è al piano −#. l'ascensore sale di # piani. a che piano è l'ascensore?	signedworld	1	да	l'ascensore è al piano −5. l'ascensore sale di 9 piani. a che piano è l'ascensore?
la carpeta A contiene # archivos, la carpeta B contiene # archivos. el acto mueve # archivo de la carpeta A a la carpeta B. ¿cuántos archivos contiene la carpeta A después del acto?	toolforms	1	да	la carpeta A contiene 12 archivos, la carpeta B contiene 3 archivos. el acto mueve 1 archivo de la carpeta A a
la clé est au-dessus de la lampe. où est la lampe ?	place	1	да	la clé est au-dessus de la lampe. où est la lampe ?
la clé est en dessous de la lampe, la lampe est en dessous du livre. qu'y a-t-il en dessous du livre ?	place	1	да	la clé est en dessous de la lampe, la lampe est en dessous du livre. qu'y a-t-il en dessous du livre ?
la corda era lunga # metri # centimetri. ne sono stati tagliati # metri # centimetri. quanto resta?	mixedunits	1	да	la corda era lunga 9 metri 12 centimetri. ne sono stati tagliati 2 metri 64 centimetri. quanto resta?
la corda è lunga # metri # centimetri. ci sono stati legati # metri # centimetri. quanto è lungo adesso?	mixedunits	1	да	la corda è lunga 8 metri 63 centimetri. ci sono stati legati 2 metri 52 centimetri. quanto è lungo adesso?
la corde mesurait # mètres # centimètres. on en a coupé # mètre # centimètres. combien reste-t-il ?	mixedunits	1	да	la corde mesurait 9 mètres 15 centimètres. on en a coupé 1 mètre 80 centimètres. combien reste-t-il ?
la corde mesure # mètres # centimètres. on y a attaché # mètres # centimètres. quelle est la longueur maintenant ?	mixedunits	1	да	la corde mesure 2 mètres 85 centimètres. on y a attaché 2 mètres 35 centimètres. quelle est la longueur mainte
la cuerda medía # metros # centímetros. se le cortaron # metros # centímetros. ¿cuánto queda?	mixedunits	1	да	la cuerda medía 7 metros 17 centímetros. se le cortaron 2 metros 39 centímetros. ¿cuánto queda?
la fumée monte — est-ce un fait ou une opinion ?	opinion	1	да	la fumée monte — est-ce un fait ou une opinion ?
la glace flotte sur l'eau — est-ce un fait ou une opinion ?	opinion	1	да	la glace flotte sur l'eau — est-ce un fait ou une opinion ?
la lampada si trova sotto il libro, il libro si trova sotto la tazza. che cosa si trova tra la lampada e la tazza?	place	1	да	la lampada si trova sotto il libro, il libro si trova sotto la tazza. che cosa si trova tra la lampada e la ta
la lampe est au-dessus de la clé, la clé est au-dessus du livre. qu'y a-t-il entre la lampe et le livre ?	place	1	да	la lampe est au-dessus de la clé, la clé est au-dessus du livre. qu'y a-t-il entre la lampe et le livre ?
la lampe est au-dessus de la clé. où est la clé ?	place	1	да	la lampe est au-dessus de la clé. où est la clé ?
la llave está a la derecha de la taza, la taza está a la derecha del libro. ¿qué está entre la llave y el libro?	place	1	да	la llave está a la derecha de la taza, la taza está a la derecha del libro. ¿qué está entre la llave y el libr
la lámpara está encima del libro, el libro está encima de la taza. ¿qué está encima de la taza?	place	1	да	la lámpara está encima del libro, el libro está encima de la taza. ¿qué está encima de la taza?
la mattina c'erano −# gradi. è salito di # gradi. quanti gradi ci sono adesso?	signedworld	1	да	la mattina c'erano −4 gradi. è salito di 9 gradi. quanti gradi ci sono adesso?
la neige est froide. est-ce vrai ?	worldfacts	1	да	la neige est froide. est-ce vrai ?
la nieve es fría. ¿y después?	worldfacts	1	да	la nieve es fría. ¿y después?
la nuit il fait sombre — est-ce un fait ou une opinion ?	opinion	1	да	la nuit il fait sombre — est-ce un fait ou une opinion ?
la première règle : ne crée pas de fichiers. la deuxième règle : ne déplace pas de fichiers. déplace # enregistrements. quelle règle l'interdit ?	mandateforms	1	да	la première règle : ne crée pas de fichiers. la deuxième règle : ne déplace pas de fichiers. déplace 2 enregis
la première règle : ne supprime pas de fichiers. la deuxième règle : ne crée pas de fichiers. supprime # messages. quelle règle l'interdit ?	mandateforms	1	да	la première règle : ne supprime pas de fichiers. la deuxième règle : ne crée pas de fichiers. supprime 2 messa
la première règle : ne supprime pas de fichiers. la deuxième règle : ne déplace pas de fichiers. crée # enregistrements. combien de règles y a-t-il ?	mandateforms	1	да	la première règle : ne supprime pas de fichiers. la deuxième règle : ne déplace pas de fichiers. crée 7 enregi
la prima regola: non cancellare file. la seconda regola: non creare file. sposta # voci. quante regole ci sono?	mandateforms	1	да	la prima regola: non cancellare file. la seconda regola: non creare file. sposta 5 voci. quante regole ci sono
la prima regola: non cancellare file. la seconda regola: non spostare file. crea # messaggi. si può eseguire l'ordine?	mandateforms	1	да	la prima regola: non cancellare file. la seconda regola: non spostare file. crea 2 messaggi. si può eseguire l
la prima regola: non cancellare file. la seconda regola: non spostare file. crea # voci. si può eseguire l'ordine?	mandateforms	1	да	la prima regola: non cancellare file. la seconda regola: non spostare file. crea 7 voci. si può eseguire l'ord
la primera regla: no borres archivos. la segunda regla: no crees archivos. crea # registros. ¿qué regla lo prohíbe?	mandateforms	1	да	la primera regla: no borres archivos. la segunda regla: no crees archivos. crea 2 registros. ¿qué regla lo pro
la primera regla: no borres archivos. la segunda regla: no muevas archivos. crea # mensajes. ¿puede ejecutarse la orden?	mandateforms	1	да	la primera regla: no borres archivos. la segunda regla: no muevas archivos. crea 5 mensajes. ¿puede ejecutarse
la tazza si trova sopra la chiave, la chiave si trova sopra il libro. che cosa si trova tra la tazza e il libro?	place	1	да	la tazza si trova sopra la chiave, la chiave si trova sopra il libro. che cosa si trova tra la tazza e il libr
la tazza si trova sotto la lampada. dove si trova la lampada?	place	1	да	la tazza si trova sotto la lampada. dove si trova la lampada?
lampa jest na lewo od filiżanki, filiżanka jest na lewo od książki. co jest na lewo od książki?	place	1	да	lampa jest na lewo od filiżanki, filiżanka jest na lewo od książki. co jest na lewo od książki?
lampa jest na lewo od klucza, klucz jest na lewo od książki. co jest na lewo od książki?	place	1	да	lampa jest na lewo od klucza, klucz jest na lewo od książki. co jest na lewo od książki?
lampa jest na lewo od książki, książka jest na lewo od filiżanki. co jest między lampą a filiżanką?	place	1	да	lampa jest na lewo od książki, książka jest na lewo od filiżanki. co jest między lampą a filiżanką?
lang und kurz sind Gegensätze. was ist das {Носитель} von lang?	opposites	1	да	lang und kurz sind Gegensätze. was ist das Gegenteil von lang?
le dossier A contient # fichiers, le dossier B contient # fichiers. l'acte déplace # fichier du dossier A vers le dossier B. combien de fichiers le dossier B contient-il après l'acte ?	toolforms	1	да	le dossier A contient 30 fichiers, le dossier B contient 3 fichiers. l'acte déplace 1 fichier du dossier A ver
le matin il faisait −# degrés. il a fait # degrés de plus. combien de degrés fait-il maintenant ?	signedworld	1	да	le matin il faisait −7 degrés. il a fait 22 degrés de plus. combien de degrés fait-il maintenant ?
le nombre romain III. quel nombre est-ce ?	roman	1	да	le nombre romain III. quel nombre est-ce ?
le nombre romain XIX. quel nombre est-ce ?	roman	1	да	le nombre romain XIX. quel nombre est-ce ?
le premier chapitre est long de # pages. quelle est la longueur du premier chapitre ?	numphrase	1	да	le premier chapitre est long de 48 pages. quelle est la longueur du premier chapitre ?
le premier chapitre fait # pages. combien de pages fait le premier chapitre ?	numphrase	1	да	le premier chapitre fait 48 pages. combien de pages fait le premier chapitre ?
le sac pesait # kilogrammes # grammes. on en a retiré # kilogramme # grammes. combien pèse le sac maintenant ?	mixedunits	1	да	le sac pesait 9 kilogrammes 150 grammes. on en a retiré 1 kilogramme 800 grammes. combien pèse le sac maintena
le sac pèse # kilogrammes # grammes. on y a ajouté # kilogramme # grammes. combien pèse le sac ?	mixedunits	1	да	le sac pèse 2 kilogrammes 300 grammes. on y a ajouté 1 kilogramme 800 grammes. combien pèse le sac ?
le train arrive à #:#. le trajet dure # heure # minutes. quand est-il parti ?	clockforms	1	да	le train arrive à 12:20. le trajet dure 1 heure 55 minutes. quand est-il parti ?
le train arrive à #:#. le trajet dure # heures # minutes. quand est-il parti ?	clockforms	1	да	le train arrive à 16:10. le trajet dure 2 heures 15 minutes. quand est-il parti ?
le train est parti à #:# et est arrivé à #:#. combien de temps a-t-il roulé ?	clockforms	1	да	le train est parti à 6:25 et est arrivé à 9:10. combien de temps a-t-il roulé ?
lebst du?	dialogue	1	да	lebst du?
lena ate # apples. how many apples did lena eat?	verbal	1	НЕТ	lena ate 3 apples. how many apples did lena eat?
lequel est l'intrus : un pin, un chêne, le lait ?	worldfacts	1	да	lequel est l'intrus : un pin, un chêne, le lait ?
lequel est l'intrus : un pin, un chêne, une hirondelle ?	worldfacts	1	да	lequel est l'intrus : un pin, un chêne, une hirondelle ?
lequel est l'intrus : une chaise, une table, une araignée ?	worldfacts	1	да	lequel est l'intrus : une chaise, une table, une araignée ?
lequel est le plus bas : un chat ou une girafe ?	propcompare	1	да	lequel est le plus bas : un chat ou une girafe ?
lequel est le plus léger : une plume ou une pierre ?	propcompare	1	да	lequel est le plus léger : une plume ou une pierre ?
liczba rzymska LXXXIV. jaka to liczba?	roman	1	да	liczba rzymska LXXXIV. jaka to liczba?
liczba rzymska XXVII. jaka to liczba?	roman	1	да	liczba rzymska XXVII. jaka to liczba?
liczby: #, #, #. która liczba jest druga co do wielkości?	orderforms	1	да	liczby: 55, 37, 68. która liczba jest druga co do wielkości?
limpo e sujo são contrários. o que se segue disso?	opposites	1	да	limpo e sujo são contrários. o que se segue disso?
lina ma długość # metry # centymetrów. doczepiono do niej # metry # centymetrów. ile jest teraz?	mixedunits	1	да	lina ma długość 3 metry 15 centymetrów. doczepiono do niej 4 metry 95 centymetrów. ile jest teraz?
lina ma długość # metrów # centymetry. doczepiono do niej # metr # centymetrów. ile jest teraz?	mixedunits	1	да	lina ma długość 5 metrów 72 centymetry. doczepiono do niej 1 metr 48 centymetrów. ile jest teraz?
lina miała długość # metrów # centymetrów. odcięto od niej # metry # centymetrów. ile zostało?	mixedunits	1	да	lina miała długość 6 metrów 15 centymetrów. odcięto od niej 2 metry 70 centymetrów. ile zostało?
lina miała długość # metrów # centymetrów. odcięto od niej # metrów # centymetrów. ile zostało?	mixedunits	1	да	lina miała długość 9 metrów 11 centymetrów. odcięto od niej 5 metrów 17 centymetrów. ile zostało?
liquid water is a substance that freezes at zero. is liquid water a substance or a number?	genus_diff	1	да	liquid water is a substance that freezes at zero. is liquid water a substance or a number?
lo faccio ogni giorno. perché?	reply	1	да	lo faccio ogni giorno. perché?
los números: #, #, #, #. ¿cómo van en orden ascendente?	orderforms	1	да	los números: 7, 3, 9, 5. ¿cómo van en orden ascendente?
lód pływa po wodzie. a potem?	worldfacts	1	да	lód pływa po wodzie. a potem?
mam # czerwone jabłka i # nowe. ile mam jabłek?	readnum	1	да	mam 4 czerwone jabłka i 2 nowe. ile mam jabłek?
mam # jabłek, ty masz # jabłka. ile mamy razem?	joint2	1	да	mam 7 jabłek, ty masz 4 jabłka. ile mamy razem?
mam # jabłek. kupuję # nowych. ile mam teraz?	proform	1	да	mam 10 jabłek. kupuję 5 nowych. ile mam teraz?
mam # książek i # nowych. ile książek mam?	proform	1	да	mam 13 książek i 7 nowych. ile książek mam?
mam # książek, ty masz # książek. ile mamy razem?	joint2	1	да	mam 12 książek, ty masz 8 książek. ile mamy razem?
mam # książek. kupuję # nowych. ile mam teraz?	proform	1	да	mam 20 książek. kupuję 9 nowych. ile mam teraz?
mam # monet, ty masz # monet. ile mamy razem?	joint2	1	да	mam 20 monet, ty masz 15 monet. ile mamy razem?
mam # monet, ty masz # monet. o ile mam więcej?	joint2	1	да	mam 20 monet, ty masz 15 monet. o ile mam więcej?
mam # ołówków # jabłka # książek. ile mam ołówków?	readnum	1	да	mam 20 ołówków 4 jabłka 5 książek. ile mam ołówków?
mam # piłek, ty masz # piłek. ile mamy razem?	joint2	1	да	mam 9 piłek, ty masz 6 piłek. ile mamy razem?
man sagt: halb vier. wie schreibt man das in {Носитель}?	clockwords	1	да	man sagt: halb vier. wie schreibt man das in Ziffern?
man sagt: {Носитель} nach vier. wie schreibt man das in {Носитель}?	clockwords	1	да	man sagt: Viertel nach vier. wie schreibt man das in Ziffern?
mark does it every day. therefore mark does it without thinking. why does mark do it without thinking?	behavior	1	да	mark does it every day. therefore mark does it without thinking. why does mark do it without thinking?
men zegt: half drie. hoe schrijft men dat in cijfers?	clockwords	1	да	men zegt: half drie. hoe schrijft men dat in cijfers?
men zegt: half zeven. hoe schrijft men dat in cijfers?	clockwords	1	да	men zegt: half zeven. hoe schrijft men dat in cijfers?
men zegt: kwart over vijf. hoe schrijft men dat in cijfers?	clockwords	1	да	men zegt: kwart over vijf. hoe schrijft men dat in cijfers?
men zegt: kwart over zes. hoe schrijft men dat in cijfers?	clockwords	1	да	men zegt: kwart over zes. hoe schrijft men dat in cijfers?
multiplica # por #. quanto dá?	opforms	1	да	multiplica 7 por 3. quanto dá?
multiplica # por #. ¿cuánto da?	opforms	1	да	multiplica 6 por 6. ¿cuánto da?
multiply # by #. what do you get?	opforms	1	да	multiply 5 by 6. what do you get?
multiply # by #. what is the result?	opforms	1	да	multiply 8 by 4. what is the result?
n çift ise n + # çifttir demek doğru mudur?	inquiry_pl_tr	1	да	n çift ise n + 9 çifttir demek doğru mudur?
na caixa há # ficheiros. na lista há # ficheiros. quantos ficheiros há na prateleira?	nomention	1	да	na caixa há 3 ficheiros. na lista há 8 ficheiros. quantos ficheiros há na prateleira?
na caixa há # mensagens. quantos mensagens há na prateleira?	nomention	1	да	na caixa há 21 mensagens. quantos mensagens há na prateleira?
na de regen is de grond nat — is dat een feit of een mening?	opinion	1	да	na de regen is de grond nat — is dat een feit of een mening?
na de zaterdag komt de zondag. wat komt na de zaterdag?	nature	1	да	na de zaterdag komt de zondag. wat komt na de zaterdag?
na lista há # mensagens. quantos mensagens há na prateleira?	nomention	1	да	na lista há 17 mensagens. quantos mensagens há na prateleira?
na liście jest # wiadomości. pierwszy akt tworzy # wiadomości. drugi akt usuwa # wiadomości. trzeci akt tworzy # wiadomości. jaki akt najbardziej zmienił liczbę?	episodeforms	1	да	na liście jest 16 wiadomości. pierwszy akt tworzy 8 wiadomości. drugi akt usuwa 2 wiadomości. trzeci akt tworz
na liście jest # wpisów. ile wpisów jest na liście?	nomention	1	да	na liście jest 12 wpisów. ile wpisów jest na liście?
na pasta há # registos. na caixa há # registos. na lista há # registos. na prateleira há # registos. o resumo: # registos na pasta, # registos na caixa, # registos na lista. o resumo está certo?	summaryforms	1	да	na pasta há 8 registos. na caixa há 11 registos. na lista há 14 registos. na prateleira há 17 registos. o resu
na prateleira há # ficheiros. na pasta há # ficheiros. quantos ficheiros há na caixa?	nomention	1	да	na prateleira há 21 ficheiros. na pasta há 6 ficheiros. quantos ficheiros há na caixa?
na prateleira há # mensagens. quantos registos há na prateleira?	nomention	1	да	na prateleira há 12 mensagens. quantos registos há na prateleira?
na prateleira há # registos. na pasta há # registos. quantos registos há na pasta?	nomention	1	да	na prateleira há 14 registos. na pasta há 21 registos. quantos registos há na pasta?
na prateleira há # registos. quantos registos há na prateleira?	nomention	1	да	na prateleira há 20 registos. quantos registos há na prateleira?
na półce jest # wpisów. ile wiadomości jest na półce?	nomention	1	да	na półce jest 20 wpisów. ile wiadomości jest na półce?
na półce jest # wpisów. w folderze jest # wpisów. ile wpisów jest w folderze?	nomention	1	да	na półce jest 20 wpisów. w folderze jest 5 wpisów. ile wpisów jest w folderze?
na półce jest # wpisów. w folderze jest # wpisów. ile wpisów jest w pudełku?	nomention	1	да	na półce jest 8 wpisów. w folderze jest 15 wpisów. ile wpisów jest w pudełku?
na stole jest # jabłek, a w pudełku jest # jabłek. gdzie jest więcej jabłek?	sceneforms	1	да	na stole jest 16 jabłek, a w pudełku jest 8 jabłek. gdzie jest więcej jabłek?
nachts ist es dunkel — ist das eine {Носитель} oder eine {Носитель}?	opinion	1	да	nachts ist es dunkel — ist das eine Tatsache oder eine Meinung?
ndizi ni nini?	lang_sw	1	да	ndizi ni nini?
nel cesto ci sono # mele: # rosse e # verdi. ci sono mele blu?	quantforms	1	да	nel cesto ci sono 6 mele: 2 rosse e 4 verdi. ci sono mele blu?
nel cesto ci sono # mele: # rosse e # verdi. è vero che tutte le mele sono rosse?	quantforms	1	да	nel cesto ci sono 12 mele: 8 rosse e 4 verdi. è vero che tutte le mele sono rosse?
nella cartella ci sono # documenti. nella scatola ci sono # documenti. nell'elenco ci sono # documenti. sullo scaffale ci sono # documenti. il riassunto: # documenti nella scatola, # documenti nell'elenco, # documenti sullo scaffale. è corretto il riassunto?	summaryforms	1	да	nella cartella ci sono 18 documenti. nella scatola ci sono 5 documenti. nell'elenco ci sono 8 documenti. sullo
nella cartella ci sono # messaggi. nella scatola ci sono # messaggi. nell'elenco ci sono # messaggi. il riassunto: # messaggi nella cartella, # messaggi nella scatola. che cosa dice il riassunto sulla cartella?	summaryforms	1	да	nella cartella ci sono 18 messaggi. nella scatola ci sono 5 messaggi. nell'elenco ci sono 8 messaggi. il riass
nella cartella ci sono # messaggi. nella scatola ci sono # messaggi. nell'elenco ci sono # messaggi. sullo scaffale ci sono # messaggi. il riassunto: # messaggi nella cartella, # messaggi nell'elenco, # messaggi sullo scaffale. che cosa dice il riassunto sulla scatola?	summaryforms	1	да	nella cartella ci sono 8 messaggi. nella scatola ci sono 11 messaggi. nell'elenco ci sono 14 messaggi. sullo s
nella cartella ci sono # messaggi. nella scatola ci sono # messaggi. nell'elenco ci sono # messaggi. sullo scaffale ci sono # messaggi. il riassunto: # messaggi nella cartella, # messaggi nella scatola, # messaggi nell'elenco. che cosa dice il riassunto sulla scatola?	summaryforms	1	да	nella cartella ci sono 3 messaggi. nella scatola ci sono 6 messaggi. nell'elenco ci sono 9 messaggi. sullo sca
nella cartella ci sono # messaggi. nella scatola ci sono # messaggi. nell'elenco ci sono # messaggi. sullo scaffale ci sono # messaggi. il riassunto: # messaggi nella cartella, # messaggi nella scatola, # messaggi sullo scaffale. che cosa dice il riassunto sulla cartella?	summaryforms	1	да	nella cartella ci sono 13 messaggi. nella scatola ci sono 16 messaggi. nell'elenco ci sono 3 messaggi. sullo s
nella cartella ci sono # messaggi. nella scatola ci sono # messaggi. quanti messaggi ci sono nella scatola?	nomention	1	да	nella cartella ci sono 4 messaggi. nella scatola ci sono 9 messaggi. quanti messaggi ci sono nella scatola?
nella cartella ci sono # voci. nella scatola ci sono # voci. nell'elenco ci sono # voci. sullo scaffale ci sono # voci. il riassunto: # voci nella cartella, # voci nella scatola, # voci sullo scaffale. che cosa dice il riassunto sulla cartella?	summaryforms	1	да	nella cartella ci sono 18 voci. nella scatola ci sono 5 voci. nell'elenco ci sono 8 voci. sullo scaffale ci so
nella cartella ci sono # voci. quanti voci ci sono nella cartella?	nomention	1	да	nella cartella ci sono 15 voci. quanti voci ci sono nella cartella?
nello stagno c'erano # fiori e # penne. hanno aggiunto # fiori. quanti fiori e penne ci sono nello stagno?	action_pages	1	да	nello stagno c'erano 14 fiori e 3 penne. hanno aggiunto 4 fiori. quanti fiori e penne ci sono nello stagno?
no domingo Inês encontrou # moedas no parque. quem encontrou # moedas no parque no domingo?	holes	1	да	no domingo Inês encontrou 2 moedas no parque. quem encontrou 2 moedas no parque no domingo?
no hay flores en la mesa. ¿es verdad que hay flores en la mesa?	sceneforms	1	да	no hay flores en la mesa. ¿es verdad que hay flores en la mesa?
no lago havia # moedas. tiraram # moedas. quantas moedas há agora?	action_pages	1	да	no lago havia 14 moedas. tiraram 12 moedas. quantas moedas há agora?
no quarto havia # livros e # cartas. agora há # livros e # cartas no quarto. quantos livros acrescentaram?	action_pages	1	да	no quarto havia 10 livros e 50 cartas. agora há 16 livros e 92 cartas no quarto. quantos livros acrescentaram?
nuevo y viejo son contrarios. ¿cuál es el contrario de nuevo?	opposites	1	да	nuevo y viejo son contrarios. ¿cuál es el contrario de nuevo?
nuovo e vecchio sono contrari. che cosa ne segue?	opposites	1	да	nuovo e vecchio sono contrari. che cosa ne segue?
o João fez # flexões. a Inês fez # flexões. quantas flexões a mais fez a Inês do que o João?	cmpframes	1	да	o João fez 22 flexões. a Inês fez 31 flexões. quantas flexões a mais fez a Inês do que o João?
o João tem # aplicações. a {Носитель} tem # aplicações. quem tem mais aplicações?	cmpframes	1	да	o João tem 12 aplicações. a Maria tem 33 aplicações. quem tem mais aplicações?
o canguru pesava # gramas. quanto pesava o canguru?	action_measure_langs	1	да	o canguru pesava 8 gramas. quanto pesava o canguru?
o canguru saltou # metros. quanto saltou o canguru?	action_measure_langs	1	да	o canguru saltou 5 metros. quanto saltou o canguru?
o comboio chega às #:#. a viagem dura # horas # minutos. quando partiu?	clockforms	1	да	o comboio chega às 10:15. a viagem dura 4 horas 25 minutos. quando partiu?
o comboio partiu às #:# e chegou às #:#. quanto tempo viajou?	clockforms	1	да	o comboio partiu às 15:25 e chegou às 19:15. quanto tempo viajou?
o comboio partiu às #:#. a viagem dura # hora # minutos. quando chega?	clockforms	1	да	o comboio partiu às 8:55. a viagem dura 1 hora 50 minutos. quando chega?
o comboio partiu às #:#. a viagem dura # horas # minutos. quando chega?	clockforms	1	да	o comboio partiu às 10:45. a viagem dura 3 horas 30 minutos. quando chega?
o cão saltou # centímetros e depois # centímetros. quanto saltou o cão no total?	action_measure_langs	1	да	o cão saltou 12 centímetros e depois 8 centímetros. quanto saltou o cão no total?
o fumo sobe. concordas?	worldfacts	1	да	o fumo sobe. concordas?
o ile jabłek więcej niż {Носитель} ma {Носитель}?	compare_langs	1	да	o ile jabłek więcej niż Maria ma Jan?
o número romano LXI. que número é este?	roman	1	да	o número romano LXI. que número é este?
o número romano XLIV. que número é este?	roman	1	да	o número romano XLIV. que número é este?
o número romano XLIX. que número é este?	roman	1	да	o número romano XLIX. que número é este?
o número romano XXVII. que número é este?	roman	1	да	o número romano XXVII. que número é este?
o que se segue de # ser divisível por #?	infer	1	да	o que se segue de 30 ser divisível por 10?
o que se segue de o resto de # dividido por # não ser nenhum dos números # e #?	disj	1	да	o que se segue de o resto de 29 dividido por 3 não ser nenhum dos números 0 e 1?
o que se segue de o resto de # dividido por # não ser nenhum dos números #, #, #, #, # e #?	disj	1	да	o que se segue de o resto de 31 dividido por 7 não ser nenhum dos números 0, 1, 2, 4, 5 e 6?
o que têm em comum um gato e um cão?	worldfacts	1	да	o que têm em comum um gato e um cão?
o que é até logo?	dialogue	1	да	o que é até logo?
o que é mais macio: uma almofada ou uma pedra?	propcompare	1	да	o que é mais macio: uma almofada ou uma pedra?
o que é mais quente: o fogo ou o gelo?	propcompare	1	да	o que é mais quente: o fogo ou o gelo?
o que é mais rápido: uma tartaruga ou uma lebre?	propcompare	1	да	o que é mais rápido: uma tartaruga ou uma lebre?
o que é o trabalho?	topics	1	да	o que é o trabalho?
o que é um hexágono?	countfacts	1	да	o que é um hexágono?
o que é um médico?	topics	1	да	o que é um médico?
o que é um octógono?	countfacts	1	да	o que é um octógono?
o que é uma trovoada?	topics	1	да	o que é uma trovoada?
o relógio marca #:#. como se diz por palavras?	clockwords	1	да	o relógio marca 4:15. como se diz por palavras?
o saco pesa # quilograma # gramas. foram acrescentados # quilogramas # gramas. quanto pesa o saco?	mixedunits	1	да	o saco pesa 1 quilograma 900 gramas. foram acrescentados 5 quilogramas 250 gramas. quanto pesa o saco?
o saco pesa # quilogramas # gramas. foram acrescentados # quilogramas # gramas. quanto pesa o saco?	mixedunits	1	да	o saco pesa 2 quilogramas 640 gramas. foram acrescentados 3 quilogramas 470 gramas. quanto pesa o saco?
o saco pesava # quilogramas # gramas. foram retirados # quilograma # gramas. quanto pesa o saco agora?	mixedunits	1	да	o saco pesava 6 quilogramas 150 gramas. foram retirados 1 quilograma 550 gramas. quanto pesa o saco agora?
o sistema solar tem # planetas. quantas planetas tem o sistema solar?	nature	1	да	o sistema solar tem 8 planetas. quantas planetas tem o sistema solar?
o {Носитель} tem # moedas. quantas moedas tem o {Носитель}?	holdforms	1	да	o Tiago tem 37 moedas. quantas moedas tem o Tiago?
o {Носитель} tem # ovos. se der #, com quantos ficará?	svamp	1	да	o Tiago tem 25 ovos. se der 7, com quantos ficará?
o {Носитель} tem # rosas. a {Носитель} tem mais # rosas do que o {Носитель}. quantas rosas tem a {Носитель}?	cmpframes	1	да	o Rui tem 32 rosas. a Ana tem mais 14 rosas do que o Rui. quantas rosas tem a Ana?
o {Носитель} tem # tampas. a {Носитель} tem # tampas. quantas vezes mais tampas tem o {Носитель} do que a {Носитель}?	cmpframes	1	да	o Pedro tem 126 tampas. a Maria tem 42 tampas. quantas vezes mais tampas tem o Pedro do que a Maria?
o {Носитель} tinha # livros e a Inês tinha # livros. o {Носитель} deu-lhe # livros. quantos livros tem a Inês agora?	pronobject	1	да	o Rui tinha 18 livros e a Inês tinha 7 livros. o Rui deu-lhe 4 livros. quantos livros tem a Inês agora?
oblicz # + #	arith_langs	1	да	oblicz 20 + 3
oblicz # plus #. co wyjdzie?	task	1	да	oblicz 12 plus 4. co wyjdzie?
oblicz # razy #. co wyjdzie?	task	1	да	oblicz 12 razy 4. co wyjdzie?
oblicz iloraz # i #	task	1	да	oblicz iloraz 20 i 5
oblicz sumę # i #	task	1	да	oblicz sumę 8 i 15
od # czerwca do # stycznia. ile dni minęło?	dateforms	1	да	od 29 czerwca do 3 stycznia. ile dni minęło?
oddałem # jabłek. zostało mi # jabłek. ile jabłek miałem przedtem?	beforetails	1	да	oddałem 9 jabłek. zostało mi 15 jabłek. ile jabłek miałem przedtem?
oddałem # ołówki. zostało mi # ołówków. ile ołówków miałem początkowo?	beforetails	1	да	oddałem 4 ołówki. zostało mi 11 ołówków. ile ołówków miałem początkowo?
odejmij # od #. ile wychodzi?	opforms	1	да	odejmij 4 od 16. ile wychodzi?
oggi è domenica. che giorno era ieri?	calendar_langs	1	да	oggi è domenica. che giorno era ieri?
oggi è giovedì. che giorno era ieri?	calendar_langs	1	да	oggi è giovedì. che giorno era ieri?
oggi è sabato. che giorno sarà domani?	calendar_langs	1	да	oggi è sabato. che giorno sarà domani?
ogni biglietto costa # €. lo sconto è di # € su ogni biglietto. quanti biglietti si possono comprare con # €?	discountroad	1	да	ogni biglietto costa 91 €. lo sconto è di 49 € su ogni biglietto. quanti biglietti si possono comprare con 455
omar bought # balls. omar got # balls more. how many balls does omar hold now?	items	1	да	omar bought 4 balls. omar got 2 balls more. how many balls does omar hold now?
omar bought # degrees. omar got # degrees more. how many degrees does omar hold now?	items	1	да	omar bought 4 degrees. omar got 2 degrees more. how many degrees does omar hold now?
omar counted # balloons. omar counted # more balloons. a third of the balloons were sold. how many balloons are left?	depletion	1	да	omar counted 30 balloons. omar counted 9 more balloons. a third of the balloons were sold. how many balloons a
omar counted # cookies. omar counted # more cookies. #/# of the cookies were eaten. how many cookies are left?	depletion	1	да	omar counted 16 cookies. omar counted 11 more cookies. 1/3 of the cookies were eaten. how many cookies are lef
omar counted # newspapers. omar counted # more newspapers. a third of the newspapers were taken. how many newspapers remain?	depletion	1	да	omar counted 28 newspapers. omar counted 5 more newspapers. a third of the newspapers were taken. how many new
omar had # lollipops. #/# of the lollipops were sold. how many lollipops are left?	depletion	1	да	omar had 48 lollipops. 1/3 of the lollipops were sold. how many lollipops are left?
omar had # toys. a third of the toys had gone. how many toys remain?	depletion	1	да	omar had 48 toys. a third of the toys had gone. how many toys remain?
on dit : deux heures et demie. comment l'écrit-on en chiffres ?	clockwords	1	да	on dit : deux heures et demie. comment l'écrit-on en chiffres ?
on dit : deux heures moins le quart. comment l'écrit-on en chiffres ?	clockwords	1	да	on dit : deux heures moins le quart. comment l'écrit-on en chiffres ?
on dit : quatre heures et demie. comment l'écrit-on en chiffres ?	clockwords	1	да	on dit : quatre heures et demie. comment l'écrit-on en chiffres ?
on tuesday {Носитель} found # keys on the beach. when did {Носитель} find # keys on the beach?	holes	1	да	on tuesday Hugo found 10 keys on the beach. when did Hugo find 10 keys on the beach?
on wednesday {Носитель} found # coins on the road. who found # coins on the road on wednesday?	holes	1	да	on wednesday Dima found 8 coins on the road. who found 8 coins on the road on wednesday?
onde se compra o pão?	roles	1	да	onde se compra o pão?
onde se ensina as crianças?	roles	1	да	onde se ensina as crianças?
onde se guardam os livros?	roles	1	да	onde se guardam os livros?
one apple costs # dollars. i have # dollars. how much more is needed for # apples?	enough	1	да	one apple costs 4 dollars. i have 15 dollars. how much more is needed for 4 apples?
one book costs # dollars. how much do # books cost?	price	1	да	one book costs 3 dollars. how much do 4 books cost?
one pencil costs # dollars. how much do # pencils cost?	price	1	да	one pencil costs 5 dollars. how much do 5 pencils cost?
one pencil costs # dollars. i have # dollars. how much more is needed for # pencils?	enough	1	да	one pencil costs 3 dollars. i have 12 dollars. how much more is needed for 5 pencils?
one sixth of a number is #. what is the number?	shares_percent	1	да	one sixth of a number is 12. what is the number?
one third of a number is #. what is the number?	share	1	да	one third of a number is 4. what is the number?
op de plank liggen # bestanden. hoeveel berichten liggen op de plank?	nomention	1	да	op de plank liggen 15 bestanden. hoeveel berichten liggen op de plank?
os números: #, #, #. que número está entre os outros dois?	orderforms	1	да	os números: 58, 41, 66. que número está entre os outros dois?
os números: #, #, #. que número é o segundo maior?	orderforms	1	да	os números: 33, 17, 45. que número é o segundo maior?
osobowość: ostrożna. w pudełku jest # wpisów. dwie drogi: usunąć # wpisy albo przenieść # wpisy. obie zostawiają # wpisów w pudełku: # − # = #. która droga jest wybrana?	personforms	1	да	osobowość: ostrożna. w pudełku jest 14 wpisów. dwie drogi: usunąć 2 wpisy albo przenieść 2 wpisy. obie zostawi
osobowość: szczegółowa. na liście jest # wiadomości. pierwszy akt tworzy # wiadomości. ile wiadomości jest na liście?	personforms	1	да	osobowość: szczegółowa. na liście jest 8 wiadomości. pierwszy akt tworzy 4 wiadomości. ile wiadomości jest na 
osobowość: szybka. w pudełku jest # wpisów. dwie drogi: usunąć # wpisów albo przenieść # wpisów. obie zostawiają # wpisy w pudełku: # − # = #. która droga jest wybrana?	personforms	1	да	osobowość: szybka. w pudełku jest 8 wpisów. dwie drogi: usunąć 6 wpisów albo przenieść 6 wpisów. obie zostawia
osobowość: zwięzła. na liście jest # wiadomości. pierwszy akt tworzy # wiadomości. ile wiadomości jest na liście?	personforms	1	да	osobowość: zwięzła. na liście jest 16 wiadomości. pierwszy akt tworzy 7 wiadomości. ile wiadomości jest na liś
où cuisine-t-on ?	roles	1	НЕТ	où cuisine-t-on ?
où enseigne-t-on aux enfants ?	roles	1	да	où enseigne-t-on aux enfants ?
personalidad: breve. hay # mensajes en la lista. el primer acto crea # mensajes. ¿cuántos mensajes hay en la lista?	personforms	1	да	personalidad: breve. hay 10 mensajes en la lista. el primer acto crea 5 mensajes. ¿cuántos mensajes hay en la 
personalidad: detallada. hay # registros en la caja. el primer acto crea # registros. ¿cuántos registros hay en la caja?	personforms	1	да	personalidad: detallada. hay 8 registros en la caja. el primer acto crea 6 registros. ¿cuántos registros hay e
personalidad: prudente. hay # registros en la caja. dos caminos: borrar # registros o mover # registros. ambos dejan # registros en la caja: # − # = #. ¿qué camino se elige?	personforms	1	да	personalidad: prudente. hay 18 registros en la caja. dos caminos: borrar 5 registros o mover 5 registros. ambo
personalidade: prudente. há # mensagens na lista. dois caminhos: apagar # mensagens ou mover # mensagens. ambos deixam # mensagens na lista: # − # = #. que caminho é escolhido?	personforms	1	да	personalidade: prudente. há 16 mensagens na lista. dois caminhos: apagar 7 mensagens ou mover 7 mensagens. amb
personalidade: rápida. há # ficheiros na pasta. dois caminhos: apagar # ficheiros ou mover # ficheiros. ambos deixam # ficheiros na pasta: # − # = #. que caminho é escolhido?	personforms	1	да	personalidade: rápida. há 12 ficheiros na pasta. dois caminhos: apagar 5 ficheiros ou mover 5 ficheiros. ambos
personalidade: rápida. há # registos na caixa. dois caminhos: apagar # registos ou mover # registos. ambos deixam # registos na caixa: # − # = #. que caminho é escolhido?	personforms	1	да	personalidade: rápida. há 5 registos na caixa. dois caminhos: apagar 3 registos ou mover 3 registos. ambos dei
personality: quick. there are # files in the folder. two ways: to delete # files or to move # files. both leave # files in the folder: # − # = #. which way is chosen?	personforms	1	да	personality: quick. there are 7 files in the folder. two ways: to delete 3 files or to move 3 files. both leav
personality: quick. there are # messages in the list. two ways: to delete # messages or to move # messages. both leave # messages in the list: # − # = #. which way is chosen?	personforms	1	да	personality: quick. there are 9 messages in the list. two ways: to delete 3 messages or to move 3 messages. bo
personalità: breve. ci sono # messaggi nell'elenco. il primo atto crea # messaggi. quanti messaggi ci sono nell'elenco?	personforms	1	да	personalità: breve. ci sono 20 messaggi nell'elenco. il primo atto crea 2 messaggi. quanti messaggi ci sono ne
personalità: breve. ci sono # voci nella scatola. il primo atto crea # voci. quanti voci ci sono nella scatola?	personforms	1	да	personalità: breve. ci sono 10 voci nella scatola. il primo atto crea 7 voci. quanti voci ci sono nella scatol
personalità: prudente. ci sono # voci nella scatola. due vie: cancellare # voci o spostare # voci. entrambe lasciano # voci nella scatola: # − # = #. quale via si sceglie?	personforms	1	да	personalità: prudente. ci sono 14 voci nella scatola. due vie: cancellare 5 voci o spostare 5 voci. entrambe l
personalità: rapida. ci sono # voci nella scatola. due vie: cancellare # voci o spostare # voci. entrambe lasciano # voci nella scatola: # − # = #. quale via si sceglie?	personforms	1	да	personalità: rapida. ci sono 15 voci nella scatola. due vie: cancellare 7 voci o spostare 7 voci. entrambe las
persoonlijkheid: beknopte. er liggen # records in de doos. de eerste handeling maakt # records aan. hoeveel records liggen in de doos?	personforms	1	да	persoonlijkheid: beknopte. er liggen 12 records in de doos. de eerste handeling maakt 3 records aan. hoeveel r
persoonlijkheid: snelle. er liggen # berichten in de lijst. twee wegen: # berichten verwijderen of # berichten verplaatsen. beide laten # berichten in de lijst: # − # = #. welke weg wordt gekozen?	personforms	1	да	persoonlijkheid: snelle. er liggen 16 berichten in de lijst. twee wegen: 7 berichten verwijderen of 7 berichte
persoonlijkheid: uitvoerige. er liggen # berichten in de lijst. de eerste handeling maakt # berichten aan. hoeveel berichten liggen in de lijst?	personforms	1	да	persoonlijkheid: uitvoerige. er liggen 12 berichten in de lijst. de eerste handeling maakt 7 berichten aan. ho
persoonlijkheid: voorzichtige. er liggen # records in de doos. twee wegen: # records verwijderen of # records verplaatsen. beide laten # records in de doos: # − # = #. welke weg wordt gekozen?	personforms	1	да	persoonlijkheid: voorzichtige. er liggen 16 records in de doos. twee wegen: 6 records verwijderen of 6 records
peter bought # cards. how many cards did peter buy?	verbal	1	НЕТ	peter bought 6 cards. how many cards did peter buy?
peter made # toys. how many toys did peter make?	verbal	1	НЕТ	peter made 6 toys. how many toys did peter make?
peter made # toys. peter made # toy more. how many toys did peter make in all?	verbal	1	НЕТ	peter made 6 toys. peter made 1 toy more. how many toys did peter make in all?
peter sold # books. how many books did peter sell?	verbal	1	НЕТ	peter sold 5 books. how many books did peter sell?
pia counted # cupcakes. pia counted # more cupcakes. a quarter of the cupcakes had gone. how many cupcakes remain?	depletion	1	да	pia counted 21 cupcakes. pia counted 3 more cupcakes. a quarter of the cupcakes had gone. how many cupcakes re
pia counted # kilometers. pia found # kilometers more. how many kilometers does pia hold now?	items	1	да	pia counted 5 kilometers. pia found 3 kilometers more. how many kilometers does pia hold now?
pia counted # sandwiches. pia counted # more sandwiches. #/# of the sandwiches were eaten. how many sandwiches are left?	depletion	1	да	pia counted 30 sandwiches. pia counted 14 more sandwiches. 1/4 of the sandwiches were eaten. how many sandwich
pia had # apples. #/# of the apples were sold. how many apples went?	depletion	1	да	pia had 40 apples. 1/4 of the apples were sold. how many apples went?
pia had # bananas. a quarter of the bananas were taken. how many bananas remain?	depletion	1	да	pia had 36 bananas. a quarter of the bananas were taken. how many bananas remain?
pia had # marbles. #/# of the marbles were taken. how many marbles went?	depletion	1	да	pia had 36 marbles. 1/4 of the marbles were taken. how many marbles went?
pia had # sandwiches. #/# of the sandwiches were eaten. how many sandwiches are left?	depletion	1	да	pia had 44 sandwiches. 1/4 of the sandwiches were eaten. how many sandwiches are left?
piano: caricare # casse. passo # — raccogliere # casse, passo # — raccogliere # casse in più, passo # — caricare tutte le casse. quanti passi ha il piano?	planforms	1	да	piano: caricare 9 casse. passo 1 — raccogliere 5 casse, passo 2 — raccogliere 4 casse in più, passo 3 — carica
piano: innaffiare # aiuole. passo # — riempire # secchi, passo # — innaffiare # aiuole. quanti passi ha il piano?	planforms	1	да	piano: innaffiare 35 aiuole. passo 1 — riempire 5 secchi, passo 2 — innaffiare 35 aiuole. quanti passi ha il p
piano: mettere via # libri. passo # — mettere # libri, passo # — mettere # libri in più, passo # — chiudere la borsa. quanti libri dopo il passo #?	planforms	1	да	piano: mettere via 19 libri. passo 1 — mettere 11 libri, passo 2 — mettere 8 libri in più, passo 3 — chiudere 
piano: mettere via # libri. passo # — mettere # libri, passo # — mettere # libri in più, passo # — chiudere la borsa. quanti passi ha il piano?	planforms	1	да	piano: mettere via 16 libri. passo 1 — mettere 9 libri, passo 2 — mettere 7 libri in più, passo 3 — chiudere l
pierwsza zasada: nie twórz plików. druga zasada: nie przenoś plików. przenieś # plików. która zasada tego zabrania?	mandateforms	1	да	pierwsza zasada: nie twórz plików. druga zasada: nie przenoś plików. przenieś 7 plików. która zasada tego zabr
pierwsza zasada: nie twórz plików. druga zasada: nie przenoś plików. utwórz # plików. która zasada tego zabrania?	mandateforms	1	да	pierwsza zasada: nie twórz plików. druga zasada: nie przenoś plików. utwórz 7 plików. która zasada tego zabran
pierwsza zasada: nie usuwaj plików. druga zasada: nie twórz plików. przenieś # pliki. ile jest zasad?	mandateforms	1	да	pierwsza zasada: nie usuwaj plików. druga zasada: nie twórz plików. przenieś 2 pliki. ile jest zasad?
pierwsza zasada: nie usuwaj plików. druga zasada: nie twórz plików. utwórz # plików. która zasada tego zabrania?	mandateforms	1	да	pierwsza zasada: nie usuwaj plików. druga zasada: nie twórz plików. utwórz 7 plików. która zasada tego zabrani
pierwszy rozdział ma # stron długości. jakiej długości jest pierwszy rozdział?	numphrase	1	да	pierwszy rozdział ma 215 stron długości. jakiej długości jest pierwszy rozdział?
pies jest większy od kota. kot jest większy od myszy. więc pies jest większy od myszy. dlaczego?	scale	1	да	pies jest większy od kota. kot jest większy od myszy. więc pies jest większy od myszy. dlaczego?
pies jest większy od kota. więc kot nie jest większy od psa. czy kot może być większy od psa?	scale	1	да	pies jest większy od kota. więc kot nie jest większy od psa. czy kot może być większy od psa?
pies skoczył na # centymetrów. ile centymetrów skoczył pies?	action_measure_langs	1	да	pies skoczył na 12 centymetrów. ile centymetrów skoczył pies?
plan : faire # petits pains. étape # — acheter # paquets, étape # — faire # petits pains. combien de paquets après l'étape # ?	planforms	1	да	plan : faire 28 petits pains. étape 1 — acheter 7 paquets, étape 2 — faire 28 petits pains. combien de paquets
plan : faire # petits pains. étape # — acheter # paquets, étape # — faire # petits pains. que faire d'abord : acheter les paquets ou faire les petits pains ?	planforms	1	да	plan : faire 21 petits pains. étape 1 — acheter 3 paquets, étape 2 — faire 21 petits pains. que faire d'abord 
plan : ranger # livres. étape # — mettre # livres, étape # — mettre # livres de plus, étape # — fermer le sac. après l'étape # il y a # livres. est-ce que la tâche est finie ?	planforms	1	да	plan : ranger 17 livres. étape 1 — mettre 11 livres, étape 2 — mettre 6 livres de plus, étape 3 — fermer le sa
plan : ranger # livres. étape # — mettre # livres, étape # — mettre # livres de plus, étape # — fermer le sac. combien d'étapes a le plan ?	planforms	1	да	plan : ranger 12 livres. étape 1 — mettre 9 livres, étape 2 — mettre 3 livres de plus, étape 3 — fermer le sac
plan: # bedden begieten. stap # — # emmers vullen, stap # — # bedden begieten. hoeveel emmers na stap #?	planforms	1	да	plan: 18 bedden begieten. stap 1 — 3 emmers vullen, stap 2 — 18 bedden begieten. hoeveel emmers na stap 1?
plan: # bedden begieten. stap # — # emmers vullen, stap # — # bedden begieten. hoeveel stappen heeft het plan?	planforms	1	да	plan: 18 bedden begieten. stap 1 — 3 emmers vullen, stap 2 — 18 bedden begieten. hoeveel stappen heeft het pla
plan: # bedden begieten. stap # — # emmers vullen, stap # — # bedden begieten. wat eerst te doen: de emmers vullen of de bedden begieten?	planforms	1	да	plan: 30 bedden begieten. stap 1 — 6 emmers vullen, stap 2 — 30 bedden begieten. wat eerst te doen: de emmers 
plan: # boeken inpakken. stap # — # boeken inleggen, stap # — nog # boeken inleggen, stap # — de tas sluiten. hoeveel stappen heeft het plan?	planforms	1	да	plan: 12 boeken inpakken. stap 1 — 9 boeken inleggen, stap 2 — nog 3 boeken inleggen, stap 3 — de tas sluiten.
plan: # boeken inpakken. stap # — # boeken inleggen, stap # — nog # boeken inleggen, stap # — de tas sluiten. na stap # zijn er # boeken. is de taak klaar?	planforms	1	да	plan: 23 boeken inpakken. stap 1 — 15 boeken inleggen, stap 2 — nog 8 boeken inleggen, stap 3 — de tas sluiten
plan: # broodjes bakken. stap # — # pakken kopen, stap # — # broodjes bakken. hoeveel pakken na stap #?	planforms	1	да	plan: 20 broodjes bakken. stap 1 — 4 pakken kopen, stap 2 — 20 broodjes bakken. hoeveel pakken na stap 1?
plan: # broodjes bakken. stap # — # pakken kopen, stap # — # broodjes bakken. wat eerst te doen: de pakken kopen of de broodjes bakken?	planforms	1	да	plan: 32 broodjes bakken. stap 1 — 8 pakken kopen, stap 2 — 32 broodjes bakken. wat eerst te doen: de pakken k
plan: bake # buns. step # — buy # packs, step # — bake # buns. how many packs after step #?	planforms	1	да	plan: bake 28 buns. step 1 — buy 4 packs, step 2 — bake 28 buns. how many packs after step 1?
plan: guardar # libros. paso # — meter # libros, paso # — meter # libros más, paso # — cerrar la mochila. después del paso # hay # libros. ¿está hecha la tarea?	planforms	1	да	plan: guardar 19 libros. paso 1 — meter 11 libros, paso 2 — meter 8 libros más, paso 3 — cerrar la mochila. de
plan: guardar # libros. paso # — meter # libros, paso # — meter # libros más, paso # — cerrar la mochila. ¿qué hacer primero: meter los libros o cerrar la mochila?	planforms	1	да	plan: guardar 21 libros. paso 1 — meter 13 libros, paso 2 — meter 8 libros más, paso 3 — cerrar la mochila. ¿q
plan: hacer # panecillos. paso # — comprar # paquetes, paso # — hacer # panecillos. ¿qué hacer primero: comprar los paquetes o hacer los panecillos?	planforms	1	да	plan: hacer 24 panecillos. paso 1 — comprar 4 paquetes, paso 2 — hacer 24 panecillos. ¿qué hacer primero: comp
plan: pack # books. step # — put in # books, step # — put in # more books, step # — close the bag. how many steps are in the plan?	planforms	1	да	plan: pack 21 books. step 1 — put in 14 books, step 2 — put in 7 more books, step 3 — close the bag. how many 
plan: podlać # grządek. krok # — napełnić # wiader, krok # — podlać # grządek. ile wiader po kroku #?	planforms	1	да	plan: podlać 15 grządek. krok 1 — napełnić 5 wiader, krok 2 — podlać 15 grządek. ile wiader po kroku 1?
plan: podlać # grządek. krok # — napełnić # wiadra, krok # — podlać # grządek. ile kroków ma plan?	planforms	1	да	plan: podlać 12 grządek. krok 1 — napełnić 2 wiadra, krok 2 — podlać 12 grządek. ile kroków ma plan?
plan: water # beds. step # — fill # buckets, step # — water # beds. how many buckets after step #?	planforms	1	да	plan: water 12 beds. step 1 — fill 2 buckets, step 2 — water 12 beds. how many buckets after step 1?
plan: water # beds. step # — fill # buckets, step # — water # beds. how many steps are in the plan?	planforms	1	да	plan: water 32 beds. step 1 — fill 8 buckets, step 2 — water 32 beds. how many steps are in the plan?
plan: załadować # skrzynek. krok # — zebrać # skrzynek, krok # — zebrać jeszcze # skrzynek, krok # — załadować wszystkie skrzynki. co zrobić najpierw: zebrać skrzynki czy załadować skrzynki?	planforms	1	да	plan: załadować 21 skrzynek. krok 1 — zebrać 13 skrzynek, krok 2 — zebrać jeszcze 8 skrzynek, krok 3 — załadow
plano: carregar # caixas. passo # — juntar # caixas, passo # — juntar mais # caixas, passo # — carregar todas as caixas. quantas caixas depois do passo #?	planforms	1	да	plano: carregar 21 caixas. passo 1 — juntar 14 caixas, passo 2 — juntar mais 7 caixas, passo 3 — carregar toda
po wtorku przychodzi środa. co przychodzi po wtorku?	nature	1	да	po wtorku przychodzi środa. co przychodzi po wtorku?
pociąg przejechał # km w # godzin. ile kilometrów na godzinę jedzie?	speedforms	1	да	pociąg przejechał 350 km w 7 godzin. ile kilometrów na godzinę jedzie?
pociąg przejechał # km w # godziny. ile kilometrów na godzinę jedzie?	speedforms	1	да	pociąg przejechał 260 km w 4 godziny. ile kilometrów na godzinę jedzie?
początkowo {Носитель} miał # piłek. następnie dostał jeszcze #. ile piłek ma teraz?	svamp	1	да	początkowo Jan miał 20 piłek. następnie dostał jeszcze 8. ile piłek ma teraz?
początkowo {Носитель} miała # książek. następnie dostała jeszcze #. ile książek ma teraz?	svamp	1	да	początkowo Maria miała 15 książek. następnie dostała jeszcze 6. ile książek ma teraz?
podziel # przez #. ile to jest?	opforms	1	да	podziel 36 przez 6. ile to jest?
policz dziewięć razy sześć	task	1	да	policz dziewięć razy sześć
pomóż mi, proszę: ile jest # plus #?	cross	1	да	pomóż mi, proszę: ile jest 60 plus 40?
porque é que as pessoas fazem sem pensar o que fazem todos os dias?	behavior	1	да	porque é que as pessoas fazem sem pensar o que fazem todos os dias?
porque é que está a chover?	worldfacts	1	да	porque é que está a chover?
powiedz słowo „stół” od tyłu. co wyjdzie?	letters	1	да	powiedz słowo „stół” od tyłu. co wyjdzie?
powiedziałeś, że # minus # to #. czy tak jest?	object	1	да	powiedziałeś, że 40 minus 15 to 25. czy tak jest?
proszę mi pomóc: ile jest # podzielone przez #?	cross	1	да	proszę mi pomóc: ile jest 24 podzielone przez 8?
proszę mi pomóc: ile wynosi # podzielone przez #?	cross	1	да	proszę mi pomóc: ile wynosi 20 podzielone przez 5?
pure iron is a metal that rusts in air. is pure iron a metal or a figure?	genus_diff	1	да	pure iron is a metal that rusts in air. is pure iron a metal or a figure?
qu'est-ce qu'un triangle ?	countfacts	1	да	qu'est-ce qu'un triangle ?
qu'est-ce que je te remercie ?	dialogue	1	да	qu'est-ce que je te remercie ?
qu'est-ce que la fleur ?	lang_fr	1	да	qu'est-ce que la fleur ?
qu'est-ce que la maison ?	lang_fr	1	да	qu'est-ce que la maison ?
qu'est-ce que le coût ?	lang_fr	1	да	qu'est-ce que le coût ?
qu'est-ce que le kilo ?	lang_fr	1	да	qu'est-ce que le kilo ?
qu'est-ce que le maïs ?	lang_fr	1	да	qu'est-ce que le maïs ?
qu'est-ce que un frère ?	topics	1	да	qu'est-ce que un frère ?
qu'est-ce qui est plus chaud : la glace ou le feu ?	propcompare	1	да	qu'est-ce qui est plus chaud : la glace ou le feu ?
qu'est-ce qui est plus chaud : le feu ou la glace ?	propcompare	1	да	qu'est-ce qui est plus chaud : le feu ou la glace ?
qu'est-ce qui est plus dur : une pierre ou un coussin ?	propcompare	1	да	qu'est-ce qui est plus dur : une pierre ou un coussin ?
qu'est-ce qui est plus grand : un cheval ou un chat ?	scale	1	да	qu'est-ce qui est plus grand : un cheval ou un chat ?
qu'est-ce qui est plus grand : un chien ou une souris ?	scale	1	да	qu'est-ce qui est plus grand : un chien ou une souris ?
qu'est-ce qui est plus haut : une girafe ou un chat ?	propcompare	1	да	qu'est-ce qui est plus haut : une girafe ou un chat ?
qu'est-ce qui est plus lent : une tortue ou un lièvre ?	propcompare	1	да	qu'est-ce qui est plus lent : une tortue ou un lièvre ?
qu'est-ce qui est plus léger : une pierre ou une plume ?	propcompare	1	да	qu'est-ce qui est plus léger : une pierre ou une plume ?
qu'est-ce qui est plus rapide : un lièvre ou une tortue ?	propcompare	1	да	qu'est-ce qui est plus rapide : un lièvre ou une tortue ?
quais são os três graus de «bom»?	degrees	1	да	quais são os três graus de «bom»?
qual è il contrario di caldo?	opposites	1	да	qual è il contrario di caldo?
qual è il contrario di «facile»?	opposites	1	да	qual è il contrario di «facile»?
qual è il numero se un decimo di esso è #?	search_langs	1	да	qual è il numero se un decimo di esso è 19?
qual è il tuo nome?	dialogue	1	да	qual è il tuo nome?
qual è l'intruso: un pino, una quercia, uno squalo?	worldfacts	1	да	qual è l'intruso: un pino, una quercia, uno squalo?
qual è l'ultima lettera della parola «cane»?	letters	1	да	qual è l'ultima lettera della parola «cane»?
qual è l'ultima lettera della parola «mano»?	letters	1	да	qual è l'ultima lettera della parola «mano»?
qual è l'ultima lettera della parola «sole»?	letters	1	да	qual è l'ultima lettera della parola «sole»?
qual è la media di #, #, #, #, #?	stats_langs	1	да	qual è la media di 20, 22, 24, 26, 28?
qual è la pressione di una forza di # newton su # metri quadrati?	physics_langs	1	да	qual è la pressione di una forza di 48 newton su 8 metri quadrati?
qual è la prima lettera della parola «sole»?	letters	1	да	qual è la prima lettera della parola «sole»?
qual è la velocità di un corpo che percorre # metri in # secondi?	physics_langs	1	да	qual è la velocità di un corpo che percorre 20 metri in 5 secondi?
qual é a média de #, #, #, #, #?	stats_langs	1	да	qual é a média de 20, 22, 24, 26, 28?
qual é a média de #, #, #, #?	stats_langs	1	да	qual é a média de 3, 6, 9, 14?
qual é a média de #, #?	stats_langs	1	да	qual é a média de 5, 11?
qual é a pressão de uma força de # newtons sobre # metros quadrados?	physics_langs	1	да	qual é a pressão de uma força de 48 newtons sobre 8 metros quadrados?
qual é a primeira letra da palavra «casa»?	letters	1	да	qual é a primeira letra da palavra «casa»?
qual é a velocidade de um corpo que percorre # metros em # segundos?	physics_langs	1	да	qual é a velocidade de um corpo que percorre 20 metros em 2 segundos?
qual é a área de um quadrado de lado #?	geometry_langs	1	да	qual é a área de um quadrado de lado 7?
qual é maior: um cavalo ou um gato?	scale	1	да	qual é maior: um cavalo ou um gato?
qual é maior: um elefante ou um gato?	scale	1	да	qual é maior: um elefante ou um gato?
qual é o contrário de «alto»?	opposites	1	да	qual é o contrário de «alto»?
qual é o contrário de «fácil»?	opposites	1	да	qual é o contrário de «fácil»?
qual é o intruso: um cão, uma formiga, uma mesa?	worldfacts	1	да	qual é o intruso: um cão, uma formiga, uma mesa?
qual é o intruso: um gato, uma formiga, um tubarão?	worldfacts	1	да	qual é o intruso: um gato, uma formiga, um tubarão?
qual é o próximo primo depois de #?	search_langs	1	да	qual é o próximo primo depois de 48?
qual é o quadrado de #?	inquiry_pt_nl	1	да	qual é o quadrado de 22?
quale delle due dà #: # + # o # − #?	verifyforms	1	да	quale delle due dà 126: 67 + 59 o 67 − 59?
quali sono i tre gradi di «alto»?	degrees	1	да	quali sono i tre gradi di «alto»?
quali sono i tre gradi di «buono»?	degrees	1	да	quali sono i tre gradi di «buono»?
quando uma pessoa está cansada, comete mais erros. porque é que comete mais erros?	behavior	1	да	quando uma pessoa está cansada, comete mais erros. porque é que comete mais erros?
quantas horas são # dias?	units_langs	1	да	quantas horas são 5 dias?
quantas patas tem um escaravelho?	countfacts	1	да	quantas patas tem um escaravelho?
quantas vezes mais canetas do que {Носитель} tem {Носитель}?	compare_langs	1	да	quantas vezes mais canetas do que Rui tem Beatriz?
quantas vezes mais maçãs do que João tem {Носитель}?	compare_langs	1	да	quantas vezes mais maçãs do que João tem Ana?
quante ore ha un chilogrammo?	dialogue	1	да	quante ore ha un chilogrammo?
quante zampe ha un cavallo?	countfacts	1	да	quante zampe ha un cavallo?
quanti centesimi sono #,# euro?	money_langs	1	да	quanti centesimi sono 18,25 euro?
quanti giorni ci sono in quattro settimane?	timeunits	1	да	quanti giorni ci sono in quattro settimane?
quanti grammi sono # chilogrammi?	units_langs	1	да	quanti grammi sono 9 chilogrammi?
quanti grammi sono mezzo chilogrammo?	unitfrac	1	да	quanti grammi sono mezzo chilogrammo?
quanti libri in più di {Носитель} ha {Носитель}?	compare_langs	1	да	quanti libri in più di Matteo ha Chiara?
quanti mele in più di {Носитель} ha {Носитель}?	compare_langs	1	да	quanti mele in più di Sara ha Luca?
quanti mesi sono # anni?	units_langs	1	да	quanti mesi sono 10 anni?
quanti mesi sono mezzo anno?	unitfrac	1	да	quanti mesi sono mezzo anno?
quanti minuti ci sono in due ore?	timeunits	1	да	quanti minuti ci sono in due ore?
quanti minuti ci sono in tre ore?	timeunits	1	да	quanti minuti ci sono in tre ore?
quanti minuti sono un quarto d'ora?	unitfrac	1	да	quanti minuti sono un quarto d'ora?
quanti minuti sono un'ora e mezza?	unitfrac	1	да	quanti minuti sono un'ora e mezza?
quanti monete in più di {Носитель} ha {Носитель}?	compare_langs	1	да	quanti monete in più di Marco ha Anna?
quanti ore ci sono in # giorni?	timeunits	1	да	quanti ore ci sono in 2 giorni?
quanti secondi ci sono in quattro minuti?	timeunits	1	да	quanti secondi ci sono in quattro minuti?
quanto dá # + # − #?	cross	1	да	quanto dá 7 + 8 − 5?
quanto dá # × #?	cross	1	да	quanto dá 50 × 2?
quanto dá # ÷ #?	arith_langs	1	да	quanto dá 56 ÷ 7?
quanto fa # × #?	arith_langs	1	да	quanto fa 27 × 2?
quanto fa # − #?	cross	1	да	quanto fa 30 − 14?
quanto fa il # % di #?	stats_langs	1	да	quanto fa il 8 % di 75?
quanto fa quattro più quattro?	lang_it	1	да	quanto fa quattro più quattro?
quanto fa sei più tre?	lang_it	1	да	quanto fa sei più tre?
quanto fanno due quinti di #?	share_langs	1	да	quanto fanno due quinti di 65?
quanto fanno due terzi di #?	share_langs	1	да	quanto fanno due terzi di 39?
quanto fanno tre quarti di #?	share_langs	1	да	quanto fanno tre quarti di 52?
quanto são dois quintos de #?	share_langs	1	да	quanto são dois quintos de 55?
quanto è # × #?	arith_langs	1	НЕТ	quanto è 38 × 7?
quanto è # − #?	arith_langs	1	НЕТ	quanto è 11 − 10?
quanto é # % de #?	stats_langs	1	да	quanto é 40 % de 25?
quanto é # × #?	arith_langs	1	НЕТ	quanto é 41 × 8?
quanto é dezoito dividido por seis?	cross	1	да	quanto é dezoito dividido por seis?
quanto é o dobro de #?	numberline	1	да	quanto é o dobro de 13?
quanto é um quarto de #?	share_langs	1	да	quanto é um quarto de 44?
quantos canetas a mais do que {Носитель} tem {Носитель}?	compare_langs	1	да	quantos canetas a mais do que Beatriz tem Tiago?
quantos centímetros são # metros?	units_langs	1	да	quantos centímetros são 4 metros?
quantos cêntimos são #,# euros?	money_langs	1	да	quantos cêntimos são 29,90 euros?
quantos dias há em três semanas?	timeunits	1	да	quantos dias há em três semanas?
quantos dias são # semanas?	units_langs	1	да	quantos dias são 8 semanas?
quantos gramas são meio quilograma?	unitfrac	1	да	quantos gramas são meio quilograma?
quantos maçãs a mais do que Inês tem {Носитель}?	compare_langs	1	да	quantos maçãs a mais do que Inês tem Pedro?
quantos minutos há em duas horas?	timeunits	1	да	quantos minutos há em duas horas?
quantos minutos há em quatro horas?	timeunits	1	да	quantos minutos há em quatro horas?
quantos minutos são meia hora?	unitfrac	1	да	quantos minutos são meia hora?
quantos minutos são três quartos de hora?	unitfrac	1	да	quantos minutos são três quartos de hora?
quantos minutos são um quarto de hora?	unitfrac	1	да	quantos minutos são um quarto de hora?
quantos minutos são uma hora e meia?	unitfrac	1	да	quantos minutos são uma hora e meia?
quantos moedas a mais do que {Носитель} tem {Носитель}?	compare_langs	1	да	quantos moedas a mais do que Pedro tem Maria?
quantos segundos há em # minutos?	timeunits	1	да	quantos segundos há em 5 minutos?
quantos segundos há em três minutos?	timeunits	1	да	quantos segundos há em três minutos?
quantos segundos têm quatro minutos?	timeunits	1	да	quantos segundos têm quatro minutos?
que découle-t-il du fait qu'un nombre est divisible par # ?	infer	1	да	que découle-t-il du fait qu'un nombre est divisible par 6 ?
que découle-t-il du fait que # est divisible par # ?	infer	1	да	que découle-t-il du fait que 18 est divisible par 9 ?
que découle-t-il du fait que le reste de # divisé par # n'est aucun des nombres #, # et # ?	disj	1	да	que découle-t-il du fait que le reste de 23 divisé par 4 n'est aucun des nombres 0, 1 et 2 ?
que découle-t-il du fait que le reste de # divisé par # n'est aucun des nombres #, #, # et # ?	disj	1	да	que découle-t-il du fait que le reste de 26 divisé par 5 n'est aucun des nombres 0, 2, 3 et 4 ?
que font vingt divisé par cinq ?	cross	1	да	que font vingt divisé par cinq ?
que número vem antes do #?	numberline	1	да	que número vem antes do 17?
que signifie divisible ?	inquiry_de_fr	1	да	que signifie divisible ?
que é o táxi?	lang_pt	1	да	que é o táxi?
quel est le carré de # ?	inquiry_de_fr	1	да	quel est le carré de 23 ?
quel est le contraire de haut ?	opposites	1	да	quel est le contraire de haut ?
quel est le contraire de vide ?	opposites	1	да	quel est le contraire de vide ?
quel jour vient # jour après mardi ?	calendar_langs	1	да	quel jour vient 1 jour après mardi ?
quel jour vient # jours après jeudi ?	calendar_langs	1	да	quel jour vient 6 jours après jeudi ?
quel jour vient # jours après mercredi ?	calendar_langs	1	да	quel jour vient 5 jours après mercredi ?
quel jour vient après lundi ?	calendar_langs	1	да	quel jour vient après lundi ?
quel nombre se trouve entre # et # ?	numberline	1	да	quel nombre se trouve entre 14 et 16 ?
quel nombre vient avant # ?	numberline	1	да	quel nombre vient avant 20 ?
quelle est l'aire d'un carré de côté # ?	geometry_langs	1	да	quelle est l'aire d'un carré de côté 2 ?
quelle est la moyenne de #, #, #, #, # ?	stats_langs	1	да	quelle est la moyenne de 4, 8, 12, 16, 20 ?
quelle est la première lettre du mot « main » ?	letters	1	да	quelle est la première lettre du mot « main » ?
quels sont les trois degrés de «grand» ?	degrees	1	да	quels sont les trois degrés de «grand» ?
questa strada è lunga — è un fatto o un'opinione?	opinion	1	да	questa strada è lunga — è un fatto o un'opinione?
questa zuppa è buona — è un fatto o un'opinione?	opinion	1	да	questa zuppa è buona — è un fatto o un'opinione?
questo libro è interessante — è un fatto o un'opinione?	opinion	1	да	questo libro è interessante — è un fatto o un'opinione?
quoi de neuf ?	dialogue	1	да	quoi de neuf ?
rano było # stopni. zrobiło się chłodniej o # stopni. ile stopni jest teraz?	signedworld	1	да	rano było 14 stopni. zrobiło się chłodniej o 30 stopni. ile stopni jest teraz?
rano było −# stopni. zrobiło się cieplej o # stopni. ile stopni jest teraz?	signedworld	1	да	rano było −5 stopni. zrobiło się cieplej o 8 stopni. ile stopni jest teraz?
rano było −# stopnie. zrobiło się cieplej o # stopni. ile stopni jest teraz?	signedworld	1	да	rano było −3 stopnie. zrobiło się cieplej o 7 stopni. ile stopni jest teraz?
rapide et lent sont des contraires. qu'est-ce qui en découle ?	opposites	1	да	rapide et lent sont des contraires. qu'est-ce qui en découle ?
rechne # plus #. was kommt heraus?	task	1	да	rechne 17 plus 25. was kommt heraus?
regina wrote # novels. how many novels did regina write?	verbal	1	НЕТ	regina wrote 3 novels. how many novels did regina write?
regla: no borres archivos. borra # mensajes. ¿puede ejecutarse la orden?	mandateforms	1	да	regla: no borres archivos. borra 5 mensajes. ¿puede ejecutarse la orden?
regla: no crees archivos. borra # archivos. ¿puede ejecutarse la orden?	mandateforms	1	да	regla: no crees archivos. borra 5 archivos. ¿puede ejecutarse la orden?
regla: no crees archivos. crea # archivos. ¿puede ejecutarse la orden?	mandateforms	1	да	regla: no crees archivos. crea 3 archivos. ¿puede ejecutarse la orden?
regla: no muevas archivos. borra # mensajes. ¿puede ejecutarse la orden?	mandateforms	1	да	regla: no muevas archivos. borra 3 mensajes. ¿puede ejecutarse la orden?
regola: non cancellare file. sposta # messaggi. si può eseguire l'ordine?	mandateforms	1	да	regola: non cancellare file. sposta 3 messaggi. si può eseguire l'ordine?
regola: non creare file. crea # messaggi. si può eseguire l'ordine?	mandateforms	1	да	regola: non creare file. crea 3 messaggi. si può eseguire l'ordine?
regra: não apagues ficheiros. apaga # mensagens. a ordem pode ser executada?	mandateforms	1	да	regra: não apagues ficheiros. apaga 5 mensagens. a ordem pode ser executada?
regra: não cries ficheiros. move # mensagens. a ordem pode ser executada?	mandateforms	1	да	regra: não cries ficheiros. move 5 mensagens. a ordem pode ser executada?
rook stijgt op — is dat een feit of een mening?	opinion	1	да	rook stijgt op — is dat een feit of een mening?
rook stijgt op. klopt dat?	worldfacts	1	да	rook stijgt op. klopt dat?
rosa bought # ounces. rosa got # ounces more. how many ounces does rosa hold now?	items	1	да	rosa bought 6 ounces. rosa got 4 ounces more. how many ounces does rosa hold now?
rosa counted # bandages. rosa counted # more bandages. #/# of the bandages had left. how many bandages stay?	depletion	1	да	rosa counted 40 bandages. rosa counted 5 more bandages. 1/5 of the bandages had left. how many bandages stay?
rosa counted # cookies. rosa counted # more cookies. #/# of the cookies had gone. how many cookies remain?	depletion	1	да	rosa counted 24 cookies. rosa counted 16 more cookies. 1/5 of the cookies had gone. how many cookies remain?
rosa counted # eggs. rosa counted # more eggs. a fifth of the eggs were sold. how many eggs are left?	depletion	1	да	rosa counted 50 eggs. rosa counted 5 more eggs. a fifth of the eggs were sold. how many eggs are left?
rosa had # eggs. #/# of the eggs were sold. how many eggs went?	depletion	1	да	rosa had 55 eggs. 1/5 of the eggs were sold. how many eggs went?
rosa had # eggs. a fifth of the eggs were sold. how many eggs are left?	depletion	1	да	rosa had 55 eggs. a fifth of the eggs were sold. how many eggs are left?
rosa made # yards. rosa sold # of them. then rosa made # yards. how many more yards did rosa make than sell?	items	1	да	rosa made 6 yards. rosa sold 4 of them. then rosa made 4 yards. how many more yards did rosa make than sell?
rosa packed # inches. rosa used # inch away. how many inches does rosa keep?	items	1	да	rosa packed 3 inches. rosa used 1 inch away. how many inches does rosa keep?
rule: do not delete files. create # records. may the order be carried out?	mandateforms	1	да	rule: do not delete files. create 7 records. may the order be carried out?
rule: do not delete files. delete # records. may the order be carried out?	mandateforms	1	да	rule: do not delete files. delete 2 records. may the order be carried out?
règle : ne supprime pas de fichiers. crée # enregistrements. est-ce que l'ordre peut être exécuté ?	mandateforms	1	да	règle : ne supprime pas de fichiers. crée 3 enregistrements. est-ce que l'ordre peut être exécuté ?
salıdan # gün sonra hangi gün gelir?	calendar_langs	1	да	salıdan 2 gün sonra hangi gün gelir?
se dice: la una y cuarto. ¿cómo se escribe en cifras?	clockwords	1	да	se dice: la una y cuarto. ¿cómo se escribe en cifras?
se dice: la una y media. ¿cómo se escribe en cifras?	clockwords	1	да	se dice: la una y media. ¿cómo se escribe en cifras?
se dice: las tres y media. ¿cómo se escribe en cifras?	clockwords	1	да	se dice: las tres y media. ¿cómo se escribe en cifras?
se n é par, n + # é par?	inquiry_pt_nl	1	да	se n é par, n + 2 é par?
se ogni fiore è una pianta e una rosa è un fiore, una rosa è una pianta?	worldfacts	1	да	se ogni fiore è una pianta e una rosa è un fiore, una rosa è una pianta?
sechs {Носитель} einer {Носитель} sind #. welche {Носитель} ist es?	shares_percent	1	да	sechs Zehntel einer Zahl sind 12. welche Zahl ist es?
seco y mojado son contrarios. ¿qué se sigue de esto?	opposites	1	да	seco y mojado son contrarios. ¿qué se sigue de esto?
sei d'accordo che # diviso # fa #?	cross	1	да	sei d'accordo che 100 diviso 10 fa 10?
si dice: l'una e mezza. come si scrive in cifre?	clockwords	1	да	si dice: l'una e mezza. come si scrive in cifre?
si dice: le due e mezza. come si scrive in cifre?	clockwords	1	да	si dice: le due e mezza. come si scrive in cifre?
si tout liquide est une substance et que le lait est un liquide, le lait est-il une substance ?	worldfacts	1	да	si tout liquide est une substance et que le lait est un liquide, le lait est-il une substance ?
si toutes les fleurs sont des plantes et qu'une rose est une fleur, une rose est-il une plante ?	worldfacts	1	да	si toutes les fleurs sont des plantes et qu'une rose est une fleur, une rose est-il une plante ?
sind # + # + # und # × # dasselbe?	rewrite	1	да	sind 4 + 4 + 4 und 4 × 4 dasselbe?
sind # + # und # × # dasselbe?	rewrite	1	да	sind 7 + 7 und 3 × 7 dasselbe?
six eighths of a number is #. what is the number?	shares_percent	1	да	six eighths of a number is 114. what is the number?
somma # e #. quanto viene?	opforms	1	да	somma 17 e 4. quanto viene?
sono # e # coprimi?	inquiry_es_it	1	да	sono 4 e 9 coprimi?
sottrai #. quanto fa?	opforms	1	да	sottrai 9. quanto fa?
soustrais # de #. combien cela fait-il ?	opforms	1	да	soustrais 4 de 16. combien cela fait-il ?
soustrais # de #. qu'est-ce que ça donne ?	opforms	1	да	soustrais 4 de 16. qu'est-ce que ça donne ?
stimmen {Носитель} zu, dass # minus # # ist?	cross	1	да	stimmen Sie zu, dass 12 minus 4 8 ist?
subtract # from #. what do you get?	opforms	1	да	subtract 8 from 22. what do you get?
subtract # from #. what is the result?	opforms	1	да	subtract 19 from 27. what is the result?
subtrahiere # von #. was kommt heraus?	opforms	1	да	subtrahiere 2 von 9. was kommt heraus?
subtrai # de #. quanto dá?	opforms	1	да	subtrai 4 de 16. quanto dá?
sullo scaffale c'erano # monete. hanno tolto # monete. quante monete ci sono adesso?	action_pages	1	да	sullo scaffale c'erano 66 monete. hanno tolto 48 monete. quante monete ci sono adesso?
sullo scaffale ci sono # voci. nella cartella ci sono # voci. quanti voci ci sono nella scatola?	nomention	1	да	sullo scaffale ci sono 8 voci. nella cartella ci sono 15 voci. quanti voci ci sono nella scatola?
suma # y #. ¿qué da?	opforms	1	да	suma 9 y 12. ¿qué da?
sur l'étagère il y a un stylo, une pomme et un ballon. combien de choses y a-t-il sur l'étagère ?	action_pages	1	да	sur l'étagère il y a un stylo, une pomme et un ballon. combien de choses y a-t-il sur l'étagère ?
sur la clôture il y avait # pièces et # œufs. maintenant il y a # pièces et # œufs sur la clôture. combien d'œufs de plus que de pièces y a-t-il maintenant ?	action_pages	1	да	sur la clôture il y avait 32 pièces et 76 œufs. maintenant il y a 34 pièces et 112 œufs sur la clôture. combie
sven counted # bananas. sven counted # more bananas. #/# of the bananas had left. how many bananas stay?	depletion	1	да	sven counted 28 bananas. sven counted 20 more bananas. 1/2 of the bananas had left. how many bananas stay?
sven counted # cupcakes. sven counted # more cupcakes. a half of the cupcakes were sold. how many cupcakes are left?	depletion	1	да	sven counted 40 cupcakes. sven counted 10 more cupcakes. a half of the cupcakes were sold. how many cupcakes a
sven had # roses. a half of the roses had gone. how many roses remain?	depletion	1	да	sven had 30 roses. a half of the roses had gone. how many roses remain?
sven picked # candies. sven gave # candies away. how many candies does sven keep?	items	1	да	sven picked 4 candies. sven gave 2 candies away. how many candies does sven keep?
słoń jest większy od konia. więc koń nie jest większy od słonia. czy koń może być większy od słonia?	scale	1	да	słoń jest większy od konia. więc koń nie jest większy od słonia. czy koń może być większy od słonia?
số nguyên tố nhỏ nhất lớn hơn # là bao nhiêu?	search_langs	1	да	số nguyên tố nhỏ nhất lớn hơn 78 là bao nhiêu?
ta zupa jest smaczna — to fakt czy opinia?	opinion	1	да	ta zupa jest smaczna — to fakt czy opinia?
tara had # books. #/# of the books had gone. how many books went?	depletion	1	да	tara had 69 books. 1/3 of the books had gone. how many books went?
tara had # candies. #/# of the candies were eaten. how many candies are left?	depletion	1	да	tara had 69 candies. 1/3 of the candies were eaten. how many candies are left?
tara made # balloons. tara sold # of them. then tara made # balloons. how many more balloons did tara make than sell?	items	1	да	tara made 8 balloons. tara sold 2 of them. then tara made 2 balloons. how many more balloons did tara make tha
tara made # shells. tara sold # of them. then tara made # shells. how many more shells did tara make than sell?	items	1	да	tara made 8 shells. tara sold 2 of them. then tara made 2 shells. how many more shells did tara make than sell
tara packed # degrees. tara used # degrees away. how many degrees does tara keep?	items	1	да	tara packed 5 degrees. tara used 3 degrees away. how many degrees does tara keep?
tara packed # flowers. tara used # flowers away. how many flowers does tara keep?	items	1	да	tara packed 5 flowers. tara used 3 flowers away. how many flowers does tara keep?
tara packed # marbles. tara used # marbles away. how many marbles does tara keep?	items	1	да	tara packed 5 marbles. tara used 3 marbles away. how many marbles does tara keep?
tara packed # years. tara used # years away. how many years does tara keep?	items	1	да	tara packed 5 years. tara used 3 years away. how many years does tara keep?
teile # gleichmäßig durch #. wie viel kommt heraus?	opforms	1	да	teile 30 gleichmäßig durch 6. wie viel kommt heraus?
tel # en # op. hoeveel krijg je?	opforms	1	да	tel 9 en 12 op. hoeveel krijg je?
tel terug van # tot #. wat komt eruit?	numberline	1	да	tel terug van 7 tot 5. wat komt eruit?
tell me whether # is divisible by #	inquiry	1	да	tell me whether 163 is divisible by 10
tell me whether # is prime	numbers	1	да	tell me whether 134 is prime
ten kolor jest ładny — czy to fakt, czy opinia?	opinion	1	да	ten kolor jest ładny — czy to fakt, czy opinia?
tengo # manzanas # libros # lápices. ¿cuántas cosas tengo?	readnum	1	да	tengo 2 manzanas 7 libros 9 lápices. ¿cuántas cosas tengo?
tengo # manzanas rojas y # nuevas. ¿cuántas manzanas tengo?	readnum	1	да	tengo 24 manzanas rojas y 5 nuevas. ¿cuántas manzanas tengo?
tengo # manzanas y # nuevas. ¿cuántas manzanas tengo?	proform	1	да	tengo 10 manzanas y 5 nuevas. ¿cuántas manzanas tengo?
tengo hambre. ¿qué debo hacer?	reply	1	да	tengo hambre. ¿qué debo hacer?
tengo miedo. ¿por qué?	reply	1	да	tengo miedo. ¿por qué?
tengo prisa. ¿qué debo hacer?	reply	1	да	tengo prisa. ¿qué debo hacer?
tenho # maçãs # livros # lápis. quantas coisas tenho?	readnum	1	да	tenho 7 maçãs 6 livros 4 lápis. quantas coisas tenho?
tenho livros. há #. quantos livros tenho?	readnum	1	да	tenho livros. há 7. quantos livros tenho?
tenho medo. porque é que?	reply	1	да	tenho medo. porque é que?
tenho pressa. o que devo fazer?	reply	1	да	tenho pressa. o que devo fazer?
the bag weighs # kilogram # grams. # kilograms # grams was added to it. how much does the bag weigh?	mixedunits	1	да	the bag weighs 1 kilogram 900 grams. 5 kilograms 250 grams was added to it. how much does the bag weigh?
the book is above the key. where is the key?	place	1	да	the book is above the key. where is the key?
the book is to the left of the key, the key is to the left of the cup. what is between the book and the cup?	place	1	да	the book is to the left of the key, the key is to the left of the cup. what is between the book and the cup?
the cat crawled # metres. the kangaroo crawled # metres. how many fewer metres did the kangaroo crawl than the cat?	measure_story	1	да	the cat crawled 48 metres. the kangaroo crawled 19 metres. how many fewer metres did the kangaroo crawl than t
the cat jumped # feet and then # feet. how far did the cat jump in all?	action_measure	1	да	the cat jumped 27 feet and then 13 feet. how far did the cat jump in all?
the cat jumped # feet. how far did the cat jump?	action_measure	1	да	the cat jumped 27 feet. how far did the cat jump?
the child waited # days. how long did the child wait?	unit_counts	1	да	the child waited 5 days. how long did the child wait?
the child waited # minutes. how long did the child wait?	unit_counts	1	да	the child waited 2 minutes. how long did the child wait?
the coin is in the box, and the box is on the shelf. where is the coin?	everyday	1	да	the coin is in the box, and the box is on the shelf. where is the coin?
the cup is below the key, the key is below the book. what is between the cup and the book?	place	1	да	the cup is below the key, the key is below the book. what is between the cup and the book?
the cup is to the right of the lamp. where is the lamp?	place	1	да	the cup is to the right of the lamp. where is the lamp?
the dog crawled # feet. the cat crawled # feet. how many more feet did the dog crawl than the cat?	measure_story	1	да	the dog crawled 31 feet. the cat crawled 25 feet. how many more feet did the dog crawl than the cat?
the dog jumped # inches. the frog jumped # inches. how many fewer inches did the frog jump than the dog?	measure_story	1	да	the dog jumped 48 inches. the frog jumped 19 inches. how many fewer inches did the frog jump than the dog?
the dog ran # inches. the mouse ran # inches. how many fewer inches did the mouse run than the dog?	measure_story	1	да	the dog ran 31 inches. the mouse ran 25 inches. how many fewer inches did the mouse run than the dog?
the dog swam # inches. the kangaroo swam # inches. how many fewer inches did the kangaroo swim than the dog?	measure_story	1	да	the dog swam 31 inches. the kangaroo swam 25 inches. how many fewer inches did the kangaroo swim than the dog?
the first rule: do not create files. the second rule: do not move files. delete # files. may the order be carried out?	mandateforms	1	да	the first rule: do not create files. the second rule: do not move files. delete 5 files. may the order be carr
the first rule: do not delete files. the second rule: do not move files. create # records. may the order be carried out?	mandateforms	1	да	the first rule: do not delete files. the second rule: do not move files. create 7 records. may the order be ca
the flower is in the garden, and the garden is in the house. where is the flower?	everyday	1	да	the flower is in the garden, and the garden is in the house. where is the flower?
the frog jumped # inches and then # inches. how far did the frog jump in all?	action_measure	1	да	the frog jumped 46 inches and then 14 inches. how far did the frog jump in all?
the frog weighed # pounds and then # pounds. how much did the frog weigh in all?	action_measure	1	да	the frog weighed 31 pounds and then 19 pounds. how much did the frog weigh in all?
the frog weighed # pounds. how much did the frog weigh?	action_measure	1	да	the frog weighed 15 pounds. how much did the frog weigh?
the grasshopper crawled # inches. the kangaroo crawled # inches. how many more inches did the grasshopper crawl than the kangaroo?	measure_story	1	да	the grasshopper crawled 73 inches. the kangaroo crawled 41 inches. how many more inches did the grasshopper cr
the grasshopper flew # feet. the kangaroo flew # feet. how many more feet did the grasshopper fly than the kangaroo?	measure_story	1	да	the grasshopper flew 18 feet. the kangaroo flew 9 feet. how many more feet did the grasshopper fly than the ka
the human heart is an organ that pumps blood. what does the human heart do?	genus_diff	1	да	the human heart is an organ that pumps blood. what does the human heart do?
the items are light and circle. a numbered list of # items — which items?	md_structures	1	да	the items are light and circle. a numbered list of 2 items — which items?
the items are measure and forest. a numbered list of # items — which items?	md_structures	1	да	the items are measure and forest. a numbered list of 2 items — which items?
the items are point and road. a numbered list of # items — which items?	md_structures	1	да	the items are point and road. a numbered list of 2 items — which items?
the kangaroo ran # inches. the mouse ran # inches. how many fewer inches did the mouse run than the kangaroo?	measure_story	1	да	the kangaroo ran 18 inches. the mouse ran 9 inches. how many fewer inches did the mouse run than the kangaroo?
the kangaroo weighed # kilograms and then # kilograms. how much did the kangaroo weigh in all?	action_measure	1	да	the kangaroo weighed 31 kilograms and then 19 kilograms. how much did the kangaroo weigh in all?
the meeting lasts # weeks. how long does the meeting last?	unit_counts	1	да	the meeting lasts 3 weeks. how long does the meeting last?
the mouse ran # feet. the dog ran # feet. how many more feet did the mouse run than the dog?	measure_story	1	да	the mouse ran 65 feet. the dog ran 28 feet. how many more feet did the mouse run than the dog?
the mouse ran # metres. the kangaroo ran # metres. how many fewer metres did the kangaroo run than the mouse?	measure_story	1	да	the mouse ran 65 metres. the kangaroo ran 28 metres. how many fewer metres did the kangaroo run than the mouse
the numbers: #, #, #, #. how do they go in ascending order?	orderforms	1	да	the numbers: 96, 74, 85, 52. how do they go in ascending order?
the numbers: #, #, #. which number is the second largest?	orderforms	1	да	the numbers: 9, 27, 14. which number is the second largest?
the roman numeral XIV. what number is this?	roman	1	да	the roman numeral XIV. what number is this?
the rope is # metres # centimetres long. # metres # centimetres was tied to it. how long is it now?	mixedunits	1	да	the rope is 6 metres 48 centimetres long. 2 metres 64 centimetres was tied to it. how long is it now?
the rope was # metres # centimetres long. # metre # centimetres was cut off it. how much is left?	mixedunits	1	да	the rope was 9 metres 7 centimetres long. 1 metre 35 centimetres was cut off it. how much is left?
the tank is # feet wide and # feet long and holds # cubic feet of water. what is the tank's water depth?	gsmforms	1	да	the tank is 5 feet wide and 5 feet long and holds 100 cubic feet of water. what is the tank's water depth?
the train goes # km/h. how far will it go in # hours?	speedforms	1	да	the train goes 50 km/h. how far will it go in 7 hours?
the train went # km in # hours. how many kilometres per hour does it go?	speedforms	1	да	the train went 240 km in 2 hours. how many kilometres per hour does it go?
the trip takes # days. how long does the trip take?	unit_counts	1	да	the trip takes 3 days. how long does the trip take?
the trip takes # months. how long does the trip take?	unit_counts	1	да	the trip takes 5 months. how long does the trip take?
the work took # day. how long did the work take?	unit_counts	1	да	the work took 1 day. how long did the work take?
the work took # weeks. how long did the work take?	unit_counts	1	да	the work took 10 weeks. how long did the work take?
theorem: if a is even and b is even, then a + b is even. what is the conclusion?	metalang	1	да	theorem: if a is even and b is even, then a + b is even. what is the conclusion?
theorem: if a leaves remainder # when divided by # and b leaves remainder # when divided by #, then a * b leaves remainder # when divided by #. how is it proved?	metalang	1	да	theorem: if a leaves remainder 3 when divided by 5 and b leaves remainder 3 when divided by 5, then a * b leav
theorem: if a leaves remainder # when divided by # and b leaves remainder # when divided by #, then a + b is divisible by #. what is the condition?	metalang	1	да	theorem: if a leaves remainder 2 when divided by 4 and b leaves remainder 2 when divided by 4, then a + b is d
there are # apples in the bag. tara took # apples. how many apples are left?	items	1	да	there are 8 apples in the bag. tara took 2 apples. how many apples are left?
there are # apples in the basket: # red and # green. how many apples are not red?	quantforms	1	да	there are 4 apples in the basket: 1 red and 3 green. how many apples are not red?
there are # apples in the basket: all # red. are all the apples red?	quantforms	1	да	there are 5 apples in the basket: all 5 red. are all the apples red?
there are # apples on the table. vera took # apples. how many apples are there now?	items	1	да	there are 10 apples on the table. vera took 4 apples. how many apples are there now?
there are # blue marbles. there are four times as many red marbles as blue marbles. how many marbles are there in all?	relations_story	1	да	there are 38 blue marbles. there are four times as many red marbles as blue marbles. how many marbles are ther
there are # candies in the box. omar took # candies. how many candies are left?	items	1	да	there are 4 candies in the box. omar took 2 candies. how many candies are left?
there are # cards and # flowers on the table. how many flowers are on the table?	sceneforms	1	да	there are 24 cards and 8 flowers on the table. how many flowers are on the table?
there are # cards in the room. # of them are red. how many are not red?	action_pages	1	да	there are 800 cards in the room. 15 of them are red. how many are not red?
there are # eggs on the shelf. where are the # eggs?	holdforms	1	да	there are 4 eggs on the shelf. where are the 4 eggs?
there are # files in the box. how many messages are in the box?	nomention	1	да	there are 7 files in the box. how many messages are in the box?
there are # files in the folder. how many files are in the box?	nomention	1	да	there are 11 files in the folder. how many files are in the box?
there are # files in the folder. the act creates # file twice. how many files are in the folder after the act?	toolforms	1	да	there are 12 files in the folder. the act creates 1 file twice. how many files are in the folder after the act
there are # files in the folder. the act creates # file. how many files are in the folder after the act?	toolforms	1	да	there are 27 files in the folder. the act creates 1 file. how many files are in the folder after the act?
there are # files in the folder. the act only reads. how many files are in the folder after the act?	toolforms	1	да	there are 29 files in the folder. the act only reads. how many files are in the folder after the act?
there are # files in the folder. the first act creates # file. the second act only reads. the third act creates # files. how many acts changed the count?	episodeforms	1	да	there are 10 files in the folder. the first act creates 1 file. the second act only reads. the third act creat
there are # files in the folder. the first act creates # files. how many files are in the folder?	personforms	1	да	there are 12 files in the folder. the first act creates 5 files. how many files are in the folder?
there are # files in the folder. the first act creates # files. the second act creates # file. the third act deletes # files. which act changed the count most?	episodeforms	1	да	there are 5 files in the folder. the first act creates 3 files. the second act creates 1 file. the third act d
there are # files in the folder. the first act creates # files. the second act deletes # files. the third act creates # files. how many files are in the folder after all the acts?	episodeforms	1	да	there are 14 files in the folder. the first act creates 5 files. the second act deletes 6 files. the third act
there are # files in the folder. the first act deletes # files. the second act creates # files. the third act creates # files. which act changed the count most?	episodeforms	1	да	there are 6 files in the folder. the first act deletes 4 files. the second act creates 4 files. the third act 
there are # files in the folder. there are # files in the box. there are # files in the list. the summary: # files in the folder, # files in the box. is the summary right?	summaryforms	1	да	there are 13 files in the folder. there are 16 files in the box. there are 3 files in the list. the summary: 1
there are # files on the shelf. how many files are in the box?	nomention	1	да	there are 15 files on the shelf. how many files are in the box?
there are # files on the shelf. there are # files in the folder. how many files are in the folder?	nomention	1	да	there are 15 files on the shelf. there are 2 files in the folder. how many files are in the folder?
there are # girls. there are twice as many boys as girls. how many pupils are there in all?	relations_story	1	да	there are 42 girls. there are twice as many boys as girls. how many pupils are there in all?
there are # messages in the folder. there are # messages in the box. there are # messages in the list. there are # messages on the shelf. the summary: # messages in the folder, # messages in the list, # messages on the shelf. about which place is the summary silent?	summaryforms	1	да	there are 13 messages in the folder. there are 16 messages in the box. there are 3 messages in the list. there
there are # messages in the folder. there are # messages in the box. there are # messages in the list. there are # messages on the shelf. the summary: # messages in the folder, # messages in the list, # messages on the shelf. what does the summary say about the folder?	summaryforms	1	да	there are 3 messages in the folder. there are 6 messages in the box. there are 9 messages in the list. there a
there are # messages in the list. the act deletes # messages. how many messages are in the list after the act?	toolforms	1	да	there are 8 messages in the list. the act deletes 3 messages. how many messages are in the list after the act?
there are # messages in the list. the first act creates # messages. the second act creates # messages. the third act deletes # messages. how many messages are in the list after the second act?	episodeforms	1	да	there are 15 messages in the list. the first act creates 2 messages. the second act creates 5 messages. the th
there are # more cats than dogs in the yard. there are # dogs in the yard. how many cats are there in the yard?	action_measure	1	да	there are 4 more cats than dogs in the yard. there are 9 dogs in the yard. how many cats are there in the yard
there are # records in the box. the act creates # records twice. how many records are in the box after the act?	toolforms	1	да	there are 4 records in the box. the act creates 2 records twice. how many records are in the box after the act
there are # records in the folder. there are # records in the box. how many records are in the list?	nomention	1	да	there are 21 records in the folder. there are 6 records in the box. how many records are in the list?
there are # records in the folder. there are # records in the box. there are # records in the list. the summary: # records in the folder, # records in the box. is the summary right?	summaryforms	1	да	there are 18 records in the folder. there are 5 records in the box. there are 8 records in the list. the summa
there are # records in the folder. there are # records in the box. there are # records in the list. there are # records on the shelf. the summary: # records in the folder, # records in the list, # records on the shelf. how many places does the summary name?	summaryforms	1	да	there are 3 records in the folder. there are 6 records in the box. there are 9 records in the list. there are 
there are # vehicles in a yard, bicycles and cars. a bicycle has # wheels and a car has # wheels. there are # wheels in all. how many cars are there?	two_kinds	1	да	there are 42 vehicles in a yard, bicycles and cars. a bicycle has 2 wheels and a car has 4 wheels. there are 9
there are twice as many roses as tulips. there are # flowers in all. how many roses are there?	relations_story	1	да	there are twice as many roses as tulips. there are 57 flowers in all. how many roses are there?
there is # record in the box. the act only reads. how many records are in the box after the act?	toolforms	1	да	there is 1 record in the box. the act only reads. how many records are in the box after the act?
there were # apples and # coins on the fence. # more apples came. how many apples and coins are there on the fence?	action_pages	1	да	there were 36 apples and 9 coins on the fence. 12 more apples came. how many apples and coins are there on the
there were # apples on the fence. # of them were red. how many were not red?	action_pages	1	да	there were 240 apples on the fence. 55 of them were red. how many were not red?
there were # birds on the fence. # birds flew away. how many birds are there on the fence now?	action_measure	1	да	there were 30 birds on the fence. 12 birds flew away. how many birds are there on the fence now?
there were # boats in the harbour. # more boats arrived. how many boats are there in the harbour now?	action_measure	1	да	there were 30 boats in the harbour. 12 more boats arrived. how many boats are there in the harbour now?
there were # cards in the garden. # cards were new. how many cards were not new?	action_pages	1	да	there were 40 cards in the garden. 12 cards were new. how many cards were not new?
there were # students in the class. # more students came in. how many students are there in the class now?	action_measure	1	да	there were 7 students in the class. 6 more students came in. how many students are there in the class now?
they said: a quarter to eight. how do you write it in figures?	clockwords	1	да	they said: a quarter to eight. how do you write it in figures?
they said: a quarter to four. how do you write it in figures?	clockwords	1	да	they said: a quarter to four. how do you write it in figures?
they said: a quarter to seven. how do you write it in figures?	clockwords	1	да	they said: a quarter to seven. how do you write it in figures?
this colour is beautiful — is that a fact or an opinion?	opinion	1	да	this colour is beautiful — is that a fact or an opinion?
three fifths of a number is #. what is the number?	share	1	да	three fifths of a number is 15. what is the number?
three sevenths of a number is #. what is the number?	shares_percent	1	да	three sevenths of a number is 54. what is the number?
tinha # livros. perdi # livros e encontrei # novos. quantos livros tenho agora?	proform	1	да	tinha 24 livros. perdi 10 livros e encontrei 9 novos. quantos livros tenho agora?
tinha # maçãs. perdi # maçãs e encontrei # novas. quantas maçãs tenho agora?	proform	1	да	tinha 24 maçãs. perdi 10 maçãs e encontrei 9 novas. quantas maçãs tenho agora?
today is thursday. what day was yesterday?	calendar	1	да	today is thursday. what day was yesterday?
today is wednesday. what day was the day before yesterday?	calendar	1	да	today is wednesday. what day was the day before yesterday?
today {Носитель} breaks a plate. what is the past of break?	everyday	1	да	today Ann breaks a plate. what is the past of break?
today {Носитель} needs a key. what is the past of need?	everyday	1	да	today Ira needs a key. what is the past of need?
together {Носитель}, {Носитель} and {Носитель} have # games. {Носитель} has twice as many as {Носитель}. {Носитель} has # fewer than {Носитель}. how many games does {Носитель} have?	relations_story	1	да	together Carla, Carlos and Anna have 101 games. Carla has twice as many as Carlos. Carlos has 5 fewer than Ann
tom grew # flowers. how many flowers did tom grow?	verbal	1	НЕТ	tom grew 9 flowers. how many flowers did tom grow?
tom has # books. he gave away # books. how many does he have left?	anaphora	1	да	tom has 12 books. he gave away 5 books. how many does he have left?
trouve # fois #. que trouve-t-on ?	task	1	да	trouve 7 fois 3. que trouve-t-on ?
trouve # moins #. que trouve-t-on ?	task	1	да	trouve 25 moins 17. que trouve-t-on ?
tu jest przytulnie — czy to fakt, czy opinia?	opinion	1	да	tu jest przytulnie — czy to fakt, czy opinia?
tu jest przytulnie — to fakt czy opinia?	opinion	1	да	tu jest przytulnie — to fakt czy opinia?
twierdzenie: # + # = #. sprawdzenie: # + # = #. jaki jest werdykt?	verifyforms	1	да	twierdzenie: 75 + 50 = 125. sprawdzenie: 75 + 50 = 125. jaki jest werdykt?
twierdzenie: # jest parzysta. sprawdzenie: # = # × #, bez reszty. jaki jest werdykt?	verifyforms	1	да	twierdzenie: 66 jest parzysta. sprawdzenie: 66 = 33 × 2, bez reszty. jaki jest werdykt?
two tenths of a number is #. what is the number?	shares_percent	1	да	two tenths of a number is 14. what is the number?
two thirds of a number is #. what is the number?	share	1	да	two thirds of a number is 8. what is the number?
tydzień ma # dni. ile dni ma tydzień?	topics	1	да	tydzień ma 7 dni. ile dni ma tydzień?
tüm fonksiyonlar birebirdir demek doğru mudur?	inquiry_pl_tr	1	да	tüm fonksiyonlar birebirdir demek doğru mudur?
tęcza ma # kolorów. ile kolorów ma tęcza?	nature	1	да	tęcza ma 7 kolorów. ile kolorów ma tęcza?
układ słoneczny ma # planet. ile planet ma układ słoneczny?	nature	1	да	układ słoneczny ma 8 planet. ile planet ma układ słoneczny?
um cavalo é maior do que um gato. portanto um gato não é maior do que um cavalo. pode um gato ser maior do que um cavalo?	scale	1	да	um cavalo é maior do que um gato. portanto um gato não é maior do que um cavalo. pode um gato ser maior do que
um elefante é maior do que um cavalo. qual é maior: um elefante ou um cavalo?	scale	1	да	um elefante é maior do que um cavalo. qual é maior: um elefante ou um cavalo?
um livro custa # euros. quanto custam # livros?	price	1	да	um livro custa 2 euros. quanto custam 5 livros?
um livro custa # euros. tenho # euros. quanto falta para # livros?	enough	1	да	um livro custa 4 euros. tenho 15 euros. quanto falta para 4 livros?
um livro tem # capítulos. o primeiro capítulo tem # páginas e o segundo # páginas. quantas páginas tem o livro no total?	svamp	1	да	um livro tem 2 capítulos. o primeiro capítulo tem 30 páginas e o segundo 12 páginas. quantas páginas tem o liv
uma maçã custa # euros. tenho # euros. é suficiente para # maçãs?	enough	1	да	uma maçã custa 3 euros. tenho 12 euros. é suficiente para 5 maçãs?
umar counted # bolts. umar counted # more bolts. #/# of the bolts had gone. how many bolts remain?	depletion	1	да	umar counted 35 bolts. umar counted 9 more bolts. 1/4 of the bolts had gone. how many bolts remain?
umar counted # bolts. umar counted # more bolts. a quarter of the bolts had gone. how many bolts remain?	depletion	1	да	umar counted 35 bolts. umar counted 9 more bolts. a quarter of the bolts had gone. how many bolts remain?
umar counted # players. umar met # players more. how many players does umar know now?	items	1	да	umar counted 9 players. umar met 3 players more. how many players does umar know now?
umar counted # shells. umar counted # more shells. #/# of the shells were taken. how many shells remain?	depletion	1	да	umar counted 50 shells. umar counted 10 more shells. 1/4 of the shells were taken. how many shells remain?
umar had # bananas. #/# of the bananas were eaten. how many bananas went?	depletion	1	да	umar had 60 bananas. 1/4 of the bananas were eaten. how many bananas went?
umar had # bolts. a quarter of the bolts had gone. how many bolts remain?	depletion	1	да	umar had 44 bolts. a quarter of the bolts had gone. how many bolts remain?
umar had # candies. #/# of the candies were sold. how many candies are left?	depletion	1	да	umar had 40 candies. 1/4 of the candies were sold. how many candies are left?
umar had # flowers. #/# of the flowers had left. how many flowers stay?	depletion	1	да	umar had 48 flowers. 1/4 of the flowers had left. how many flowers stay?
umar had # roses. #/# of the roses were sold. how many roses went?	depletion	1	да	umar had 32 roses. 1/4 of the roses were sold. how many roses went?
un año tiene # meses. ¿cuántos meses tiene un año?	topics	1	да	un año tiene 12 meses. ¿cuántos meses tiene un año?
un caballo es más grande que un perro. ¿cuál es más grande: un caballo o un perro?	scale	1	да	un caballo es más grande que un perro. ¿cuál es más grande: un caballo o un perro?
un caballo es más grande que un ratón. así que un ratón no es más grande que un caballo. ¿puede un ratón ser más grande que un caballo?	scale	1	да	un caballo es más grande que un ratón. así que un ratón no es más grande que un caballo. ¿puede un ratón ser m
un cane è più grande di un gatto. quindi un gatto non è più grande di un cane. può un gatto essere più grande di un cane?	scale	1	да	un cane è più grande di un gatto. quindi un gatto non è più grande di un cane. può un gatto essere più grande 
un chat est plus grand qu'une souris. donc une souris n'est pas plus grande qu'un chat. est-ce que une souris peut être plus grande qu'un chat ?	scale	1	да	un chat est plus grand qu'une souris. donc une souris n'est pas plus grande qu'un chat. est-ce que une souris 
un crayon coûte # euros. j'ai # euros. combien manque-t-il pour # crayons ?	enough	1	да	un crayon coûte 2 euros. j'ai 10 euros. combien manque-t-il pour 6 crayons ?
un crayon coûte # €. combien coûtent # crayons ?	readnum	1	да	un crayon coûte 3 €. combien coûtent 2 crayons ?
un elefante è più grande di una persona. che cosa è più grande: un elefante o una persona?	scale	1	да	un elefante è più grande di una persona. che cosa è più grande: un elefante o una persona?
un libro cuesta # €. ¿cuánto cuesta un libro?	readnum	1	да	un libro cuesta 7 €. ¿cuánto cuesta un libro?
un livre coûte # euros. j'ai # euros. combien manque-t-il pour # livres ?	enough	1	да	un livre coûte 5 euros. j'ai 20 euros. combien manque-t-il pour 5 livres ?
un lápiz cuesta # euros. tengo # euros. ¿cuánto falta para # lápices?	enough	1	да	un lápiz cuesta 4 euros. tengo 15 euros. ¿cuánto falta para 4 lápices?
un éléphant est plus grand qu'un chien. qu'est-ce qui est plus grand : un éléphant ou un chien ?	scale	1	да	un éléphant est plus grand qu'un chien. qu'est-ce qui est plus grand : un éléphant ou un chien ?
una manzana cuesta # euros. ¿cuánto cuestan # manzanas?	price	1	да	una manzana cuesta 5 euros. ¿cuánto cuestan 3 manzanas?
una matita costa # euro. ho # euro. è abbastanza per # matite?	enough	1	да	una matita costa 5 euro. ho 20 euro. è abbastanza per 3 matite?
una persona ha # occhi. quante occhi ha una persona?	nature	1	да	una persona ha 2 occhi. quante occhi ha una persona?
una semana tiene # días. ¿cuántos días tiene una semana?	topics	1	да	una semana tiene 7 días. ¿cuántos días tiene una semana?
une personne est plus grande qu'un chien. qu'est-ce qui est plus grand : une personne ou un chien ?	scale	1	да	une personne est plus grande qu'un chien. qu'est-ce qui est plus grand : une personne ou un chien ?
une pomme coûte # euros. j'ai # euros. combien manque-t-il pour # pommes ?	enough	1	да	une pomme coûte 4 euros. j'ai 15 euros. combien manque-t-il pour 4 pommes ?
une pomme coûte # €. combien coûtent # pommes ?	readnum	1	да	une pomme coûte 7 €. combien coûtent 4 pommes ?
user: create the file a.txt. organism: i propose to create the file a.txt. is that confirmed?	actturn	1	да	user: create the file a.txt. organism: i propose to create the file a.txt. is that confirmed?
user: create the file b.txt. organism: i propose to create the file b.txt. is that confirmed?	actturn	1	да	user: create the file b.txt. organism: i propose to create the file b.txt. is that confirmed?
user: create the file notes.md. organism: i propose to create the file notes.md. is that confirmed?	actturn	1	да	user: create the file notes.md. organism: i propose to create the file notes.md. is that confirmed?
user: delete the file a.txt. organism: the file a.txt is not there — the act is not performed. user: how many files are in the folder?	actturn	1	да	user: delete the file a.txt. organism: the file a.txt is not there — the act is not performed. user: how many 
user: read the file b.txt. organism: i propose to read the file b.txt. is that confirmed?	actturn	1	да	user: read the file b.txt. organism: i propose to read the file b.txt. is that confirmed?
usuario: amplía el archivo a.txt. organismo: propongo ampliar el archivo a.txt. ¿es correcto?	actturn	1	да	usuario: amplía el archivo a.txt. organismo: propongo ampliar el archivo a.txt. ¿es correcto?
usuario: amplía el archivo notes.md. organismo: propongo ampliar el archivo notes.md. ¿es correcto?	actturn	1	да	usuario: amplía el archivo notes.md. organismo: propongo ampliar el archivo notes.md. ¿es correcto?
usuario: crea el archivo notes.md. organismo: el archivo notes.md ya existe — el acto no se realiza. usuario: ¿cuántos archivos hay en la carpeta?	actturn	1	да	usuario: crea el archivo notes.md. organismo: el archivo notes.md ya existe — el acto no se realiza. usuario: 
usuario: elimina el archivo a.txt. organismo: el archivo a.txt no existe — el acto no se realiza. usuario: ¿cuántos archivos hay en la carpeta?	actturn	1	да	usuario: elimina el archivo a.txt. organismo: el archivo a.txt no existe — el acto no se realiza. usuario: ¿cu
usuario: elimina el archivo b.txt. organismo: propongo eliminar el archivo b.txt. ¿es correcto?	actturn	1	да	usuario: elimina el archivo b.txt. organismo: propongo eliminar el archivo b.txt. ¿es correcto?
utente: amplia il file b.txt. organismo: propongo di ampliare il file b.txt. è confermato?	actturn	1	да	utente: amplia il file b.txt. organismo: propongo di ampliare il file b.txt. è confermato?
utente: amplia il file list.csv. organismo: propongo di ampliare il file list.csv. è confermato?	actturn	1	да	utente: amplia il file list.csv. organismo: propongo di ampliare il file list.csv. è confermato?
utente: crea il file b.txt. organismo: il file b.txt esiste già — l'atto non viene eseguito. utente: quanti file ci sono nella cartella?	actturn	1	да	utente: crea il file b.txt. organismo: il file b.txt esiste già — l'atto non viene eseguito. utente: quanti fi
utente: crea il file b.txt. organismo: propongo di creare il file b.txt. è confermato?	actturn	1	да	utente: crea il file b.txt. organismo: propongo di creare il file b.txt. è confermato?
utente: crea il file list.csv. organismo: il file list.csv esiste già — l'atto non viene eseguito. utente: quanti file ci sono nella cartella?	actturn	1	да	utente: crea il file list.csv. organismo: il file list.csv esiste già — l'atto non viene eseguito. utente: qua
utilisateur : combien de fichiers y a-t-il dans le dossier ?	actturn	1	да	utilisateur : combien de fichiers y a-t-il dans le dossier ?
utilisateur : crée le fichier b.txt. organisme : le fichier b.txt existe déjà — l'acte n'est pas exécuté. utilisateur : combien de fichiers y a-t-il dans le dossier ?	actturn	1	да	utilisateur : crée le fichier b.txt. organisme : le fichier b.txt existe déjà — l'acte n'est pas exécuté. util
utilisateur : lis le fichier list.csv. organisme : je propose de lire le fichier list.csv. est-ce confirmé ?	actturn	1	да	utilisateur : lis le fichier list.csv. organisme : je propose de lire le fichier list.csv. est-ce confirmé ?
utilisateur : supprime le fichier a.txt. organisme : je propose de supprimer le fichier a.txt. est-ce confirmé ?	actturn	1	да	utilisateur : supprime le fichier a.txt. organisme : je propose de supprimer le fichier a.txt. est-ce confirmé
utilizador: elimina o ficheiro a.txt. organismo: proponho eliminar o ficheiro a.txt. é confirmado?	actturn	1	да	utilizador: elimina o ficheiro a.txt. organismo: proponho eliminar o ficheiro a.txt. é confirmado?
utilizador: lê o ficheiro notes.md. organismo: proponho ler o ficheiro notes.md. é confirmado?	actturn	1	да	utilizador: lê o ficheiro notes.md. organismo: proponho ler o ficheiro notes.md. é confirmado?
użytkownik: dopisz plik list.csv. organizm: proponuję dopisać plik list.csv. czy to potwierdzone?	actturn	1	да	użytkownik: dopisz plik list.csv. organizm: proponuję dopisać plik list.csv. czy to potwierdzone?
użytkownik: dopisz plik notes.md. organizm: pliku notes.md nie ma — akt nie zostaje wykonany. użytkownik: ile plików jest w folderze?	actturn	1	да	użytkownik: dopisz plik notes.md. organizm: pliku notes.md nie ma — akt nie zostaje wykonany. użytkownik: ile 
użytkownik: ile plików jest w folderze?	actturn	1	да	użytkownik: ile plików jest w folderze?
użytkownik: przeczytaj plik list.csv. organizm: proponuję przeczytać plik list.csv. czy to potwierdzone?	actturn	1	да	użytkownik: przeczytaj plik list.csv. organizm: proponuję przeczytać plik list.csv. czy to potwierdzone?
vad är en stad?	lang_sv	1	да	vad är en stad?
vad är en taxi?	lang_sv	1	да	vad är en taxi?
vad är en zebra?	lang_sv	1	да	vad är en zebra?
vad är ett kilo?	lang_sv	1	да	vad är ett kilo?
vad är ett watt?	lang_sv	1	да	vad är ett watt?
vandaag is het donderdag. welke dag is het overmorgen?	calendar_langs	1	да	vandaag is het donderdag. welke dag is het overmorgen?
vandaag is het maandag. welke dag is het overmorgen?	calendar_langs	1	да	vandaag is het maandag. welke dag is het overmorgen?
vandaag is het vrijdag. welke dag is het morgen?	calendar_langs	1	да	vandaag is het vrijdag. welke dag is het morgen?
vandaag is het woensdag. welke dag was het eergisteren?	calendar_langs	1	да	vandaag is het woensdag. welke dag was het eergisteren?
vendredi {Носитель} a trouvé # pierres sur la plage. quand {Носитель} a-t-elle trouvé # pierres sur la plage ?	holes	1	да	vendredi Marie a trouvé 12 pierres sur la plage. quand Marie a-t-elle trouvé 12 pierres sur la plage ?
vera greeted # puppies. vera met # puppies more. how many puppies does vera know now?	items	1	да	vera greeted 10 puppies. vera met 4 puppies more. how many puppies does vera know now?
vera had # sandwiches. #/# of the sandwiches were taken. how many sandwiches remain?	depletion	1	да	vera had 65 sandwiches. 1/5 of the sandwiches were taken. how many sandwiches remain?
vera made # bananas. vera sold # of them. then vera made # bananas. how many more bananas did vera make than sell?	items	1	да	vera made 10 bananas. vera sold 4 of them. then vera made 4 bananas. how many more bananas did vera make than 
vera made # toys. how many toys did vera make?	verbal	1	НЕТ	vera made 5 toys. how many toys did vera make?
verdeel # gelijk over #. wat komt eruit?	numberline	1	да	verdeel 20 gelijk over 5. wat komt eruit?
verhoudt # zich tot # als # tot #?	analog	1	да	verhoudt 4 zich tot 10 als 6 tot 16?
vilket är nästa primtal efter #?	search_langs	1	да	vilket är nästa primtal efter 71?
você disse que # menos # dá #. é assim?	object	1	да	você disse que 18 menos 4 dá 14. é assim?
vol en leeg zijn tegenstellingen. wat volgt hieruit?	opposites	1	да	vol en leeg zijn tegenstellingen. wat volgt hieruit?
vous allez bien ?	dialogue	1	да	vous allez bien ?
w XC mniejszy znak X stoi przed większym znakiem C i odejmuje się. co to znaczy?	roman	1	да	w XC mniejszy znak X stoi przed większym znakiem C i odejmuje się. co to znaczy?
w XIX mniejszy znak I stoi przed większym znakiem X i odejmuje się. co to znaczy?	roman	1	да	w XIX mniejszy znak I stoi przed większym znakiem X i odejmuje się. co to znaczy?
w autobusie było # dzieci. wsiadło jeszcze # dzieci. ile dzieci jest teraz w autobusie?	action_measure_langs	1	да	w autobusie było 28 dzieci. wsiadło jeszcze 14 dzieci. ile dzieci jest teraz w autobusie?
w czwartek Paweł kupił # książek na jarmarku. ile książek kupił Paweł na jarmarku w czwartek?	holes	1	да	w czwartek Paweł kupił 6 książek na jarmarku. ile książek kupił Paweł na jarmarku w czwartek?
w folderze jest # plików. pierwszy akt tworzy # pliki. drugi akt usuwa # plików. trzeci akt tworzy # plików. ile plików jest w folderze po wszystkich aktach?	episodeforms	1	да	w folderze jest 12 plików. pierwszy akt tworzy 3 pliki. drugi akt usuwa 9 plików. trzeci akt tworzy 6 plików. 
w folderze jest # plików. pierwszy akt tworzy # plików. ile plików jest w folderze?	personforms	1	да	w folderze jest 8 plików. pierwszy akt tworzy 5 plików. ile plików jest w folderze?
w folderze jest # plików. pierwszy akt usuwa # pliki. drugi akt tworzy # pliki. trzeci akt tworzy # pliki. jaki akt najbardziej zmienił liczbę?	episodeforms	1	да	w folderze jest 6 plików. pierwszy akt usuwa 4 pliki. drugi akt tworzy 4 pliki. trzeci akt tworzy 2 pliki. jak
w folderze jest # plików. pierwszy akt usuwa # plików. drugi akt tworzy # plików. trzeci akt tworzy # plików. ile plików jest w folderze po drugim akcie?	episodeforms	1	да	w folderze jest 14 plików. pierwszy akt usuwa 5 plików. drugi akt tworzy 6 plików. trzeci akt tworzy 7 plików.
w folderze jest # wiadomości. w pudełku jest # wiadomości. na liście jest # wiadomości. na półce jest # wiadomości. podsumowanie: # wiadomości w folderze, # wiadomości na liście, # wiadomości na półce. czy podsumowanie jest poprawne?	summaryforms	1	да	w folderze jest 18 wiadomości. w pudełku jest 5 wiadomości. na liście jest 8 wiadomości. na półce jest 11 wiad
w folderze jest # wpisów. ile wpisów jest na liście?	nomention	1	да	w folderze jest 15 wpisów. ile wpisów jest na liście?
w folderze jest # wpisów. pierwszy akt tworzy # wpisów. drugi akt usuwa # wpis. trzeci akt tworzy # wpisy. podsumowanie: # wpisów w folderze. czy podsumowanie jest poprawne?	summaryforms	1	да	w folderze jest 16 wpisów. pierwszy akt tworzy 5 wpisów. drugi akt usuwa 1 wpis. trzeci akt tworzy 4 wpisy. po
w folderze jest # wpisów. w pudełku jest # wpisów. na liście jest # wpisów. podsumowanie: # wpisów w folderze, # wpisów na liście. co mówi podsumowanie o folderze?	summaryforms	1	да	w folderze jest 8 wpisów. w pudełku jest 11 wpisów. na liście jest 14 wpisów. podsumowanie: 8 wpisów w folderz
w folderze są # pliki. w pudełku jest # plików. na liście jest # plików. podsumowanie: # pliki w folderze, # plików w pudełku. co mówi podsumowanie o liście?	summaryforms	1	да	w folderze są 3 pliki. w pudełku jest 6 plików. na liście jest 9 plików. podsumowanie: 3 pliki w folderze, 6 p
w folderze są # wiadomości. w pudełku jest # wiadomości. na liście jest # wiadomości. podsumowanie: # wiadomości w folderze, # wiadomości w pudełku. co mówi podsumowanie o pudełku?	summaryforms	1	да	w folderze są 3 wiadomości. w pudełku jest 6 wiadomości. na liście jest 9 wiadomości. podsumowanie: 3 wiadomoś
w folderze są # wiadomości. w pudełku jest # wiadomości. na liście jest # wiadomości. podsumowanie: # wiadomości w pudełku, # wiadomości na liście. co mówi podsumowanie o pudełku?	summaryforms	1	да	w folderze są 3 wiadomości. w pudełku jest 6 wiadomości. na liście jest 9 wiadomości. podsumowanie: 6 wiadomoś
w koszyku jest # jabłek: # czerwone i # zielonych. czy są niebieskie?	quantforms	1	да	w koszyku jest 10 jabłek: 3 czerwone i 7 zielonych. czy są niebieskie?
w koszyku jest # jabłek: # czerwonych i # zielone. czy są niebieskie?	quantforms	1	да	w koszyku jest 8 jabłek: 6 czerwonych i 2 zielone. czy są niebieskie?
w koszyku jest # jabłek: # czerwonych i # zielone. czy są zielone?	quantforms	1	да	w koszyku jest 11 jabłek: 7 czerwonych i 4 zielone. czy są zielone?
w pliku są # linie. akt dopisuje # linia. ile linii jest w pliku po akcie?	toolforms	1	да	w pliku są 24 linie. akt dopisuje 1 linia. ile linii jest w pliku po akcie?
w porcie stało # łodzi. odpłynęło # łodzi. ile łodzi jest teraz w porcie?	action_measure_langs	1	да	w porcie stało 12 łodzi. odpłynęło 5 łodzi. ile łodzi jest teraz w porcie?
w pudełku jest # wpisów. pierwszy akt tworzy # wpisy. myślę, że odpowiem #. ile wpisów jest w pudełku?	selfmodelforms	1	да	w pudełku jest 7 wpisów. pierwszy akt tworzy 3 wpisy. myślę, że odpowiem 10. ile wpisów jest w pudełku?
w pudełku jest # wpisów. pierwszy akt tworzy # wpisów. drugi akt tworzy # wpisów. trzeci akt usuwa # wpis. jaki akt najbardziej zmienił liczbę?	episodeforms	1	да	w pudełku jest 13 wpisów. pierwszy akt tworzy 5 wpisów. drugi akt tworzy 5 wpisów. trzeci akt usuwa 1 wpis. ja
w torbie jest # długopisów, a na stole są # długopisy. gdzie jest więcej długopisów?	sceneforms	1	да	w torbie jest 39 długopisów, a na stole są 3 długopisy. gdzie jest więcej długopisów?
w torbie jest # piłek. ile piłek jest w torbie?	holdforms	1	да	w torbie jest 30 piłek. ile piłek jest w torbie?
waar bewaart men boeken?	roles	1	да	waar bewaart men boeken?
waarom doen mensen zonder na te denken wat ze elke dag doen?	behavior	1	да	waarom doen mensen zonder na te denken wat ze elke dag doen?
waarvan is brood gemaakt?	roles	1	да	waarvan is brood gemaakt?
waarvan is een raam gemaakt?	roles	1	да	waarvan is een raam gemaakt?
waarvan is een sleutel gemaakt?	roles	1	да	waarvan is een sleutel gemaakt?
wanda read # pages. how many pages did wanda read?	verbal	1	НЕТ	wanda read 10 pages. how many pages did wanda read?
warm and cold are opposites. what is the opposite of warm?	opposites	1	да	warm and cold are opposites. what is the opposite of warm?
was folgt daraus, dass der {Носитель} von # geteilt durch # keine der {Носитель} #, #, # und # ist?	disj	1	да	was folgt daraus, dass der Rest von 17 geteilt durch 5 keine der Zahlen 0, 1, 3 und 4 ist?
was heißt „{Носитель}“ auf Französisch?	translate	1	да	was heißt „Hand“ auf Französisch?
was ist acht plus fünf?	lang_de	1	НЕТ	was ist acht plus fünf?
was ist das {Носитель} einer {Носитель}?	inquiry_de_fr	1	да	was ist das Quadrat einer Zahl?
was ist das {Носитель} von #?	inquiry_de_fr	1	да	was ist das Quadrat von 13?
was ist das {Носитель} von kalt?	opposites	1	да	was ist das Gegenteil von kalt?
was ist das {Носитель} von „trocken“?	opposites	1	да	was ist das Gegenteil von „trocken“?
was ist der erste {Носитель} des {Носитель} „{Носитель}“?	letters	1	да	was ist der erste Buchstabe des Wortes „Tisch“?
was ist der letzte {Носитель} des {Носитель} „{Носитель}“?	letters	1	да	was ist der letzte Buchstabe des Wortes „Hund“?
was ist der stuhl?	lang_de	1	да	was ist der stuhl?
was ist ein Fünftel von #?	share_langs	1	да	was ist ein Fünftel von 65?
was ist fünf plus drei?	lang_de	1	НЕТ	was ist fünf plus drei?
was ist fünfzig mal zwei?	cross	1	да	was ist fünfzig mal zwei?
was ist kälter: {Носитель} oder {Носитель}?	propcompare	1	да	was ist kälter: Eis oder Feuer?
was ist schwerer: eine {Носитель} oder ein {Носитель}?	propcompare	1	да	was ist schwerer: eine Feder oder ein Stein?
was ist weicher: ein {Носитель} oder ein {Носитель}?	propcompare	1	да	was ist weicher: ein Kissen oder ein Stein?
was ist zwanzig plus fünf?	cross	1	да	was ist zwanzig plus fünf?
was machst du?	dialogue	1	да	was machst du?
was passt nicht dazu: eine {Носитель}, eine {Носитель}, ein {Носитель}?	worldfacts	1	да	was passt nicht dazu: eine Kiefer, eine Eiche, ein Tisch?
was sind sieben {Носитель} von #?	shares_percent	1	да	was sind sieben Achtel von 128?
wat hoort er niet bij: een zwaluw, een uil, een eik?	worldfacts	1	да	wat hoort er niet bij: een zwaluw, een uil, een eik?
wat is "hand" in het {Носитель}?	translate	1	да	wat is "hand" in het Engels?
wat is "huis" in het {Носитель}?	translate	1	да	wat is "huis" in het Portugees?
wat is "tafel" in het {Носитель}?	translate	1	да	wat is "tafel" in het Pools?
wat is "zon" in het {Носитель}?	translate	1	да	wat is "zon" in het Engels?
wat is # + #?	arith_langs	1	НЕТ	wat is 29 + 10?
wat is # − #?	arith_langs	1	НЕТ	wat is 30 − 13?
wat is de aandacht?	topics	1	да	wat is de aandacht?
wat is de eerste letter van het woord "brood"?	letters	1	да	wat is de eerste letter van het woord "brood"?
wat is de eerste letter van het woord "hand"?	letters	1	да	wat is de eerste letter van het woord "hand"?
wat is de helft van #?	share_langs	1	да	wat is de helft van 14?
wat is de laatste letter van het woord "hand"?	letters	1	да	wat is de laatste letter van het woord "hand"?
wat is de omtrek van een rechthoek # bij #?	geometry_langs	1	да	wat is de omtrek van een rechthoek 9 bij 10?
wat is de quiz?	lang_nl	1	да	wat is de quiz?
wat is een gewoonte?	topics	1	да	wat is een gewoonte?
wat is het dubbele van #?	numberline	1	да	wat is het dubbele van 8?
wat is het gemiddelde van #, #, #, #?	stats_langs	1	да	wat is het gemiddelde van 19, 20, 21, 24?
wat is het papier?	lang_nl	1	да	wat is het papier?
wat is het tegenovergestelde van donker?	opposites	1	да	wat is het tegenovergestelde van donker?
wat is het tegenovergestelde van groot?	opposites	1	да	wat is het tegenovergestelde van groot?
wat is het tegenovergestelde van warm?	opposites	1	да	wat is het tegenovergestelde van warm?
wat is het wisselgeld?	topics	1	да	wat is het wisselgeld?
wat is hoger: een kat of een giraf?	propcompare	1	да	wat is hoger: een kat of een giraf?
wat is kouder: ijs of vuur?	propcompare	1	да	wat is kouder: ijs of vuur?
wat is kouder: vuur of ijs?	propcompare	1	да	wat is kouder: vuur of ijs?
wat is lichter: een veer of een steen?	propcompare	1	да	wat is lichter: een veer of een steen?
wat is nul keer vijf?	cross	1	да	wat is nul keer vijf?
wat is term nummer # van de rij vanaf # met stap #?	sequences_langs	1	да	wat is term nummer 5 van de rij vanaf 11 met stap 7?
wat is twee derde van #?	share_langs	1	да	wat is twee derde van 33?
wat is zachter: een kussen of een steen?	propcompare	1	да	wat is zachter: een kussen of een steen?
wat is zwaarder: een steen of een veer?	propcompare	1	да	wat is zwaarder: een steen of een veer?
water boils at # degrees — is that a fact or an opinion?	opinion	1	да	water boils at 100 degrees — is that a fact or an opinion?
water kookt bij honderd graden. ben je het ermee eens?	worldfacts	1	да	water kookt bij honderd graden. ben je het ermee eens?
we wtorek {Носитель} przeczytał # książek w bibliotece. kiedy przeczytał {Носитель} # książek w bibliotece?	holes	1	да	we wtorek Jan przeczytał 4 książek w bibliotece. kiedy przeczytał Jan 4 książek w bibliotece?
welche {Носитель} hat der {Носитель}?	countfacts	1	да	welche Farbe hat der Himmel?
welche {Носитель} ist es, wenn ein {Носитель} davon # ist?	search_langs	1	да	welche Zahl ist es, wenn ein Zehntel davon 19 ist?
welche {Носитель} liegt zwischen # und #?	numberline	1	да	welche Zahl liegt zwischen 11 und 13?
welke dag komt # dagen na vrijdag?	calendar_langs	1	да	welke dag komt 3 dagen na vrijdag?
welke dag komt na donderdag?	calendar_langs	1	да	welke dag komt na donderdag?
welke van de twee geeft #: # + # of # − #?	verifyforms	1	да	welke van de twee geeft 129: 68 + 61 of 68 − 61?
what are the roots of x^# - # x + # = #?	equation	1	да	what are the roots of x^2 - 8 x + 15 = 0?
what are the three degrees of «short»?	degrees	1	да	what are the three degrees of «short»?
what are the whole roots of x^# - x + # = # between # and #?	equation	1	да	what are the whole roots of x^2 - x + 7 = 0 between 0 and 10?
what are tools?	everyday	1	да	what are tools?
what causes waves?	genesis_l4	1	да	what causes waves?
what colour is snow?	countfacts	1	да	what colour is snow?
what colour is the sky?	countfacts	1	да	what colour is the sky?
what day is # days after sunday?	calendar	1	да	what day is 4 days after sunday?
what day is # days after thursday?	calendar	1	да	what day is 3 days after thursday?
what do glyph rows #####_________##_________###_/___#____#____#__________#___#/__#_____#___#_____#####_#___#/___#__#####_####_________####/____#___#___#___#_#####_____#/#___#___#___#___#__________#_/_###_________###_________##__ read as?	glyphs	1	да	what do glyph rows #####_________##_________###_/___#____#____#__________#___#/__#_____#___#_____#####_#___#/_
what do glyph rows _###___________#__________##_/#___#___#_____##_________#___/____#___#____#_#__#####_#____/___#__#####_#__#________####_/__#_____#___#####_#####_#___#/_#______#______#________#___#/#####__________#_________###_ read as?	glyphs	1	да	what do glyph rows _###___________#__________##_/#___#___#_____##_________#___/____#___#____#_#__#####_#____/_
what do people write with?	roles	1	да	what do people write with?
what does a block opening with «:::tip» mean?	markdown	1	да	what does a block opening with «:::tip» mean?
what does a block opening with «<details>» mean?	markdown	1	да	what does a block opening with «<details>» mean?
what does a block opening with «```bash» mean?	markdown	1	да	what does a block opening with «```bash» mean?
what does the geometric progression from # with ratio # give?	sequences	1	да	what does the geometric progression from 4 with ratio 2 give?
what does the link [beginning](../intro.md) in world/light.md lead to?	doctree	1	да	what does the link [beginning](../intro.md) in world/light.md lead to?
what does the link [form](../core/form.md) in method/measure.md lead to?	doctree	1	да	what does the link [form](../core/form.md) in method/measure.md lead to?
what does water contain?	genesis_l4	1	да	what does water contain?
what does «![mountain](/img/mountain.png)» mean?	markdown	1	да	what does «![mountain](/img/mountain.png)» mean?
what does «# water» mean?	markdown	1	да	what does «# water» mean?
what does «*word*» mean?	markdown	1	да	what does «*word*» mean?
what does «- [ ]» mean?	markdown	1	да	what does «- [ ]» mean?
what does «<https://example.org/sound>» mean?	markdown	1	да	what does «<https://example.org/sound>» mean?
what does «> force» mean?	markdown	1	да	what does «> force» mean?
what does «`measure`» mean?	markdown	1	да	what does «`measure`» mean?
what does «time\» mean?	markdown	1	да	what does «time\» mean?
what follows from a number being divisible by #?	infer	1	да	what follows from a number being divisible by 9?
what follows from the remainder of # divided by # being none of # and #?	disj	1	да	what follows from the remainder of 14 divided by 3 being none of 0 and 1?
what is "house" in dutch?	translate	1	да	what is "house" in dutch?
what is # in binary?	machine	1	да	what is 6 in binary?
what is # in octal?	machine	1	да	what is 18 in octal?
what is # rounded to the nearest hundred?	roundforms	1	да	what is 150 rounded to the nearest hundred?
what is # shifted right by #?	machine	1	да	what is 100 shifted right by 2?
what is [# # / −# #] · (#, #)?	mathspaces	1	да	what is [0 0 / −1 2] · (2, 1)?
what is a key made of?	roles	1	да	what is a key made of?
what is a lemma?	metalang	1	да	what is a lemma?
what is a path through empty cells by side?	space	1	да	what is a path through empty cells by side?
what is a sweater made of?	roles	1	да	what is a sweater made of?
what is a vertex of a graph?	mathspaces	1	да	what is a vertex of a graph?
what is an arithmetic progression?	sequences	1	да	what is an arithmetic progression?
what is change?	topics	1	да	what is change?
what is comet?	definitions	1	да	what is comet?
what is eight plus one?	ruler_dense	1	да	what is eight plus one?
what is entropy?	definitions	1	да	what is entropy?
what is fear?	topics	1	да	what is fear?
what is five eighths of #?	share	1	да	what is five eighths of 48?
what is four plus two?	lang_en	1	НЕТ	what is four plus two?
what is grid ##___/#____/_____/_____/_____ shifted right by #?	space	1	да	what is grid ##___/#____/_____/_____/_____ shifted right by 2?
what is grid #_#_/____/#___/__#_ shifted right by #?	space	1	да	what is grid #_#_/____/#___/__#_ shifted right by 1?
what is grid __#__/__##_/_____/_____/_____ shifted left by #?	space	1	да	what is grid __#__/__##_/_____/_____/_____ shifted left by 2?
what is grid _____/_#___/_##__/_____/_____ shifted down by #?	space	1	да	what is grid _____/_#___/_##__/_____/_____ shifted down by 2?
what is grid _____/_____/___#_/__##_/_____ shifted up by #?	space	1	да	what is grid _____/_____/___#_/__##_/_____ shifted up by 2?
what is half of #?	share	1	да	what is half of 16?
what is harmony?	definitions	1	да	what is harmony?
what is influence?	definitions	1	да	what is influence?
what is letter?	definitions	1	да	what is letter?
what is mathematics?	definitions	1	да	what is mathematics?
what is matrix [−# # / −# #] transposed?	mathspaces	1	да	what is matrix [−1 0 / −2 1] transposed?
what is music?	definitions	1	да	what is music?
what is octal # in decimal?	machine	1	да	what is octal 100 in decimal?
what is one eighth of #?	shares_percent	1	да	what is one eighth of 168?
what is one minus one?	ruler_dense	1	да	what is one minus one?
what is one third of #?	share	1	да	what is one third of 21?
what is one times nineteen?	school_biling_v2c	1	да	what is one times nineteen?
what is pattern?	definitions	1	да	what is pattern?
what is requisite variety?	cybernetics	1	да	what is requisite variety?
what is seven minus one?	ruler_dense	1	да	what is seven minus one?
what is seven tenths of #?	shares_percent	1	да	what is seven tenths of 250?
what is six plus five?	lang_en	1	НЕТ	what is six plus five?
what is six plus one?	ruler_dense	1	да	what is six plus one?
what is sixteen minus six?	school_biling_v2c	1	да	what is sixteen minus six?
what is sixteen plus one?	ruler_dense	1	да	what is sixteen plus one?
what is sleep?	topics	1	да	what is sleep?
what is space?	definitions	1	да	what is space?
what is spectrum?	definitions	1	да	what is spectrum?
what is the area of a square with side #?	geometry	1	да	what is the area of a square with side 17?
what is the average of #, #, #, #, #?	average	1	да	what is the average of 20, 22, 4, 11, 13?
what is the average of #, #, #, #?	average	1	да	what is the average of 13, 18, 22, 27?
what is the degree of # in graph #-#, #-# is not #: it?	mathspaces	1	НЕТ	what is the degree of 1 in graph 1-2, 3-4 is not 2: it?
what is the determinant of the matrix [# #; # #]?	linalg	1	да	what is the determinant of the matrix [3 5; 3 4]?
what is the dimension of a quantity?	physlaws	1	да	what is the dimension of a quantity?
what is the discriminant of x^# - # x + # = #?	equation	1	да	what is the discriminant of x^2 - 3 x + 2 = 0?
what is the hypotenuse of a right triangle with legs # and #?	geometry	1	да	what is the hypotenuse of a right triangle with legs 12 and 16?
what is the last letter of the word "cat"?	letters	1	да	what is the last letter of the word "cat"?
what is the last letter of the word "hand"?	letters	1	да	what is the last letter of the word "hand"?
what is the mean of # #?	statistics	1	да	what is the mean of 4 10?
what is the median of # # #?	statistics	1	да	what is the median of 10 5 5?
what is the minimum of # # #?	algorithms	1	да	what is the minimum of 3 3 9?
what is the next prime after #?	search_langs	1	да	what is the next prime after 19?
what is the opposite of quiet?	opposites	1	да	what is the opposite of quiet?
what is the opposite of weak?	opposites	1	да	what is the opposite of weak?
what is the opposite of wet?	opposites	1	да	what is the opposite of wet?
what is the perimeter of a square with side #?	geometry	1	да	what is the perimeter of a square with side 4?
what is the pressure of # newtons on # square metres?	physlaws	1	да	what is the pressure of 50 newtons on 5 square metres?
what is the range of # # #?	statistics	1	да	what is the range of 2 10 6?
what is the result of # × #?	arith_langs	1	да	what is the result of 9 × 2?
what is the result of # − #?	arith_langs	1	да	what is the result of 35 − 4?
what is the singular of items?	mathfound	1	да	what is the singular of items?
what is the singular of kopecks?	mathfound	1	да	what is the singular of kopecks?
what is the smallest whole number n with n × # > #?	search_langs	1	да	what is the smallest whole number n with n × 7 > 25?
what is the square of #?	inquiry	1	да	what is the square of 8?
what is the sum of # # #?	algorithms	1	да	what is the sum of 11 2 7?
what is the sum of # and #?	surfaces	1	да	what is the sum of 12 and 3?
what is the sum of the first # numbers?	formulas	1	да	what is the sum of the first 5 numbers?
what is the volume of a box # by # by #?	geometry	1	да	what is the volume of a box 3 by 6 by 5?
what is thrice #?	compare_mult	1	да	what is thrice 2?
what is tiredness?	topics	1	да	what is tiredness?
what is triple #?	compare_mult	1	да	what is triple 4?
what is twenty divided by five?	school_biling_v2c	1	да	what is twenty divided by five?
what is two plus one?	ruler_dense	1	да	what is two plus one?
what is two times #?	compare_mult	1	да	what is two times 2?
what month comes after march?	calendar	1	да	what month comes after march?
what month comes after november?	calendar	1	да	what month comes after november?
what month comes before april?	calendar	1	да	what month comes before april?
what month comes before march?	calendar	1	да	what month comes before march?
what speed has a body covering # metres in # seconds?	physics	1	да	what speed has a body covering 10 metres in 5 seconds?
what's # ÷ #?	arith_langs	1	да	what's 20 ÷ 5?
where do people cook food?	roles	1	да	where do people cook food?
which is faster: a tortoise or a hare?	propcompare	1	да	which is faster: a tortoise or a hare?
which is hotter: fire or ice?	propcompare	1	да	which is hotter: fire or ice?
which is slower: a tortoise or a hare?	propcompare	1	да	which is slower: a tortoise or a hare?
which is softer: a pillow or a stone?	propcompare	1	да	which is softer: a pillow or a stone?
which is softer: a stone or a pillow?	propcompare	1	да	which is softer: a stone or a pillow?
which of the two gives #: # + # or # − #?	verifyforms	1	да	which of the two gives 25: 96 + 71 or 96 − 71?
which point of {Носитель} plane #, #, #, #, #, #, # do lines # and # share?	mathspaces	1	НЕТ	which point of Fano plane 124, 235, 346, 457, 561, 672, 713 do lines 346 and 124 share?
why does {Носитель} have # flowers?	everyday	1	да	why does Ira have 6 flowers?
why is term number # of the progression from # with step # equal to #?	sequences	1	да	why is term number 5 of the progression from 19 with step 4 equal to 35?
why is the dot product of (#, #) and (#, #) equal to #?	linalg	1	да	why is the dot product of (7, 5) and (6, 4) equal to 62?
why is the hypotenuse of a right triangle with legs # and # equal to #?	geometry	1	да	why is the hypotenuse of a right triangle with legs 9 and 12 equal to 15?
why is the median of # # # equal to #?	statistics	1	да	why is the median of 4 4 8 equal to 4?
wie groß ist der {Носитель} eines {Носитель} # mal #?	geometry_langs	1	да	wie groß ist der Umfang eines Rechtecks 2 mal 9?
wie groß ist die {Носитель} eines Körpers, der # {Носитель} in # {Носитель} zurücklegt?	physics_langs	1	да	wie groß ist die Geschwindigkeit eines Körpers, der 18 Meter in 6 Sekunden zurücklegt?
wie kann man # + # noch schreiben?	rewrite	1	да	wie kann man 7 + 7 noch schreiben?
wie sagt man # {Носитель} anders?	unitfrac	1	да	wie sagt man 15 Minuten anders?
wie viel ist # × #?	arith_langs	1	да	wie viel ist 18 × 7?
wie viel ist # ÷ #?	arith_langs	1	да	wie viel ist 32 ÷ 4?
wie viele Bücher hat {Носитель} mehr als {Носитель}?	compare_langs	1	да	wie viele Bücher hat Lena mehr als Paul?
wie viele {Носитель} haben vier {Носитель}?	timeunits	1	да	wie viele Tage haben vier Wochen?
wie viele {Носитель} haben zwei {Носитель}?	timeunits	1	да	wie viele Sekunden haben zwei Minuten?
wie viele {Носитель} sind eine {Носитель}?	unitfrac	1	да	wie viele Minuten sind eine Dreiviertelstunde?
wie viele {Носитель} sind in zwei {Носитель}?	timeunits	1	да	wie viele Sekunden sind in zwei Minuten?
wievielmal so viele Bücher wie {Носитель} hat {Носитель}?	compare_langs	1	да	wievielmal so viele Bücher wie Mia hat Paul?
wievielmal so viele Äpfel wie {Носитель} hat {Носитель}?	compare_langs	1	да	wievielmal so viele Äpfel wie Paul hat Lena?
wo bewahrt man Bücher auf?	roles	1	да	wo bewahrt man Bücher auf?
woraus ist ein Schlüssel gemacht?	roles	1	да	woraus ist ein Schlüssel gemacht?
woraus ist ein {Носитель} gemacht?	roles	1	да	woraus ist ein Fenster gemacht?
worek waży # kilogram # gramów. dodano do niego # kilogramów # gramów. ile waży worek?	mixedunits	1	да	worek waży 1 kilogram 900 gramów. dodano do niego 5 kilogramów 250 gramów. ile waży worek?
worek waży # kilogramy # gramów. dodano do niego # kilogramy # gramów. ile waży worek?	mixedunits	1	да	worek waży 4 kilogramy 250 gramów. dodano do niego 3 kilogramy 790 gramów. ile waży worek?
x_# = # and x_# = # — what is x_# + x_#?	algebra	1	НЕТ	x_1 = 12 and x_2 = 5 — what is x_1 + x_2?
x_# = # и x_# = # — чему равно x_# + x_#?	algebra	1	да	x_1 = 9 и x_2 = 2 — чему равно x_1 + x_2?
yo tengo # libros, tú tienes # libros. ¿cuántas tengo yo de más?	joint2	1	да	yo tengo 11 libros, tú tienes 2 libros. ¿cuántas tengo yo de más?
yo tengo # monedas, tú tienes # monedas. ¿cuántas tenemos juntos?	joint2	1	да	yo tengo 20 monedas, tú tienes 15 monedas. ¿cuántas tenemos juntos?
yo tengo # monedas, tú tienes # monedas. ¿cuántas tengo yo de más?	joint2	1	да	yo tengo 20 monedas, tú tienes 15 monedas. ¿cuántas tengo yo de más?
yo tengo # pelotas, tú tienes # pelotas. ¿cuántas tenemos juntos?	joint2	1	да	yo tengo 9 pelotas, tú tienes 6 pelotas. ¿cuántas tenemos juntos?
you said that # minus # makes #. is that so?	object	1	да	you said that 40 minus 15 makes 26. is that so?
z czego jest zrobione okno?	roles	1	да	z czego jest zrobione okno?
z czego jest zrobiony sweter?	roles	1	да	z czego jest zrobiony sweter?
zasada: nie usuwaj plików. utwórz # plików. czy można wykonać polecenie?	mandateforms	1	да	zasada: nie usuwaj plików. utwórz 7 plików. czy można wykonać polecenie?
zusammen haben {Носитель}, {Носитель} und {Носитель} # {Носитель}. {Носитель} hat viermal so viele wie {Носитель}. {Носитель} hat # {Носитель} weniger als {Носитель}. wie viele {Носитель} hat {Носитель}?	relations_story	1	да	zusammen haben Mia, Felix und Lena 57 Karten. Mia hat viermal so viele wie Felix. Felix hat 9 Karten weniger a
zwei {Носитель} der {Носитель} haben einen {Носитель}; # haben keinen. wie viele {Носитель} gibt es?	shares_percent	1	да	zwei Neuntel der Studenten haben einen Stift; 21 haben keinen. wie viele Studenten gibt es?
zähle rückwärts von # bis #. was kommt heraus?	numberline	1	да	zähle rückwärts von 10 bis 4. was kommt heraus?
{Носитель} # года. сколько лет будет {Носитель} через # лет?	relations_story	1	да	Ване 24 года. сколько лет будет Ване через 6 лет?
{Носитель} # лет. сколько лет {Носитель}?	holdforms	1	да	Ване 5 лет. сколько лет Ване?
{Носитель} A enthält # Einträge, {Носитель} B enthält # Einträge. der {Носитель} verschiebt # Einträge von {Носитель} A nach {Носитель} B. wie viele Einträge enthält {Носитель} A nach dem {Носитель}?	toolforms	1	да	Ordner A enthält 4 Einträge, Ordner B enthält 23 Einträge. der Akt verschiebt 2 Einträge von Ordner A nach Ord
{Носитель} a # ans. quel âge a {Носитель} ?	holdforms	1	да	Paul a 38 ans. quel âge a Paul ?
{Носитель} a # balles. il a donné # balles. combien lui en reste-t-il ?	anaphora	1	да	Paul a 15 balles. il a donné 6 balles. combien lui en reste-t-il ?
{Носитель} a # ballons et # cartes. combien de cartes a {Носитель} ?	holdforms	1	да	Louis a 36 ballons et 16 cartes. combien de cartes a Louis ?
{Носитель} a # cartes, # œufs, # livres. combien de choses a {Носитель} en tout ?	joints	1	да	Claire a 11 cartes, 15 œufs, 4 livres. combien de choses a Claire en tout ?
{Носитель} a # fleurs. vous avez dit qu'{Носитель} a # fleurs. c'est vrai ?	links	1	да	Anne a 13 fleurs. vous avez dit qu'Anne a 17 fleurs. c'est vrai ?
{Носитель} a # livres. elle a donné # livres. combien lui en reste-t-il ?	anaphora	1	да	Claire a 20 livres. elle a donné 8 livres. combien lui en reste-t-il ?
{Носитель} a # parties. Léa a # parties. qui a plus de parties ?	cmpframes	1	да	Louis a 21 parties. Léa a 21 parties. qui a plus de parties ?
{Носитель} a # parties. {Носитель} a # parties de plus que {Носитель}. combien de parties a {Носитель} ?	cmpframes	1	да	Marie a 42 parties. Jules a 17 parties de plus que Marie. combien de parties a Jules ?
{Носитель} a # pièces, # livres, # cartes. combien de choses a {Носитель} en tout ?	joints	1	да	Anne a 33 pièces, 39 livres, 18 cartes. combien de choses a Anne en tout ?
{Носитель} a # œufs plus # fleurs. combien de choses a {Носитель} en tout ?	joints	1	да	Jules a 9 œufs plus 17 fleurs. combien de choses a Jules en tout ?
{Носитель} a # œufs rouges et # œufs bleues. combien de œufs {Носитель} a-t-il en tout et pour tout ?	svamp	1	да	Hugo a 25 œufs rouges et 7 œufs bleues. combien de œufs Hugo a-t-il en tout et pour tout ?
{Носитель} a fait # abdos. {Носитель} a fait # abdos. qui a fait moins de abdos ?	cmpframes	1	да	Louis a fait 16 abdos. Marie a fait 7 abdos. qui a fait moins de abdos ?
{Носитель} a fait # pompes et # abdos. combien de pompes {Носитель} a-t-elle faites ?	svamp	1	да	Claire a fait 18 pompes et 11 abdos. combien de pompes Claire a-t-elle faites ?
{Носитель} a fait # pompes. {Носитель} a fait # pompes. qui a fait plus de pompes ?	cmpframes	1	да	Hugo a fait 6 pompes. Anne a fait 21 pompes. qui a fait plus de pompes ?
{Носитель} a joué # parties lundi et # parties mardi. combien de parties {Носитель} a-t-il jouées en tout ?	svamp	1	да	Paul a joué 15 parties lundi et 7 parties mardi. combien de parties Paul a-t-il jouées en tout ?
{Носитель} a passé # heures sur l'anglais et # heures sur le chinois. combien d'heures {Носитель} a-t-il passées en tout ?	svamp	1	да	Jules a passé 24 heures sur l'anglais et 15 heures sur le chinois. combien d'heures Jules a-t-il passées en to
{Носитель} and {Носитель} bought # pencils. later they bought # more. how many pencils do {Носитель} and {Носитель} hold?	pronouns	1	да	Janet and Misha bought 6 pencils. later they bought 3 more. how many pencils do Janet and Misha hold?
{Носитель} and {Носитель} bought # pens. they sold # of them. how many pens do {Носитель} and {Носитель} hold?	pronouns	1	да	Grace and Ivan bought 26 pens. they sold 18 of them. how many pens do Grace and Ivan hold?
{Носитель} and {Носитель} found # dollars. then they lost # of them. how many dollars do {Носитель} and {Носитель} have left?	pronouns	1	да	Iris and Mark found 28 dollars. then they lost 3 of them. how many dollars do Iris and Mark have left?
{Носитель} and {Носитель} had # apples. they used # of them. how many apples remained?	pronouns	1	да	Maria and Peter had 8 apples. they used 4 of them. how many apples remained?
{Носитель} and {Носитель} had # books. then they lost # of them. how many books do {Носитель} and {Носитель} have left?	pronouns	1	да	Elena and Hugo had 22 books. then they lost 11 of them. how many books do Elena and Hugo have left?
{Носитель} and {Носитель} had # coins. then they used # of them. how many coins do {Носитель} and {Носитель} hold?	pronouns	1	да	Mary and Raj had 22 coins. then they used 9 of them. how many coins do Mary and Raj hold?
{Носитель} and {Носитель} had # cookies. later they ate # of them. how many cookies do {Носитель} and {Носитель} have?	pronouns	1	да	Ann and Carlos had 12 cookies. later they ate 3 of them. how many cookies do Ann and Carlos have?
{Носитель} avait # cartes. {Носитель} en avait aussi. il lui a acheté # cartes. combien de cartes a {Носитель} maintenant ?	svamp	1	да	Paul avait 9 cartes. Marie en avait aussi. il lui a acheté 4 cartes. combien de cartes a Paul maintenant ?
{Носитель} avait # crayons et Léa avait # crayons. {Носитель} lui a donné # crayons. combien de crayons a Léa maintenant ?	pronobject	1	да	Louis avait 14 crayons et Léa avait 3 crayons. Louis lui a donné 6 crayons. combien de crayons a Léa maintenan
{Носитель} avait # crayons et Léa avait # crayons. {Носитель} lui a donné # crayons. combien de crayons a {Носитель} maintenant ?	pronobject	1	да	Louis avait 18 crayons et Léa avait 7 crayons. Louis lui a donné 4 crayons. combien de crayons a Louis mainten
{Носитель} avait # pièces. {Носитель} a perdu # pièces. combien de pièces reste-t-il à {Носитель} ?	action_pages	1	да	Claire avait 57 pièces. Claire a perdu 48 pièces. combien de pièces reste-t-il à Claire ?
{Носитель} aveva # fiori. ha perso # fiori. che quantità di fiori ha ancora?	svamp	1	да	Sara aveva 30 fiori. ha perso 12 fiori. che quantità di fiori ha ancora?
{Носитель} aveva # matite e {Носитель} aveva # matite. {Носитель} gli ha dato # matite. quante matite ha {Носитель} adesso?	pronobject	1	да	Giulia aveva 32 matite e Matteo aveva 12 matite. Giulia gli ha dato 15 matite. quante matite ha Matteo adesso?
{Носитель} aveva # matite e {Носитель} aveva # matite. {Носитель} le ha dato # matite. quante matite ha {Носитель} adesso?	pronobject	1	да	Luca aveva 11 matite e Giulia aveva 6 matite. Luca le ha dato 3 matite. quante matite ha Luca adesso?
{Носитель} aveva # matite e {Носитель} e {Носитель} avevano # matite. {Носитель} ha dato loro # matite. quante matite hanno {Носитель} e {Носитель} adesso?	pronobject	1	да	Luca aveva 11 matite e Giulia e Sara avevano 6 matite. Luca ha dato loro 3 matite. quante matite hanno Giulia 
{Носитель} aveva # matite. lei ha dato # matite a suo padre. quante matite ha {Носитель} adesso?	kinbearer	1	да	Giulia aveva 9 matite. lei ha dato 3 matite a suo padre. quante matite ha Giulia adesso?
{Носитель} aveva # matite. sua madre le ha dato altre # matite. chi ha dato le matite a {Носитель}?	kinbearer	1	да	Giulia aveva 12 matite. sua madre le ha dato altre 7 matite. chi ha dato le matite a Giulia?
{Носитель} aveva # matite. suo padre le ha dato altre # matite. chi ha dato le matite a {Носитель}?	kinbearer	1	да	Giulia aveva 12 matite. suo padre le ha dato altre 7 matite. chi ha dato le matite a Giulia?
{Носитель} aveva # monete. {Носитель} ha dato # monete. {Носитель} ha # monete. perché {Носитель} ha # monete?	links	1	да	Luca aveva 14 monete. Luca ha dato 4 monete. Luca ha 10 monete. perché Luca ha 10 monete?
{Носитель} aveva # penne. {Носитель} le ha dato # penne. quante penne ha {Носитель} adesso?	svamp	1	да	Chiara aveva 18 penne. Luca le ha dato 11 penne. quante penne ha Chiara adesso?
{Носитель} aveva # statuine sullo scaffale. più tardi ha aggiunto altre # statuine allo scaffale. quante statuine ci sono ora sullo scaffale?	svamp	1	да	Paolo aveva 9 statuine sullo scaffale. più tardi ha aggiunto altre 4 statuine allo scaffale. quante statuine c
{Носитель} besitzt #,# {Носитель}. er spart #,# {Носитель}. wie viel {Носитель} hat er jetzt?	money_story	1	да	Paul besitzt 43,15 Euro. er spart 22,77 Euro. wie viel Geld hat er jetzt?
{Носитель} besitzt #,# {Носитель}. er verdient #,# {Носитель}. wie viel {Носитель} hat er jetzt?	money_story	1	да	Paul besitzt 9,55 Euro. er verdient 2,57 Euro. wie viel Geld hat er jetzt?
{Носитель} besitzt #,# {Носитель}. er verdiente #,# {Носитель}. wie viel {Носитель} hat er jetzt?	money_story	1	да	Paul besitzt 26,80 Euro. er verdiente 5,22 Euro. wie viel Geld hat er jetzt?
{Носитель} besitzt #,# {Носитель}. sie kauft einen {Носитель} für #,# {Носитель}. wie viel {Носитель} hat sie jetzt?	money_story	1	да	Mia besitzt 7,45 Euro. sie kauft einen Stift für 3,37 Euro. wie viel Geld hat sie jetzt?
{Носитель} bought # apples. later he bought # more. how many apples does {Носитель} have?	pronouns	1	да	Paul bought 16 apples. later he bought 13 more. how many apples does Paul have?
{Носитель} bought # books. he sold # of them. how many books does {Носитель} have left?	pronouns	1	да	Felix bought 6 books. he sold 2 of them. how many books does Felix have left?
{Носитель} bought # books. {Носитель} bought # books more. how many books does {Носитель} hold now?	verbs	1	да	Vera bought 6 books. Vera bought 4 books more. how many books does Vera hold now?
{Носитель} bought # cards. {Носитель} sold # cards. how many more cards did she buy than sell?	pronouns	1	да	Kate bought 30 cards. Kate sold 24 cards. how many more cards did she buy than sell?
{Носитель} bought # coins. later he bought # more. how many coins does {Носитель} have now?	pronouns	1	да	Dan bought 28 coins. later he bought 3 more. how many coins does Dan have now?
{Носитель} bought # pieces at # dollars each. how much did {Носитель} pay?	heads	1	да	Nick bought 6 pieces at 5 dollars each. how much did Nick pay?
{Носитель} bought # stamps. he sold # of them. how many stamps does {Носитель} have left?	pronouns	1	да	Raj bought 24 stamps. he sold 11 of them. how many stamps does Raj have left?
{Носитель} buys # apples at $#.# each. how much does he pay in all?	money_story	1	да	Greg buys 5 apples at $1.55 each. how much does he pay in all?
{Носитель} buys # apples, # pens and # books. one apple costs #.# dollars, one pen costs #.# dollars, one book costs #.# dollars. how much does he pay in all?	money_story	1	да	Greg buys 5 apples, 3 pens and 5 books. one apple costs 1.15 dollars, one pen costs 10.85 dollars, one book co
{Носитель} buys # books at #.# dollars each and # pencils at #.# dollars each. how much does she pay in all?	money_story	1	НЕТ	Anna buys 3 books at 4.85 dollars each and 3 pencils at 3.85 dollars each. how much does she pay in all?
{Носитель} buys # cups, # pencils and # apples. one cup costs $#.#, one pencil costs $#.#, one apple costs $#.#. how much does he pay in all?	money_story	1	да	Hugo buys 2 cups, 4 pencils and 6 apples. one cup costs $4.30, one pencil costs $10.70, one apple costs $3.50.
{Носитель} buys # pencils at #.# dollars each. how much does he pay in all?	money_story	1	да	Hugo buys 6 pencils at 4.80 dollars each. how much does he pay in all?
{Носитель} caught # balloons. {Носитель} caught # balloons more. how many balloons does {Носитель} hold now?	verbs	1	да	Omar caught 7 balloons. Omar caught 2 balloons more. how many balloons does Omar hold now?
{Носитель} chce zdążyć. dlatego {Носитель} się spieszy. dlaczego {Носитель} się spieszy?	behavior	1	да	Adam chce zdążyć. dlatego Adam się spieszy. dlaczego Adam się spieszy?
{Носитель} collected # eggs. {Носитель} found # eggs more. how many eggs does {Носитель} hold now?	realverbs	1	да	Cynthia collected 11 eggs. Cynthia found 2 eggs more. how many eggs does Cynthia hold now?
{Носитель} collected # shells. {Носитель} found # shell more. how many shells does {Носитель} hold now?	realverbs	1	да	Wanda collected 8 shells. Wanda found 1 shell more. how many shells does Wanda hold now?
{Носитель} deed # sit-ups. {Носитель} deed # sit-ups. hoeveel keer meer sit-ups deed {Носитель} dan {Носитель}?	cmpframes	1	да	Daan deed 32 sit-ups. Emma deed 16 sit-ups. hoeveel keer meer sit-ups deed Daan dan Emma?
{Носитель} did # crunches. {Носитель} did # crunches. how many more crunches did {Носитель} do than {Носитель}?	cmpframes	1	да	Felix did 38 crunches. Anna did 57 crunches. how many more crunches did Anna do than Felix?
{Носитель} did # push-ups. {Носитель} did three times as many push-ups as {Носитель}. how many push-ups did {Носитель} do?	cmpframes	1	да	Elena did 38 push-ups. Ann did three times as many push-ups as Elena. how many push-ups did Ann do?
{Носитель} drank # ounces. {Носитель} drank # ounces more. how many ounces does {Носитель} hold now?	verbs	1	да	Vera drank 9 ounces. Vera drank 4 ounces more. how many ounces does Vera hold now?
{Носитель} es más alto que {Носитель}. {Носитель} es más alto que {Носитель}. ¿quién es el más alto?	degrees	1	да	Pablo es más alto que Diego. Diego es más alto que Luis. ¿quién es el más alto?
{Носитель} es peor que {Носитель}. {Носитель} es peor que {Носитель}. ¿quién es el peor?	degrees	1	да	Pablo es peor que Diego. Diego es peor que Luis. ¿quién es el peor?
{Носитель} est pire que {Носитель}. et {Носитель} alors ?	degrees	1	да	Louis est pire que Paul. et Paul alors ?
{Носитель} est plus grand que {Носитель}. {Носитель} est plus grand que {Носитель}. qui est le plus grand ?	degrees	1	да	Hugo est plus grand que Louis. Louis est plus grand que Paul. qui est le plus grand ?
{Носитель} est plus petit que {Носитель}. et {Носитель} alors ?	degrees	1	да	Louis est plus petit que Paul. et Paul alors ?
{Носитель} est plus rapide que {Носитель}. {Носитель} est plus rapide que {Носитель}. qui est le plus rapide ?	degrees	1	да	Louis est plus rapide que Paul. Paul est plus rapide que Hugo. qui est le plus rapide ?
{Носитель} found # apples. then she found # more. how many apples does {Носитель} hold?	pronouns	1	да	Mary found 24 apples. then she found 22 more. how many apples does Mary hold?
{Носитель} found # books. then she also lost # of them. how many books remained?	pronouns	1	да	Nina found 6 books. then she also lost 4 of them. how many books remained?
{Носитель} found # candies. then she also lost # of them. how many candies remained?	pronouns	1	да	Kate found 18 candies. then she also lost 7 of them. how many candies remained?
{Носитель} found # coins. he found # more. how many coins does {Носитель} have in total?	pronouns	1	да	Dima found 33 coins. he found 17 more. how many coins does Dima have in total?
{Носитель} found # dollars. later he lost # of them. how many dollars does {Носитель} have?	pronouns	1	да	Kyle found 31 dollars. later he lost 21 of them. how many dollars does Kyle have?
{Носитель} found # nuts. then he lost # of them. how many nuts does {Носитель} have?	pronouns	1	да	Ivan found 8 nuts. then he lost 4 of them. how many nuts does Ivan have?
{Носитель} found # pencils. later she found # more. how many pencils does {Носитель} hold?	pronouns	1	да	Janet found 8 pencils. later she found 4 more. how many pencils does Janet hold?
{Носитель} gets # apples. {Носитель} buys # apple more. how many apples does {Носитель} hold now?	gsmwide	1	да	Kyle gets 7 apples. Kyle buys 1 apple more. how many apples does Kyle hold now?
{Носитель} gets # cookies. {Носитель} buys # cookies more. how many cookies does {Носитель} hold now?	gsmwide	1	да	Felix gets 12 cookies. Felix buys 2 cookies more. how many cookies does Felix hold now?
{Носитель} gets # days. {Носитель} spends # day away. how many days does {Носитель} keep?	gsmwide	1	да	Ava gets 8 days. Ava spends 1 day away. how many days does Ava keep?
{Носитель} gets # days. {Носитель} spends # days away. how many days does {Носитель} keep?	gsmwide	1	да	Kyle gets 9 days. Kyle spends 2 days away. how many days does Kyle keep?
{Носитель} gets # minutes. {Носитель} spends # minute away. how many minutes does {Носитель} keep?	gsmwide	1	да	Ben gets 5 minutes. Ben spends 1 minute away. how many minutes does Ben keep?
{Носитель} gets # months. {Носитель} buys # months more. how many months does {Носитель} hold now?	gsmwide	1	да	Ava gets 8 months. Ava buys 3 months more. how many months does Ava hold now?
{Носитель} got # cards. {Носитель} got # cards more. how many cards does {Носитель} hold now?	verbs	1	да	Omar got 8 cards. Omar got 2 cards more. how many cards does Omar hold now?
{Носитель} grew # flowers. {Носитель} grew # flowers more. how many flowers does {Носитель} hold now?	verbs	1	да	Vera grew 4 flowers. Vera grew 4 flowers more. how many flowers does Vera hold now?
{Носитель} ha # carte, # fiori, # monete. quante cose ha {Носитель} in tutto?	joints	1	да	Chiara ha 35 carte, 47 fiori, 4 monete. quante cose ha Chiara in tutto?
{Носитель} ha # fiori. che cosa ha {Носитель}?	holdforms	1	да	Matteo ha 23 fiori. che cosa ha Matteo?
{Носитель} ha # libri, # uova oltre a # monete. quante cose ha {Носитель} in tutto?	joints	1	да	Sara ha 4 libri, 48 uova oltre a 19 monete. quante cose ha Sara in tutto?
{Носитель} ha # mele e # carte. quante cose ha {Носитель} in tutto?	action_pages	1	да	Luca ha 17 mele e 53 carte. quante cose ha Luca in tutto?
{Носитель} ha # mele, # monete più # fiori. quante cose ha {Носитель} in tutto?	joints	1	да	Anna ha 13 mele, 31 monete più 6 fiori. quante cose ha Anna in tutto?
{Носитель} ha # mele. ne ha date #. quante gliene restano?	anaphora	1	да	Luca ha 11 mele. ne ha date 3. quante gliene restano?
{Носитель} ha # mele. quante ne ha {Носитель}?	links	1	да	Matteo ha 20 mele. quante ne ha Marco?
{Носитель} ha # monete, # penne, # palloni. quante cose ha {Носитель} in tutto?	joints	1	да	Chiara ha 15 monete, 33 penne, 12 palloni. quante cose ha Chiara in tutto?
{Носитель} ha # monete. ne ha date #. quante gliene restano?	anaphora	1	да	Chiara ha 15 monete. ne ha date 6. quante gliene restano?
{Носитель} ha # monete. è vero che {Носитель} ha # monete?	links	1	да	Anna ha 5 monete. è vero che Anna ha 9 monete?
{Носитель} ha # pastelli. {Носитель} ha # pastelli in più di {Носитель}. quanti pastelli ha {Носитель}?	cmpframes	1	да	Marco ha 27 pastelli. Anna ha 8 pastelli in più di Marco. quanti pastelli ha Anna?
{Носитель} ha # penne e {Носитель} ha # penne. quante penne ha {Носитель}?	holdforms	1	да	Marco ha 33 penne e Sara ha 35 penne. quante penne ha Sara?
{Носитель} ha # penne. {Носитель} ha detto che {Носитель} ha # penne. è giusto?	links	1	да	Paolo ha 12 penne. Lei ha detto che Paolo ha 16 penne. è giusto?
{Носитель} ha # rose. {Носитель} ha # rose. quante rose in più ha {Носитель} di {Носитель}?	cmpframes	1	да	Matteo ha 32 rose. Anna ha 46 rose. quante rose in più ha Anna di Matteo?
{Носитель} ha # rose. {Носитель} ha il doppio delle rose di {Носитель}. quante rose ha {Носитель}?	cmpframes	1	да	Sara ha 22 rose. Matteo ha il doppio delle rose di Sara. quante rose ha Matteo?
{Носитель} ha # uova, # libri, # fiori. quante cose ha {Носитель} in tutto?	joints	1	да	Paolo ha 26 uova, 56 libri, 17 fiori. quante cose ha Paolo in tutto?
{Носитель} ha # uova. quante uova ha {Носитель}?	holdforms	1	да	Chiara ha 28 uova. quante uova ha Chiara?
{Носитель} ha # uova. sei d'accordo?	links	1	да	Sara ha 7 uova. sei d'accordo?
{Носитель} ha detto che togliendo # a # restano #. è così?	object	1	да	Lei ha detto che togliendo 4 a 18 restano 15. è così?
{Носитель} ha fatto # addominali. {Носитель} ha fatto # addominali in più di {Носитель}. quanti addominali ha fatto {Носитель}?	cmpframes	1	да	Paolo ha fatto 32 addominali. Chiara ha fatto 14 addominali in più di Paolo. quanti addominali ha fatto Chiara
{Носитель} ha fatto # flessioni. {Носитель} ha fatto # flessioni. quante flessioni in più ha fatto {Носитель} di {Носитель}?	cmpframes	1	да	Luca ha fatto 45 flessioni. Giulia ha fatto 63 flessioni. quante flessioni in più ha fatto Giulia di Luca?
{Носитель} ha giocato # partite lunedì e # partite martedì. quante partite ha giocato {Носитель} in tutto?	svamp	1	да	Giulia ha giocato 20 partite lunedì e 8 partite martedì. quante partite ha giocato Giulia in tutto?
{Носитель} ha raccolto # monete. {Носитель} ha comprato altre # monete. lei ha perso # monete. che quantità di monete resta a {Носитель}?	svamp	1	да	Anna ha raccolto 12 monete. Anna ha comprato altre 5 monete. lei ha perso 3 monete. che quantità di monete res
{Носитель} had # apples. he gave away # apples. how many apples does he have left?	speech	1	НЕТ	Yuri had 5 apples. he gave away 2 apples. how many apples does he have left?
{Носитель} had # apps op de telefoon. {Носитель} voegde # nieuwe apps toe. hoeveel apps heeft ze nu?	svamp	1	да	Emma had 20 apps op de telefoon. Emma voegde 8 nieuwe apps toe. hoeveel apps heeft ze nu?
{Носитель} had # balls. {Носитель} gave # balls away. how many balls are left?	heads	1	да	Nick had 10 balls. Nick gave 2 balls away. how many balls are left?
{Носитель} had # balls. {Носитель} gave # balls to {Носитель}. how many balls does {Носитель} have now?	svamp	1	НЕТ	Anna had 20 balls. Anna gave 8 balls to Carla. how many balls does Anna have now?
{Носитель} had # bloemen. hij verkocht een deel ervan. nu heeft hij # bloemen. hoeveel bloemen verkocht hij?	svamp	1	да	Bram had 25 bloemen. hij verkocht een deel ervan. nu heeft hij 18 bloemen. hoeveel bloemen verkocht hij?
{Носитель} had # boeken en {Носитель} en {Носитель} hadden # boeken. {Носитель} gaf hun # boeken. hoeveel boeken heeft {Носитель} nu?	pronobject	1	да	Bram had 32 boeken en Lotte en Eva hadden 12 boeken. Bram gaf hun 15 boeken. hoeveel boeken heeft Bram nu?
{Носитель} had # boeken. haar vader gaf haar nog # boeken. wie gaf {Носитель} de boeken?	kinbearer	1	да	Lotte had 12 boeken. haar vader gaf haar nog 7 boeken. wie gaf Lotte de boeken?
{Носитель} had # books and {Носитель} and {Носитель} had # books. {Носитель} gave them # books. how many books does {Носитель} have now?	pronobject	1	да	Ben had 32 books and Ann and Kate had 12 books. Ben gave them 15 books. how many books does Ben have now?
{Носитель} had # books and {Носитель} had # books. {Носитель} gave her # books. how many books does {Носитель} have now?	pronobject	1	да	Ben had 27 books and Ann had 8 books. Ben gave her 19 books. how many books does Ann have now?
{Носитель} had # books. her dad gave her # books. how many books does {Носитель} have now?	kinbearer	1	да	Ann had 5 books. her dad gave her 4 books. how many books does Ann have now?
{Носитель} had # books. {Носитель} got # books. how many books does {Носитель} have now?	heads	1	да	Lena had 7 books. Lena got 3 books. how many books does Lena have now?
{Носитель} had # coins. then he lost # of them. how many coins does {Носитель} hold?	pronouns	1	да	Peter had 20 coins. then he lost 17 of them. how many coins does Peter hold?
{Носитель} had # coins. {Носитель} got # coins more. how many coins does {Носитель} have now?	action_pages	1	да	Grace had 37 coins. Grace got 4 coins more. how many coins does Grace have now?
{Носитель} had # coins. {Носитель} sold # coin away. how many coins does {Носитель} save?	gsmlex	1	да	Dan had 5 coins. Dan sold 1 coin away. how many coins does Dan save?
{Носитель} had # cookies. later he lost # of them. how many cookies does {Носитель} hold?	pronouns	1	да	Mark had 34 cookies. later he lost 13 of them. how many cookies does Mark hold?
{Носитель} had # dollars. {Носитель} bought # dollar more. how many dollars does {Носитель} own now?	gsmlex	1	да	Elena had 5 dollars. Elena bought 1 dollar more. how many dollars does Elena own now?
{Носитель} had # eggs. {Носитель} bought # egg more. how many eggs does {Носитель} own now?	gsmlex	1	да	Hugo had 12 eggs. Hugo bought 1 egg more. how many eggs does Hugo own now?
{Носитель} had # eggs. {Носитель} bought # eggs more. how many eggs does {Носитель} own now?	gsmlex	1	да	Felix had 9 eggs. Felix bought 2 eggs more. how many eggs does Felix own now?
{Носитель} had # eggs. {Носитель} gave away # eggs. {Носитель} has # eggs. why?	links	1	да	Dima had 19 eggs. Dima gave away 2 eggs. Dima has 17 eggs. why?
{Носитель} had # eggs. {Носитель} got # eggs more. how many eggs does {Носитель} have now?	action_pages	1	да	Ann had 73 eggs. Ann got 12 eggs more. how many eggs does Ann have now?
{Носитель} had # eggs. {Носитель} got # eggs. what happens next?	links	1	да	Ava had 21 eggs. Ava got 4 eggs. what happens next?
{Носитель} had # flowers. {Носитель} gave away # flowers. {Носитель} has # flowers. why do you think so?	links	1	да	Elena had 20 flowers. Elena gave away 2 flowers. Elena has 18 flowers. why do you think so?
{Носитель} had # marbles. she gave away # marbles. how many marbles does she have left?	speech	1	НЕТ	Maria had 4 marbles. she gave away 3 marbles. how many marbles does she have left?
{Носитель} had # miles. {Носитель} bought # mile more. how many miles does {Носитель} own now?	gsmlex	1	да	Ben had 6 miles. Ben bought 1 mile more. how many miles does Ben own now?
{Носитель} had # pencils and her dad had # pencils. her dad gave her # pencils, and {Носитель} gave her dad # pencils. how many pencils does her dad have now?	kinbearer	1	да	Ann had 4 pencils and her dad had 12 pencils. her dad gave her 3 pencils, and Ann gave her dad 5 pencils. how 
{Носитель} had # pencils and her mom had # pencils. her mom gave her # pencils, and {Носитель} gave her mom # pencils. how many pencils does her mom have now?	kinbearer	1	да	Ann had 4 pencils and her mom had 12 pencils. her mom gave her 3 pencils, and Ann gave her mom 5 pencils. how 
{Носитель} had # pencils. her mom gave her # pencils. how many pencils does {Носитель} have now?	kinbearer	1	да	Ann had 12 pencils. her mom gave her 7 pencils. how many pencils does Ann have now?
{Носитель} had # pencils. she used # of them. how many pencils does {Носитель} have now?	pronouns	1	да	Janet had 28 pencils. she used 21 of them. how many pencils does Janet have now?
{Носитель} had # pens. {Носитель} gave her # more. how many pens does she have now?	svamp	1	да	Cynthia had 18 pens. Carlos gave her 11 more. how many pens does she have now?
{Носитель} had # pens. {Носитель} got # pens more. how many pens does {Носитель} have now?	action_pages	1	да	Anna had 61 pens. Anna got 4 pens more. how many pens does Anna have now?
{Носитель} had # pieces. {Носитель} got # pieces. how many pieces does {Носитель} have now?	heads	1	да	Dima had 4 pieces. Dima got 4 pieces. how many pieces does Dima have now?
{Носитель} had # potloden en haar vader had # potloden. haar vader gaf haar # potloden, en {Носитель} gaf haar vader # potloden. hoeveel potloden heeft haar vader nu?	kinbearer	1	да	Lotte had 7 potloden en haar vader had 20 potloden. haar vader gaf haar 8 potloden, en Lotte gaf haar vader 6 
{Носитель} had # potloden en {Носитель} en {Носитель} hadden # potloden. {Носитель} gaf hun # potloden. hoeveel potloden hebben {Носитель} en {Носитель} nu?	pronobject	1	да	Bram had 20 potloden en Lotte en Eva hadden 5 potloden. Bram gaf hun 8 potloden. hoeveel potloden hebben Lotte
{Носитель} had # potloden en {Носитель} had # potloden. {Носитель} gaf hem # potloden. hoeveel potloden heeft {Носитель} nu?	pronobject	1	да	Lotte had 27 potloden en Bram had 8 potloden. Lotte gaf hem 19 potloden. hoeveel potloden heeft Bram nu?
{Носитель} had # pounds. {Носитель} sold # pound away. how many pounds does {Носитель} save?	gsmlex	1	да	Felix had 12 pounds. Felix sold 1 pound away. how many pounds does Felix save?
{Носитель} had # stamps. later she lost # of them. how many stamps does {Носитель} still have left?	pronouns	1	да	Ava had 26 stamps. later she lost 14 of them. how many stamps does Ava still have left?
{Носитель} had # stamps. {Носитель} gave # stamps away. how many stamps are left?	heads	1	да	Dima had 5 stamps. Dima gave 2 stamps away. how many stamps are left?
{Носитель} had # weeks. {Носитель} sold # week away. how many weeks does {Носитель} save?	gsmlex	1	да	Ava had 10 weeks. Ava sold 1 week away. how many weeks does Ava save?
{Носитель} had # weeks. {Носитель} sold # weeks away. how many weeks does {Носитель} save?	gsmlex	1	да	Ava had 11 weeks. Ava sold 2 weeks away. how many weeks does Ava save?
{Носитель} has # action figures. {Носитель} has # action figures. how many times more action figures does {Носитель} have than {Носитель}?	cmpframes	1	да	Carla has 126 action figures. Grace has 42 action figures. how many times more action figures does Carla have 
{Носитель} has # apples, # eggs as well as # pens. how many things does {Носитель} have in all?	joints	1	да	Ann has 5 apples, 3 eggs as well as 10 pens. how many things does Ann have in all?
{Носитель} has # apples. {Носитель} has # apple more than {Носитель}. how many apples does {Носитель} own now?	genesis_compare	1	да	Carla has 3 apples. Felix has 1 apple more than Carla. how many apples does Felix own now?
{Носитель} has # apples. {Носитель} has # apples more than {Носитель}. how many apples does {Носитель} hold now?	genesis_compare	1	да	Dan has 5 apples. Hugo has 3 apples more than Dan. how many apples does Hugo hold now?
{Носитель} has # apples. {Носитель} has # more than twice the number of apples that {Носитель} has. how many apples does {Носитель} own now?	genesis_compare	1	да	Ben has 5 apples. Elena has 1 more than twice the number of apples that Ben has. how many apples does Elena ow
{Носитель} has # apples. {Носитель} has # times the amount of apples that {Носитель} has. how many apples does {Носитель} own now?	genesis_compare	1	да	Ben has 4 apples. Felix has 2 times the amount of apples that Ben has. how many apples does Felix own now?
{Носитель} has # apples. {Носитель} has # times the number of apples that {Носитель} has. how many apples does {Носитель} hold now?	genesis_compare	1	да	Hugo has 4 apples. Elena has 2 times the number of apples that Hugo has. how many apples does Elena hold now?
{Носитель} has # apples. {Носитель} has double the amount of apples that {Носитель} has. how many apples does {Носитель} hold now?	genesis_compare	1	да	Dan has 6 apples. Grace has double the amount of apples that Dan has. how many apples does Grace hold now?
{Носитель} has # apples. {Носитель} has double the amount of apples that {Носитель} has. how many apples does {Носитель} own now?	genesis_compare	1	да	Ava has 4 apples. Dan has double the amount of apples that Ava has. how many apples does Dan own now?
{Носитель} has # balls and # cards. how many cards does {Носитель} have?	holdforms	1	да	Elena has 4 balls and 32 cards. how many cards does Elena have?
{Носитель} has # batches. {Носитель} has # batches. how many batches do they have altogether?	aggregate	1	да	Hugo has 8 batches. Carla has 5 batches. how many batches do they have altogether?
{Носитель} has # books along with # pens. how many things does {Носитель} have in all?	joints	1	да	Ben has 14 books along with 44 pens. how many things does Ben have in all?
{Носитель} has # books, # apples, # flowers. how many things does {Носитель} have in all?	joints	1	да	Hugo has 8 books, 20 apples, 11 flowers. how many things does Hugo have in all?
{Носитель} has # books. {Носитель} has # books. how many books do they have altogether?	aggregate	1	да	Elena has 5 books. Ben has 4 books. how many books do they have altogether?
{Носитель} has # books. {Носитель} has # books. how many books do {Носитель} and {Носитель} have in total?	aggregate	1	да	Elena has 4 books. Ava has 2 books. how many books do Elena and Ava have in total?
{Носитель} has # candy. {Носитель} has # candies. {Носитель} has # candies. how many candies do {Носитель} {Носитель} and {Носитель} own together?	aggregate	1	да	Hugo has 1 candy. Dan has 2 candies. Elena has 4 candies. how many candies do Hugo Dan and Elena own together?
{Носитель} has # card more than {Носитель}. {Носитель} has # cards. how many cards does {Носитель} own now?	genesis_compare	1	да	Dan has 1 card more than Hugo. Hugo has 6 cards. how many cards does Dan own now?
{Носитель} has # cards less than {Носитель}. {Носитель} has # cards. how many cards does {Носитель} save?	genesis_compare	1	да	Ava has 2 cards less than Dan. Dan has 6 cards. how many cards does Ava save?
{Носитель} has # cards more than {Носитель}. {Носитель} has # cards. how many cards does {Носитель} own now?	genesis_compare	1	да	Ben has 2 cards more than Elena. Elena has 7 cards. how many cards does Ben own now?
{Носитель} has # children. {Носитель} has # children. {Носитель} has # child. how many children do {Носитель} {Носитель} and {Носитель} have in total?	aggregate	1	да	Elena has 9 children. Ben has 5 children. Felix has 1 child. how many children do Elena Ben and Felix have in 
{Носитель} has # chimichangas. {Носитель} has # chimichangas. how many chimichangas do they hold in all?	aggregate	1	да	Ben has 6 chimichangas. Grace has 2 chimichangas. how many chimichangas do they hold in all?
{Носитель} has # coins and {Носитель} has # coins; how many more coins does {Носитель} have than {Носитель}?	compare_mult	1	да	Mark has 9 coins and Kate has 3 coins; how many more coins does Mark have than Kate?
{Носитель} has # coins, # books, # cards. how many things does {Носитель} have in all?	joints	1	да	Cynthia has 33 coins, 39 books, 18 cards. how many things does Cynthia have in all?
{Носитель} has # coins. how many does {Носитель} have?	links	1	да	Felix has 15 coins. how many does Grace have?
{Носитель} has # coins. {Носитель} has # coin more than {Носитель}. how many coins does {Носитель} hold now?	genesis_compare	1	да	Felix has 3 coins. Ava has 1 coin more than Felix. how many coins does Ava hold now?
{Носитель} has # coins. {Носитель} has # coins more than {Носитель}. how many coins does {Носитель} own now?	genesis_compare	1	да	Dan has 7 coins. Grace has 2 coins more than Dan. how many coins does Grace own now?
{Носитель} has # coins. {Носитель} has # coins. how many coins do {Носитель} and {Носитель} hold together?	aggregate	1	да	Elena has 9 coins. Hugo has 3 coins. how many coins do Elena and Hugo hold together?
{Носитель} has # coins. {Носитель} has # more coins than {Носитель}. how many coins does {Носитель} own now?	genesis_compare	1	да	Felix has 7 coins. Carla has 2 more coins than Felix. how many coins does Carla own now?
{Носитель} has # coins. {Носитель} has double the number of coins that {Носитель} has. how many coins does {Носитель} own now?	genesis_compare	1	да	Ben has 2 coins. Elena has double the number of coins that Ben has. how many coins does Elena own now?
{Носитель} has # cookies. {Носитель} has # cookies. how many cookies do they hold in all?	aggregate	1	да	Felix has 7 cookies. Ava has 4 cookies. how many cookies do they hold in all?
{Носитель} has # cookies. {Носитель} has # cookies. {Носитель} has # cookies. how many cookies do {Носитель} {Носитель} and {Носитель} hold altogether?	aggregate	1	да	Ava has 3 cookies. Felix has 2 cookies. Carla has 2 cookies. how many cookies do Ava Felix and Carla hold alto
{Носитель} has # crates. {Носитель} has # crates. how many crates do {Носитель} and {Носитель} have in total?	aggregate	1	да	Felix has 3 crates. Ava has 3 crates. how many crates do Felix and Ava have in total?
{Носитель} has # crayons. {Носитель} has # crayons. who has more crayons?	cmpframes	1	да	Cynthia has 33 crayons. Anna has 12 crayons. who has more crayons?
{Носитель} has # cups. {Носитель} has # cup. {Носитель} has # cups. how many cups do {Носитель} {Носитель} and {Носитель} have altogether?	aggregate	1	да	Ben has 3 cups. Felix has 1 cup. Hugo has 3 cups. how many cups do Ben Felix and Hugo have altogether?
{Носитель} has # dollar. {Носитель} has # dollars. how many dollars do {Носитель} and {Носитель} have in total?	aggregate	1	да	Grace has 1 dollar. Carla has 2 dollars. how many dollars do Grace and Carla have in total?
{Носитель} has # dollars. he earns # dollars per day. a bike costs # dollars. how many days does he need?	money_story	1	да	Ben has 40 dollars. he earns 5 dollars per day. a bike costs 175 dollars. how many days does he need?
{Носитель} has # dollars. he earns # dollars per day. a tablet costs # dollars. how many days does he need?	money_story	1	да	Dan has 35 dollars. he earns 5 dollars per day. a tablet costs 165 dollars. how many days does he need?
{Носитель} has # dollars. she earns # dollars per day. a tablet costs # dollars. how many days does she need?	money_story	1	да	Grace has 70 dollars. she earns 5 dollars per day. a tablet costs 215 dollars. how many days does she need?
{Носитель} has # dollars. {Носитель} has # dollars. {Носитель} has # dollars. how many dollars do {Носитель} {Носитель} and {Носитель} own in all?	aggregate	1	да	Ben has 7 dollars. Felix has 2 dollars. Ava has 4 dollars. how many dollars do Ben Felix and Ava own in all?
{Носитель} has # eggs. you said that {Носитель} has # eggs. is that right?	links	1	да	Dima has 19 eggs. you said that Dima has 23 eggs. is that right?
{Носитель} has # eggs. {Носитель} has # egg. how many eggs do {Носитель} and {Носитель} have in total?	aggregate	1	да	Felix has 3 eggs. Ben has 1 egg. how many eggs do Felix and Ben have in total?
{Носитель} has # eggs. {Носитель} has # eggs. how many eggs do {Носитель} and {Носитель} own combined?	aggregate	1	да	Felix has 2 eggs. Ava has 5 eggs. how many eggs do Felix and Ava own combined?
{Носитель} has # eggs. {Носитель} has # fewer egg than {Носитель}. how many eggs does {Носитель} keep?	genesis_compare	1	да	Elena has 9 eggs. Ava has 1 fewer egg than Elena. how many eggs does Ava keep?
{Носитель} has # eggs. {Носитель} has # times the amount of eggs that {Носитель} has. how many eggs does {Носитель} hold now?	genesis_compare	1	да	Grace has 4 eggs. Dan has 2 times the amount of eggs that Grace has. how many eggs does Dan hold now?
{Носитель} has # eggs. {Носитель} has double the number of eggs that {Носитель} has. how many eggs does {Носитель} own now?	genesis_compare	1	да	Carla has 4 eggs. Grace has double the number of eggs that Carla has. how many eggs does Grace own now?
{Носитель} has # feet. {Носитель} has # feet. how many feet do {Носитель} and {Носитель} own combined?	aggregate	1	да	Dan has 7 feet. Hugo has 5 feet. how many feet do Dan and Hugo own combined?
{Носитель} has # fewer than three times the number of stickers {Носитель} has. {Носитель} has # stickers. how many stickers does {Носитель} hold now?	relations_story	1	да	Carla has 8 fewer than three times the number of stickers Grace has. Carla has 61 stickers. how many stickers 
{Носитель} has # flowers as well as # cards. how many things does {Носитель} have in all?	joints	1	да	Elena has 40 flowers as well as 44 cards. how many things does Elena have in all?
{Носитель} has # flowers, # apples along with # pen. how many things does {Носитель} have in all?	joints	1	да	Hugo has 4 flowers, 50 apples along with 1 pen. how many things does Hugo have in all?
{Носитель} has # flowers, # apples, # pens. how many things does {Носитель} have in all?	joints	1	да	Cynthia has 3 flowers, 17 apples, 12 pens. how many things does Cynthia have in all?
{Носитель} has # friends. {Носитель} has # friends. {Носитель} has # friend. how many friends do {Носитель} {Носитель} and {Носитель} have in total?	aggregate	1	да	Grace has 6 friends. Dan has 5 friends. Ben has 1 friend. how many friends do Grace Dan and Ben have in total?
{Носитель} has # gallons. {Носитель} has # gallons. how many gallons do they own together?	aggregate	1	да	Dan has 2 gallons. Hugo has 6 gallons. how many gallons do they own together?
{Носитель} has # gallons. {Носитель} has # gallons. how many gallons do {Носитель} and {Носитель} hold together?	aggregate	1	да	Dan has 3 gallons. Ava has 2 gallons. how many gallons do Dan and Ava hold together?
{Носитель} has # games. {Носитель} has # games. who has more games?	cmpframes	1	да	Carla has 16 games. Carlos has 16 games. who has more games?
{Носитель} has # hours. {Носитель} buys # hours more. how many hours does {Носитель} hold now?	gsmlex	1	да	Felix has 11 hours. Felix buys 2 hours more. how many hours does Felix hold now?
{Носитель} has # kilograms. {Носитель} has # kilograms. how many kilograms do {Носитель} and {Носитель} own in all?	aggregate	1	да	Dan has 2 kilograms. Ava has 4 kilograms. how many kilograms do Dan and Ava own in all?
{Носитель} has # less card than {Носитель}. {Носитель} has # cards. how many cards does {Носитель} save?	genesis_compare	1	да	Dan has 1 less card than Ava. Ava has 10 cards. how many cards does Dan save?
{Носитель} has # marbles. {Носитель} has # marbles. {Носитель} has # marble. how many marbles do {Носитель} {Носитель} and {Носитель} hold together?	aggregate	1	да	Ava has 8 marbles. Elena has 3 marbles. Felix has 1 marble. how many marbles do Ava Elena and Felix hold toget
{Носитель} has # meals. {Носитель} has # meals. {Носитель} has # meals. how many meals do {Носитель} {Носитель} and {Носитель} hold in all?	aggregate	1	да	Felix has 5 meals. Ben has 6 meals. Carla has 2 meals. how many meals do Felix Ben and Carla hold in all?
{Носитель} has # minutes. {Носитель} has # minutes. how many minutes do {Носитель} and {Носитель} own in all?	aggregate	1	да	Ben has 7 minutes. Felix has 2 minutes. how many minutes do Ben and Felix own in all?
{Носитель} has # more books than {Носитель}. {Носитель} has # books. how many books does {Носитель} own now?	genesis_compare	1	да	Elena has 3 more books than Hugo. Hugo has 5 books. how many books does Elena own now?
{Носитель} has # more than twice as many books as {Носитель}. {Носитель} has # books. how many books does {Носитель} hold now?	relations_story	1	да	Felix has 6 more than twice as many books as Dima. Dima has 11 books. how many books does Felix hold now?
{Носитель} has # more than twice as many books as {Носитель}. {Носитель} has # books. how many books does {Носитель} own now?	genesis_compare	1	да	Elena has 1 more than twice as many books as Ben. Ben has 6 books. how many books does Elena own now?
{Носитель} has # more than twice as many cookies as {Носитель}. {Носитель} has # cookies. how many cookies does {Носитель} own now?	genesis_compare	1	да	Hugo has 2 more than twice as many cookies as Elena. Elena has 3 cookies. how many cookies does Hugo own now?
{Носитель} has # more than twice as many pages as {Носитель}. {Носитель} has # pages. how many pages does {Носитель} own now?	genesis_compare	1	да	Carla has 3 more than twice as many pages as Grace. Grace has 4 pages. how many pages does Carla own now?
{Носитель} has # more than twice the number of books that {Носитель} has. {Носитель} has # books. how many books does {Носитель} own now?	genesis_compare	1	да	Ben has 2 more than twice the number of books that Elena has. Elena has 3 books. how many books does Ben own n
{Носитель} has # more than twice the number of cookies that {Носитель} has. {Носитель} has # cookies. how many cookies does {Носитель} hold now?	genesis_compare	1	да	Hugo has 3 more than twice the number of cookies that Elena has. Elena has 4 cookies. how many cookies does Hu
{Носитель} has # newspapers. {Носитель} has # newspaper. how many newspapers do {Носитель} and {Носитель} own in all?	aggregate	1	да	Carla has 6 newspapers. Grace has 1 newspaper. how many newspapers do Carla and Grace own in all?
{Носитель} has # newspapers. {Носитель} has # newspaper. {Носитель} has # newspapers. how many newspapers do {Носитель} {Носитель} and {Носитель} own in all?	aggregate	1	да	Carla has 6 newspapers. Grace has 1 newspaper. Hugo has 3 newspapers. how many newspapers do Carla Grace and H
{Носитель} has # pairs. {Носитель} has # pair. {Носитель} has # pair. how many pairs do {Носитель} {Носитель} and {Носитель} hold altogether?	aggregate	1	да	Hugo has 5 pairs. Elena has 1 pair. Ben has 1 pair. how many pairs do Hugo Elena and Ben hold altogether?
{Носитель} has # pens, # eggs, # flowers. how many things does {Носитель} have in all?	joints	1	да	Carlos has 4 pens, 8 eggs, 11 flowers. how many things does Carlos have in all?
{Носитель} has # people. {Носитель} has # people. how many people do they have altogether?	aggregate	1	да	Hugo has 8 people. Dan has 3 people. how many people do they have altogether?
{Носитель} has # people. {Носитель} has # person. how many people do they have altogether?	aggregate	1	да	Carla has 4 people. Felix has 1 person. how many people do they have altogether?
{Носитель} has # piece. {Носитель} has # pieces. how many pieces do they own together?	aggregate	1	да	Hugo has 1 piece. Carla has 4 pieces. how many pieces do they own together?
{Носитель} has # players. {Носитель} has # player. how many players do {Носитель} and {Носитель} have in total?	aggregate	1	да	Dan has 8 players. Ava has 1 player. how many players do Dan and Ava have in total?
{Носитель} has # points. {Носитель} has # points fewer than {Носитель}. how many points does {Носитель} keep?	genesis_compare	1	да	Felix has 7 points. Ben has 2 points fewer than Felix. how many points does Ben keep?
{Носитель} has # points. {Носитель} has double the number of points that {Носитель} has. how many points does {Носитель} own now?	genesis_compare	1	да	Elena has 6 points. Ava has double the number of points that Elena has. how many points does Ava own now?
{Носитель} has # points. {Носитель} has twice as many points as {Носитель}. how many points does {Носитель} hold now?	genesis_compare	1	да	Grace has 4 points. Ben has twice as many points as Grace. how many points does Ben hold now?
{Носитель} has # red books. what colour are the books?	sceneforms	1	да	Ava has 2 red books. what colour are the books?
{Носитель} has # reports. {Носитель} has # reports. how many reports do {Носитель} and {Носитель} have in total?	aggregate	1	да	Ava has 5 reports. Elena has 6 reports. how many reports do Ava and Elena have in total?
{Носитель} has # sandwiches. {Носитель} has # sandwiches. how many sandwiches do {Носитель} and {Носитель} have in total?	aggregate	1	да	Elena has 4 sandwiches. Ava has 2 sandwiches. how many sandwiches do Elena and Ava have in total?
{Носитель} has # seconds. {Носитель} has # second. how many seconds do they own together?	aggregate	1	да	Grace has 5 seconds. Dan has 1 second. how many seconds do they own together?
{Носитель} has # shells. {Носитель} has # shells. how many shells do they hold in all?	aggregate	1	да	Ava has 5 shells. Dan has 2 shells. how many shells do they hold in all?
{Носитель} has # signatures. {Носитель} has # signatures. how many signatures do {Носитель} and {Носитель} have in total?	aggregate	1	да	Ben has 2 signatures. Felix has 3 signatures. how many signatures do Ben and Felix have in total?
{Носитель} has # slices. {Носитель} buys # slice more. how many slices does {Носитель} hold now?	gsmlex	1	да	Felix has 4 slices. Felix buys 1 slice more. how many slices does Felix hold now?
{Носитель} has # slices. {Носитель} buys # slices more. how many slices does {Носитель} hold now?	gsmlex	1	да	Ava has 7 slices. Ava buys 2 slices more. how many slices does Ava hold now?
{Носитель} has # students. {Носитель} has # students. how many students do they have altogether?	aggregate	1	да	Hugo has 3 students. Carla has 6 students. how many students do they have altogether?
{Носитель} has # tablespoons. {Носитель} has # tablespoons. how many tablespoons do {Носитель} and {Носитель} own in all?	aggregate	1	да	Grace has 5 tablespoons. Ben has 5 tablespoons. how many tablespoons do Grace and Ben own in all?
{Носитель} has # teachers. {Носитель} has # teachers. how many teachers do {Носитель} and {Носитель} have in total?	aggregate	1	да	Carla has 9 teachers. Hugo has 2 teachers. how many teachers do Carla and Hugo have in total?
{Носитель} has # times as many cookies as {Носитель}. {Носитель} has # cookies. how many cookies does {Носитель} own now?	genesis_compare	1	да	Elena has 3 times as many cookies as Ava. Ava has 5 cookies. how many cookies does Elena own now?
{Носитель} has # times as many pages as {Носитель}. {Носитель} has # pages. how many pages does {Носитель} hold now?	genesis_compare	1	да	Ben has 3 times as many pages as Grace. Grace has 5 pages. how many pages does Ben hold now?
{Носитель} has # times the amount of books that {Носитель} has. {Носитель} has # books. how many books does {Носитель} hold now?	genesis_compare	1	да	Elena has 3 times the amount of books that Ben has. Ben has 5 books. how many books does Elena hold now?
{Носитель} has # times the amount of pages that {Носитель} has. {Носитель} has # pages. how many pages does {Носитель} hold now?	genesis_compare	1	да	Elena has 3 times the amount of pages that Ben has. Ben has 5 pages. how many pages does Elena hold now?
{Носитель} has # times the number of pages that {Носитель} has. {Носитель} has # pages. how many pages does {Носитель} hold now?	genesis_compare	1	да	Grace has 3 times the number of pages that Carla has. Carla has 5 pages. how many pages does Grace hold now?
{Носитель} has # toys. {Носитель} has # toys. how many toys do {Носитель} and {Носитель} own combined?	aggregate	1	да	Hugo has 6 toys. Elena has 5 toys. how many toys do Hugo and Elena own combined?
{Носитель} has # yard. {Носитель} has # yards. {Носитель} has # yard. how many yards do {Носитель} {Носитель} and {Носитель} hold together?	aggregate	1	да	Ava has 1 yard. Elena has 5 yards. Felix has 1 yard. how many yards do Ava Elena and Felix hold together?
{Носитель} has #.# dollars. she saves #.# dollars. how much money does she have now?	money_story	1	да	Ava has 24.70 dollars. she saves 1.12 dollars. how much money does she have now?
{Носитель} has #.# dollars. she spends #.# dollars. how much money does she have now?	money_story	1	да	Cynthia has 30.90 dollars. she spends 1.12 dollars. how much money does she have now?
{Носитель} has $#.#. she saved $#.#. how much money does she have now?	money_story	1	да	Ann has $27.85. she saved $9.67. how much money does she have now?
{Носитель} has collected # card. {Носитель} has collected # more cards than {Носитель}. how many cards does {Носитель} hold now?	verbs	1	да	Vera has collected 1 card. Sven has collected 8 more cards than Vera. how many cards does Sven hold now?
{Носитель} has counted # balloons. {Носитель} has counted # more balloons than {Носитель}. how many balloons does {Носитель} hold now?	verbs	1	да	Pia has counted 4 balloons. Vera has counted 5 more balloons than Pia. how many balloons does Vera hold now?
{Носитель} has delivered # meal. {Носитель} has delivered # more meals than {Носитель}. how many meals does {Носитель} hold now?	verbs	1	да	Vera has delivered 1 meal. Sven has delivered 9 more meals than Vera. how many meals does Sven hold now?
{Носитель} has double the number of books that {Носитель} has. {Носитель} has # books. how many books does {Носитель} own now?	genesis_compare	1	да	Elena has double the number of books that Ben has. Ben has 7 books. how many books does Elena own now?
{Носитель} has drunk # gallon. {Носитель} has drunk # more gallons than {Носитель}. how many gallons does {Носитель} hold now?	verbs	1	да	Rosa has drunk 1 gallon. Ida has drunk 5 more gallons than Rosa. how many gallons does Ida hold now?
{Носитель} has held # balloons. {Носитель} has held # more balloons than {Носитель}. how many balloons does {Носитель} hold now?	verbs	1	да	Ida has held 2 balloons. Tara has held 4 more balloons than Ida. how many balloons does Tara hold now?
{Носитель} has made # sandwich. {Носитель} has made # more sandwiches than {Носитель}. how many sandwiches does {Носитель} hold now?	verbs	1	да	Rosa has made 1 sandwich. Ida has made 6 more sandwiches than Rosa. how many sandwiches does Ida hold now?
{Носитель} has needed # cups. {Носитель} has needed # more cups than {Носитель}. how many cups does {Носитель} hold now?	verbs	1	да	Pia has needed 4 cups. Vera has needed 9 more cups than Pia. how many cups does Vera hold now?
{Носитель} has no books. how many books does {Носитель} have?	holdforms	1	да	Carla has no books. how many books does Carla have?
{Носитель} has no coins. how many coins does {Носитель} have?	holdforms	1	да	Elena has no coins. how many coins does Elena have?
{Носитель} has read # book. {Носитель} has read # more books than {Носитель}. how many books does {Носитель} hold now?	verbs	1	да	Rosa has read 1 book. Ida has read 8 more books than Rosa. how many books does Ida hold now?
{Носитель} has sold # books. {Носитель} has sold # more books than {Носитель}. how many books does {Носитель} hold now?	verbs	1	да	Ida has sold 2 books. Tara has sold 7 more books than Ida. how many books does Tara hold now?
{Носитель} has sold # cookies. {Носитель} has sold # more cookies than {Носитель}. how many cookies does {Носитель} hold now?	verbs	1	да	Umar has sold 4 cookies. Rosa has sold 8 more cookies than Umar. how many cookies does Rosa hold now?
{Носитель} has twice as many cookies as {Носитель}. {Носитель} has # cookies. how many cookies does {Носитель} hold now?	genesis_compare	1	да	Ava has twice as many cookies as Dan. Dan has 3 cookies. how many cookies does Ava hold now?
{Носитель} hat # Bälle und # {Носитель}. wie viele {Носитель} hat {Носитель}?	holdforms	1	да	Jonas hat 32 Bälle und 28 Karten. wie viele Karten hat Jonas?
{Носитель} hat # Bälle. sie gab # Bälle weg. wie viele hat sie noch?	anaphora	1	да	Lena hat 9 Bälle. sie gab 4 Bälle weg. wie viele hat sie noch?
{Носитель} hat # Bücher. wie viele Bücher hat {Носитель}?	holdforms	1	да	Lena hat 34 Bücher. wie viele Bücher hat Lena?
{Носитель} hat # Münzen weniger als doppelt so viele wie {Носитель}. {Носитель} hat # Münzen. wie viele Münzen hat {Носитель}?	relations_story	1	да	Mia hat 6 Münzen weniger als doppelt so viele wie Laura. Mia hat 16 Münzen. wie viele Münzen hat Laura?
{Носитель} hat # Münzen. sie gab # Münzen weg. wie viele hat sie noch?	anaphora	1	да	Lena hat 7 Münzen. sie gab 2 Münzen weg. wie viele hat sie noch?
{Носитель} hat # blaue {Носитель}. welche {Носитель} haben die {Носитель}?	sceneforms	1	да	Mia hat 19 blaue Blumen. welche Farbe haben die Blumen?
{Носитель} hat # {Носитель} und # {Носитель}. wie viele {Носитель} hat {Носитель} insgesamt?	joints	1	да	Lena hat 10 Blumen und 30 Tassen. wie viele Dinge hat Lena insgesamt?
{Носитель} hat # {Носитель} und # {Носитель}. wie viele {Носитель} hat {Носитель}?	holdforms	1	да	Lena hat 17 Karten und 3 Blumen. wie viele Blumen hat Lena?
{Носитель} hat # {Носитель} weniger als dreimal so viele wie {Носитель}. {Носитель} hat # {Носитель}. wie viele {Носитель} hat {Носитель}?	relations_story	1	да	Mia hat 2 Sticker weniger als dreimal so viele wie Anna. Anna hat 17 Sticker. wie viele Sticker hat Mia?
{Носитель} hat # {Носитель} weniger als viermal so viele wie {Носитель}. {Носитель} hat # {Носитель}. wie viele {Носитель} hat {Носитель}?	relations_story	1	да	Anna hat 2 Karten weniger als viermal so viele wie Lena. Lena hat 23 Karten. wie viele Karten hat Anna?
{Носитель} hat # {Носитель} Äpfel und # {Носитель} {Носитель}. wie viele {Носитель} {Носитель} hat sie insgesamt?	svamp	1	да	Laura hat 18 Kisten Äpfel und 11 Kisten Birnen. wie viele Kisten Obst hat sie insgesamt?
{Носитель} hat # {Носитель}, # Bücher und # {Носитель}. wie viele {Носитель} hat {Носитель} insgesamt?	action_pages	1	да	Laura hat 10 Stifte, 10 Bücher und 10 Eier. wie viele Dinge hat Laura insgesamt?
{Носитель} hat # {Носитель}, # {Носитель}, # Münzen. wie viele {Носитель} hat {Носитель} insgesamt?	joints	1	да	Laura hat 35 Karten, 47 Blumen, 4 Münzen. wie viele Dinge hat Laura insgesamt?
{Носитель} hat # {Носитель}. sie verdient # {Носитель} pro {Носитель}. ein {Носитель} kostet # {Носитель}. wie viele {Носитель} braucht sie?	money_story	1	да	Anna hat 45 Euro. sie verdient 20 Euro pro Tag. ein Tablet kostet 365 Euro. wie viele Tage braucht sie?
{Носитель} hat # {Носитель}. sie verdient # {Носитель} pro {Носитель}. eine {Носитель} kostet # {Носитель}. wie viele {Носитель} braucht sie?	money_story	1	да	Lena hat 30 Euro. sie verdient 30 Euro pro Tag. eine Kamera kostet 480 Euro. wie viele Tage braucht sie?
{Носитель} hat # {Носитель}. wer hat # {Носитель}?	holdforms	1	да	Laura hat 30 Tassen. wer hat 30 Tassen?
{Носитель} hat # {Носитель}. wie viele {Носитель} hat {Носитель}?	holdforms	1	да	Laura hat 12 Eier. wie viele Eier hat Laura?
{Носитель} hat # {Носитель}. {Носитель} hat # {Носитель} weniger als {Носитель}. wie viele {Носитель} hat {Носитель}?	cmpframes	1	да	Mia hat 16 Spiele. Felix hat 7 Spiele weniger als Mia. wie viele Spiele hat Felix?
{Носитель} hat # {Носитель}. {Носитель} hat # {Носитель}. wer hat weniger {Носитель}?	cmpframes	1	да	Max hat 14 Apps. Mia hat 32 Apps. wer hat weniger Apps?
{Носитель} hat # {Носитель}. {Носитель} hat # {Носитель}. wie viele {Носитель} mehr hat {Носитель} als {Носитель}?	cmpframes	1	да	Felix hat 16 Apps. Laura hat 23 Apps. wie viele Apps mehr hat Laura als Felix?
{Носитель} hat # Äpfel. sie gab # Äpfel weg. wie viele hat sie noch?	anaphora	1	да	Lena hat 12 Äpfel. sie gab 5 Äpfel weg. wie viele hat sie noch?
{Носитель} hat #,# {Носитель}. sie sparte #,# {Носитель}. wie viel {Носитель} hat sie jetzt?	money_story	1	да	Laura hat 13,85 Euro. sie sparte 7,17 Euro. wie viel Geld hat sie jetzt?
{Носитель} hatte # Bücher. ihr {Носитель} gab ihr noch # Bücher. wie viele Bücher hat {Носитель} jetzt?	kinbearer	1	да	Anna hatte 12 Bücher. ihr Vater gab ihr noch 7 Bücher. wie viele Bücher hat Anna jetzt?
{Носитель} hatte # Bücher. sie gab ihrem {Носитель} # Bücher. wie viele Bücher hat {Носитель} jetzt?	kinbearer	1	да	Anna hatte 9 Bücher. sie gab ihrem Vater 3 Bücher. wie viele Bücher hat Anna jetzt?
{Носитель} hatte # Bücher. {Носитель} hatte auch welche. sie kaufte # Bücher von ihm. wie viele Bücher hat {Носитель} jetzt?	svamp	1	да	Lena hatte 15 Bücher. Max hatte auch welche. sie kaufte 6 Bücher von ihm. wie viele Bücher hat Lena jetzt?
{Носитель} hatte # {Носитель} und {Носитель} hatte # {Носитель}. {Носитель} gab ihm # {Носитель}. wie viele {Носитель} hat {Носитель} jetzt?	pronobject	1	да	Anna hatte 20 Bleistifte und Ben hatte 5 Bleistifte. Anna gab ihm 8 Bleistifte. wie viele Bleistifte hat Anna 
{Носитель} hatte # {Носитель}. ihr {Носитель} gab ihr noch # {Носитель}. wie viele {Носитель} hat {Носитель} jetzt?	kinbearer	1	да	Anna hatte 20 Bleistifte. ihr Vater gab ihr noch 15 Bleistifte. wie viele Bleistifte hat Anna jetzt?
{Носитель} hatte # {Носитель}. ihre {Носитель} gab ihr noch # {Носитель}. wie viele {Носитель} hat {Носитель} jetzt?	kinbearer	1	да	Anna hatte 5 Bleistifte. ihre Mutter gab ihr noch 4 Bleistifte. wie viele Bleistifte hat Anna jetzt?
{Носитель} hatte # {Носитель}. {Носитель} aß # {Носитель}. wie viele {Носитель} hat {Носитель} noch?	action_pages	1	да	Paul hatte 45 Eier. Paul aß 21 Eier. wie viele Eier hat Paul noch?
{Носитель} heeft # actiefiguren. {Носитель} heeft # actiefiguren. hoeveel keer meer actiefiguren heeft {Носитель} dan {Носитель}?	cmpframes	1	да	Bram heeft 99 actiefiguren. Sanne heeft 33 actiefiguren. hoeveel keer meer actiefiguren heeft Bram dan Sanne?
{Носитель} heeft # appels. hij gaf # appels weg. hoeveel heeft hij nog?	anaphora	1	да	Jonas heeft 11 appels. hij gaf 3 appels weg. hoeveel heeft hij nog?
{Носитель} heeft # appels. zij gaf # appels weg. hoeveel heeft zij nog?	anaphora	1	да	Anna heeft 20 appels. zij gaf 8 appels weg. hoeveel heeft zij nog?
{Носитель} heeft # ballen. een kwart daarvan is blauw. hoeveel daarvan zijn niet blauw?	svamp	1	да	Daan heeft 20 ballen. een kwart daarvan is blauw. hoeveel daarvan zijn niet blauw?
{Носитель} heeft # ballen. hij gaf # ballen weg. hoeveel heeft hij nog?	anaphora	1	да	Paul heeft 7 ballen. hij gaf 2 ballen weg. hoeveel heeft hij nog?
{Носитель} heeft # bloemen. en als het er twee keer zoveel waren?	links	1	да	Anna heeft 15 bloemen. en als het er twee keer zoveel waren?
{Носитель} heeft # eieren plus # appels. hoeveel dingen heeft {Носитель} in totaal?	joints	1	да	Daan heeft 12 eieren plus 8 appels. hoeveel dingen heeft Daan in totaal?
{Носитель} heeft # eieren. haar moeder heeft # eieren. hoeveel eieren hebben ze samen?	svamp	1	да	Lotte heeft 30 eieren. haar moeder heeft 12 eieren. hoeveel eieren hebben ze samen?
{Носитель} heeft # eieren. hoeveel eieren bezit {Носитель}?	svamp	1	да	Lotte heeft 30 eieren. hoeveel eieren bezit Lotte?
{Носитель} heeft # kaarten, # appels alsook # kaarten. hoeveel dingen heeft {Носитель} in totaal?	joints	1	да	Sanne heeft 12 kaarten, 16 appels alsook 11 kaarten. hoeveel dingen heeft Sanne in totaal?
{Носитель} heeft # kaarten, # ballen en # kaarten. hoeveel dingen heeft {Носитель} in totaal?	joints	1	да	Daan heeft 10 kaarten, 32 ballen en 15 kaarten. hoeveel dingen heeft Daan in totaal?
{Носитель} heeft # kaarten, # ballen plus # eieren. hoeveel dingen heeft {Носитель} in totaal?	joints	1	да	Daan heeft 30 kaarten, 30 ballen plus 11 eieren. hoeveel dingen heeft Daan in totaal?
{Носитель} heeft # kleurpotloden. {Носитель} heeft # kleurpotloden. wie heeft minder kleurpotloden?	cmpframes	1	да	Sanne heeft 12 kleurpotloden. Luuk heeft 33 kleurpotloden. wie heeft minder kleurpotloden?
{Носитель} heeft # munten. zij gaf # munten weg. hoeveel heeft zij nog?	anaphora	1	да	Lotte heeft 15 munten. zij gaf 6 munten weg. hoeveel heeft zij nog?
{Носитель} heeft # rode kaarten en # blauwe kaarten. hoeveel kaarten heeft {Носитель} alles bij elkaar?	svamp	1	да	Sanne heeft 18 rode kaarten en 11 blauwe kaarten. hoeveel kaarten heeft Sanne alles bij elkaar?
{Носитель} hizo # abdominales. {Носитель} hizo el triple de abdominales que {Носитель}. ¿cuántos abdominales hizo {Носитель}?	cmpframes	1	да	Diego hizo 32 abdominales. Elena hizo el triple de abdominales que Diego. ¿cuántos abdominales hizo Elena?
{Носитель} hizo # flexiones. {Носитель} hizo # flexiones. ¿quién hizo menos flexiones?	cmpframes	1	да	Ana hizo 7 flexiones. Luis hizo 16 flexiones. ¿quién hizo menos flexiones?
{Носитель} holds #.# dollars. he paid #.# dollars. how much money does he have now?	money_story	1	да	Ben holds 8.40 dollars. he paid 1.62 dollars. how much money does he have now?
{Носитель} holds #.# dollars. she saved #.# dollars. how much money does she have now?	money_story	1	да	Elena holds 22.50 dollars. she saved 3.52 dollars. how much money does she have now?
{Носитель} holds $#.#. she buys a book for $#.#. how much money does she have now?	money_story	1	да	Carla holds $11.75. she buys a book for $3.97. how much money does she have now?
{Носитель} is four times as old as {Носитель}. together they are # years old. how old is {Носитель}?	relations_story	1	да	Carla is four times as old as Elena. together they are 20 years old. how old is Elena?
{Носитель} is groter dan {Носитель}. {Носитель} is groter dan {Носитель}. wie is het grootst?	degrees	1	да	Bram is groter dan Daan. Daan is groter dan Sem. wie is het grootst?
{Носитель} is kleiner dan {Носитель}. {Носитель} is kleiner dan {Носитель}. wie is het kleinst?	degrees	1	да	Daan is kleiner dan Sem. Sem is kleiner dan Bram. wie is het kleinst?
{Носитель} is shorter than {Носитель}. what about {Носитель} then?	degrees	1	да	Ben is shorter than Carlos. what about Carlos then?
{Носитель} is slechter dan {Носитель}. {Носитель} is slechter dan {Носитель}. wie is het slechtst?	degrees	1	да	Sem is slechter dan Bram. Bram is slechter dan Daan. wie is het slechtst?
{Носитель} is twice older than {Носитель}. {Носитель} is # years old. how old is {Носитель}?	relations_story	1	да	Dima is twice older than Ava. Ava is 9 years old. how old is Dima?
{Носитель} ist # {Носитель} alt. wie alt wird {Носитель} in # {Носитель} sein?	relations_story	1	да	Max ist 14 Jahre alt. wie alt wird Max in 4 Jahren sein?
{Носитель} ist # {Носитель} alt. {Носитель} ist doppelt so alt wie {Носитель}. wie alt wird {Носитель} in # {Носитель} sein?	relations_story	1	да	Mia ist 21 Jahre alt. Jonas ist doppelt so alt wie Mia. wie alt wird Jonas in 8 Jahren sein?
{Носитель} ist # {Носитель} alt. {Носитель} ist dreimal so alt wie {Носитель}. wie alt wird {Носитель} in # {Носитель} sein?	relations_story	1	да	Lena ist 21 Jahre alt. Felix ist dreimal so alt wie Lena. wie alt wird Felix in 4 Jahren sein?
{Носитель} ist # {Носитель} alt. {Носитель} ist viermal so alt wie {Носитель}. wie alt wird {Носитель} in # {Носитель} sein?	relations_story	1	да	Mia ist 9 Jahre alt. Paul ist viermal so alt wie Mia. wie alt wird Paul in 8 Jahren sein?
{Носитель} ist dreimal so alt wie {Носитель}. zusammen sind sie # {Носитель} alt. wie alt ist {Носитель}?	relations_story	1	да	Anna ist dreimal so alt wie Paul. zusammen sind sie 48 Jahre alt. wie alt ist Paul?
{Носитель} ist langsamer als {Носитель}. {Носитель} ist langsamer als {Носитель}. wer ist am langsamsten?	degrees	1	да	Paul ist langsamer als Felix. Felix ist langsamer als Jonas. wer ist am langsamsten?
{Носитель} ist müde. deshalb macht {Носитель} mehr {Носитель}. warum macht {Носитель} mehr {Носитель}?	behavior	1	да	Paul ist müde. deshalb macht Paul mehr Fehler. warum macht Paul mehr Fehler?
{Носитель} ist schlechter als {Носитель}. {Носитель} ist schlechter als {Носитель}. wer ist am schlechtesten?	degrees	1	да	Felix ist schlechter als Jonas. Jonas ist schlechter als Paul. wer ist am schlechtesten?
{Носитель} ist viermal so alt wie {Носитель}. zusammen sind sie # {Носитель} alt. wie alt ist {Носитель}?	relations_story	1	да	Anna ist viermal so alt wie Max. zusammen sind sie 20 Jahre alt. wie alt ist Max?
{Носитель} ist viermal so alt wie {Носитель}. {Носитель} ist # {Носитель} alt. wie alt ist {Носитель}?	relations_story	1	да	Laura ist viermal so alt wie Felix. Felix ist 3 Jahre alt. wie alt ist Laura?
{Носитель} jest lepszy niż {Носитель}. a jaki jest {Носитель}?	degrees	1	да	Jan jest lepszy niż Piotr. a jaki jest Piotr?
{Носитель} jest lepszy niż {Носитель}. {Носитель} jest lepszy niż Paweł. kto jest najlepszy?	degrees	1	да	Jan jest lepszy niż Piotr. Piotr jest lepszy niż Paweł. kto jest najlepszy?
{Носитель} jest szybszy niż Paweł. Paweł jest szybszy niż {Носитель}. kto jest najszybszy?	degrees	1	да	Piotr jest szybszy niż Paweł. Paweł jest szybszy niż Jan. kto jest najszybszy?
{Носитель} kauft # Bücher, # {Носитель} und # {Носитель}. ein {Носитель} kostet #,# {Носитель}, eine {Носитель} kostet #,# {Носитель}, ein {Носитель} kostet #,# {Носитель}. wie viel bezahlt er insgesamt?	money_story	1	да	Max kauft 2 Bücher, 6 Tassen und 2 Bleistifte. ein Buch kostet 1,90 Euro, eine Tasse kostet 4,40 Euro, ein Ble
{Носитель} kauft # {Носитель} zu je #,# {Носитель} und # {Носитель} zu je #,# {Носитель}. wie viel bezahlt er insgesamt?	money_story	1	да	Felix kauft 3 Stifte zu je 1,75 Euro und 7 Tassen zu je 6,65 Euro. wie viel bezahlt er insgesamt?
{Носитель} kauft # {Носитель} zu je #,# {Носитель}. wie viel bezahlt er insgesamt?	money_story	1	да	Felix kauft 6 Stifte zu je 1,10 Euro. wie viel bezahlt er insgesamt?
{Носитель} kauft # {Носитель}, # Bücher und # {Носитель}. ein {Носитель} kostet #,# {Носитель}, ein {Носитель} kostet #,# {Носитель}, eine {Носитель} kostet #,# {Носитель}. wie viel bezahlt er insgesamt?	money_story	1	да	Jonas kauft 5 Stifte, 7 Bücher und 5 Tassen. ein Stift kostet 7,35 Euro, ein Buch kostet 9,55 Euro, eine Tasse
{Носитель} kauft # Äpfel zu je #,# {Носитель} und # Bücher zu je #,# {Носитель}. wie viel bezahlt er insgesamt?	money_story	1	да	Paul kauft 5 Äpfel zu je 7,45 Euro und 3 Bücher zu je 8,35 Euro. wie viel bezahlt er insgesamt?
{Носитель} lifts # pounds every day. how much in # days?	heads	1	да	Dima lifts 3 pounds every day. how much in 5 days?
{Носитель} ma # długopisów, # jabłek plus # długopisy. ile rzeczy ma {Носитель} w sumie?	joints	1	да	Zofia ma 37 długopisów, 35 jabłek plus 2 długopisy. ile rzeczy ma Zofia w sumie?
{Носитель} ma # jabłek. czy chodzi panu o # jabłek?	links	1	да	Marek ma 12 jabłek. czy chodzi panu o 12 jabłek?
{Носитель} ma # jabłek. dała # jabłka. ile jej zostało?	anaphora	1	да	Ewa ma 11 jabłek. dała 3 jabłka. ile jej zostało?
{Носитель} ma # jajka. a Paweł?	links	1	да	Piotr ma 22 jajka. a Paweł?
{Носитель} ma # kapsli. {Носитель} ma # kapsle. o ile więcej kapsli ma {Носитель} niż {Носитель}?	cmpframes	1	да	Anna ma 16 kapsli. Jan ma 23 kapsle. o ile więcej kapsli ma Jan niż Anna?
{Носитель} ma # kapsli. {Носитель} ma o # kapsli więcej niż {Носитель}. ile kapsli ma {Носитель}?	cmpframes	1	да	Maria ma 21 kapsli. Marek ma o 6 kapsli więcej niż Maria. ile kapsli ma Marek?
{Носитель} ma # kart. co ma {Носитель}?	holdforms	1	да	Jan ma 9 kart. co ma Jan?
{Носитель} ma # książek i # jabłek. ile jabłek ma {Носитель}?	holdforms	1	да	Zofia ma 30 książek i 14 jabłek. ile jabłek ma Zofia?
{Носитель} ma # książek. dał # książki. ile mu zostało?	anaphora	1	да	Piotr ma 11 książek. dał 3 książki. ile mu zostało?
{Носитель} ma # kwiaty plus # długopisów. ile rzeczy ma {Носитель} w sumie?	joints	1	да	Ewa ma 23 kwiaty plus 25 długopisów. ile rzeczy ma Ewa w sumie?
{Носитель} ma # monet, # długopisów i # jajek. ile rzeczy ma {Носитель} w sumie?	joints	1	да	Ewa ma 38 monet, 50 długopisów i 17 jajek. ile rzeczy ma Ewa w sumie?
{Носитель} ma # piłek. dał # piłek. ile mu zostało?	anaphora	1	да	Piotr ma 15 piłek. dał 6 piłek. ile mu zostało?
{Носитель} ma # piłek. dał # piłki. ile mu zostało?	anaphora	1	да	Marek ma 9 piłek. dał 4 piłki. ile mu zostało?
{Носитель} ma # piłek. dała # piłki. ile jej zostało?	anaphora	1	да	Ewa ma 9 piłek. dała 4 piłki. ile jej zostało?
{Носитель} ma # piłek. ile piłek ma {Носитель}?	holdforms	1	да	Maria ma 8 piłek. ile piłek ma Maria?
{Носитель} ma # róż. {Носитель} ma dwa razy więcej róż niż {Носитель}. ile róż ma {Носитель}?	cmpframes	1	да	Anna ma 36 róż. Piotr ma dwa razy więcej róż niż Anna. ile róż ma Piotr?
{Носитель} made # pies. {Носитель} sold # pies. how many more pies did he make than sell?	pronouns	1	да	Kyle made 37 pies. Kyle sold 29 pies. how many more pies did he make than sell?
{Носитель} made # sandwiches. {Носитель} made # sandwich more. how many sandwiches does {Носитель} hold now?	verbs	1	да	Ida made 6 sandwiches. Ida made 1 sandwich more. how many sandwiches does Ida hold now?
{Носитель} makes # cards. {Носитель} sells # cards away. how many cards does {Носитель} keep?	gsmwide	1	да	Iris makes 8 cards. Iris sells 3 cards away. how many cards does Iris keep?
{Носитель} makes # cookies. {Носитель} uses # cookie away. how many cookies does {Носитель} keep?	gsmlex	1	да	Elena makes 10 cookies. Elena uses 1 cookie away. how many cookies does Elena keep?
{Носитель} makes # cookies. {Носитель} uses # cookies away. how many cookies does {Носитель} keep?	gsmlex	1	да	Dan makes 8 cookies. Dan uses 2 cookies away. how many cookies does Dan keep?
{Носитель} makes # days. {Носитель} adds # day more. how many days does {Носитель} hold now?	gsmlex	1	да	Carla makes 8 days. Carla adds 1 day more. how many days does Carla hold now?
{Носитель} makes # days. {Носитель} adds # days more. how many days does {Носитель} hold now?	gsmlex	1	да	Elena makes 11 days. Elena adds 3 days more. how many days does Elena hold now?
{Носитель} makes # degrees. {Носитель} earns # degree more. how many degrees does {Носитель} own now?	gsmwide	1	да	Lena makes 7 degrees. Lena earns 1 degree more. how many degrees does Lena own now?
{Носитель} makes # minutes. {Носитель} uses # minutes away. how many minutes does {Носитель} keep?	gsmlex	1	да	Elena makes 12 minutes. Elena uses 2 minutes away. how many minutes does Elena keep?
{Носитель} makes # packs. {Носитель} earns # packs more. how many packs does {Носитель} own now?	gsmwide	1	да	Carla makes 12 packs. Carla earns 3 packs more. how many packs does Carla own now?
{Носитель} makes # pages. {Носитель} sells # page away. how many pages does {Носитель} keep?	gsmwide	1	да	Janet makes 7 pages. Janet sells 1 page away. how many pages does Janet keep?
{Носитель} makes # pieces. {Носитель} adds # pieces more. how many pieces does {Носитель} hold now?	gsmlex	1	да	Hugo makes 7 pieces. Hugo adds 3 pieces more. how many pieces does Hugo hold now?
{Носитель} makes # points. {Носитель} uses # points away. how many points does {Носитель} keep?	gsmlex	1	да	Dan makes 12 points. Dan uses 3 points away. how many points does Dan keep?
{Носитель} makes # slices. {Носитель} adds # slices more. how many slices does {Носитель} hold now?	gsmlex	1	да	Carla makes 12 slices. Carla adds 2 slices more. how many slices does Carla hold now?
{Носитель} miał # kwiatów. {Носитель} oddał # kwiat. {Носитель} ma # kwiatów. dlaczego {Носитель} ma # kwiatów?	links	1	да	Marek miał 16 kwiatów. Marek oddał 1 kwiat. Marek ma 15 kwiatów. dlaczego Marek ma 15 kwiatów?
{Носитель} miał # ołówki, a {Носитель} i {Носитель} miały # ołówków. {Носитель} dał im # ołówków. ile ołówków mają {Носитель} i {Носитель} teraz?	pronobject	1	да	Marek miał 32 ołówki, a Maria i Zofia miały 12 ołówków. Marek dał im 15 ołówków. ile ołówków mają Maria i Zofi
{Носитель} miał # ołówków, a {Носитель} miała # ołówki. {Носитель} dał jej # ołówków. ile ołówków ma {Носитель} teraz?	pronobject	1	да	Piotr miał 14 ołówków, a Maria miała 3 ołówki. Piotr dał jej 6 ołówków. ile ołówków ma Piotr teraz?
{Носитель} miała # długopisów. {Носитель} oddała # długopisy. {Носитель} ma # długopisów. dlaczego?	links	1	да	Zofia miała 11 długopisów. Zofia oddała 4 długopisy. Zofia ma 7 długopisów. dlaczego?
{Носитель} miała # kart. zgubiła # z nich. ile kart jej zostało?	svamp	1	да	Ewa miała 18 kart. zgubiła 11 z nich. ile kart jej zostało?
{Носитель} miała # książek, a jej tata miał # książek. jej tata dał jej # książek, a {Носитель} dała swojemu tacie # książek. ile książek ma jej tata teraz?	kinbearer	1	да	Maria miała 7 książek, a jej tata miał 20 książek. jej tata dał jej 8 książek, a Maria dała swojemu tacie 6 ks
{Носитель} miała # książek, a {Носитель} miał # książek. {Носитель} dała mu # książek. ile książek ma {Носитель} teraz?	pronobject	1	да	Maria miała 27 książek, a Marek miał 8 książek. Maria dała mu 19 książek. ile książek ma Maria teraz?
{Носитель} miała # książek. jej mama dała jej # książek, a jej tata dał jej # książek. ile książek ma {Носитель} teraz?	kinbearer	1	да	Maria miała 6 książek. jej mama dała jej 5 książek, a jej tata dał jej 7 książek. ile książek ma Maria teraz?
{Носитель} miała # książek. jej tata dał jej jeszcze # książek. ile książek ma {Носитель} teraz?	kinbearer	1	да	Maria miała 12 książek. jej tata dał jej jeszcze 7 książek. ile książek ma Maria teraz?
{Носитель} miała # książek. {Носитель} dostała # książki. co dalej?	links	1	да	Zofia miała 21 książek. Zofia dostała 3 książki. co dalej?
{Носитель} miała # ołówki, a jej mama miała # ołówków. jej mama dała jej # ołówki, a {Носитель} dała swojej mamie # ołówków. ile ołówków ma jej mama teraz?	kinbearer	1	да	Maria miała 4 ołówki, a jej mama miała 12 ołówków. jej mama dała jej 3 ołówki, a Maria dała swojej mamie 5 ołó
{Носитель} miała # ołówków, a {Носитель} miał # ołówków. {Носитель} dała mu # ołówki. ile ołówków ma {Носитель} teraz?	pronobject	1	да	Zofia miała 18 ołówków, a Marek miał 7 ołówków. Zofia dała mu 4 ołówki. ile ołówków ma Marek teraz?
{Носитель} miała # ołówków, a {Носитель} miał # ołówków. {Носитель} dała mu # ołówków. ile ołówków ma {Носитель} teraz?	pronobject	1	да	Maria miała 20 ołówków, a Marek miał 5 ołówków. Maria dała mu 8 ołówków. ile ołówków ma Marek teraz?
{Носитель} miała # ołówków. ona dała swojemu tacie # ołówki. ile ołówków ma {Носитель} teraz?	kinbearer	1	да	Maria miała 9 ołówków. ona dała swojemu tacie 3 ołówki. ile ołówków ma Maria teraz?
{Носитель} n'a pas de ballons. combien de ballons a {Носитель} ?	holdforms	1	да	Marie n'a pas de ballons. combien de ballons a Marie ?
{Носитель} non sa che cosa succederà. perciò {Носитель} ha paura. perché {Носитель} ha paura?	behavior	1	да	Anna non sa che cosa succederà. perciò Anna ha paura. perché Anna ha paura?
{Носитель} não sabe o que vai acontecer. por isso {Носитель} tem medo. porque é que {Носитель} tem medo?	behavior	1	да	Rita não sabe o que vai acontecer. por isso Rita tem medo. porque é que Rita tem medo?
{Носитель} ordered # packs. {Носитель} ordered # packs more. how many packs does {Носитель} hold now?	verbs	1	да	Tara ordered 8 packs. Tara ordered 2 packs more. how many packs does Tara hold now?
{Носитель} packed # pages. {Носитель} used # pages away. how many pages does {Носитель} keep?	realverbs	1	НЕТ	Tom packed 4 pages. Tom used 2 pages away. how many pages does Tom keep?
{Носитель} paid # cents for a apple that costs # cents. how much change did {Носитель} get?	money	1	да	Grace paid 500 cents for a apple that costs 370 cents. how much change did Grace get?
{Носитель} paid # cents for a pen that costs # cents. how much change did {Носитель} get?	money	1	да	Greg paid 700 cents for a pen that costs 555 cents. how much change did Greg get?
{Носитель} paid # dollars. {Носитель} paid # dollars more. how many dollars does {Носитель} hold now?	verbs	1	да	Rosa paid 3 dollars. Rosa paid 4 dollars more. how many dollars does Rosa hold now?
{Носитель} patrzyła w inną stronę. dlatego {Носитель} nie zobaczyła znaku. dlaczego {Носитель} nie zobaczyła znaku?	behavior	1	да	Anna patrzyła w inną stronę. dlatego Anna nie zobaczyła znaku. dlaczego Anna nie zobaczyła znaku?
{Носитель} picked # apples. then she lost # of them. how many apples did {Носитель} pick initially?	pronouns	1	да	Ava picked 27 apples. then she lost 13 of them. how many apples did Ava pick initially?
{Носитель} planted # flowers. {Носитель} planted # flowers more. how many flowers does {Носитель} hold now?	verbs	1	да	Vera planted 4 flowers. Vera planted 4 flowers more. how many flowers does Vera hold now?
{Носитель} produced # eggs. {Носитель} produced # eggs more. how many eggs does {Носитель} hold now?	verbs	1	да	Tara produced 9 eggs. Tara produced 2 eggs more. how many eggs does Tara hold now?
{Носитель} quiere llegar a tiempo. por eso {Носитель} se apresura. ¿por qué {Носитель} se apresura?	behavior	1	да	Luis quiere llegar a tiempo. por eso Luis se apresura. ¿por qué Luis se apresura?
{Носитель} reads # books. {Носитель} writes # books more. how many books does {Носитель} own now?	gsmwide	1	да	Felix reads 10 books. Felix writes 2 books more. how many books does Felix own now?
{Носитель} reads # cards. {Носитель} writes # cards more. how many cards does {Носитель} own now?	gsmwide	1	да	Janet reads 6 cards. Janet writes 3 cards more. how many cards does Janet own now?
{Носитель} received # dollars. she spent # of them. how many dollars does {Носитель} hold?	pronouns	1	да	Grace received 28 dollars. she spent 3 of them. how many dollars does Grace hold?
{Носитель} robi to codziennie. dlatego {Носитель} robi to bez namysłu. dlaczego {Носитель} robi to bez namysłu?	behavior	1	да	Piotr robi to codziennie. dlatego Piotr robi to bez namysłu. dlaczego Piotr robi to bez namysłu?
{Носитель} s cats lay # eggs. {Носитель} s cats lay # eggs more. how many eggs do the cats hold now?	gsmwide	1	да	Dan s cats lay 5 eggs. Dan s cats lay 3 eggs more. how many eggs do the cats hold now?
{Носитель} s ducks lay # eggs. {Носитель} s ducks lay # egg more. how many eggs do the ducks hold now?	gsmwide	1	да	Dan s ducks lay 3 eggs. Dan s ducks lay 1 egg more. how many eggs do the ducks hold now?
{Носитель} s goats lay # eggs. {Носитель} s goats lay # eggs more. how many eggs do the goats hold now?	gsmwide	1	да	Hugo s goats lay 6 eggs. Hugo s goats lay 3 eggs more. how many eggs do the goats hold now?
{Носитель} s hens lay # eggs. {Носитель} s hens lay # egg more. how many eggs do the hens hold now?	gsmwide	1	да	Hugo s hens lay 4 eggs. Hugo s hens lay 1 egg more. how many eggs do the hens hold now?
{Носитель} saw # paintings. {Носитель} saw # paintings more. how many paintings does {Носитель} hold now?	verbs	1	да	Vera saw 4 paintings. Vera saw 4 paintings more. how many paintings does Vera hold now?
{Носитель} schwimmt im {Носитель} — ist das eine {Носитель} oder eine {Носитель}?	opinion	1	да	Eis schwimmt im Wasser — ist das eine Tatsache oder eine Meinung?
{Носитель} scored # degrees. {Носитель} adds # degree more. how many degrees does {Носитель} hold now?	gsmwide	1	да	Elena scored 6 degrees. Elena adds 1 degree more. how many degrees does Elena hold now?
{Носитель} scored # degrees. {Носитель} adds # degrees more. how many degrees does {Носитель} hold now?	gsmwide	1	да	Lena scored 10 degrees. Lena adds 3 degrees more. how many degrees does Lena hold now?
{Носитель} scored # points. {Носитель} adds # point more. how many points does {Носитель} hold now?	gsmwide	1	да	Hugo scored 7 points. Hugo adds 1 point more. how many points does Hugo hold now?
{Носитель} scored # points. {Носитель} adds # points more. how many points does {Носитель} hold now?	gsmwide	1	да	Grace scored 5 points. Grace adds 3 points more. how many points does Grace hold now?
{Носитель} sleeps # hours every day. how much in # days?	heads	1	да	Mary sleeps 2 hours every day. how much in 2 days?
{Носитель} takes # calories. {Носитель} drops # calories away. how many calories does {Носитель} save?	gsmwide	1	да	Ben takes 5 calories. Ben drops 2 calories away. how many calories does Ben save?
{Носитель} takes # cards. {Носитель} loses # cards away. how many cards does {Носитель} save?	gsmlex	1	да	Felix takes 8 cards. Felix loses 3 cards away. how many cards does Felix save?
{Носитель} takes # coins. {Носитель} loses # coin away. how many coins does {Носитель} save?	gsmlex	1	да	Hugo takes 5 coins. Hugo loses 1 coin away. how many coins does Hugo save?
{Носитель} takes # cookies. {Носитель} needs # cookie more. how many cookies does {Носитель} own now?	gsmlex	1	да	Felix takes 7 cookies. Felix needs 1 cookie more. how many cookies does Felix own now?
{Носитель} takes # days. {Носитель} needs # day more. how many days does {Носитель} own now?	gsmlex	1	да	Ben takes 6 days. Ben needs 1 day more. how many days does Ben own now?
{Носитель} takes # dollars. {Носитель} needs # dollars more. how many dollars does {Носитель} own now?	gsmlex	1	да	Hugo takes 5 dollars. Hugo needs 2 dollars more. how many dollars does Hugo own now?
{Носитель} takes # hours. {Носитель} needs # hour more. how many hours does {Носитель} own now?	gsmlex	1	да	Carla takes 10 hours. Carla needs 1 hour more. how many hours does Carla own now?
{Носитель} takes # minutes. {Носитель} drops # minute away. how many minutes does {Носитель} save?	gsmwide	1	да	Janet takes 9 minutes. Janet drops 1 minute away. how many minutes does Janet save?
{Носитель} takes # minutes. {Носитель} loses # minutes away. how many minutes does {Носитель} save?	gsmlex	1	да	Elena takes 11 minutes. Elena loses 2 minutes away. how many minutes does Elena save?
{Носитель} takes # pages. {Носитель} drops # pages away. how many pages does {Носитель} save?	gsmwide	1	да	Grace takes 4 pages. Grace drops 2 pages away. how many pages does Grace save?
{Носитель} takes # pieces. {Носитель} drops # pieces away. how many pieces does {Носитель} save?	gsmwide	1	да	Hugo takes 6 pieces. Hugo drops 3 pieces away. how many pieces does Hugo save?
{Носитель} takes # pieces. {Носитель} needs # pieces more. how many pieces does {Носитель} own now?	gsmlex	1	да	Dan takes 4 pieces. Dan needs 2 pieces more. how many pieces does Dan own now?
{Носитель} takes # pounds. {Носитель} loses # pound away. how many pounds does {Носитель} save?	gsmlex	1	да	Elena takes 7 pounds. Elena loses 1 pound away. how many pounds does Elena save?
{Носитель} takes # pounds. {Носитель} loses # pounds away. how many pounds does {Носитель} save?	gsmlex	1	да	Ava takes 12 pounds. Ava loses 2 pounds away. how many pounds does Ava save?
{Носитель} takes # slices. {Носитель} loses # slice away. how many slices does {Носитель} save?	gsmlex	1	да	Carla takes 4 slices. Carla loses 1 slice away. how many slices does Carla save?
{Носитель} takes # weeks. {Носитель} needs # week more. how many weeks does {Носитель} own now?	gsmlex	1	да	Dan takes 10 weeks. Dan needs 1 week more. how many weeks does Dan own now?
{Носитель} takes # weeks. {Носитель} needs # weeks more. how many weeks does {Носитель} own now?	gsmlex	1	да	Ava takes 11 weeks. Ava needs 3 weeks more. how many weeks does Ava own now?
{Носитель} tem # bolas. ele deu # bolas. quantas lhe restam?	anaphora	1	да	Pedro tem 7 bolas. ele deu 2 bolas. quantas lhe restam?
{Носитель} tem # canetas mais # ovos. quantas coisas {Носитель} tem no total?	joints	1	да	Tiago tem 6 canetas mais 26 ovos. quantas coisas Tiago tem no total?
{Носитель} tem # canetas. é verdade?	links	1	да	Tiago tem 12 canetas. é verdade?
{Носитель} tem # cartas e # flores. quantas coisas {Носитель} tem no total?	joints	1	да	Tiago tem 39 cartas e 13 flores. quantas coisas Tiago tem no total?
{Носитель} tem # cartas, # canetas, # maçãs. quantas coisas {Носитель} tem no total?	joints	1	да	Ana tem 37 cartas, 25 canetas, 10 maçãs. quantas coisas Ana tem no total?
{Носитель} tem # flores e # canetas. quantas coisas {Носитель} tem no total?	action_pages	1	да	Ana tem 17 flores e 103 canetas. quantas coisas Ana tem no total?
{Носитель} tem # livros. ele deu # livros. quantas lhe restam?	anaphora	1	да	Rui tem 20 livros. ele deu 8 livros. quantas lhe restam?
{Носитель} tem # maçãs. ele deu # maçãs. quantas lhe restam?	anaphora	1	да	Pedro tem 20 maçãs. ele deu 8 maçãs. quantas lhe restam?
{Носитель} tem # moedas mais # flores. quantas coisas {Носитель} tem no total?	joints	1	да	Maria tem 34 moedas mais 44 flores. quantas coisas Maria tem no total?
{Носитель} tem # moedas. ele deu # moedas. quantas lhe restam?	anaphora	1	да	Pedro tem 9 moedas. ele deu 4 moedas. quantas lhe restam?
{Носитель} tenía # balones. {Носитель} perdió # balones. ¿cuántos balones le quedan a {Носитель}?	action_pages	1	да	Luis tenía 21 balones. Luis perdió 12 balones. ¿cuántos balones le quedan a Luis?
{Носитель} tenía # huevos. recibió algunos huevos más. ahora tiene # huevos. ¿cuántos huevos recibió?	svamp	1	да	Diego tenía 25 huevos. recibió algunos huevos más. ahora tiene 32 huevos. ¿cuántos huevos recibió?
{Носитель} tenía # libros y {Носитель} tenía # libros. {Носитель} le dio # libros. ¿cuántos libros tiene {Носитель} ahora?	pronobject	1	да	Elena tenía 14 libros y Carlos tenía 3 libros. Elena le dio 6 libros. ¿cuántos libros tiene Carlos ahora?
{Носитель} tenía # libros y {Носитель} y {Носитель} tenían # libros. {Носитель} les dio # libros. ¿cuántos libros tiene {Носитель} ahora?	pronobject	1	да	Pablo tenía 16 libros y Ana y Elena tenían 4 libros. Pablo les dio 7 libros. ¿cuántos libros tiene Pablo ahora
{Носитель} tenía # libros. ella dio # libros a su madre. ¿cuántos libros tiene {Носитель} ahora?	kinbearer	1	да	Ana tenía 22 libros. ella dio 8 libros a su madre. ¿cuántos libros tiene Ana ahora?
{Носитель} tenía # lápices y su madre tenía # lápices. su madre le dio # lápices, y {Носитель} dio # lápices a su madre. ¿cuántos lápices tiene su madre ahora?	kinbearer	1	да	Ana tenía 5 lápices y su madre tenía 16 lápices. su madre le dio 4 lápices, y Ana dio 10 lápices a su madre. ¿
{Носитель} tenía # lápices y su padre tenía # lápices. su padre le dio # lápices, y {Носитель} dio # lápices a su padre. ¿cuántos lápices tiene su padre ahora?	kinbearer	1	да	Ana tenía 4 lápices y su padre tenía 12 lápices. su padre le dio 3 lápices, y Ana dio 5 lápices a su padre. ¿c
{Носитель} tenía # lápices. su madre le dio # lápices más. ¿cuántos lápices tiene {Носитель} ahora?	kinbearer	1	да	Ana tenía 5 lápices. su madre le dio 4 lápices más. ¿cuántos lápices tiene Ana ahora?
{Носитель} tenía # lápices. su padre le dio # lápices más. ¿quién le dio los lápices a {Носитель}?	kinbearer	1	да	Ana tenía 12 lápices. su padre le dio 7 lápices más. ¿quién le dio los lápices a Ana?
{Носитель} tenía # manzanas. {Носитель} vendió # manzanas. ¿cuántas manzanas le quedan a {Носитель}?	action_pages	1	да	Pablo tenía 57 manzanas. Pablo vendió 21 manzanas. ¿cuántas manzanas le quedan a Pablo?
{Носитель} tiene # aplicaciones. {Носитель} tiene # aplicaciones. ¿cuántas aplicaciones más tiene {Носитель} que {Носитель}?	cmpframes	1	да	Diego tiene 33 aplicaciones. Elena tiene 45 aplicaciones. ¿cuántas aplicaciones más tiene Elena que Diego?
{Носитель} tiene # bolígrafo y Lucía tiene # bolígrafos. ¿cuántos bolígrafos tiene Lucía?	holdforms	1	да	Luis tiene 1 bolígrafo y Lucía tiene 11 bolígrafos. ¿cuántos bolígrafos tiene Lucía?
{Носитель} tiene # bolígrafos. ¿y {Носитель}?	links	1	да	Elena tiene 15 bolígrafos. ¿y Carlos?
{Носитель} tiene # cartas, # huevos, # libros. ¿cuántas cosas tiene {Носитель} en total?	joints	1	да	Elena tiene 11 cartas, 15 huevos, 4 libros. ¿cuántas cosas tiene Elena en total?
{Носитель} tiene # cartas. ¿qué tiene {Носитель}?	holdforms	1	да	Marta tiene 34 cartas. ¿qué tiene Marta?
{Носитель} tiene # chapas. {Носитель} tiene # chapas. ¿quién tiene más chapas?	cmpframes	1	да	Ana tiene 16 chapas. Luis tiene 16 chapas. ¿quién tiene más chapas?
{Носитель} tiene # flores, # libros, # moneda. ¿cuántas cosas tiene {Носитель} en total?	joints	1	да	Diego tiene 6 flores, 14 libros, 1 moneda. ¿cuántas cosas tiene Diego en total?
{Носитель} tiene # huevos, {Носитель} tiene # huevos. ¿y si fuera al revés?	links	1	да	Ana tiene 15 huevos, Pablo tiene 4 huevos. ¿y si fuera al revés?
{Носитель} tiene # libros azules. ¿de qué color son los libros?	sceneforms	1	да	Marta tiene 2 libros azules. ¿de qué color son los libros?
{Носитель} tiene # libros, # balones y # flores. ¿cuántas cosas tiene {Носитель} en total?	joints	1	да	Marta tiene 32 libros, 8 balones y 7 flores. ¿cuántas cosas tiene Marta en total?
{Носитель} tiene # manzanas, # flores y # bolígrafos. ¿cuántas cosas tiene {Носитель} en total?	joints	1	да	Elena tiene 21 manzanas, 49 flores y 10 bolígrafos. ¿cuántas cosas tiene Elena en total?
{Носитель} tiene # manzanas. Lucía tiene # manzanas. ¿cuántas manzanas tienen juntos?	action_pages	1	да	Diego tiene 5 manzanas. Lucía tiene 9 manzanas. ¿cuántas manzanas tienen juntos?
{Носитель} tiene # manzanas. ¿estás de acuerdo?	links	1	да	Ana tiene 19 manzanas. ¿estás de acuerdo?
{Носитель} tiene # monedas azules. ¿de qué color son las monedas?	sceneforms	1	да	Ana tiene 24 monedas azules. ¿de qué color son las monedas?
{Носитель} tiene # monedas. dio # monedas. ¿cuántas le quedan?	anaphora	1	да	Pablo tiene 9 monedas. dio 4 monedas. ¿cuántas le quedan?
{Носитель} tiene # pelotas. dio # pelotas. ¿cuántas le quedan?	anaphora	1	да	Elena tiene 9 pelotas. dio 4 pelotas. ¿cuántas le quedan?
{Носитель} tiene hambre. por eso {Носитель} busca comida. ¿por qué {Носитель} busca comida?	behavior	1	да	Diego tiene hambre. por eso Diego busca comida. ¿por qué Diego busca comida?
{Носитель} used # bandages. {Носитель} used # bandages more. how many bandages does {Носитель} hold now?	verbs	1	да	Tara used 3 bandages. Tara used 2 bandages more. how many bandages does Tara hold now?
{Носитель} walks # miles every day. how much in # days?	heads	1	да	Dima walks 3 miles every day. how much in 3 days?
{Носитель} weighs # packs. {Носитель} loses # packs away. how many packs does {Носитель} save?	gsmwide	1	да	Hugo weighs 4 packs. Hugo loses 2 packs away. how many packs does Hugo save?
{Носитель} zrobił # pompek. {Носитель} zrobiła o # pompek więcej niż {Носитель}. ile pompek zrobiła {Носитель}?	cmpframes	1	да	Jan zrobił 38 pompek. Zofia zrobiła o 19 pompek więcej niż Jan. ile pompek zrobiła Zofia?
{Носитель} çarşamba kütüphanede # kitap okudu. {Носитель} # kitabı ne zaman kütüphanede okudu?	holes	1	да	Mehmet çarşamba kütüphanede 10 kitap okudu. Mehmet 10 kitabı ne zaman kütüphanede okudu?
{Носитель} è più alto di {Носитель}. {Носитель} è più alto di {Носитель}. chi è il più alto?	degrees	1	да	Luca è più alto di Paolo. Paolo è più alto di Marco. chi è il più alto?
{Носитель} è più basso di {Носитель}. e {Носитель} allora?	degrees	1	да	Marco è più basso di Luca. e Luca allora?
{Носитель} è più basso di {Носитель}. {Носитель} è più basso di {Носитель}. chi è il più basso?	degrees	1	да	Marco è più basso di Luca. Luca è più basso di Paolo. chi è il più basso?
{Носитель} é mais rápido do que João. João é mais rápido do que {Носитель}. quem é o mais rápido?	degrees	1	да	Tiago é mais rápido do que João. João é mais rápido do que Pedro. quem é o mais rápido?
{Носитель} быстрее, чем {Носитель}. {Носитель} быстрее, чем {Носитель}. кто самый быстрый?	degrees	1	да	Иван быстрее, чем Ваня. Ваня быстрее, чем Дима. кто самый быстрый?
{Носитель} взял # монет. {Носитель} взял ещё # монеты. сколько монет взял {Носитель} всего?	ruverbs	1	да	Иван взял 7 монет. Иван взял ещё 2 монеты. сколько монет взял Иван всего?
{Носитель} вчетверо старше {Носитель}. {Носитель} # лет. сколько лет {Носитель}?	relations_story	1	да	Коля вчетверо старше Ани. Ане 7 лет. сколько лет Коле?
{Носитель} выпил # чашек. {Носитель} выпил ещё # чашку. сколько чашек выпил {Носитель} всего?	ruverbs	1	НЕТ	Пётр выпил 5 чашек. Пётр выпил ещё 1 чашку. сколько чашек выпил Пётр всего?
{Носитель} дал # ручек. сколько ручек дал {Носитель}?	ruverbs	1	да	Юрий дал 8 ручек. сколько ручек дал Юрий?
{Носитель} заплатил # копеек, а карандаш стоила # копеек. сколько сдачи получил {Носитель}?	money	1	да	Иван заплатил 800 копеек, а карандаш стоила 660 копеек. сколько сдачи получил Иван?
{Носитель} заплатила # копеек, а книга стоила # копеек. сколько сдачи получила {Носитель}?	money	1	да	Мария заплатила 400 копеек, а книга стоила 335 копеек. сколько сдачи получила Мария?
{Носитель} и {Носитель} купили # орехов. потом они продали # из них. сколько орехов у {Носитель} и {Носитель}?	pronouns	1	да	Катя и Миша купили 19 орехов. потом они продали 17 из них. сколько орехов у Кати и Миши?
{Носитель} и {Носитель} получили # монет. они потратили # из них. сколько монет осталось у {Носитель} и {Носитель}?	pronouns	1	да	Маша и Юра получили 17 монет. они потратили 7 из них. сколько монет осталось у Маши и Юры?
{Носитель} имеет # рублей # копеек. он заплатил # рублей # копеек. сколько денег у него теперь?	money_story	1	да	Том имеет 20 рублей 30 копеек. он заплатил 15 рублей 12 копеек. сколько денег у него теперь?
{Носитель} имеет # рублей # копеек. он заработал # рубля # копейки. сколько денег у него теперь?	money_story	1	да	Том имеет 14 рублей 90 копеек. он заработал 3 рубля 72 копейки. сколько денег у него теперь?
{Носитель} имеет # рублей # копеек. она зарабатывает # рублей # копеек. сколько денег у неё теперь?	money_story	1	да	Аня имеет 11 рублей 65 копеек. она зарабатывает 5 рублей 67 копеек. сколько денег у неё теперь?
{Носитель} имеет # рубль # копеек. он покупает ручку за # рублей # копеек. сколько денег у него теперь?	money_story	1	да	Юрий имеет 21 рубль 55 копеек. он покупает ручку за 10 рублей 37 копеек. сколько денег у него теперь?
{Носитель} имеет # рубля # копеек. она откладывает # рубля # копеек. сколько денег у неё теперь?	money_story	1	да	Вера имеет 43 рубля 15 копеек. она откладывает 22 рубля 77 копеек. сколько денег у неё теперь?
{Носитель} купил # карты. сколько карт купил {Носитель}?	ruverbs	1	да	Иван купил 4 карты. сколько карт купил Иван?
{Носитель} купила # страниц и # чашек в парке. сколько предметов купила {Носитель}?	everyday	1	НЕТ	Аня купила 8 страниц и 6 чашек в парке. сколько предметов купила Аня?
{Носитель} лучше, чем {Носитель}. {Носитель} лучше, чем {Носитель}. кто самый лучший?	degrees	1	да	Ваня лучше, чем Дима. Дима лучше, чем Иван. кто самый лучший?
{Носитель} написал # книг. {Носитель} написал ещё # книгу. сколько книг написал {Носитель} всего?	ruverbs	1	НЕТ	Пётр написал 6 книг. Пётр написал ещё 1 книгу. сколько книг написал Пётр всего?
{Носитель} написал # книг. сколько книг написал {Носитель}?	ruverbs	1	да	Иван написал 7 книг. сколько книг написал Иван?
{Носитель} написала # книги. {Носитель} написала ещё # книгу. сколько книг написала {Носитель} всего?	ruverbs	1	НЕТ	Вера написала 3 книги. Вера написала ещё 1 книгу. сколько книг написала Вера всего?
{Носитель} ниже, чем {Носитель}. {Носитель} ниже, чем {Носитель}. кто самый низкий?	degrees	1	да	Дима ниже, чем Иван. Иван ниже, чем Ваня. кто самый низкий?
{Носитель} ниже, чем {Носитель}. каков тогда {Носитель}?	degrees	1	да	Ваня ниже, чем Дима. каков тогда Дима?
{Носитель} покупает # чашки по цене # рубль # копеек за штуку и # яблока по цене # рублей # копеек за штуку. сколько она платит всего?	money_story	1	да	Анна покупает 2 чашки по цене 1 рубль 60 копеек за штуку и 4 яблока по цене 9 рублей 80 копеек за штуку. сколь
{Носитель} покупает # чашки, # карандашей и # яблока. одна чашка стоит # рубля # копеек, один карандаш стоит # рублей # копеек, одно яблоко стоит # рубля # копеек. сколько она платит всего?	money_story	1	да	Анна покупает 2 чашки, 6 карандашей и 4 яблока. одна чашка стоит 4 рубля 20 копеек, один карандаш стоит 9 рубл
{Носитель} покупает # яблока по цене # рублей # копеек за штуку. сколько она платит всего?	money_story	1	да	Вера покупает 2 яблока по цене 7 рублей 20 копеек за штуку. сколько она платит всего?
{Носитель} получила # долларов. она потратила # из них. сколько долларов у {Носитель}?	pronouns	1	да	Вера получила 25 долларов. она потратила 9 из них. сколько долларов у Веры?
{Носитель} прочитал # страниц. {Носитель} прочитал ещё # страницу. сколько страниц прочитал {Носитель} всего?	ruverbs	1	да	Пётр прочитал 6 страниц. Пётр прочитал ещё 1 страницу. сколько страниц прочитал Пётр всего?
{Носитель} прочитал # страниц. сколько страниц прочитал {Носитель}?	ruverbs	1	да	Иван прочитал 7 страниц. сколько страниц прочитал Иван?
{Носитель} сделал # игрушек. {Носитель} сделал ещё # игрушки. сколько игрушек сделал {Носитель} всего?	ruverbs	1	НЕТ	Юрий сделал 7 игрушек. Юрий сделал ещё 3 игрушки. сколько игрушек сделал Юрий всего?
{Носитель} собрал # монеты, {Носитель} собрала # монету; во сколько раз больше монет собрал {Носитель}, чем {Носитель}?	compare_mult	1	да	Марк собрал 2 монеты, Катя собрала 1 монету; во сколько раз больше монет собрал Марк, чем Катя?
{Носитель} собрал # монеты, {Носитель} собрала # монету; во сколько раз больше монет собрал {Носитель}?	compare_mult	1	да	Марк собрал 2 монеты, Катя собрала 1 монету; во сколько раз больше монет собрал Марк?
{Носитель} собрал # яблок, {Носитель} собрала # яблока; во сколько раз больше яблок собрал {Носитель}?	compare_mult	1	да	Том собрал 6 яблок, Аня собрала 3 яблока; во сколько раз больше яблок собрал Том?
{Носитель} съела # яблока. {Носитель} съела ещё # яблока. сколько яблок съела {Носитель} всего?	ruverbs	1	да	Мария съела 4 яблока. Мария съела ещё 3 яблока. сколько яблок съела Мария всего?
{Носитель} сыграла # игр в понедельник и # игр во вторник. сколько игр сыграла {Носитель} всего?	svamp	1	да	Вера сыграла 15 игр в понедельник и 7 игр во вторник. сколько игр сыграла Вера всего?
{Носитель}'te Çağla'nın kaç katı kadar kitap var?	compare_langs	1	да	Mehmet'te Çağla'nın kaç katı kadar kitap var?
{Носитель}: # Bücher packen. {Носитель} # — # Bücher einlegen, {Носитель} # — # Bücher mehr einlegen, {Носитель} # — die {Носитель} schließen. nach {Носитель} # gibt es # Bücher. ist die {Носитель} erledigt?	planforms	1	да	Plan: 9 Bücher packen. Schritt 1 — 5 Bücher einlegen, Schritt 2 — 4 Bücher mehr einlegen, Schritt 3 — die Tasc
{Носитель}: # Bücher packen. {Носитель} # — # Bücher einlegen, {Носитель} # — # Bücher mehr einlegen, {Носитель} # — die {Носитель} schließen. was ist zuerst zu tun: Bücher einlegen oder die {Носитель} schließen?	planforms	1	да	Plan: 17 Bücher packen. Schritt 1 — 8 Bücher einlegen, Schritt 2 — 9 Bücher mehr einlegen, Schritt 3 — die Tas
{Носитель}: # {Носитель} gießen. {Носитель} # — # {Носитель} füllen, {Носитель} # — # {Носитель} gießen. was ist zuerst zu tun: {Носитель} füllen oder {Носитель} gießen?	planforms	1	да	Plan: 27 Beete gießen. Schritt 1 — 3 Eimer füllen, Schritt 2 — 27 Beete gießen. was ist zuerst zu tun: Eimer f
{Носитель}: # {Носитель} gießen. {Носитель} # — # {Носитель} füllen, {Носитель} # — # {Носитель} gießen. wie viele {Носитель} hat der {Носитель}?	planforms	1	да	Plan: 18 Beete gießen. Schritt 1 — 3 Eimer füllen, Schritt 2 — 18 Beete gießen. wie viele Schritte hat der Pla
{Носитель}: # {Носитель} laden. {Носитель} # — # {Носитель} sammeln, {Носитель} # — # {Носитель} mehr sammeln, {Носитель} # — alle {Носитель} laden. nach {Носитель} # gibt es # {Носитель}. ist die {Носитель} erledigt?	planforms	1	да	Plan: 21 Kisten laden. Schritt 1 — 14 Kisten sammeln, Schritt 2 — 7 Kisten mehr sammeln, Schritt 3 — alle Kist
{Носитель}: lies die {Носитель} list.csv. {Носитель}: ich schlage vor, die {Носитель} list.csv zu lesen. ist das bestätigt?	actturn	1	да	Benutzer: lies die Datei list.csv. Organismus: ich schlage vor, die Datei list.csv zu lesen. ist das bestätigt
{Носитель}: lösche keine {Носитель}. lösche # Einträge. darf der {Носитель} ausgeführt werden?	mandateforms	1	да	Regel: lösche keine Dateien. lösche 2 Einträge. darf der Befehl ausgeführt werden?
{Носитель}: verschiebe keine {Носитель}. lösche # {Носитель}. darf der {Носитель} ausgeführt werden?	mandateforms	1	да	Regel: verschiebe keine Dateien. lösche 7 Dateien. darf der Befehl ausgeführt werden?
{Носитель}: wie viele {Носитель} sind im {Носитель}?	actturn	1	да	Benutzer: wie viele Dateien sind im Ordner?
¿# es a # como # es a qué?	analog	1	да	¿3 es a 12 como 4 es a qué?
¿con qué se cava la tierra?	roles	1	да	¿con qué se cava la tierra?
¿con qué se escribe?	roles	1	да	¿con qué se escribe?
¿cuál es el contrario de «rápido»?	opposites	1	да	¿cuál es el contrario de «rápido»?
¿cuál es el número si un décimo de él es #?	search_langs	1	да	¿cuál es el número si un décimo de él es 16?
¿cuál es el promedio de #, #, #?	stats_langs	1	да	¿cuál es el promedio de 14, 18, 22?
¿cuál es el término número # de la progresión desde # con paso #?	sequences_langs	1	да	¿cuál es el término número 4 de la progresión desde 21 con paso 2?
¿cuál es la presión de una fuerza de # newtons sobre # metros cuadrados?	physics_langs	1	да	¿cuál es la presión de una fuerza de 42 newtons sobre 6 metros cuadrados?
¿cuál es la primera letra de la palabra «mano»?	letters	1	да	¿cuál es la primera letra de la palabra «mano»?
¿cuál es la primera letra de la palabra «mesa»?	letters	1	да	¿cuál es la primera letra de la palabra «mesa»?
¿cuál es la primera letra de la palabra «perro»?	letters	1	да	¿cuál es la primera letra de la palabra «perro»?
¿cuál es la velocidad de un cuerpo que recorre # metros en # segundos?	physics_langs	1	да	¿cuál es la velocidad de un cuerpo que recorre 55 metros en 5 segundos?
¿cuál es la última letra de la palabra «gato»?	letters	1	да	¿cuál es la última letra de la palabra «gato»?
¿cuál no encaja: un tiburón, una carpa, una rosa?	worldfacts	1	да	¿cuál no encaja: un tiburón, una carpa, una rosa?
¿cuál no encaja: una golondrina, un búho, una araña?	worldfacts	1	да	¿cuál no encaja: una golondrina, un búho, una araña?
¿cuáles son los tres grados de «bajo»?	degrees	1	да	¿cuáles son los tres grados de «bajo»?
¿cuántas veces más manzanas que {Носитель} tiene {Носитель}?	compare_langs	1	да	¿cuántas veces más manzanas que Luis tiene Ana?
¿cuánto es # redondeado a la centena?	roundforms	1	да	¿cuánto es 450 redondeado a la centena?
¿cuánto es la mitad de #?	share_langs	1	да	¿cuánto es la mitad de 6?
¿cuánto es un tercio de #?	share_langs	1	да	¿cuánto es un tercio de 9?
¿cuánto es veinte dividido por cinco?	cross	1	да	¿cuánto es veinte dividido por cinco?
¿cuánto son # + # × #?	cross	1	да	¿cuánto son 7 + 6 × 2?
¿cuánto son tres cuartos de #?	share_langs	1	да	¿cuánto son tres cuartos de 20?
¿cuántos días tienen # semanas?	timeunits	1	да	¿cuántos días tienen 2 semanas?
¿cuántos lados tiene un triángulo?	countfacts	1	да	¿cuántos lados tiene un triángulo?
¿cuántos meses son # años?	units_langs	1	да	¿cuántos meses son 3 años?
¿cuántos minutos hay en # horas?	timeunits	1	да	¿cuántos minutos hay en 4 horas?
¿cuántos minutos son una hora y media?	unitfrac	1	да	¿cuántos minutos son una hora y media?
¿cuántos minutos tienen # horas?	timeunits	1	да	¿cuántos minutos tienen 2 horas?
¿cuántos minutos tienen dos horas?	timeunits	1	да	¿cuántos minutos tienen dos horas?
¿cuántos segundos hay en # minutos?	timeunits	1	да	¿cuántos segundos hay en 3 minutos?
¿cuántos segundos tienen tres minutos?	timeunits	1	да	¿cuántos segundos tienen tres minutos?
¿cómo se dice «agua» en italiano?	translate	1	да	¿cómo se dice «agua» en italiano?
¿cómo se dice «casa» en alemán?	translate	1	да	¿cómo se dice «casa» en alemán?
¿cómo se dice «gato» en portugués?	translate	1	да	¿cómo se dice «gato» en portugués?
¿cómo se dice «perro» en italiano?	translate	1	да	¿cómo se dice «perro» en italiano?
¿cómo se dice «perro» en portugués?	translate	1	да	¿cómo se dice «perro» en portugués?
¿cómo se escribe # en números romanos?	roman	1	да	¿cómo se escribe 6 en números romanos?
¿cómo se puede escribir # × # de otra manera?	rewrite	1	да	¿cómo se puede escribir 3 × 8 de otra manera?
¿de qué color es el sol?	countfacts	1	да	¿de qué color es el sol?
¿de qué está hecho una mesa?	roles	1	да	¿de qué está hecho una mesa?
¿dónde se cocina la comida?	roles	1	да	¿dónde se cocina la comida?
¿dónde se cura a los enfermos?	roles	1	да	¿dónde se cura a los enfermos?
¿es # a # como # es a #?	analog	1	да	¿es 4 a 10 como 6 es a 16?
¿es # divisible por #?	inquiry_es_it	1	да	¿es 111 divisible por 4?
¿es # divisible solo por # y por sí mismo?	inquiry_es_it	1	да	¿es 51 divisible solo por 1 y por sí mismo?
¿es cierto que el cuadrado de un número impar es impar?	inquiry_es_it	1	да	¿es cierto que el cuadrado de un número impar es impar?
¿es cierto que f(x) = x × m es inyectiva exactamente cuando m no es #?	inquiry_es_it	1	да	¿es cierto que f(x) = x × m es inyectiva exactamente cuando m no es 0?
¿es cierto que la suma de los primeros n números impares es # × n?	inquiry_es_it	1	да	¿es cierto que la suma de los primeros n números impares es 2 × n?
¿es cierto que si n es par entonces n + # es par?	inquiry_es_it	1	да	¿es cierto que si n es par entonces n + 9 es par?
¿es cierto que todas las funciones son inyectivas?	inquiry_es_it	1	да	¿es cierto que todas las funciones son inyectivas?
¿es cierto que todos los cuadrados son pares?	inquiry_es_it	1	да	¿es cierto que todos los cuadrados son pares?
¿es f(x) = x × # inyectiva en #, #, #?	inquiry_es_it	1	да	¿es f(x) = x × 7 inyectiva en 1, 2, 3?
¿está usted de acuerdo en que el fuego es caliente?	worldfacts	1	да	¿está usted de acuerdo en que el fuego es caliente?
¿estás de acuerdo en que # menos # es #?	cross	1	да	¿estás de acuerdo en que 25 menos 17 es 8?
¿qué clase de cosa es una carpa?	worldfacts	1	да	¿qué clase de cosa es una carpa?
¿qué día viene # día después del viernes?	calendar_langs	1	да	¿qué día viene 1 día después del viernes?
¿qué eres?	dialogue	1	да	¿qué eres?
¿qué es más alto: una jirafa o un gato?	propcompare	1	да	¿qué es más alto: una jirafa o un gato?
¿qué es más lento: una tortuga o una liebre?	propcompare	1	да	¿qué es más lento: una tortuga o una liebre?
¿qué es un cuadrado?	countfacts	1	да	¿qué es un cuadrado?
¿qué es un pentágono?	countfacts	1	да	¿qué es un pentágono?
¿qué está más frío: el fuego o el hielo?	propcompare	1	да	¿qué está más frío: el fuego o el hielo?
¿qué hora es ahora?	topics	1	да	¿qué hora es ahora?
¿qué se sigue de que el resto de # dividido por # no sea ninguno de los números #, #, # y #?	disj	1	да	¿qué se sigue de que el resto de 26 dividido por 5 no sea ninguno de los números 0, 2, 3 y 4?
¿son # + # y # × # lo mismo?	rewrite	1	да	¿son 7 + 7 y 3 × 7 lo mismo?
¿son # y # primos entre sí?	inquiry_es_it	1	да	¿son 5 y 14 primos entre sí?
¿son # × # y # + # lo mismo?	rewrite	1	да	¿son 9 × 2 y 9 + 2 lo mismo?
¿son # × # y # × # lo mismo?	rewrite	1	да	¿son 6 × 3 y 6 × 4 lo mismo?
Çağla'da Gökhan'dan kaç kitap fazla var?	compare_langs	1	да	Çağla'da Gökhan'dan kaç kitap fazla var?
Ömer'de Gül'ün kaç katı kadar top var?	compare_langs	1	да	Ömer'de Gül'ün kaç katı kadar top var?
çiçek nedir?	lang_tr	1	да	çiçek nedir?
è vero che # è pari?	verifyforms	1	да	è vero che 85 è pari?
è vero che il quadrato di un numero dispari è dispari?	inquiry_es_it	1	да	è vero che il quadrato di un numero dispari è dispari?
è vero che la somma dei primi k numeri dispari è # × k?	inquiry_es_it	1	да	è vero che la somma dei primi k numeri dispari è 2 × k?
è vero che ogni numero intero maggiore di # è un prodotto di primi?	inquiry_es_it	1	да	è vero che ogni numero intero maggiore di 1 è un prodotto di primi?
è vero che tutte le funzioni sono iniettive?	inquiry_es_it	1	да	è vero che tutte le funzioni sono iniettive?
è vero che tutti i numeri pari sono divisibili per #?	inquiry_es_it	1	да	è vero che tutti i numeri pari sono divisibili per 4?
è vero che tutti i quadrati sono pari?	inquiry_es_it	1	да	è vero che tutti i quadrati sono pari?
è vero che un numero è divisibile per # quando lo è la somma delle sue cifre?	inquiry_es_it	1	да	è vero che un numero è divisibile per 3 quando lo è la somma delle sue cifre?
é verdade que # não é maior do que #?	numberline	1	да	é verdade que 9 não é maior do que 15?
é verdade que a soma dos k primeiros números ímpares é # × k?	inquiry_pt_nl	1	да	é verdade que a soma dos k primeiros números ímpares é 2 × k?
é verdade que a soma dos n primeiros números ímpares é n × n?	inquiry_pt_nl	1	да	é verdade que a soma dos n primeiros números ímpares é n × n?
é verdade que f(x) = x × k é injetiva exatamente quando k não é #?	inquiry_pt_nl	1	да	é verdade que f(x) = x × k é injetiva exatamente quando k não é 0?
é verdade que se n é par então n + # é par?	inquiry_pt_nl	1	да	é verdade que se n é par então n + 9 é par?
é verdade que todo número par é divisível por #?	inquiry_pt_nl	1	да	é verdade que todo número par é divisível por 4?
êtes-vous d'accord que # fois # font # ?	cross	1	да	êtes-vous d'accord que 9 fois 6 font 54 ?
üç artı iki toplamı kaç?	lang_tr	1	НЕТ	üç artı iki toplamı kaç?
żaba ważyła # kilogramów. ile kilogramów ważyła żaba?	action_measure_langs	1	да	żaba ważyła 27 kilogramów. ile kilogramów ważyła żaba?
а теперь # × #?	cross	1	да	а теперь 100 × 2?
автомобиль и велосипед вместе стоят # долларов. автомобиль втрое дороже велосипеда. сколько стоит велосипед?	measure_story	1	да	автомобиль и велосипед вместе стоят 60 долларов. автомобиль втрое дороже велосипеда. сколько стоит велосипед?
автомобиль — это транспорт, который везёт людей. автомобиль — это транспорт или одежда?	genus_diff	1	да	автомобиль — это транспорт, который везёт людей. автомобиль — это транспорт или одежда?
быстрый и медленный — противоположности. что противоположно слову быстрый?	opposites	1	да	быстрый и медленный — противоположности. что противоположно слову быстрый?
в автобусе # детей. вошли ещё # детей. сколько детей в автобусе теперь?	action_measure	1	да	в автобусе 28 детей. вошли ещё 14 детей. сколько детей в автобусе теперь?
в автобусе было # детей. на остановке # детей сели, а несколько вышли. теперь в автобусе # ребёнка. сколько детей вышло?	svamp	1	да	в автобусе было 20 детей. на остановке 8 детей сели, а несколько вышли. теперь в автобусе 24 ребёнка. сколько 
в автобусе ехали # детей. вошли ещё # детей. сколько детей в автобусе теперь?	action_measure	1	да	в автобусе ехали 28 детей. вошли ещё 14 детей. сколько детей в автобусе теперь?
в автобусе ехали # детей. вышли # детей. сколько детей в автобусе теперь?	action_measure	1	да	в автобусе ехали 30 детей. вышли 12 детей. сколько детей в автобусе теперь?
в вазе # монет. # монет новые. сколько монет не новые?	action_pages	1	да	в вазе 100 монет. 7 монет новые. сколько монет не новые?
в воскресенье {Носитель} купил # ручек на рынке. что купил {Носитель} на рынке в воскресенье?	holes	1	да	в воскресенье Ваня купил 9 ручек на рынке. что купил Ваня на рынке в воскресенье?
в гавани # лодок. ушли # лодок. сколько лодок в гавани теперь?	action_measure	1	да	в гавани 12 лодок. ушли 5 лодок. сколько лодок в гавани теперь?
в гавани стояли # лодок. ушли # лодок. сколько лодок в гавани теперь?	action_measure	1	да	в гавани стояли 7 лодок. ушли 6 лодок. сколько лодок в гавани теперь?
в классе # ученика. вышли # ученик. сколько учеников в классе теперь?	action_measure	1	да	в классе 43 ученика. вышли 21 ученик. сколько учеников в классе теперь?
в классе # учеников. вышли # учеников. сколько учеников в классе теперь?	action_measure	1	да	в классе 30 учеников. вышли 12 учеников. сколько учеников в классе теперь?
в корзине # монет. {Носитель} взяла # монет. сколько монет теперь в корзине?	ru_story	1	НЕТ	в корзине 14 монет. Оля взяла 5 монет. сколько монет теперь в корзине?
в корзине # ручек. {Носитель} взяла # ручек. сколько ручек осталось?	ru_story	1	НЕТ	в корзине 15 ручек. Маша взяла 5 ручек. сколько ручек осталось?
в корзине # яблок: # красных и # зелёных. есть ли зелёные?	quantforms	1	да	в корзине 14 яблок: 6 красных и 8 зелёных. есть ли зелёные?
в корзине # яблок: # красных и # зелёных. есть ли синие?	quantforms	1	да	в корзине 13 яблок: 9 красных и 4 зелёных. есть ли синие?
в корзине # яблок: все # красных. все ли яблоки красные?	quantforms	1	да	в корзине 6 яблок: все 6 красных. все ли яблоки красные?
в коробке # книг. {Носитель} взяла # книги. сколько книг теперь в коробке?	ru_story	1	НЕТ	в коробке 8 книг. Аня взяла 3 книги. сколько книг теперь в коробке?
в коробке # книги, а в сумке # книг. где книг больше?	sceneforms	1	да	в коробке 2 книги, а в сумке 18 книг. где книг больше?
в коробке # насекомых, жуков и пауков. у жука # ног, а у паука # ног. всего # ног. сколько жуков?	two_kinds	1	да	в коробке 36 насекомых, жуков и пауков. у жука 6 ног, а у паука 8 ног. всего 250 ног. сколько жуков?
в коробке # насекомых, жуков и пауков. у жука # ног, а у паука # ног. всего # ноги. сколько пауков?	two_kinds	1	да	в коробке 18 насекомых, жуков и пауков. у жука 6 ног, а у паука 8 ног. всего 122 ноги. сколько пауков?
в папке # записей. в ящике # записи. сколько записей в ящике?	nomention	1	да	в папке 15 записей. в ящике 2 записи. сколько записей в ящике?
в папке # сообщений. в ящике # сообщений. в списке # сообщений. на полке # сообщений. сводка: # сообщений в папке, # сообщений в ящике, # сообщений на полке. верна ли сводка?	summaryforms	1	да	в папке 8 сообщений. в ящике 11 сообщений. в списке 14 сообщений. на полке 17 сообщений. сводка: 8 сообщений в
в папке # сообщений. в ящике # сообщений. в списке # сообщения. на полке # сообщений. сводка: # сообщений в папке, # сообщений в ящике, # сообщений на полке. о каком месте сводка молчит?	summaryforms	1	да	в папке 13 сообщений. в ящике 16 сообщений. в списке 3 сообщения. на полке 6 сообщений. сводка: 13 сообщений в
в папке # файла. в ящике # файлов. в списке # файлов. на полке # файлов. сводка: # файла в папке, # файлов в ящике, # файлов в списке. верна ли сводка?	summaryforms	1	да	в папке 3 файла. в ящике 6 файлов. в списке 9 файлов. на полке 12 файлов. сводка: 3 файла в папке, 6 файлов в 
в папке # файла. в ящике # файлов. в списке # файлов. на полке # файлов. сводка: # файла в папке, # файлов в ящике, # файлов в списке. что сводка говорит о ящике?	summaryforms	1	да	в папке 3 файла. в ящике 6 файлов. в списке 9 файлов. на полке 12 файлов. сводка: 3 файла в папке, 6 файлов в 
в папке # файла. первый акт создаёт # файла. я думаю, что отвечу #. сколько файлов в папке?	selfmodelforms	1	да	в папке 4 файла. первый акт создаёт 2 файла. я думаю, что отвечу 8. сколько файлов в папке?
в папке # файлов. первый акт создаёт # файл. второй акт удаляет # файла. третий акт создаёт # файлов. какой акт изменил счёт больше всех?	episodeforms	1	да	в папке 10 файлов. первый акт создаёт 1 файл. второй акт удаляет 3 файла. третий акт создаёт 5 файлов. какой а
в первой главе # страниц. сколько страниц в первой главе?	numphrase	1	да	в первой главе 37 страниц. сколько страниц в первой главе?
в пруду было # монет. # из них были синие. сколько из них не были синими?	action_pages	1	да	в пруду было 240 монет. 55 из них были синие. сколько из них не были синими?
в списке # сообщений. акт только читает дважды. сколько сообщений в списке после акта?	toolforms	1	да	в списке 17 сообщений. акт только читает дважды. сколько сообщений в списке после акта?
в списке # сообщений. первый акт создаёт # сообщений. сколько сообщений в списке?	personforms	1	да	в списке 14 сообщений. первый акт создаёт 6 сообщений. сколько сообщений в списке?
в списке # сообщений. первый акт создаёт # сообщений. я думаю, что отвечу #. сколько сообщений в списке?	selfmodelforms	1	да	в списке 10 сообщений. первый акт создаёт 5 сообщений. я думаю, что отвечу 17. сколько сообщений в списке?
в списке # сообщений. первый акт создаёт # сообщения. я думал #, а ответ #. что верно?	selfmodelforms	1	да	в списке 12 сообщений. первый акт создаёт 3 сообщения. я думал 17, а ответ 15. что верно?
в списке # сообщений. первый акт удаляет # сообщений. второй акт создаёт # сообщений. третий акт создаёт # сообщение. сколько сообщений в списке после второго акта?	episodeforms	1	да	в списке 19 сообщений. первый акт удаляет 6 сообщений. второй акт создаёт 8 сообщений. третий акт создаёт 1 со
в списке # файла. на полке # файлов. сколько файлов в папке?	nomention	1	да	в списке 4 файла. на полке 9 файлов. сколько файлов в папке?
в среду {Носитель} нашла # ракушек в парке. что нашла {Носитель} в парке в среду?	holes	1	да	в среду Лена нашла 8 ракушек в парке. что нашла Лена в парке в среду?
в сумке # яблок и # монет. сколько монет в сумке?	sceneforms	1	да	в сумке 26 яблок и 18 монет. сколько монет в сумке?
в файле # строк. акт дописывает # строки. сколько строк в файле после акта?	toolforms	1	да	в файле 11 строк. акт дописывает 3 строки. сколько строк в файле после акта?
в часе # минут. сколько всего минут в часе?	topics	1	да	в часе 60 минут. сколько всего минут в часе?
в ящике # записи. акт только читает. сколько записей в ящике после акта?	toolforms	1	да	в ящике 22 записи. акт только читает. сколько записей в ящике после акта?
в ящике # сообщений. сколько сообщений в ящике?	nomention	1	да	в ящике 15 сообщений. сколько сообщений в ящике?
велосипед стоил # долларов, а автомобиль вдевятеро дороже; сколько стоил автомобиль?	compare_mult	1	да	велосипед стоил 1000 долларов, а автомобиль вдевятеро дороже; сколько стоил автомобиль?
велосипед — это транспорт или здание?	genus_diff	1	да	велосипед — это транспорт или здание?
верно ли, что # больше # в восемь раз?	compare_mult	1	да	верно ли, что 72 больше 10 в восемь раз?
верно ли, что всякая функция инъективна?	inquiry	1	да	верно ли, что всякая функция инъективна?
верёвка была длиной # метров # сантиметра. от неё отрезали # метров # сантиметров. сколько осталось?	mixedunits	1	да	верёвка была длиной 9 метров 24 сантиметра. от неё отрезали 7 метров 88 сантиметров. сколько осталось?
верёвка длиной # метра # сантиметров. к ней привязали # метр # сантиметров. сколько стало?	mixedunits	1	да	верёвка длиной 4 метра 60 сантиметров. к ней привязали 1 метр 55 сантиметров. сколько стало?
вместе у {Носитель}, {Носитель} и {Носитель} # ручек. у {Носитель} втрое больше, чем у {Носитель}. у {Носитель} на # ручек больше, чем у {Носитель}. сколько ручек у {Носитель}?	relations_story	1	да	вместе у Анны, Веры и Ани 68 ручек. у Анны втрое больше, чем у Веры. у Веры на 7 ручек больше, чем у Ани. скол
вместе у {Носитель}, {Носитель} и {Носитель} # шариков. у {Носитель} вчетверо больше, чем у {Носитель}. у {Носитель} на # шариков меньше, чем у {Носитель}. сколько шариков у {Носитель}?	relations_story	1	да	вместе у Оли, Вани и Ивана 90 шариков. у Оли вчетверо больше, чем у Вани. у Вани на 6 шариков меньше, чем у Ив
во дворе # машин, велосипедов и автомобилей. у велосипеда # колеса, а у автомобиля # колеса. всего # колеса. сколько автомобилей?	two_kinds	1	да	во дворе 38 машин, велосипедов и автомобилей. у велосипеда 2 колеса, а у автомобиля 4 колеса. всего 142 колеса
во дворе # машин, велосипедов и автомобилей. у велосипеда # колеса, а у автомобиля # колеса. всего # колеса. сколько велосипедов?	two_kinds	1	да	во дворе 40 машин, велосипедов и автомобилей. у велосипеда 2 колеса, а у автомобиля 4 колеса. всего 154 колеса
во дворе # машины, велосипедов и автомобилей. у велосипеда # колеса, а у автомобиля # колеса. всего # колёс. сколько автомобилей?	two_kinds	1	да	во дворе 44 машины, велосипедов и автомобилей. у велосипеда 2 колеса, а у автомобиля 4 колеса. всего 136 колёс
во дворе # машины, велосипедов и автомобилей. у велосипеда # колеса, а у автомобиля # колеса. всего # колёс. сколько велосипедов?	two_kinds	1	да	во дворе 34 машины, велосипедов и автомобилей. у велосипеда 2 колеса, а у автомобиля 4 колеса. всего 90 колёс.
во дворе # собак, а кошек на # больше. сколько кошек во дворе?	action_measure	1	да	во дворе 458 собак, а кошек на 234 больше. сколько кошек во дворе?
во что раскладывается #?	numbers	1	НЕТ	во что раскладывается 30?
встреча длится # минуты. сколько длится встреча?	unit_counts	1	да	встреча длится 3 минуты. сколько длится встреча?
вычисли двадцать плюс пять	task	1	да	вычисли двадцать плюс пять
вычисли сто минус тридцать	task	1	да	вычисли сто минус тридцать
вычти # из #. что получится?	opforms	1	да	вычти 19 из 27. что получится?
где варят еду?	roles	1	да	где варят еду?
где лежат игрушки?	ruverbs	1	да	где лежат игрушки?
где лежат карты?	ruverbs	1	да	где лежат карты?
где лежат яблоки?	ruverbs	1	да	где лежат яблоки?
где покупают хлеб?	roles	1	да	где покупают хлеб?
где стоят книги?	ruverbs	1	да	где стоят книги?
где хранят книги?	roles	1	да	где хранят книги?
говорят: половина шестого. как записать это цифрами?	clockwords	1	да	говорят: половина шестого. как записать это цифрами?
говорят: четверть седьмого. как записать это цифрами?	clockwords	1	да	говорят: четверть седьмого. как записать это цифрами?
говорят: четверть четвёртого. как записать это цифрами?	clockwords	1	да	говорят: четверть четвёртого. как записать это цифрами?
две девятых числа равны #. какое это число?	shares_percent	1	да	две девятых числа равны 20. какое это число?
две десятых числа равны #. какое это число?	shares_percent	1	да	две десятых числа равны 32. какое это число?
две пятых числа равны #. какое это число?	shares_percent	1	да	две пятых числа равны 42. какое это число?
девять десятых числа — это #. чему равно число?	share	1	да	девять десятых числа — это 72. чему равно число?
дом и участок вместе стоят # долларов. дом вчетверо дороже участка. сколько стоит участок?	measure_story	1	да	дом и участок вместе стоят 300 долларов. дом вчетверо дороже участка. сколько стоит участок?
дым поднимается вверх — это факт или мнение?	opinion	1	да	дым поднимается вверх — это факт или мнение?
если h(n) = n * n, чему равно h(#)?	programs	1	НЕТ	если h(n) = n * n, чему равно h(7)?
если r(n) = n + n, чему равно r(#)?	programs	1	НЕТ	если r(n) = n + n, чему равно r(6)?
если t(n) = n - #, чему равно t(#)?	programs	1	НЕТ	если t(n) = n - 1, чему равно t(3)?
если {Носитель} сообщила, что на концерте было # человек, завысив число на # процентов, сколько человек было на самом деле?	gsmforms	1	да	если Маша сообщила, что на концерте было 55 человек, завысив число на 25 процентов, сколько человек было на са
если верно для n = #, верно ли для n = #?	proof	1	НЕТ	если верно для n = 7, верно ли для n = 8?
если все жидкости — вещества, а молоко — жидкость, то молоко — вещество?	worldfacts	1	да	если все жидкости — вещества, а молоко — жидкость, то молоко — вещество?
если проект начался с # панелей, его утроили и потом убавили на #, сколько панелей в итоговом проекте?	gsmforms	1	да	если проект начался с 11 панелей, его утроили и потом убавили на 1, сколько панелей в итоговом проекте?
если температура была −# градусов и поднялась на # градуса, какова температура теперь?	gsmforms	1	да	если температура была −6 градусов и поднялась на 3 градуса, какова температура теперь?
есть ли целое число, квадрат которого равен #?	inquiry	1	да	есть ли целое число, квадрат которого равен 202?
за сколько шагов начав с # при цели # и шаге # достигает цели?	cybernetics	1	да	за сколько шагов начав с 4 при цели 10 и шаге 2 достигает цели?
здесь уютно — это факт или мнение?	opinion	1	да	здесь уютно — это факт или мнение?
из чего сделан ключ?	roles	1	да	из чего сделан ключ?
каждая пачка стоит # ₽. скидка # ₽ на каждую пачку. сколько платить за # пачки?	discountroad	1	да	каждая пачка стоит 44 ₽. скидка 15 ₽ на каждую пачку. сколько платить за 4 пачки?
каждая пачка стоит # ₽. скидка # ₽ на каждую пачку. сколько платить за одну пачку?	discountroad	1	да	каждая пачка стоит 59 ₽. скидка 26 ₽ на каждую пачку. сколько платить за одну пачку?
каждый билет стоит # ₽. скидка # ₽ на каждый билет. сколько билетов можно купить за # ₽?	discountroad	1	да	каждый билет стоит 96 ₽. скидка 55 ₽ на каждый билет. сколько билетов можно купить за 384 ₽?
как будет «дом» по-испански?	translate	1	да	как будет «дом» по-испански?
как будет «кот» по-польски?	translate	1	да	как будет «кот» по-польски?
как будет «окно» по-немецки?	translate	1	да	как будет «окно» по-немецки?
как будет «стол» по-английски?	translate	1	да	как будет «стол» по-английски?
как будет «стол» по-испански?	translate	1	да	как будет «стол» по-испански?
как будет «хлеб» по-немецки?	translate	1	да	как будет «хлеб» по-немецки?
как будет «хлеб» по-португальски?	translate	1	да	как будет «хлеб» по-португальски?
как ещё пишется «# x^# + # x + # = #»?	notationvar	1	да	как ещё пишется «2 x^2 + 5 x + 4 = 0»?
как ещё пишется «# y^# + # y = #»?	notationvar	1	да	как ещё пишется «3 y^2 + 7 y = 0»?
как ещё пишется «# y^# - # y + # = #»?	notationvar	1	да	как ещё пишется «5 y^2 - 8 y + 5 = 0»?
как ещё пишется «x^# + # = #»?	notationvar	1	да	как ещё пишется «x^2 + 6 = 0»?
как ещё пишется «y^# - # y + # = #»?	notationvar	1	да	как ещё пишется «y^2 - 8 y + 20 = 0»?
как читается $ \left( \frac{c^{y}}{y - c} \right)^{\cos{\left| b \right|}} $?	formula_lang	1	да	как читается $ \left( \frac{c^{y}}{y - c} \right)^{\cos{\left| b \right|}} $?
как читается $ \left| \left( \left( a + c \right) \right)^{\frac{#}{#}} \right| $?	formula_lang	1	да	как читается $ \left| \left( \left( a + c \right) \right)^{\frac{20}{16}} \right| $?
как читается $ \left| b - b \right| $?	formula_lang	1	да	как читается $ \left| b - b \right| $?
как читается $ \sin{\log{# \cdot x}} $?	formula_lang	1	да	как читается $ \sin{\log{2 \cdot x}} $?
как читается $ \sqrt{\left( a + b \right) \cdot \left| # \right|} $?	formula_lang	1	да	как читается $ \sqrt{\left( a + b \right) \cdot \left| 12 \right|} $?
как читается $ c \cdot # $?	formula_lang	1	да	как читается $ c \cdot 8 $?
как читается {"level": true, "weight": false}?	dataformat	1	да	как читается {"level": true, "weight": false}?
как читается {"weight": "number"}?	dataformat	1	да	как читается {"weight": "number"}?
как читается буква x?	md_latex	1	да	как читается буква x?
как читается ряд глифов __#___#####___#__/_##_______#__##__/__#______#____#__/__#_____#_____#__/__#____#______#__/__#____#______#__/_###___#_____###_?	glyphs	1	да	как читается ряд глифов __#___#####___#__/_##_______#__##__/__#______#____#__/__#_____#_____#__/__#____#______
какая первая буква в слове «стол»?	letters	1	да	какая первая буква в слове «стол»?
какая последняя буква в слове «дом»?	letters	1	да	какая последняя буква в слове «дом»?
какая последняя буква в слове «окно»?	letters	1	да	какая последняя буква в слове «окно»?
какая последняя буква в слове «хлеб»?	letters	1	да	какая последняя буква в слове «хлеб»?
какие три степени у слова «низкий»?	degrees	1	да	какие три степени у слова «низкий»?
какова двоеточие глифом #×#?	glyphs	1	да	какова двоеточие глифом 5×7?
какова длина кратчайшего пути из G в A в объявленном графе?	relation	1	НЕТ	какова длина кратчайшего пути из G в A в объявленном графе?
какова длина кратчайшего пути от (#, #) до (#, #) по пустым клеткам по стороне в сетке ##_/___/_#_?	space	1	да	какова длина кратчайшего пути от (2, 3) до (2, 2) по пустым клеткам по стороне в сетке ##_/___/_#_?
какова заглавная русская буква Г глифом #×#?	glyphs	1	да	какова заглавная русская буква Г глифом 5×7?
какова заглавная русская буква И глифом #×#?	glyphs	1	да	какова заглавная русская буква И глифом 5×7?
какова матрица [# # / −# #] транспонированная?	mathspaces	1	НЕТ	какова матрица [0 3 / −2 4] транспонированная?
какова строчная латинская буква e глифом #×#?	glyphs	1	да	какова строчная латинская буква e глифом 5×7?
какова строчная русская буква д глифом #×#?	glyphs	1	да	какова строчная русская буква д глифом 5×7?
каково давление силы # ньютона на # квадратных метров?	physlaws	1	да	каково давление силы 42 ньютона на 6 квадратных метров?
каково расстояние между (#, −#) и (−#, #)?	mathspaces	1	НЕТ	каково расстояние между (2, −4) и (−13, 4)?
каковы вещественные корни x² − #x + # = #?	equation_signed	1	да	каковы вещественные корни x² − 2x + 3 = 0?
каковы делители #?	numbers	1	НЕТ	каковы делители 37?
каковы корни x² + #x + # = #?	equation_signed	1	да	каковы корни x² + 11x + 28 = 0?
каковы корни x² − #x + # = #?	equation_signed	1	да	каковы корни x² − 29x + 208 = 0?
каковы корни x² − #x = #?	equation	1	да	каковы корни x² − 13x = 0?
каковы целые корни x² − #x + # = # от # до #?	equation_signed	1	да	каковы целые корни x² − 4x + 10 = 0 от 0 до 10?
каковы целые корни x² − x + # = # от # до #?	equation	1	да	каковы целые корни x² − x + 17 = 0 от 0 до 11?
какого цвета трава?	countfacts	1	да	какого цвета трава?
какое из двух даёт #: # + # или # − #?	verifyforms	1	да	какое из двух даёт 25: 75 + 50 или 75 − 50?
какое число идёт после #?	numberline	1	да	какое число идёт после 3?
какой день идёт после вторника?	calendar	1	да	какой день идёт после вторника?
какой день идёт после пятницы?	calendar	1	да	какой день идёт после пятницы?
какой день перед вторником?	calendar	1	да	какой день перед вторником?
какой день перед пятницей?	calendar	1	да	какой день перед пятницей?
какой день перед субботой?	calendar	1	да	какой день перед субботой?
какой день через # дня после пятницы?	calendar	1	да	какой день через 2 дня после пятницы?
какой месяц после апреля?	calendar	1	да	какой месяц после апреля?
какой месяц после декабря?	calendar	1	да	какой месяц после декабря?
какой месяц после марта?	calendar	1	да	какой месяц после марта?
какой месяц после октября?	calendar	1	да	какой месяц после октября?
какой станет сетка ##__/____/#__#/____ после сдвига вниз на #?	space	1	да	какой станет сетка ##__/____/#__#/____ после сдвига вниз на 1?
какой станет сетка _##/__#/__# после отражения сверху вниз?	space	1	да	какой станет сетка _##/__#/__# после отражения сверху вниз?
какой станет сетка __#/_#_/#_# после отражения сверху вниз?	space	1	да	какой станет сетка __#/_#_/#_# после отражения сверху вниз?
какой станет сетка _____/___#_/__##_/_____/_____ после сдвига влево на #?	space	1	да	какой станет сетка _____/___#_/__##_/_____/_____ после сдвига влево на 2?
какой станет сетка _____/_____/##___/#____/_____ после сдвига вправо на #?	space	1	да	какой станет сетка _____/_____/##___/#____/_____ после сдвига вправо на 2?
камень тонет в воде — это факт или мнение?	opinion	1	да	камень тонет в воде — это факт или мнение?
кенгуру весил # граммов. сколько граммов весил кенгуру?	action_measure	1	да	кенгуру весил 15 граммов. сколько граммов весил кенгуру?
кенгуру пролетел # сантиметров. мышь пролетела # сантиметров. на сколько больше сантиметров пролетел кенгуру, чем мышь?	measure_story	1	да	кенгуру пролетел 65 сантиметров. мышь пролетела 28 сантиметров. на сколько больше сантиметров пролетел кенгуру
кенгуру прополз # шагов. кузнечик прополз # шагов. на сколько больше шагов прополз кенгуру, чем кузнечик?	measure_story	1	да	кенгуру прополз 18 шагов. кузнечик прополз 9 шагов. на сколько больше шагов прополз кенгуру, чем кузнечик?
кенгуру прыгнул на # метров, потом ещё на # метров. на сколько метров прыгнул кенгуру всего?	action_measure	1	да	кенгуру прыгнул на 5 метров, потом ещё на 9 метров. на сколько метров прыгнул кенгуру всего?
ключ находится над лампой. где находится лампа?	place	1	да	ключ находится над лампой. где находится лампа?
когда у уравнения нет целого корня?	equation_signed	1	да	когда у уравнения нет целого корня?
кот прополз # шага. пёс прополз # шагов. на сколько меньше шагов прополз пёс, чем кот?	measure_story	1	да	кот прополз 92 шага. пёс прополз 47 шагов. на сколько меньше шагов прополз пёс, чем кот?
кот прыгнул на # метр. лягушка прыгнула на # метров. на сколько больше метров прыгнул кот, чем лягушка?	measure_story	1	да	кот прыгнул на 31 метр. лягушка прыгнула на 25 метров. на сколько больше метров прыгнул кот, чем лягушка?
кошек втрое больше, чем собак. всего животных #. сколько кошек?	relations_story	1	да	кошек втрое больше, чем собак. всего животных 132. сколько кошек?
кошка прыгнула на # метров. на сколько метров прыгнула кошка?	action_measure	1	да	кошка прыгнула на 8 метров. на сколько метров прыгнула кошка?
куда переходит (#, −#) после отражения относительно оси x?	mathspaces	1	да	куда переходит (1, −4) после отражения относительно оси x?
кузнечик пролетел # метров. кенгуру пролетел # метров. на сколько меньше метров пролетел кенгуру, чем кузнечик?	measure_story	1	да	кузнечик пролетел 18 метров. кенгуру пролетел 9 метров. на сколько меньше метров пролетел кенгуру, чем кузнечи
кузнечик прополз # сантиметра. кенгуру прополз # сантиметр. на сколько больше сантиметров прополз кузнечик, чем кенгуру?	measure_story	1	да	кузнечик прополз 73 сантиметра. кенгуру прополз 41 сантиметр. на сколько больше сантиметров прополз кузнечик, 
лампа находится справа от ключа, ключ находится справа от книги. что находится справа от книги?	place	1	да	лампа находится справа от ключа, ключ находится справа от книги. что находится справа от книги?
личность: краткая. в ящике # записей. первый акт создаёт # записей. сколько записей в ящике?	personforms	1	да	личность: краткая. в ящике 5 записей. первый акт создаёт 6 записей. сколько записей в ящике?
личность: осторожная. в папке # файлов. два пути: удалить # файлов или переместить # файлов. оба оставляют # файлов в папке: # − # = #. которая дорога выбрана?	personforms	1	да	личность: осторожная. в папке 12 файлов. два пути: удалить 5 файлов или переместить 5 файлов. оба оставляют 7 
личность: подробная. в списке # сообщений. первый акт создаёт # сообщения. сколько сообщений в списке?	personforms	1	да	личность: подробная. в списке 12 сообщений. первый акт создаёт 4 сообщения. сколько сообщений в списке?
личность: скорая. в папке # файлов. два пути: удалить # файла или переместить # файла. оба оставляют # файлов в папке: # − # = #. которая дорога выбрана?	personforms	1	да	личность: скорая. в папке 8 файлов. два пути: удалить 2 файла или переместить 2 файла. оба оставляют 6 файлов 
лодка — это транспорт или одежда?	genus_diff	1	да	лодка — это транспорт или одежда?
ложка — это животное или инструмент?	genus_diff	1	да	ложка — это животное или инструмент?
лошадь — это животное, которое бегает. лошадь — это животное или сосуд?	genus_diff	1	да	лошадь — это животное, которое бегает. лошадь — это животное или сосуд?
лягушка проплыла # сантиметров. кузнечик проплыл # сантиметров. на сколько больше сантиметров проплыла лягушка, чем кузнечик?	measure_story	1	да	лягушка проплыла 48 сантиметров. кузнечик проплыл 19 сантиметров. на сколько больше сантиметров проплыла лягуш
лягушка прыгнула на # сантиметр. кузнечик прыгнул на # сантиметров. на сколько больше сантиметров прыгнула лягушка, чем кузнечик?	measure_story	1	да	лягушка прыгнула на 31 сантиметр. кузнечик прыгнул на 25 сантиметров. на сколько больше сантиметров прыгнула л
лягушка прыгнула на # сантиметров, потом ещё на # сантиметров. на сколько сантиметров прыгнула лягушка всего?	action_measure	1	да	лягушка прыгнула на 8 сантиметров, потом ещё на 8 сантиметров. на сколько сантиметров прыгнула лягушка всего?
лёгкое — это орган, который принимает воздух. лёгкое — это вещество или орган?	genus_diff	1	да	лёгкое — это орган, который принимает воздух. лёгкое — это вещество или орган?
мешок весил # килограммов # граммов. из него взяли # килограмма # граммов. сколько весит мешок теперь?	mixedunits	1	да	мешок весил 10 килограммов 120 граммов. из него взяли 4 килограмма 930 граммов. сколько весит мешок теперь?
мешок весил # килограммов # граммов. из него взяли # килограммов # граммов. сколько весит мешок теперь?	mixedunits	1	да	мешок весил 9 килограммов 240 граммов. из него взяли 7 килограммов 880 граммов. сколько весит мешок теперь?
мешок весит # килограмма # граммов. в него добавили # килограмма # граммов. сколько весит мешок?	mixedunits	1	да	мешок весит 2 килограмма 470 граммов. в него добавили 4 килограмма 750 граммов. сколько весит мешок?
мне страшно. почему?	reply	1	да	мне страшно. почему?
молодых пчёл втрое меньше, чем рабочих пчёл. всего пчёл #. сколько молодых пчёл?	relations_story	1	да	молодых пчёл втрое меньше, чем рабочих пчёл. всего пчёл 132. сколько молодых пчёл?
мышь пробежала # метров. пёс пробежал # метров. на сколько меньше метров пробежал пёс, чем мышь?	measure_story	1	да	мышь пробежала 65 метров. пёс пробежал 28 метров. на сколько меньше метров пробежал пёс, чем мышь?
мышь пробежала # сантиметра. кенгуру пробежал # сантиметр. на сколько больше сантиметров пробежала мышь, чем кенгуру?	measure_story	1	да	мышь пробежала 73 сантиметра. кенгуру пробежал 41 сантиметр. на сколько больше сантиметров пробежала мышь, чем
мышь пробежала # сантиметра. кенгуру пробежал # сантиметр. на сколько меньше сантиметров пробежал кенгуру, чем мышь?	measure_story	1	да	мышь пробежала 73 сантиметра. кенгуру пробежал 41 сантиметр. на сколько меньше сантиметров пробежал кенгуру, ч
мышь проползла # метр. лягушка проползла # метров. на сколько больше метров проползла мышь, чем лягушка?	measure_story	1	да	мышь проползла 31 метр. лягушка проползла 25 метров. на сколько больше метров проползла мышь, чем лягушка?
на каком уровне стоит узел thing?	relation	1	НЕТ	на каком уровне стоит узел thing?
на площадке # детей. пришли ещё # детей. сколько детей на площадке теперь?	action_measure	1	да	на площадке 15 детей. пришли ещё 8 детей. сколько детей на площадке теперь?
на площадке # детей. пришли ещё # ребёнка. сколько детей на площадке теперь?	action_measure	1	да	на площадке 9 детей. пришли ещё 3 ребёнка. сколько детей на площадке теперь?
на площадке # детей. ушли домой # ребёнка. сколько детей на площадке теперь?	action_measure	1	да	на площадке 6 детей. ушли домой 4 ребёнка. сколько детей на площадке теперь?
на полке # записей. сколько сообщений на полке?	nomention	1	да	на полке 8 записей. сколько сообщений на полке?
на полке # игрушек. {Носитель} взял # игрушки. сколько игрушек теперь на полке?	ru_story	1	НЕТ	на полке 12 игрушек. Ваня взял 2 игрушки. сколько игрушек теперь на полке?
на полке # карт. {Носитель} взял # карты. сколько карт теперь на полке?	ru_story	1	НЕТ	на полке 5 карт. Коля взял 2 карты. сколько карт теперь на полке?
на полке # монет. сколько монет на полке?	holdforms	1	да	на полке 40 монет. сколько монет на полке?
на полке # чашек. {Носитель} взял # чашки. сколько чашек осталось?	ru_story	1	НЕТ	на полке 6 чашек. Ваня взял 2 чашки. сколько чашек осталось?
на столе # игрушек. {Носитель} взял # игрушки. сколько игрушек осталось?	ru_story	1	НЕТ	на столе 12 игрушек. Петя взял 4 игрушки. сколько игрушек осталось?
на столе # чашек. {Носитель} взял # чашки. сколько чашек теперь на столе?	ru_story	1	НЕТ	на столе 6 чашек. Петя взял 4 чашки. сколько чашек теперь на столе?
на столе # шар и # карт. сколько карт на столе?	sceneforms	1	да	на столе 1 шар и 13 карт. сколько карт на столе?
на столе # яблок. {Носитель} взял # яблока. сколько яблок теперь на столе?	ru_story	1	НЕТ	на столе 9 яблок. Петя взял 4 яблока. сколько яблок теперь на столе?
на ферме # животных, куриц и коров. у курицы # ноги, а у коровы # ноги. всего # ног. сколько коров?	two_kinds	1	да	на ферме 40 животных, куриц и коров. у курицы 2 ноги, а у коровы 4 ноги. всего 138 ног. сколько коров?
на ферме # животных, куриц и коров. у курицы # ноги, а у коровы # ноги. всего # ноги. сколько коров?	two_kinds	1	да	на ферме 44 животных, куриц и коров. у курицы 2 ноги, а у коровы 4 ноги. всего 102 ноги. сколько коров?
на что ведёт ссылка [matter](../core/matter.md) в method/law.md?	doctree	1	да	на что ведёт ссылка [matter](../core/matter.md) в method/law.md?
на что ведёт ссылка [matter](./matter.md) в core/form.md?	doctree	1	да	на что ведёт ссылка [matter](./matter.md) в core/form.md?
на что ведёт ссылка [stone](./world/stone.md) в intro.md?	doctree	1	да	на что ведёт ссылка [stone](./world/stone.md) в intro.md?
на что ведёт ссылка [water](../world/water.md) в core/form.md?	doctree	1	да	на что ведёт ссылка [water](../world/water.md) в core/form.md?
найди шестьдесят плюс сорок	task	1	да	найди шестьдесят плюс сорок
насколько {Носитель} старше {Носитель}?	age	1	да	насколько Аня старше Тома?
нож — это инструмент, который режет. какой инструмент режет?	genus_diff	1	да	нож — это инструмент, который режет. какой инструмент режет?
ночью темно — это факт или мнение?	opinion	1	да	ночью темно — это факт или мнение?
огонь горячий. согласен ли ты?	worldfacts	1	да	огонь горячий. согласен ли ты?
один карандаш стоит # рублей. сколько стоят # карандашей?	price	1	да	один карандаш стоит 5 рублей. сколько стоят 5 карандашей?
один карандаш стоит # рубля. сколько стоят # карандашей?	price	1	да	один карандаш стоит 3 рубля. сколько стоят 5 карандашей?
один карандаш стоит # рубля. у меня # рублей. хватит ли на # карандаша?	enough	1	да	один карандаш стоит 3 рубля. у меня 12 рублей. хватит ли на 4 карандаша?
один карандаш стоит # рубля. у меня # рублей. хватит ли на # карандашей?	enough	1	да	один карандаш стоит 3 рубля. у меня 12 рублей. хватит ли на 5 карандашей?
одна книга стоит # рублей. у меня # рублей. хватит ли на # книги?	enough	1	да	одна книга стоит 5 рублей. у меня 20 рублей. хватит ли на 3 книги?
одна книга стоит # рубля. сколько стоят # книги?	price	1	да	одна книга стоит 3 рубля. сколько стоят 4 книги?
одно яблоко стоит # рубля. у меня # рублей. хватит ли на # яблока?	enough	1	да	одно яблоко стоит 2 рубля. у меня 10 рублей. хватит ли на 4 яблока?
первое правило: не создавай файлы. второе правило: не перемещай файлы. удали # сообщения. можно ли выполнить приказ?	mandateforms	1	да	первое правило: не создавай файлы. второе правило: не перемещай файлы. удали 3 сообщения. можно ли выполнить п
первое правило: не создавай файлы. второе правило: не перемещай файлы. удали # сообщения. сколько правил в мандате?	mandateforms	1	да	первое правило: не создавай файлы. второе правило: не перемещай файлы. удали 3 сообщения. сколько правил в ман
план: погрузить # ящик. шаг # — собрать # ящиков, шаг # — собрать ещё # ящиков, шаг # — погрузить все ящики. сколько шагов в плане?	planforms	1	да	план: погрузить 21 ящик. шаг 1 — собрать 13 ящиков, шаг 2 — собрать ещё 8 ящиков, шаг 3 — погрузить все ящики.
план: погрузить # ящиков. шаг # — собрать # ящиков, шаг # — собрать ещё # ящиков, шаг # — погрузить все ящики. после шага # есть # ящиков. выполнена ли задача?	planforms	1	да	план: погрузить 17 ящиков. шаг 1 — собрать 8 ящиков, шаг 2 — собрать ещё 9 ящиков, шаг 3 — погрузить все ящики
план: погрузить # ящиков. шаг # — собрать # ящиков, шаг # — собрать ещё # ящиков, шаг # — погрузить все ящики. сколько ящиков после шага #?	planforms	1	да	план: погрузить 25 ящиков. шаг 1 — собрать 19 ящиков, шаг 2 — собрать ещё 6 ящиков, шаг 3 — погрузить все ящик
план: полить # грядок. шаг # — налить # вёдер, шаг # — полить # грядок. что делать раньше: налить вёдра или полить грядки?	planforms	1	да	план: полить 35 грядок. шаг 1 — налить 5 вёдер, шаг 2 — полить 35 грядок. что делать раньше: налить вёдра или 
план: уложить # книг. шаг # — положить # книг, шаг # — положить ещё # книги, шаг # — закрыть рюкзак. после шага # есть # книг. выполнена ли задача?	planforms	1	да	план: уложить 12 книг. шаг 1 — положить 9 книг, шаг 2 — положить ещё 3 книги, шаг 3 — закрыть рюкзак. после ша
поездка длится # недель. сколько длится поездка?	unit_counts	1	да	поездка длится 10 недель. сколько длится поездка?
полгода — это сколько месяцев?	unitfrac	1	да	полгода — это сколько месяцев?
полкилограмма — это сколько граммов?	unitfrac	1	да	полкилограмма — это сколько граммов?
половина числа — это #. чему равно число?	share	1	да	половина числа — это 2. чему равно число?
пользователь: сколько файлов в папке?	actturn	1	да	пользователь: сколько файлов в папке?
пользователь: создай файл a.txt. организм: предлагаю создать файл a.txt. подтверждено ли это?	actturn	1	да	пользователь: создай файл a.txt. организм: предлагаю создать файл a.txt. подтверждено ли это?
помогите, пожалуйста: что такое # минус #?	cross	1	да	помогите, пожалуйста: что такое 5 минус 0?
после среды идёт четверг. что идёт после среды?	nature	1	да	после среды идёт четверг. что идёт после среды?
посчитай # разделить на #	task	1	да	посчитай 0 разделить на 5
посчитай # разделить на #. что получится?	task	1	да	посчитай 100 разделить на 4. что получится?
почему # — не корень x² − #x + # = #?	equation_signed	1	да	почему 15 — не корень x² − 24x + 143 = 0?
почему медиана # # # равна #?	statistics	1	да	почему медиана 4 4 8 равна 4?
почему периметр прямоугольника # на # равен #?	geometry	1	да	почему периметр прямоугольника 7 на 8 равен 30?
правда ли, что # + # = #?	verifyforms	1	да	правда ли, что 75 + 50 = 126?
правда ли, что # чётно?	verifyforms	1	да	правда ли, что 99 чётно?
правило: не создавай файлы. создай # сообщения. можно ли выполнить приказ?	mandateforms	1	да	правило: не создавай файлы. создай 2 сообщения. можно ли выполнить приказ?
правило: не удаляй файлы. удали # файла. можно ли выполнить приказ?	mandateforms	1	да	правило: не удаляй файлы. удали 2 файла. можно ли выполнить приказ?
простое ли число #?	numbers	1	НЕТ	простое ли число 35?
пункты — время и звук. список из # пунктов — какие это пункты?	md_structures	1	да	пункты — время и звук. список из 2 пунктов — какие это пункты?
пчела — это животное, которое собирает мёд. что такое пчела?	genus_diff	1	да	пчела — это животное, которое собирает мёд. что такое пчела?
пять девятых числа равны #. какое это число?	shares_percent	1	да	пять девятых числа равны 70. какое это число?
пёс весил # килограммов, потом ещё # килограмма. сколько килограммов весил пёс всего?	action_measure	1	да	пёс весил 9 килограммов, потом ещё 4 килограмма. сколько килограммов весил пёс всего?
пёс пробежал # метров. мышь пробежала # метров. на сколько больше метров пробежал пёс, чем мышь?	measure_story	1	да	пёс пробежал 65 метров. мышь пробежала 28 метров. на сколько больше метров пробежал пёс, чем мышь?
пёс проплыл # шагов. кенгуру проплыл # шагов. на сколько меньше шагов проплыл кенгуру, чем пёс?	measure_story	1	да	пёс проплыл 27 шагов. кенгуру проплыл 12 шагов. на сколько меньше шагов проплыл кенгуру, чем пёс?
пёс прополз # метра. кузнечик прополз # метр. на сколько больше метров прополз пёс, чем кузнечик?	measure_story	1	да	пёс прополз 73 метра. кузнечик прополз 41 метр. на сколько больше метров прополз пёс, чем кузнечик?
пёс прошёл # метра. кузнечик прошёл # метров. на сколько меньше метров прошёл кузнечик, чем пёс?	measure_story	1	да	пёс прошёл 54 метра. кузнечик прошёл 36 метров. на сколько меньше метров прошёл кузнечик, чем пёс?
пёс прыгнул на # метра. лягушка прыгнула на # метров. на сколько больше метров прыгнул пёс, чем лягушка?	measure_story	1	да	пёс прыгнул на 92 метра. лягушка прыгнула на 47 метров. на сколько больше метров прыгнул пёс, чем лягушка?
пёс прыгнул на # сантиметров. на сколько сантиметров прыгнул пёс?	action_measure	1	да	пёс прыгнул на 5 сантиметров. на сколько сантиметров прыгнул пёс?
работа заняла # недель. сколько заняла работа?	unit_counts	1	да	работа заняла 5 недель. сколько заняла работа?
рабочий зарабатывает # долларов в час. сколько долларов рабочий зарабатывает за # часа?	rates	1	да	рабочий зарабатывает 5 долларов в час. сколько долларов рабочий зарабатывает за 3 часа?
рабочий зарабатывает # центов в минуту. сколько центов рабочий зарабатывает за # минут?	rates	1	да	рабочий зарабатывает 5 центов в минуту. сколько центов рабочий зарабатывает за 7 минут?
ребёнок ждал # день. сколько ждал ребёнок?	unit_counts	1	да	ребёнок ждал 1 день. сколько ждал ребёнок?
ребёнок ждал # недель. сколько ждал ребёнок?	unit_counts	1	да	ребёнок ждал 10 недель. сколько ждал ребёнок?
римская запись XIII. какое это число?	roman	1	да	римская запись XIII. какое это число?
римская запись XXIV. какое это число?	roman	1	да	римская запись XXIV. какое это число?
роза — это растение, которое цветёт. какое растение цветёт?	genus_diff	1	да	роза — это растение, которое цветёт. какое растение цветёт?
роза — это растение, которое цветёт. роза — это прибор или растение?	genus_diff	1	да	роза — это растение, которое цветёт. роза — это прибор или растение?
ручка стоит # копеек, а яблоко стоит # копеек. сколько они стоят вместе?	money	1	да	ручка стоит 270 копеек, а яблоко стоит 175 копеек. сколько они стоят вместе?
с # февраля по # марта. сколько дней прошло?	dateforms	1	да	с 25 февраля по 8 марта. сколько дней прошло?
с # января по # февраля. сколько дней прошло?	dateforms	1	да	с 29 января по 4 февраля. сколько дней прошло?
светлый и тёмный — противоположности. что противоположно слову светлый?	opposites	1	да	светлый и тёмный — противоположности. что противоположно слову светлый?
сегодня понедельник. какой день будет завтра?	calendar	1	да	сегодня понедельник. какой день будет завтра?
сегодня среда. какой день будет завтра?	calendar	1	да	сегодня среда. какой день будет завтра?
сегодня суббота. какой день был вчера?	calendar	1	да	сегодня суббота. какой день был вчера?
сердце человека — это орган или фигура?	genus_diff	1	да	сердце человека — это орган или фигура?
скажи слово «солнце» наоборот	letters	1	да	скажи слово «солнце» наоборот
скажи, делится ли # на #	inquiry	1	да	скажи, делится ли 183 на 4
сколько бит несут # равновозможных исхода?	compsci	1	да	сколько бит несут 8192 равновозможных исхода?
сколько будет # + #?	school_biling_v2c	1	да	сколько будет 11 + 5?
сколько будет # ÷ #?	longdiv	1	да	сколько будет 5236 ÷ 17?
сколько будет # умножить на #?	cross	1	да	сколько будет 12 умножить на 4?
сколько будет # − #, а потом плюс #?	cross	1	да	сколько будет 10 − 4, а потом плюс 6?
сколько будет #, если округлить до сотен?	roundforms	1	да	сколько будет 594, если округлить до сотен?
сколько будет семьдесят семь плюс девять?	surfaces	1	да	сколько будет семьдесят семь плюс девять?
сколько будет три девятых от #?	shares_percent	1	да	сколько будет три девятых от 117?
сколько будет шесть восьмых от #?	shares_percent	1	да	сколько будет шесть восьмых от 80?
сколько будет шесть плюс пять?	lang_ru	1	да	сколько будет шесть плюс пять?
сколько будет шестьдесят пять плюс семь?	surfaces	1	да	сколько будет шестьдесят пять плюс семь?
сколько будет шестьдесят три плюс пять?	surfaces	1	да	сколько будет шестьдесят три плюс пять?
сколько дней в двух неделях?	ru_conversions	1	да	сколько дней в двух неделях?
сколько дней в четырёх неделях?	ru_conversions	1	да	сколько дней в четырёх неделях?
сколько дней в шести неделях?	ru_conversions	1	да	сколько дней в шести неделях?
сколько источников насчитает у меня прибор biblio_reach завтра?	selfmeasure	1	да	сколько источников насчитает у меня прибор biblio_reach завтра?
сколько карт лежит в коробке?	ruverbs	1	да	сколько карт лежит в коробке?
сколько карт у {Носитель}?	story_chain	1	да	сколько карт у Ани?
сколько книг стоит на столе?	ruverbs	1	да	сколько книг стоит на столе?
сколько копеек в # рубль # копейка?	notation	1	да	сколько копеек в 1 рубль 1 копейка?
сколько копеек в # рубля # копеек?	notation	1	да	сколько копеек в 3 рубля 40 копеек?
сколько копеек в #,# рубля?	money_langs	1	да	сколько копеек в 35,20 рубля?
сколько копеек в двух рублях?	rates	1	да	сколько копеек в двух рублях?
сколько копеек в пяти рублях?	ru_conversions	1	да	сколько копеек в пяти рублях?
сколько копеек в трёх рублях?	ru_conversions	1	да	сколько копеек в трёх рублях?
сколько лет будет {Носитель} через # лет?	age	1	да	сколько лет будет Тому через 6 лет?
сколько лет было {Носитель} # года назад?	age	1	да	сколько лет было Ане 3 года назад?
сколько метров в двенадцати километрах?	ru_conversions	1	да	сколько метров в двенадцати километрах?
сколько метров в двух километрах?	ru_conversions	1	да	сколько метров в двух километрах?
сколько метров в шести километрах?	ru_conversions	1	да	сколько метров в шести километрах?
сколько минут в девяти часах?	ru_conversions	1	да	сколько минут в девяти часах?
сколько минут в трёх часах?	ru_conversions	1	да	сколько минут в трёх часах?
сколько монет у {Носитель}?	story_chain	1	да	сколько монет у Миши?
сколько недель в # дне?	ru_conversions	1	да	сколько недель в 21 дне?
сколько ног у муравья?	countfacts	1	да	сколько ног у муравья?
сколько ног у птицы?	countfacts	1	да	сколько ног у птицы?
сколько орехов осталось у {Носитель}?	genesis_story	1	да	сколько орехов осталось у Юры?
сколько предметов насчитал у меня прибор concept_reach во втором замере # сентября # года?	selfmeasure	1	да	сколько предметов насчитал у меня прибор concept_reach во втором замере 2 сентября 2026 года?
сколько ручек лежит в коробке?	ruverbs	1	да	сколько ручек лежит в коробке?
сколько секунд в # минутах?	timeunits	1	да	сколько секунд в 3 минутах?
сколько секунд в восьми минутах?	ru_conversions	1	да	сколько секунд в восьми минутах?
сколько секунд в двадцати минутах?	ru_conversions	1	да	сколько секунд в двадцати минутах?
сколько секунд в десяти минутах?	ru_conversions	1	да	сколько секунд в десяти минутах?
сколько секунд в трёх копейках?	ru_conversions	1	да	сколько секунд в трёх копейках?
сколько секунд в четырёх минутах?	timeunits	1	да	сколько секунд в четырёх минутах?
сколько способов даёт выбор # из #?	statistics	1	да	сколько способов даёт выбор 3 из 4?
сколько часов в # минутах?	ru_conversions	1	да	сколько часов в 120 минутах?
сколько часов в четырёх граммах?	ru_conversions	1	да	сколько часов в четырёх граммах?
сколько чашек стоит на полке?	ruverbs	1	да	сколько чашек стоит на полке?
сколько шаров осталось у {Носитель}?	genesis_story	1	да	сколько шаров осталось у Пети?
сколько шаров стало у {Носитель}?	genesis_story	1	да	сколько шаров стало у Маши?
скільки буде дев'ять плюс три?	lang_uk	1	да	скільки буде дев'ять плюс три?
сложи # и #. что получится?	opforms	1	да	сложи 13 и 6. что получится?
собак #. кошек вдвое больше, чем собак. сколько всего животных?	relations_story	1	да	собак 50. кошек вдвое больше, чем собак. сколько всего животных?
собак вдвое меньше, чем кошек. всего животных #. сколько собак?	relations_story	1	да	собак вдвое меньше, чем кошек. всего животных 99. сколько собак?
собак втрое меньше, чем кошек. всего животных #. сколько кошек?	relations_story	1	да	собак втрое меньше, чем кошек. всего животных 20. сколько кошек?
собака больше мыши. кто больше: собака или мышь?	scale	1	да	собака больше мыши. кто больше: собака или мышь?
согласны ли вы, что # разделить на # равно #?	cross	1	да	согласны ли вы, что 20 разделить на 5 равно 4?
стол и стул вместе стоят # долларов. стол втрое дороже стула. сколько стоит стол?	measure_story	1	да	стол и стул вместе стоят 60 долларов. стол втрое дороже стула. сколько стоит стол?
стол и стул вместе стоят # долларов. стол вчетверо дороже стула. сколько стоит стул?	measure_story	1	да	стол и стул вместе стоят 200 долларов. стол вчетверо дороже стула. сколько стоит стул?
стул — это мебель, которая вмещает одного человека. какая мебель вмещает одного человека?	genus_diff	1	да	стул — это мебель, которая вмещает одного человека. какая мебель вмещает одного человека?
теорема: если a чётно и b чётно, то a + b чётно. как она доказана?	metalang	1	да	теорема: если a чётно и b чётно, то a + b чётно. как она доказана?
три четверти часа — это сколько минут?	unitfrac	1	да	три четверти часа — это сколько минут?
три четверти числа — это #. чему равно число?	share	1	да	три четверти числа — это 18. чему равно число?
у {Носитель} # игр. у {Носитель} # игр. у кого игр меньше?	cmpframes	1	да	у Ивана 26 игр. у Марии 11 игр. у кого игр меньше?
у {Носитель} # книг да # шаров. сколько всего предметов у {Носитель}?	joints	1	да	у Юры 6 книг да 26 шаров. сколько всего предметов у Юры?
у {Носитель} # книг, а у {Носитель} # книг. сколько книг у {Носитель}?	holdforms	1	да	у Ивана 5 книг, а у Марии 39 книг. сколько книг у Марии?
у {Носитель} # книг. сколько книг у {Носитель}?	holdforms	1	да	у Петра 26 книг. сколько книг у Петра?
у {Носитель} # красных ручек. какого цвета ручки у {Носитель}?	sceneforms	1	да	у Вани 30 красных ручек. какого цвета ручки у Вани?
у {Носитель} # крышки. у {Носитель} # крышек. во сколько раз больше крышек у {Носитель}, чем у {Носитель}?	cmpframes	1	да	у Анны 32 крышки. у Ани 16 крышек. во сколько раз больше крышек у Анны, чем у Ани?
у {Носитель} # монет, # чашек а также # цветков. сколько всего предметов у {Носитель}?	joints	1	да	у Коли 26 монет, 26 чашек а также 13 цветков. сколько всего предметов у Коли?
у {Носитель} # приложение. у {Носитель} # приложений. у кого приложений меньше?	cmpframes	1	да	у Оли 21 приложение. у Лены 6 приложений. у кого приложений меньше?
у {Носитель} # приложений. у {Носитель} на # приложений меньше, чем у {Носитель}. сколько приложений у {Носитель}?	cmpframes	1	да	у Анны 38 приложений. у Ивана на 19 приложений меньше, чем у Анны. сколько приложений у Ивана?
у {Носитель} # роз. у {Носитель} # роза. у кого роз больше?	cmpframes	1	да	у Марии 6 роз. у Ивана 21 роза. у кого роз больше?
у {Носитель} # рублей # копеек. она заработала # рублей # копеек. сколько денег у неё теперь?	money_story	1	да	у Оли 7 рублей 35 копеек. она заработала 5 рублей 97 копеек. сколько денег у неё теперь?
у {Носитель} # рублей # копеек. сколько денег у {Носитель}?	money_story	1	да	у Ивана 29 рублей 25 копеек. сколько денег у Ивана?
у {Носитель} # рублей. он зарабатывает # рублей в день. планшет стоит # рублей. сколько дней ему нужно?	money_story	1	да	у Юрия 80 рублей. он зарабатывает 10 рублей в день. планшет стоит 130 рублей. сколько дней ему нужно?
у {Носитель} # рублей. она зарабатывает # рублей в день. гитара стоит # рублей. сколько дней ей нужно?	money_story	1	да	у Лены 85 рублей. она зарабатывает 5 рублей в день. гитара стоит 165 рублей. сколько дней ей нужно?
у {Носитель} # ручек, # книги да # чашки. сколько всего предметов у {Носитель}?	joints	1	да	у Коли 28 ручек, 2 книги да 3 чашки. сколько всего предметов у Коли?
у {Носитель} # ручек, # монеты и # карт. сколько всего предметов у {Носитель}?	action_pages	1	да	у Коли 12 ручек, 4 монеты и 8 карт. сколько всего предметов у Коли?
у {Носитель} # цветков, # монет и # карт. сколько всего предметов у {Носитель}?	joints	1	да	у Лены 20 цветков, 26 монет и 9 карт. сколько всего предметов у Лены?
у {Носитель} # цветков, у {Носитель} # цветков. а если наоборот?	links	1	да	у Вани 19 цветков, у Димы 5 цветков. а если наоборот?
у {Носитель} # шара, # монеты, # цветков. сколько всего предметов у {Носитель}?	joints	1	да	у Пети 22 шара, 44 монеты, 17 цветков. сколько всего предметов у Пети?
у {Носитель} # шаров. она отдала # шаров. сколько у неё осталось?	anaphora	1	да	у Анны 15 шаров. она отдала 6 шаров. сколько у неё осталось?
у {Носитель} # яблок. он отдал # яблок. сколько у него осталось?	anaphora	1	да	у Петра 20 яблок. он отдал 8 яблок. сколько у него осталось?
у {Носитель} # яблок. у {Носитель} вчетверо больше яблок, чем у {Носитель}. сколько яблок у {Носитель}?	action_pages	1	да	у Юры 28 яблок. у Веры вчетверо больше яблок, чем у Юры. сколько яблок у Веры?
у {Носитель} # яблока, а у {Носитель} # яблока. сколько яблок у {Носитель}?	holdforms	1	да	у Димы 4 яблока, а у Лены 32 яблока. сколько яблок у Лены?
у {Носитель} было # игрушек. {Носитель} купил # игрушек. сколько игрушек стало у {Носитель}?	ru_story	1	да	у Вани было 6 игрушек. Ваня купил 5 игрушек. сколько игрушек стало у Вани?
у {Носитель} было # игрушек. {Носитель} купил # игрушки. сколько игрушек стало у {Носитель}?	ru_story	1	да	у Пети было 5 игрушек. Петя купил 2 игрушки. сколько игрушек стало у Пети?
у {Носитель} было # игрушек. {Носитель} отдал # игрушки. сколько игрушек осталось у {Носитель}?	ru_story	1	да	у Вани было 9 игрушек. Ваня отдал 3 игрушки. сколько игрушек осталось у Вани?
у {Носитель} было # игрушек. сколько игрушек было у {Носитель}?	ru_story	1	да	у Вани было 9 игрушек. сколько игрушек было у Пети?
у {Носитель} было # игрушки. сколько игрушек было у {Носитель}?	ru_story	1	да	у Коли было 4 игрушки. сколько игрушек было у Оли?
у {Носитель} было # карандаша, а у {Носитель} было # карандашей. {Носитель} дала ему # карандашей. сколько карандашей у {Носитель} теперь?	pronobject	1	да	у Ани было 32 карандаша, а у Вани было 12 карандашей. Аня дала ему 15 карандашей. сколько карандашей у Вани те
у {Носитель} было # карандашей, а у {Носитель} было # карандашей. {Носитель} дал ей # карандашей. сколько карандашей у {Носитель} теперь?	pronobject	1	да	у Вани было 20 карандашей, а у Ани было 5 карандашей. Ваня дал ей 8 карандашей. сколько карандашей у Ани тепер
у {Носитель} было # карандашей, а у её папы — # карандашей. её папа дал ей # карандашей, а {Носитель} дала своему папе # карандашей. сколько карандашей у её папы теперь?	kinbearer	1	да	у Ани было 7 карандашей, а у её папы — 20 карандашей. её папа дал ей 8 карандашей, а Аня дала своему папе 6 ка
у {Носитель} было # карандашей. её папа дал ей ещё # карандаша. кто дал {Носитель} карандаша?	kinbearer	1	да	у Ани было 5 карандашей. её папа дал ей ещё 4 карандаша. кто дал Ане карандаша?
у {Носитель} было # карандашей. её папа дал ей ещё # карандаша. сколько карандашей у {Носитель} теперь?	kinbearer	1	да	у Ани было 5 карандашей. её папа дал ей ещё 4 карандаша. сколько карандашей у Ани теперь?
у {Носитель} было # карандашей. она дала своему папе # карандашей. сколько карандашей у {Носитель} теперь?	kinbearer	1	да	у Ани было 14 карандашей. она дала своему папе 6 карандашей. сколько карандашей у Ани теперь?
у {Носитель} было # карт. {Носитель} купил # карты. сколько карт стало у {Носитель}?	ru_story	1	да	у Пети было 8 карт. Петя купил 3 карты. сколько карт стало у Пети?
у {Носитель} было # книг, а у {Носитель} было # книг. {Носитель} дал ей # книг. сколько книг у {Носитель} теперь?	pronobject	1	да	у Вани было 20 книг, а у Ани было 5 книг. Ваня дал ей 8 книг. сколько книг у Вани теперь?
у {Носитель} было # книг, а у {Носитель} было # книг. {Носитель} дала ему # книги. сколько книг у {Носитель} теперь?	pronobject	1	да	у Лены было 11 книг, а у Вани было 6 книг. Лена дала ему 3 книги. сколько книг у Вани теперь?
у {Носитель} было # книг. {Носитель} продала # книги. сколько книг осталось у {Носитель}?	ru_story	1	да	у Оли было 9 книг. Оля продала 2 книги. сколько книг осталось у Оли?
у {Носитель} было # книг. её мама дала ей # книги, а её папа дал ей # книг. сколько книг у {Носитель} теперь?	kinbearer	1	да	у Ани было 10 книг. её мама дала ей 4 книги, а её папа дал ей 9 книг. сколько книг у Ани теперь?
у {Носитель} было # книги. {Носитель} взяла # книг. сколько книг стало у {Носитель}?	ru_story	1	да	у Маши было 3 книги. Маша взяла 6 книг. сколько книг стало у Маши?
у {Носитель} было # монет. {Носитель} взяла # монеты. сколько монет стало у {Носитель}?	ru_story	1	да	у Маши было 6 монет. Маша взяла 3 монеты. сколько монет стало у Маши?
у {Носитель} было # монет. {Носитель} продала # монеты. сколько монет осталось у {Носитель}?	ru_story	1	да	у Ани было 7 монет. Аня продала 2 монеты. сколько монет осталось у Ани?
у {Носитель} было # монет. сколько монет было у {Носитель}?	ru_story	1	да	у Оли было 11 монет. сколько монет было у Коли?
у {Носитель} было # ручек. сколько ручек было у {Носитель}?	ru_story	1	да	у Маши было 6 ручек. сколько ручек было у Ани?
у {Носитель} было # цветков, {Носитель} израсходовала # цветков. сколько цветков осталось?	everyday	1	НЕТ	у Ани было 16 цветков, Аня израсходовала 5 цветков. сколько цветков осталось?
у {Носитель} было # чашек. {Носитель} отдала # из них {Носитель}. сколько чашек у неё теперь?	svamp	1	да	у Лены было 40 чашек. Лена отдала 15 из них Марии. сколько чашек у неё теперь?
у {Носитель} было # шариков. он отдал # шарика. сколько шариков у него осталось?	speech	1	НЕТ	у Ивана было 5 шариков. он отдал 2 шарика. сколько шариков у него осталось?
у {Носитель} было # шариков. она отдала # шарик. сколько шариков у неё осталось?	speech	1	НЕТ	у Анны было 5 шариков. она отдала 1 шарик. сколько шариков у неё осталось?
у {Носитель} было # шаров. две пятых шаров ушли. сколько шаров осталось?	action_pages	1	да	у Лены было 65 шаров. две пятых шаров ушли. сколько шаров осталось?
у {Носитель} было # яблок. {Носитель} отдал # яблока. сколько яблок осталось у {Носитель}?	ru_story	1	да	у Коли было 7 яблок. Коля отдал 3 яблока. сколько яблок осталось у Коли?
у {Носитель} было # яблок. он отдал # яблока. сколько яблок у него осталось?	speech	1	НЕТ	у Юрия было 6 яблок. он отдал 3 яблока. сколько яблок у него осталось?
у {Носитель} было # яблок. сколько яблок было у {Носитель}?	ru_story	1	да	у Пети было 8 яблок. сколько яблок было у Ани?
у {Носитель} было # яблока. {Носитель} отдал # яблока. сколько яблок осталось у {Носитель}?	ru_story	1	да	у Пети было 4 яблока. Петя отдал 2 яблока. сколько яблок осталось у Пети?
у {Носитель} на # карт меньше, чем удвоенное число карт у {Носитель}. у {Носитель} # карт. сколько карт у {Носитель}?	relations_story	1	да	у Марии на 6 карт меньше, чем удвоенное число карт у Веры. у Веры 17 карт. сколько карт у Марии?
у {Носитель} на # карты больше, чем удвоенное число карт у {Носитель}. у {Носитель} # карт. сколько карт у {Носитель} теперь?	relations_story	1	да	у Коли на 2 карты больше, чем удвоенное число карт у Лены. у Коли 16 карт. сколько карт у Лены теперь?
у всех ли животных # ног?	nature	1	да	у всех ли животных 8 ног?
у иды было # марок. четверть марок ушла. сколько марок осталось?	depletion	1	НЕТ	у иды было 36 марок. четверть марок ушла. сколько марок осталось?
у матери {Носитель} # шаров. сколько шаров у матери {Носитель}?	svamp	1	да	у матери Ани 8 шаров. сколько шаров у матери Ани?
у меня # карандашей # яблок # книги. сколько у меня карандашей?	readnum	1	да	у меня 38 карандашей 5 яблок 4 книги. сколько у меня карандашей?
у меня # книг # карандаша # яблок. сколько вещей у меня?	readnum	1	да	у меня 15 книг 2 карандаша 8 яблок. сколько вещей у меня?
у меня # книг, у вас # книг. у кого больше?	joint2	1	да	у меня 9 книг, у вас 9 книг. у кого больше?
у меня # красных яблок и # новых. сколько у меня яблок?	readnum	1	да	у меня 15 красных яблок и 8 новых. сколько у меня яблок?
у меня # шаров, у тебя # шаров. у кого больше?	joint2	1	да	у меня 14 шаров, у тебя 14 шаров. у кого больше?
у меня # яблок и # новых. сколько у меня яблок?	proform	1	да	у меня 13 яблок и 7 новых. сколько у меня яблок?
у меня # яблок, у вас # яблока. на сколько у меня больше?	joint2	1	да	у меня 5 яблок, у вас 3 яблока. на сколько у меня больше?
у меня # яблок, у тебя # яблок. у кого больше?	joint2	1	да	у меня 6 яблок, у тебя 6 яблок. у кого больше?
у меня # яблок, у тебя # яблока. на сколько у меня больше?	joint2	1	да	у меня 7 яблок, у тебя 4 яблока. на сколько у меня больше?
у меня # яблок. я покупаю # новых. сколько у меня теперь?	proform	1	да	у меня 10 яблок. я покупаю 5 новых. сколько у меня теперь?
у меня было # яблока. я потерял # яблок и нашёл # новых. сколько у меня яблок теперь?	proform	1	да	у меня было 24 яблока. я потерял 10 яблок и нашёл 9 новых. сколько у меня яблок теперь?
у пии было # яблок. половина яблок ушла. сколько яблок осталось?	depletion	1	НЕТ	у пии было 30 яблок. половина яблок ушла. сколько яблок осталось?
у свена было # яблок. треть яблок ушла. сколько яблок осталось?	depletion	1	НЕТ	у свена было 39 яблок. треть яблок ушла. сколько яблок осталось?
умножь # на #. сколько получится?	opforms	1	да	умножь 3 на 8. сколько получится?
утверждение: # + # = #. проверка о другом: # − # = #. каков вердикт?	verifyforms	1	да	утверждение: 67 + 59 = 126. проверка о другом: 67 − 59 = 8. каков вердикт?
утверждение: # + # = #. проверка: # + # = #. каков вердикт?	verifyforms	1	да	утверждение: 99 + 74 = 173. проверка: 99 + 74 = 173. каков вердикт?
утром было # градуса. стало на # градусов холоднее. сколько градусов стало?	signedworld	1	да	утром было 2 градуса. стало на 7 градусов холоднее. сколько градусов стало?
утром было # градусов. стало на # градусов холоднее. сколько градусов стало?	signedworld	1	да	утром было 14 градусов. стало на 19 градусов холоднее. сколько градусов стало?
утром было −# градусов. стало на # градусов теплее. сколько градусов стало?	signedworld	1	да	утром было −9 градусов. стало на 10 градусов теплее. сколько градусов стало?
целое ли число площадь треугольника с основанием # и высотой #?	formulas	1	НЕТ	целое ли число площадь треугольника с основанием 5 и высотой 5?
целое ли число скорость тела, прошедшего # метр за # секунд?	physics	1	НЕТ	целое ли число скорость тела, прошедшего 261 метр за 20 секунд?
целое ли число скорость тела, прошедшего # метров за # секунды?	physics	1	НЕТ	целое ли число скорость тела, прошедшего 27 метров за 3 секунды?
часть чего луна?	genesis_l4	1	да	часть чего луна?
часы показывают #:#. как сказать это словами?	clockwords	1	да	часы показывают 3:45. как сказать это словами?
чашка находится над ключом. где находится ключ?	place	1	да	чашка находится над ключом. где находится ключ?
чашка находится слева от лампы, лампа находится слева от книги. что находится между чашкой и книгой?	place	1	да	чашка находится слева от лампы, лампа находится слева от книги. что находится между чашкой и книгой?
чашка находится справа от лампы. где находится лампа?	place	1	да	чашка находится справа от лампы. где находится лампа?
чашка стоит # копеек, а книга стоит # копеек. сколько они стоят вместе?	money	1	да	чашка стоит 30 копеек, а книга стоит 95 копеек. сколько они стоят вместе?
чашка — это сосуд или мебель?	genus_diff	1	да	чашка — это сосуд или мебель?
чего я не показывал во втором замере # сентября # года по прибору ask_reach?	selfmeasure	1	да	чего я не показывал во втором замере 2 сентября 2026 года по прибору ask_reach?
чем вы занимаетесь?	dialogue	1	да	чем вы занимаетесь?
чем ещё можно записать # + #?	rewrite	1	да	чем ещё можно записать 5 + 5?
чем ещё можно записать # ÷ #?	rewrite	1	да	чем ещё можно записать 18 ÷ 6?
чем режут хлеб?	roles	1	да	чем режут хлеб?
чему равен квадрат #?	inquiry	1	да	чему равен квадрат 19?
чему равен квадрат числа #?	inquiry	1	да	чему равен квадрат числа 7?
чему равен квадратный корень из #?	equation_signed	1	да	чему равен квадратный корень из 169?
чему равен максимум # # # #?	algorithms	1	НЕТ	чему равен максимум 1 4 2 6?
чему равен минимум # # # #?	algorithms	1	НЕТ	чему равен минимум 4 2 9 6?
чему равен периметр прямоугольника # на #?	geometry	1	НЕТ	чему равен периметр прямоугольника 5 на 7?
чему равна длина # # # #?	algorithms	1	да	чему равна длина 7 2 9 1?
чему равна длина вектора (#, #)?	linalg	1	да	чему равна длина вектора (24, 7)?
чему равна одна четверть от #?	share	1	да	чему равна одна четверть от 24?
чему равна площадь квадрата со стороной #?	geometry	1	да	чему равна площадь квадрата со стороной 15?
чему равна площадь треугольника с основанием # и высотой #?	formulas	1	да	чему равна площадь треугольника с основанием 4 и высотой 2?
чему равна производная t^# в точке #?	sequences	1	да	чему равна производная t^2 в точке 2?
чему равна разность # и #?	surfaces	1	да	чему равна разность 21 и 3?
чему равна сумма # и #?	surfaces	1	да	чему равна сумма 72 и 8?
чему равна сумма для i от # до #?	programs	1	да	чему равна сумма для i от 3 до 6?
чему равно # x + # x?	algebra	1	да	чему равно 7 x + 8 x?
чему равно # × ( # + # )?	algebra	1	да	чему равно 1 × ( 2 + 4 )?
чему равно # ÷ #?	arith_langs	1	да	чему равно 104 ÷ 13?
чему равно # в двоичной записи?	machine	1	да	чему равно 17 в двоичной записи?
чему равно # дюжины?	genesis_units	1	да	чему равно 4 дюжины?
чему равно # или # побитово?	machine	1	да	чему равно 58 или 16 побитово?
чему равно # килограммов?	genesis_units	1	да	чему равно 7 килограммов?
чему равно # метров?	genesis_units	1	да	чему равно 5 метров?
чему равно # недели?	genesis_units	1	да	чему равно 2 недели?
чему равно # сдвинутое влево на #?	machine	1	да	чему равно 4 сдвинутое влево на 1?
чему равно ( # + # )^#?	formulas	1	да	чему равно ( 2 + 11 )^2?
чему равно [# #; # #] умножить на (#, #)?	linalg	1	да	чему равно [4 4; 4 5] умножить на (3, 3)?
чему равно n + m при n = # и m = #?	inquiry	1	да	чему равно n + m при n = 5 и m = 9?
чему равно двадцать минус один?	ruler_dense	1	да	чему равно двадцать минус один?
чему равно девять минус один?	ruler_dense	1	да	чему равно девять минус один?
чему равно ноль умножить на четыре?	school_biling_v2c	1	да	чему равно ноль умножить на четыре?
чему равно один плюс один?	ruler_dense	1	да	чему равно один плюс один?
чему равно одиннадцать плюс один?	ruler_dense	1	да	чему равно одиннадцать плюс один?
чему равно пять делить на пять?	school_biling_v2c	1	да	чему равно пять делить на пять?
чему равно пять плюс один?	ruler_dense	1	да	чему равно пять плюс один?
чему равно пять плюс четыре?	school_biling_v2c	1	да	чему равно пять плюс четыре?
чему равно семнадцать минус один?	ruler_dense	1	да	чему равно семнадцать минус один?
чему равно среднее чисел #, #, #, #?	average	1	да	чему равно среднее чисел 8, 12, 18, 2?
чему равно частное # и #?	surfaces	1	да	чему равно частное 10 и 5?
чему равно четырнадцать минус один?	ruler_dense	1	да	чему равно четырнадцать минус один?
четверть числа равна #. какое это число?	shares_percent	1	да	четверть числа равна 8. какое это число?
четыре седьмых числа равны #. какое это число?	shares_percent	1	да	четыре седьмых числа равны 44. какое это число?
числа: #, #, #. как они идут по возрастанию?	orderforms	1	да	числа: 55, 37, 68. как они идут по возрастанию?
числа: #, #, #. какое число стоит между двумя другими?	orderforms	1	да	числа: 55, 37, 68. какое число стоит между двумя другими?
что выше: жираф или кошка?	propcompare	1	да	что выше: жираф или кошка?
что горячее: огонь или лёд?	propcompare	1	да	что горячее: огонь или лёд?
что даёт работа = сила × путь при # и #?	physics	1	да	что даёт работа = сила × путь при 25 и 6?
что даёт разворот # #?	algorithms	1	да	что даёт разворот 7 7?
что даёт сложение # и #?	surfaces	1	да	что даёт сложение 21 и 3?
что даёт умножение # на #?	surfaces	1	да	что даёт умножение 50 на 10?
что значит «    house = #»?	markdown	1	да	что значит «    house = 1»?
что значит «#### field»?	markdown	1	да	что значит «#### field»?
что значит «-----»?	markdown	1	да	что значит «-----»?
что значит «road\»?	markdown	1	да	что значит «road\»?
что значит «больше»?	markdown	1	да	что значит «больше»?
что значит блок, начатый с «```mermaid»?	markdown	1	да	что значит блок, начатый с «```mermaid»?
что лишнее: кошка, паук, роза?	worldfacts	1	да	что лишнее: кошка, паук, роза?
что лишнее: сосна, дуб, акула?	worldfacts	1	да	что лишнее: сосна, дуб, акула?
что меньше: # или #?	numberline	1	да	что меньше: 7 или 9?
что ниже: кошка или жираф?	propcompare	1	да	что ниже: кошка или жираф?
что общего у паука и муравья?	worldfacts	1	да	что общего у паука и муравья?
что показывает глиф #___#/#__#_/#_#__/##___/#_#__/#__#_/#___#?	glyphs	1	да	что показывает глиф #___#/#__#_/#_#__/##___/#_#__/#__#_/#___#?
что показывает глиф #____/#____/#_##_/##__#/#___#/#___#/#___#?	glyphs	1	да	что показывает глиф #____/#____/#_##_/##__#/#___#/#___#/#___#?
что показывает глиф _####/#____/#____/_###_/____#/____#/####_?	glyphs	1	да	что показывает глиф _####/#____/#____/_###_/____#/____#/####_?
что показывает глиф _###_/#___#/#___#/#####/#___#/#___#/#___#?	glyphs	1	да	что показывает глиф _###_/#___#/#___#/#####/#___#/#___#/#___#?
что показывает глиф _###_/#___#/#___#/#___#/#_#_#/#__#_/_##_#?	glyphs	1	да	что показывает глиф _###_/#___#/#___#/#___#/#_#_#/#__#_/_##_#?
что показывает глиф _____/_____/##_#_/#_#_#/#_#_#/#___#/#___#?	glyphs	1	да	что показывает глиф _____/_____/##_#_/#_#_#/#_#_#/#___#/#___#?
что показывает глиф _____/_____/#___#/#___#/#___#/_#_#_/__#__?	glyphs	1	да	что показывает глиф _____/_____/#___#/#___#/#___#/_#_#_/__#__?
что показывает глиф _____/_____/_###_/#___#/#___#/#___#/_###_?	glyphs	1	да	что показывает глиф _____/_____/_###_/#___#/#___#/#___#/_###_?
что показывает глиф _____/_____/_###_/____#/_####/#___#/_####?	glyphs	1	да	что показывает глиф _____/_____/_###_/____#/_####/#___#/_####?
что противоположно слову громкий?	opposites	1	да	что противоположно слову громкий?
что противоположно слову длинный?	opposites	1	да	что противоположно слову длинный?
что противоположно слову тёмный?	opposites	1	да	что противоположно слову тёмный?
что раньше вечера?	everyday	1	да	что раньше вечера?
что следует из того, что # делится на #?	infer	1	да	что следует из того, что 12 делится на 6?
что следует из того, что остаток от деления # на # не равен ни одному из чисел # и #?	disj	1	да	что следует из того, что остаток от деления 29 на 3 не равен ни одному из чисел 0 и 1?
что следует из того, что остаток от деления # на # не равен ни одному из чисел #, #, # и #?	disj	1	да	что следует из того, что остаток от деления 26 на 5 не равен ни одному из чисел 0, 2, 3 и 4?
что такое # ÷ #?	cross	1	да	что такое 12 ÷ 4?
что такое бактерия?	genesis_l4	1	да	что такое бактерия?
что такое вода?	definitions	1	да	что такое вода?
что такое глаз?	definitions	1	да	что такое глаз?
что такое гроза?	topics	1	да	что такое гроза?
что такое квадрат?	countfacts	1	да	что такое квадрат?
что такое лемма?	metalang	1	да	что такое лемма?
что такое материя?	definitions	1	да	что такое материя?
что такое молекула?	definitions	1	да	что такое молекула?
что такое монета?	lang_ru	1	да	что такое монета?
что такое опыт?	definitions	1	да	что такое опыт?
что такое погода?	topics	1	да	что такое погода?
что такое пока?	dialogue	1	да	что такое пока?
что такое путь по пустым клеткам по стороне?	space	1	да	что такое путь по пустым клеткам по стороне?
что такое сердце?	genesis_l4	1	да	что такое сердце?
что такое стекло?	definitions	1	да	что такое стекло?
что такое энтропия равновозможных исходов?	compsci	1	да	что такое энтропия равновозможных исходов?
що таке жаба?	lang_uk	1	да	що таке жаба?
що таке щука?	lang_uk	1	да	що таке щука?
эта музыка хорошая — это факт или мнение?	opinion	1	да	эта музыка хорошая — это факт или мнение?
я голоден. что мне делать?	reply	1	да	я голоден. что мне делать?
я делаю это каждый день. почему?	reply	1	да	я делаю это каждый день. почему?
я купил # карандашей. теперь у меня # карандашей. сколько карандашей у меня было вначале?	beforetails	1	да	я купил 5 карандашей. теперь у меня 12 карандашей. сколько карандашей у меня было вначале?
я купил # книги. теперь у меня # книг. сколько книг у меня было сначала?	beforetails	1	да	я купил 2 книги. теперь у меня 10 книг. сколько книг у меня было сначала?
я не заметил знака. почему?	reply	1	да	я не заметил знака. почему?
я отдал # книги. у меня осталось # книг. сколько книг у меня было вначале?	beforetails	1	да	я отдал 3 книги. у меня осталось 7 книг. сколько книг у меня было вначале?
я отдал # яблок. у меня осталось # яблок. сколько яблок у меня было вначале?	beforetails	1	да	я отдал 6 яблок. у меня осталось 17 яблок. сколько яблок у меня было вначале?
я потратил # ₽. у меня осталось # ₽. сколько денег у меня было вначале?	beforetails	1	да	я потратил 26 ₽. у меня осталось 59 ₽. сколько денег у меня было вначале?
я спешу. что мне делать?	reply	1	да	я спешу. что мне делать?
я устал. что мне делать?	reply	1	да	я устал. что мне делать?
является ли # корнем x^# + # x = #?	equation_signed	1	да	является ли 2 корнем x^2 + 10 x = 0?
является ли # корнем x^# - # = #?	equation_signed	1	да	является ли 14 корнем x^2 - 144 = 0?
является ли # корнем уравнения x² − #x + # = #?	equation	1	да	является ли 14 корнем уравнения x² − 27x + 182 = 0?
является ли число # простым числом?	inquiry	1	да	является ли число 102 простым числом?
является ли −# корнем уравнения x² + #x + # = #?	equation_signed	1	да	является ли −4 корнем уравнения x² + 11x + 28 = 0?
яке найменше просте число, більше за #?	search_langs	1	да	яке найменше просте число, більше за 107?
पेड़ क्या है?	lang_hi	1	НЕТ	पेड़ क्या है?
पैसा क्या है?	lang_hi	1	НЕТ	पैसा क्या है?
मेज़ क्या है?	lang_hi	1	НЕТ	मेज़ क्या है?
கதவு என்ன?	lang_ta	1	да	கதவு என்ன?
பேனா என்ன?	lang_ta	1	НЕТ	பேனா என்ன?
மேசை என்ன?	lang_ta	1	НЕТ	மேசை என்ன?
อะไรคือกระดาษ?	lang_th	1	да	อะไรคือกระดาษ?
อะไรคือต้นไม้?	lang_th	1	да	อะไรคือต้นไม้?
อะไรคือหนังสือ?	lang_th	1	да	อะไรคือหนังสือ?
อะไรคือเก้าอี้?	lang_th	1	да	อะไรคือเก้าอี้?
ብዕር ምን ነው?	lang_am	1	да	ብዕር ምን ነው?
ወረቀት ምን ነው?	lang_am	1	да	ወረቀት ምን ነው?
−# degrés {Носитель} — combien cela fait-il en {Носитель} ?	tempscale	1	да	−10 degrés Celsius — combien cela fait-il en Fahrenheit ?
−# graden {Носитель} — hoeveel is dat in {Носитель}?	tempscale	1	да	−5 graden Celsius — hoeveel is dat in Fahrenheit?
−# graus {Носитель} — quanto é isso em {Носитель}?	tempscale	1	да	−5 graus Celsius — quanto é isso em Fahrenheit?
−# stopni {Носитель} — ile to jest {Носитель}?	tempscale	1	да	−10 stopni Celsjusza — ile to jest Fahrenheita?
