2026-09-10T19:11:12Z	arith_court.py	2536
2026-09-10T19:11:25Z	algo_court.py	13
2026-09-10T19:16:23Z	formula_court.py	298
2026-09-10T19:16:34Z	logic_court.py	11
2026-09-10T19:16:36Z	physics_court.py	2
2026-09-10T19:16:43Z	cyber_court.py	7
2026-09-10T19:16:51Z	agreement_court.py	8
2026-09-10T19:16:56Z	notation_court.py	5
2026-09-10T19:16:58Z	unit_court.py	2
2026-09-10T19:17:01Z	number_court.py	2
2026-09-10T19:17:07Z	inquiry_court.py	6
2026-09-10T19:17:08Z	surfaces_court.py	1
2026-09-10T19:17:10Z	markdown_court.py	2
2026-09-10T19:17:11Z	doctree_court.py	1
2026-09-10T19:17:15Z	rates_court.py	4
2026-09-10T19:17:19Z	formula_lang_court.py	4
2026-09-10T19:17:22Z	percent_court.py	3
2026-09-10T19:17:24Z	average_court.py	2
2026-09-10T19:17:31Z	equation_court.py	7
2026-09-10T19:17:34Z	dataformat_court.py	3
2026-09-10T19:17:43Z	everyday_court.py	9
2026-09-10T19:17:44Z	story_chain_court.py	1
2026-09-10T19:17:46Z	age_court.py	2
2026-09-10T19:17:49Z	halves_court.py	3
2026-09-10T19:17:54Z	inquiry_de_fr_court.py	5
2026-09-10T19:17:55Z	ru_conversion_court.py	1
2026-09-10T19:17:56Z	selfmeasure_court.py	1
2026-09-10T19:17:57Z	ru_compare_court.py	1
2026-09-10T19:17:58Z	ru_story_court.py	1
2026-09-10T19:18:03Z	inquiry_es_it_court.py	5
2026-09-10T19:18:08Z	share_court.py	5
2026-09-10T19:18:13Z	compare_mult_court.py	5
2026-09-10T19:18:20Z	sequence_court.py	7
2026-09-10T19:18:26Z	geometry_court.py	6
2026-09-10T19:18:31Z	linalg_court.py	5
2026-09-10T19:18:34Z	calendar_court.py	2
2026-09-10T19:18:38Z	speech_court.py	4
2026-09-10T19:18:46Z	rugram_court.py	8
2026-09-10T19:18:52Z	physlaw_court.py	6
2026-09-10T19:18:58Z	compsci_court.py	6
2026-09-10T19:19:00Z	case_court.py	1
2026-09-10T19:19:04Z	valence_court.py	4
2026-09-10T19:19:06Z	shadow_court.py	2
2026-09-10T19:20:50Z	syllabus_court.py	104
2026-09-10T19:21:34Z	richness_court.py	44
2026-09-10T19:22:15Z	langpack_court.py	41
2026-09-10T19:22:16Z	langrule_court.py	1
2026-09-10T19:44:17Z	claims_court.py	1321
2026-09-10T19:44:22Z	program_court.py	5
2026-09-10T19:44:28Z	statistics_court.py	6
2026-09-10T19:44:32Z	proof_court.py	4
2026-09-10T19:44:35Z	machine_court.py	3
2026-09-10T19:44:53Z	episode_court.py	18
2026-09-10T19:45:00Z	copula_court.py	7
2026-09-10T19:45:05Z	markup_court.py	5
2026-09-10T19:45:38Z	langlayer_court.py	33
2026-09-10T19:45:40Z	langform_court.py	2
2026-09-10T19:45:41Z	gsm_census.py	1
2026-09-10T19:49:40Z	reproducible.py	239
2026-09-10T19:49:40Z	bash32_court.py	0
2026-09-10T19:49:43Z	empty_in_court.py	3
2026-09-10T19:49:45Z	lawfirst_court.py	2
2026-09-10T19:52:52Z	house_selfcheck.py	187
2026-09-10T19:52:54Z	manifest_court.py	2
2026-09-10T20:21:39Z	prose_court.py	1725
2026-09-10T20:21:44Z	mutants.py	5
2026-09-10T20:21:46Z	lexicon_reach.py	2
2026-09-10T20:21:48Z	inquiry_pt_nl_court.py	2
2026-09-10T20:21:51Z	inquiry_pl_tr_court.py	3
2026-09-10T20:21:54Z	metalang_court.py	3
2026-09-10T20:21:54Z	glyph_court.py	0
2026-09-10T20:21:55Z	space_court.py	1
2026-09-10T20:21:55Z	stenogram_court.py	0
2026-09-10T20:21:55Z	mathspaces_court.py	0
2026-09-10T20:21:56Z	gsmforms_court.py	1
2026-09-10T20:22:04Z	definitions_court.py	8
2026-09-10T20:22:04Z	pronoun_court.py	0
2026-09-10T20:22:04Z	money_court.py	0
2026-09-10T20:22:05Z	holes_court.py	1
2026-09-10T20:22:05Z	money_langs_court.py	0
2026-09-10T20:22:05Z	geometry_langs_court.py	0
2026-09-10T20:22:05Z	units_langs_court.py	0
2026-09-10T20:22:05Z	stats_langs_court.py	0
2026-09-10T20:22:05Z	calendar_langs_court.py	0
2026-09-10T20:22:06Z	sequences_langs_court.py	0
2026-09-10T20:22:06Z	compare_langs_court.py	0
2026-09-10T20:22:06Z	share_langs_court.py	0
2026-09-10T20:22:06Z	physics_langs_court.py	0
2026-09-10T20:22:10Z	relation_court.py	4
2026-09-10T20:30:33Z	court_mutants.py	503
2026-09-10T20:30:36Z	panel_court.py	3
2026-09-10T20:30:39Z	concept_reach.py	3
2026-09-10T20:33:20Z	ask_reach.py	161
2026-09-10T20:33:22Z	band_reach.py	2
2026-09-10T20:33:24Z	biblio_reach.py	2
2026-09-10T20:33:28Z	ruverbs_court.py	4
2026-09-10T20:33:45Z	script_court.py	16
2026-09-10T20:36:19Z	word_mutants.py	153
2026-09-10T20:38:25Z	verdict_cover.py	126
2026-09-10T20:40:18Z	sentence_cover.py	113
2026-09-10T20:40:29Z	bench_leak.py	11
2026-09-10T20:45:10Z	shelf_court.py	281
2026-09-10T20:52:19Z	ask_width.py	429
2026-09-10T20:52:22Z	notationvar_court.py	3
2026-09-10T20:54:16Z	prosetree_court.py	114
2026-09-10T20:54:16Z	longdiv_court.py	0
2026-09-10T20:56:56Z	form_census.py	160
2026-09-10T20:57:02Z	houses_census.py	6
2026-09-10T20:57:03Z	verbthings_court.py	1
2026-09-10T21:43:17Z	coverage.py	2774
2026-09-10T21:43:18Z	behavior_court.py	1
2026-09-10T21:43:18Z	topics_court.py	0
2026-09-10T21:43:19Z	nature_court.py	1
2026-09-10T21:43:20Z	links_court.py	1
2026-09-10T21:43:21Z	scale_court.py	1
2026-09-10T21:43:22Z	opposites_court.py	1
2026-09-10T21:43:22Z	roles_court.py	0
2026-09-10T21:43:23Z	joints_court.py	1
2026-09-10T21:43:24Z	dialogue_court.py	1
2026-09-10T21:43:25Z	worldfacts_court.py	1
2026-09-10T21:43:26Z	infer_court.py	1
2026-09-10T21:43:28Z	circle_probe.py	2
2026-09-10T21:43:28Z	agree_probe.py	0
2026-09-10T21:43:29Z	shelf_declare.py	0
2026-09-10T21:46:21Z	house_reach.py	172
2026-09-10T21:46:23Z	head_census.py	2
2026-09-10T21:46:24Z	form_matrix.py	1
2026-09-10T21:46:24Z	disj_court.py	0
2026-09-10T21:46:25Z	indu_court.py	0
2026-09-10T21:46:25Z	houseshows_court.py	0
2026-09-10T21:46:27Z	article_court.py	1
2026-09-10T21:46:29Z	rowframe_court.py	2
2026-09-10T21:46:32Z	opchoice_court.py	3
2026-09-10T21:46:33Z	chance_court.py	1
2026-09-10T21:46:34Z	lever_court.py	1
2026-09-10T21:46:35Z	analog_court.py	1
2026-09-10T21:46:35Z	reply_court.py	0
2026-09-10T21:47:53Z	register_pairs.py	78
2026-09-10T21:48:00Z	register_purity.py	7
2026-09-10T21:48:08Z	prefix_traps.py	8
2026-09-10T21:48:14Z	sign_traps.py	6
2026-09-10T21:48:14Z	strat_slice.py	0
2026-09-10T21:50:01Z	house_rejects.py	107
2026-09-10T21:50:02Z	root_passport.py	1
2026-09-10T21:50:02Z	pack_singular_risk.py	0
2026-09-10T21:50:02Z	cell_shown.py	0
2026-09-10T21:50:07Z	idle_word.py	5
2026-09-10T21:50:07Z	form_unshown.py	0
2026-09-10T21:50:09Z	one_singular.py	2
2026-09-10T21:50:09Z	template_word.py	0
2026-09-10T21:50:09Z	signless_census.py	0
2026-09-10T21:50:58Z	operator_share.py	49
2026-09-10T21:51:03Z	key_support.py	5
2026-09-10T21:51:03Z	half_law.py	0
2026-09-10T21:51:10Z	unknown_name.py	7
2026-09-10T21:54:07Z	stale_world.py	177
2026-09-10T21:54:55Z	agree_traps.py	48
2026-09-10T21:54:56Z	wrong_sign.py	1
2026-09-10T21:54:56Z	debt_mark.py	0
2026-09-10T21:55:34Z	copula_band.py	38
2026-09-10T21:55:43Z	past_gender.py	9
2026-09-10T21:55:50Z	word_once.py	7
2026-09-10T21:55:58Z	article_sound.py	8
2026-09-10T21:56:00Z	elision.py	2
2026-09-10T21:56:00Z	threshold_census.py	0
2026-09-10T21:56:00Z	denominator_census.py	0
2026-09-10T21:56:01Z	repeat_census.py	0
2026-09-10T21:56:05Z	definitions_reach.py	4
2026-09-10T21:56:06Z	copies_census.py	0
2026-09-10T21:56:06Z	sweep_self.py	0
2026-09-10T22:42:15Z	court_reach.py	2768
2026-09-10T22:42:19Z	holdout_key.py	4
2026-09-10T22:42:20Z	holdforms_court.py	1
2026-09-10T22:42:21Z	cmpframes_court.py	1
2026-09-10T22:42:22Z	sceneforms_court.py	1
2026-09-10T22:42:23Z	toolforms_court.py	1
2026-09-10T22:42:24Z	verifyforms_court.py	1
2026-09-10T22:42:25Z	planforms_court.py	1
2026-09-10T22:42:26Z	episodeforms_court.py	1
2026-09-10T22:42:28Z	summaryforms_court.py	2
2026-09-10T22:42:29Z	opforms_court.py	1
2026-09-10T22:42:29Z	readnum_court.py	0
2026-09-10T22:42:30Z	mandateforms_court.py	1
2026-09-10T22:42:32Z	personforms_court.py	2
2026-09-10T22:42:33Z	selfmodelforms_court.py	1
2026-09-10T22:42:34Z	signedworld_court.py	1
2026-09-10T22:42:34Z	beforetails_court.py	0
2026-09-10T22:42:35Z	discountroad_court.py	0
2026-09-10T22:42:37Z	nomention_court.py	2
2026-09-10T22:42:38Z	clockforms_court.py	1
2026-09-10T22:42:39Z	mixedunits_court.py	1
2026-09-10T22:42:40Z	dateforms_court.py	1
2026-09-10T22:42:40Z	clockwords_court.py	0
2026-09-10T22:42:41Z	speedforms_court.py	1
2026-09-10T22:42:41Z	roundforms_court.py	0
2026-09-10T22:42:41Z	orderforms_court.py	0
2026-09-10T22:42:41Z	quantforms_court.py	0
2026-09-10T22:42:41Z	roman_court.py	0
2026-09-10T22:42:42Z	place_court.py	1
2026-09-10T22:42:43Z	unitfrac_court.py	1
2026-09-10T22:42:43Z	enough_court.py	0
2026-09-10T22:42:44Z	numphrase_court.py	1
2026-09-10T22:42:44Z	kinbearer_court.py	0
2026-09-10T22:42:44Z	pronobject_court.py	0
2026-09-10T22:42:44Z	proform_court.py	0
2026-09-10T22:42:45Z	degrees_court.py	1
2026-09-10T22:42:46Z	actturn_court.py	1
2026-09-10T22:42:47Z	tempscale_court.py	1
2026-09-10T22:42:47Z	action_measure_court.py	0
2026-09-10T22:42:48Z	numberline_court.py	1
2026-09-10T22:42:48Z	countfacts_court.py	0
2026-09-10T22:42:48Z	letters_court.py	0
2026-09-10T22:43:52Z	langcount_court.py	64
2026-09-10T22:43:52Z	propcompare_court.py	0
2026-09-10T22:43:52Z	price_court.py	0
2026-09-10T22:43:53Z	translate_court.py	1
2026-09-10T22:43:53Z	timeunits_court.py	0
2026-09-10T22:43:54Z	svamp_court.py	1
2026-09-10T22:43:54Z	measure_langs_court.py	0
2026-09-11T00:40:20Z	arith_court.py	329
2026-09-11T00:40:23Z	algo_court.py	3
2026-09-11T00:47:46Z	arith_court.py	330
2026-09-11T00:47:49Z	algo_court.py	3
2026-09-11T00:48:51Z	formula_court.py	65
2026-09-11T00:47:50Z	logic_court.py	4
2026-09-11T00:47:47Z	physics_court.py	1
2026-09-11T00:48:54Z	cyber_court.py	3
2026-09-11T00:48:56Z	agreement_court.py	5
2026-09-11T00:48:54Z	notation_court.py	3
2026-09-11T00:48:53Z	unit_court.py	2
2026-09-11T00:48:57Z	number_court.py	1
2026-09-11T00:48:59Z	inquiry_court.py	3
2026-09-11T00:48:57Z	surfaces_court.py	1
2026-09-11T00:48:57Z	markdown_court.py	1
2026-09-11T00:48:59Z	doctree_court.py	0
2026-09-11T00:49:01Z	rates_court.py	2
2026-09-11T00:49:01Z	formula_lang_court.py	2
2026-09-11T00:49:01Z	percent_court.py	2
2026-09-11T00:49:02Z	average_court.py	1
2026-09-11T00:49:05Z	equation_court.py	4
2026-09-11T00:49:02Z	dataformat_court.py	1
2026-09-11T00:49:06Z	everyday_court.py	5
2026-09-11T00:49:06Z	story_chain_court.py	0
2026-09-11T00:49:07Z	age_court.py	1
2026-09-11T00:49:08Z	halves_court.py	2
2026-09-11T00:49:08Z	inquiry_de_fr_court.py	2
2026-09-11T00:49:09Z	ru_conversion_court.py	0
2026-09-11T00:49:09Z	selfmeasure_court.py	0
2026-09-11T00:49:09Z	ru_compare_court.py	0
2026-09-11T00:49:09Z	ru_story_court.py	0
2026-09-11T00:49:12Z	inquiry_es_it_court.py	3
2026-09-11T00:49:12Z	share_court.py	3
2026-09-11T00:49:12Z	compare_mult_court.py	3
2026-09-11T00:49:12Z	sequence_court.py	3
2026-09-11T00:49:15Z	geometry_court.py	3
2026-09-11T00:49:15Z	linalg_court.py	3
2026-09-11T00:49:13Z	calendar_court.py	1
2026-09-11T00:49:15Z	speech_court.py	3
2026-09-11T00:49:23Z	rugram_court.py	8
2026-09-11T00:49:18Z	physlaw_court.py	3
2026-09-11T00:49:18Z	compsci_court.py	3
2026-09-11T00:49:16Z	case_court.py	1
2026-09-11T00:49:25Z	valence_court.py	2
2026-09-11T00:49:24Z	shadow_court.py	1
2026-09-11T00:50:10Z	syllabus_court.py	47
2026-09-11T00:49:43Z	richness_court.py	20
2026-09-11T00:50:26Z	langpack_court.py	16
2026-09-11T00:50:11Z	langrule_court.py	1
2026-09-11T00:58:49Z	claims_court.py	519
2026-09-11T00:50:13Z	program_court.py	3
2026-09-11T00:58:53Z	statistics_court.py	4
2026-09-11T00:58:52Z	proof_court.py	3
2026-09-11T00:58:51Z	machine_court.py	2
2026-09-11T00:58:58Z	episode_court.py	9
2026-09-11T00:59:01Z	copula_court.py	3
2026-09-11T00:59:01Z	markup_court.py	3
2026-09-11T00:59:16Z	langlayer_court.py	18
2026-09-11T00:58:59Z	langform_court.py	1
2026-09-11T00:59:17Z	gsm_census.py	1
2026-09-11T01:01:14Z	reproducible.py	117
2026-09-11T01:01:14Z	bash32_court.py	0
2026-09-11T01:01:15Z	empty_in_court.py	1
2026-09-11T01:01:15Z	lawfirst_court.py	1
2026-09-11T01:03:16Z	house_selfcheck.py	122
2026-09-11T01:03:17Z	manifest_court.py	1
2026-09-11T05:47:14Z	arith_court.py	407
2026-09-11T05:47:18Z	algo_court.py	4
2026-09-11T05:48:47Z	formula_court.py	89
2026-09-11T05:48:54Z	logic_court.py	7
2026-09-11T05:48:56Z	physics_court.py	2
2026-09-11T05:48:59Z	cyber_court.py	3
2026-09-11T05:49:05Z	agreement_court.py	6
2026-09-11T05:49:09Z	notation_court.py	4
2026-09-11T05:49:10Z	unit_court.py	1
2026-09-11T05:49:12Z	number_court.py	2
2026-09-11T05:49:15Z	inquiry_court.py	3
2026-09-11T05:49:16Z	surfaces_court.py	0
2026-09-11T05:49:18Z	markdown_court.py	2
2026-09-11T05:49:19Z	doctree_court.py	1
2026-09-11T05:49:21Z	rates_court.py	2
2026-09-11T05:49:23Z	formula_lang_court.py	2
2026-09-11T05:49:25Z	percent_court.py	2
2026-09-11T05:49:26Z	average_court.py	1
2026-09-11T05:49:30Z	equation_court.py	4
2026-09-11T05:49:32Z	dataformat_court.py	2
2026-09-11T05:49:45Z	everyday_court.py	13
2026-09-11T05:49:47Z	story_chain_court.py	1
2026-09-11T05:49:49Z	age_court.py	2
2026-09-11T05:49:52Z	halves_court.py	3
2026-09-11T05:50:01Z	inquiry_de_fr_court.py	9
2026-09-11T05:50:02Z	ru_conversion_court.py	1
2026-09-11T05:50:03Z	selfmeasure_court.py	1
2026-09-11T05:50:04Z	ru_compare_court.py	1
2026-09-11T05:50:04Z	ru_story_court.py	0
2026-09-11T05:50:09Z	inquiry_es_it_court.py	5
2026-09-11T05:50:13Z	share_court.py	4
2026-09-11T05:50:17Z	compare_mult_court.py	4
2026-09-11T05:50:21Z	sequence_court.py	4
2026-09-11T05:50:25Z	geometry_court.py	4
2026-09-11T05:50:30Z	linalg_court.py	5
2026-09-11T05:50:31Z	calendar_court.py	1
2026-09-11T05:50:35Z	speech_court.py	4
2026-09-11T05:50:49Z	rugram_court.py	14
2026-09-11T05:50:55Z	physlaw_court.py	6
2026-09-11T05:51:01Z	compsci_court.py	6
2026-09-11T05:51:02Z	case_court.py	1
2026-09-11T05:51:06Z	valence_court.py	4
2026-09-11T05:51:08Z	shadow_court.py	2
2026-09-11T05:52:34Z	syllabus_court.py	86
2026-09-11T05:53:09Z	richness_court.py	35
2026-09-11T05:53:42Z	langpack_court.py	33
2026-09-11T05:53:43Z	langrule_court.py	1
2026-09-11T06:25:22Z	claims_court.py	1899
2026-09-11T06:25:30Z	program_court.py	7
2026-09-11T06:25:38Z	statistics_court.py	8
2026-09-11T06:25:47Z	proof_court.py	8
2026-09-11T06:25:56Z	machine_court.py	8
2026-09-11T06:26:19Z	episode_court.py	22
2026-09-11T06:26:27Z	copula_court.py	8
2026-09-11T06:26:34Z	markup_court.py	6
2026-09-11T06:27:05Z	langlayer_court.py	30
2026-09-11T06:27:06Z	langform_court.py	1
2026-09-11T06:27:07Z	gsm_census.py	1
2026-09-11T06:30:27Z	reproducible.py	200
2026-09-11T06:30:27Z	bash32_court.py	0
2026-09-11T06:30:30Z	empty_in_court.py	3
2026-09-11T06:30:32Z	lawfirst_court.py	2
2026-09-11T06:35:12Z	house_selfcheck.py	280
2026-09-11T06:35:14Z	manifest_court.py	2
2026-09-11T09:08:04Z	arith_court.py	786
2026-09-11T09:08:12Z	algo_court.py	8
2026-09-11T09:10:52Z	formula_court.py	159
2026-09-11T09:11:06Z	logic_court.py	14
2026-09-11T09:11:10Z	physics_court.py	4
2026-09-11T09:11:18Z	cyber_court.py	8
2026-09-11T09:11:29Z	agreement_court.py	11
2026-09-11T09:11:38Z	notation_court.py	9
2026-09-11T09:11:41Z	unit_court.py	3
2026-09-11T09:11:45Z	number_court.py	4
2026-09-11T09:11:52Z	inquiry_court.py	7
2026-09-11T09:11:54Z	surfaces_court.py	2
2026-09-11T09:11:57Z	markdown_court.py	3
2026-09-11T09:11:59Z	doctree_court.py	2
2026-09-11T09:12:03Z	rates_court.py	4
2026-09-11T09:12:10Z	formula_lang_court.py	7
2026-09-11T09:12:16Z	percent_court.py	6
2026-09-11T09:12:20Z	average_court.py	3
2026-09-11T09:12:34Z	equation_court.py	14
2026-09-11T09:12:37Z	dataformat_court.py	3
2026-09-11T09:12:48Z	everyday_court.py	11
2026-09-11T09:12:49Z	story_chain_court.py	1
2026-09-11T09:12:52Z	age_court.py	2
2026-09-11T09:12:55Z	halves_court.py	3
2026-09-11T09:13:01Z	inquiry_de_fr_court.py	5
2026-09-11T09:13:02Z	ru_conversion_court.py	1
2026-09-11T09:13:03Z	selfmeasure_court.py	1
2026-09-11T09:13:04Z	ru_compare_court.py	1
2026-09-11T09:13:05Z	ru_story_court.py	1
2026-09-11T09:13:10Z	inquiry_es_it_court.py	5
2026-09-11T09:13:16Z	share_court.py	6
2026-09-11T09:13:20Z	compare_mult_court.py	4
2026-09-11T09:13:25Z	sequence_court.py	5
2026-09-11T09:13:31Z	geometry_court.py	5
2026-09-11T09:13:36Z	linalg_court.py	5
2026-09-11T09:13:39Z	calendar_court.py	3
2026-09-11T09:13:43Z	speech_court.py	4
2026-09-11T09:13:55Z	rugram_court.py	12
2026-09-11T09:14:01Z	physlaw_court.py	5
2026-09-11T09:14:06Z	compsci_court.py	5
2026-09-11T09:14:08Z	case_court.py	2
2026-09-11T09:14:11Z	valence_court.py	3
2026-09-11T09:14:14Z	shadow_court.py	2
2026-09-11T09:15:42Z	syllabus_court.py	88
2026-09-11T09:16:23Z	richness_court.py	40
2026-09-11T09:16:51Z	langpack_court.py	28
2026-09-11T09:16:52Z	langrule_court.py	1
2026-09-11T09:32:01Z	claims_court.py	909
2026-09-11T09:32:06Z	program_court.py	5
2026-09-11T09:32:14Z	statistics_court.py	7
2026-09-11T09:32:20Z	proof_court.py	6
2026-09-11T09:32:24Z	machine_court.py	4
2026-09-11T09:32:40Z	episode_court.py	16
2026-09-11T09:32:46Z	copula_court.py	6
2026-09-11T09:32:51Z	markup_court.py	5
2026-09-11T09:33:29Z	langlayer_court.py	38
2026-09-11T09:33:31Z	langform_court.py	2
2026-09-11T09:33:31Z	gsm_census.py	0
2026-09-11T09:39:29Z	reproducible.py	358
2026-09-11T09:39:30Z	bash32_court.py	0
2026-09-11T09:39:35Z	empty_in_court.py	5
2026-09-11T09:39:39Z	lawfirst_court.py	4
2026-09-11T09:45:11Z	house_selfcheck.py	332
2026-09-11T09:45:13Z	manifest_court.py	2
2026-09-11T14:32:51Z	arith_court.py	776
2026-09-11T14:32:59Z	algo_court.py	8
2026-09-11T14:35:48Z	formula_court.py	169
2026-09-11T14:36:00Z	logic_court.py	12
2026-09-11T14:36:03Z	physics_court.py	3
2026-09-11T14:36:09Z	cyber_court.py	6
2026-09-11T14:36:19Z	agreement_court.py	10
2026-09-11T14:36:28Z	notation_court.py	9
2026-09-11T14:36:32Z	unit_court.py	4
2026-09-11T14:36:35Z	number_court.py	3
2026-09-11T14:36:43Z	inquiry_court.py	8
2026-09-11T14:36:47Z	surfaces_court.py	3
2026-09-11T14:36:51Z	markdown_court.py	4
2026-09-11T14:36:55Z	doctree_court.py	4
2026-09-11T14:37:04Z	rates_court.py	9
2026-09-11T14:37:14Z	formula_lang_court.py	10
2026-09-11T14:37:21Z	percent_court.py	7
2026-09-11T14:37:23Z	average_court.py	2
2026-09-11T14:37:40Z	equation_court.py	17
2026-09-11T14:37:46Z	dataformat_court.py	6
2026-09-11T14:38:03Z	everyday_court.py	17
2026-09-11T14:38:05Z	story_chain_court.py	2
2026-09-11T14:38:09Z	age_court.py	4
2026-09-11T14:38:14Z	halves_court.py	5
2026-09-11T14:38:22Z	inquiry_de_fr_court.py	8
2026-09-11T14:38:23Z	ru_conversion_court.py	1
2026-09-11T14:38:25Z	selfmeasure_court.py	2
2026-09-11T14:38:26Z	ru_compare_court.py	1
2026-09-11T14:38:28Z	ru_story_court.py	1
2026-09-11T14:38:37Z	inquiry_es_it_court.py	9
2026-09-11T14:38:46Z	share_court.py	9
2026-09-11T14:38:53Z	compare_mult_court.py	7
2026-09-11T14:39:02Z	sequence_court.py	9
2026-09-11T14:39:12Z	geometry_court.py	9
2026-09-11T14:39:22Z	linalg_court.py	10
2026-09-11T14:39:26Z	calendar_court.py	3
2026-09-11T14:39:33Z	speech_court.py	7
2026-09-11T14:39:54Z	rugram_court.py	21
2026-09-11T14:40:03Z	physlaw_court.py	8
2026-09-11T14:40:11Z	compsci_court.py	8
2026-09-11T14:40:13Z	case_court.py	2
2026-09-11T14:40:19Z	valence_court.py	6
2026-09-11T14:40:22Z	shadow_court.py	3
2026-09-11T14:42:06Z	syllabus_court.py	104
2026-09-11T14:42:43Z	richness_court.py	37
2026-09-11T14:43:15Z	langpack_court.py	32
2026-09-11T14:43:15Z	langrule_court.py	0
2026-09-11T15:01:13Z	claims_court.py	1078
2026-09-11T15:01:17Z	program_court.py	4
2026-09-11T15:01:21Z	statistics_court.py	4
2026-09-11T15:01:25Z	proof_court.py	3
2026-09-11T15:01:27Z	machine_court.py	2
2026-09-11T15:01:38Z	episode_court.py	11
2026-09-11T15:01:42Z	copula_court.py	4
2026-09-11T15:01:46Z	markup_court.py	4
2026-09-11T15:02:08Z	langlayer_court.py	22
2026-09-11T15:02:09Z	langform_court.py	1
2026-09-11T15:02:09Z	gsm_census.py	0
2026-09-11T15:06:07Z	reproducible.py	238
2026-09-11T15:06:07Z	bash32_court.py	0
2026-09-11T15:06:11Z	empty_in_court.py	4
2026-09-11T15:06:13Z	lawfirst_court.py	2
2026-09-11T15:06:14Z	broken_law.py	1
2026-09-11T15:10:08Z	house_selfcheck.py	234
2026-09-11T15:10:11Z	manifest_court.py	3
2026-09-11T17:51:07Z	arith_court.py	568
2026-09-11T17:51:13Z	algo_court.py	6
2026-09-11T17:53:30Z	formula_court.py	137
2026-09-11T17:53:40Z	logic_court.py	9
2026-09-11T17:53:42Z	physics_court.py	2
2026-09-11T17:53:48Z	cyber_court.py	6
2026-09-11T17:53:56Z	agreement_court.py	8
2026-09-11T17:54:03Z	notation_court.py	7
2026-09-11T17:54:06Z	unit_court.py	3
2026-09-11T17:54:09Z	number_court.py	3
2026-09-11T17:54:15Z	inquiry_court.py	5
2026-09-11T17:54:16Z	surfaces_court.py	1
2026-09-11T17:54:19Z	markdown_court.py	2
2026-09-11T17:54:20Z	doctree_court.py	1
2026-09-11T17:54:25Z	rates_court.py	5
2026-09-11T17:54:29Z	formula_lang_court.py	4
2026-09-11T17:54:33Z	percent_court.py	4
2026-09-11T17:54:35Z	average_court.py	2
2026-09-11T17:54:43Z	equation_court.py	7
2026-09-11T17:54:46Z	dataformat_court.py	3
2026-09-11T17:54:56Z	everyday_court.py	10
2026-09-11T17:54:57Z	story_chain_court.py	1
2026-09-11T17:54:59Z	age_court.py	2
2026-09-11T17:55:03Z	halves_court.py	4
2026-09-11T17:55:08Z	inquiry_de_fr_court.py	5
2026-09-11T17:55:09Z	ru_conversion_court.py	0
2026-09-11T17:55:11Z	selfmeasure_court.py	2
2026-09-11T17:55:12Z	ru_compare_court.py	1
2026-09-11T17:55:14Z	ru_story_court.py	2
2026-09-11T17:55:19Z	inquiry_es_it_court.py	5
2026-09-11T17:55:25Z	share_court.py	6
2026-09-11T17:55:30Z	compare_mult_court.py	5
2026-09-11T17:55:37Z	sequence_court.py	7
2026-09-11T17:55:43Z	geometry_court.py	6
2026-09-11T17:55:48Z	linalg_court.py	5
2026-09-11T17:55:51Z	calendar_court.py	2
2026-09-11T17:55:55Z	speech_court.py	4
2026-09-11T17:56:10Z	rugram_court.py	15
2026-09-11T17:56:16Z	physlaw_court.py	6
2026-09-11T17:56:21Z	compsci_court.py	5
2026-09-11T17:56:23Z	case_court.py	2
2026-09-11T17:56:27Z	valence_court.py	4
2026-09-11T17:56:29Z	shadow_court.py	2
2026-09-11T17:57:53Z	syllabus_court.py	83
2026-09-11T17:58:23Z	richness_court.py	30
2026-09-11T17:58:46Z	langpack_court.py	23
2026-09-11T17:58:46Z	langrule_court.py	0
2026-09-11T18:13:33Z	claims_court.py	887
2026-09-11T18:13:36Z	program_court.py	3
2026-09-11T18:13:39Z	statistics_court.py	3
2026-09-11T18:13:42Z	proof_court.py	3
2026-09-11T18:13:44Z	machine_court.py	2
2026-09-11T18:13:54Z	episode_court.py	10
2026-09-11T18:13:58Z	copula_court.py	4
2026-09-11T18:14:00Z	markup_court.py	2
2026-09-11T18:14:19Z	langlayer_court.py	19
2026-09-11T18:14:20Z	langform_court.py	1
2026-09-11T18:14:20Z	gsm_census.py	0
2026-09-11T18:16:53Z	reproducible.py	153
2026-09-11T18:16:54Z	bash32_court.py	1
2026-09-11T18:16:57Z	empty_in_court.py	3
2026-09-11T18:16:59Z	lawfirst_court.py	2
2026-09-11T18:17:00Z	broken_law.py	1
2026-09-11T18:17:08Z	house_api.py	8
2026-09-11T18:17:09Z	json_hand.py	0
2026-09-11T18:17:10Z	suite_resume.py	1
2026-09-11T18:17:15Z	readme_court.py	5
2026-09-11T18:26:34Z	arith_debt.py	559
2026-09-11T18:26:34Z	twin_world.py	0
2026-09-11T18:29:39Z	house_selfcheck.py	185
2026-09-11T18:29:41Z	manifest_court.py	2
2026-09-11T19:13:34Z	arith_court.py	501
2026-09-11T19:13:38Z	algo_court.py	4
2026-09-11T19:15:10Z	formula_court.py	92
2026-09-11T19:15:18Z	logic_court.py	8
2026-09-11T19:15:21Z	physics_court.py	2
2026-09-11T19:15:26Z	cyber_court.py	5
2026-09-11T19:15:33Z	agreement_court.py	7
2026-09-11T19:15:38Z	notation_court.py	5
2026-09-11T19:15:40Z	unit_court.py	2
2026-09-11T19:15:42Z	number_court.py	2
2026-09-11T19:15:47Z	inquiry_court.py	5
2026-09-11T19:15:49Z	surfaces_court.py	2
2026-09-11T19:15:51Z	markdown_court.py	2
2026-09-11T19:15:53Z	doctree_court.py	2
2026-09-11T19:15:57Z	rates_court.py	4
2026-09-11T19:16:01Z	formula_lang_court.py	4
2026-09-11T19:16:04Z	percent_court.py	3
2026-09-11T19:16:05Z	average_court.py	1
2026-09-11T19:16:12Z	equation_court.py	7
2026-09-11T19:16:14Z	dataformat_court.py	2
2026-09-11T19:16:22Z	everyday_court.py	8
2026-09-11T19:16:24Z	story_chain_court.py	2
2026-09-11T19:16:26Z	age_court.py	2
2026-09-11T19:16:29Z	halves_court.py	3
2026-09-11T19:16:33Z	inquiry_de_fr_court.py	4
2026-09-11T19:16:34Z	ru_conversion_court.py	1
2026-09-11T19:16:35Z	selfmeasure_court.py	1
2026-09-11T19:16:36Z	ru_compare_court.py	1
2026-09-11T19:16:37Z	ru_story_court.py	1
2026-09-11T19:16:42Z	inquiry_es_it_court.py	5
2026-09-11T19:16:46Z	share_court.py	4
2026-09-11T19:16:49Z	compare_mult_court.py	3
2026-09-11T19:16:54Z	sequence_court.py	5
2026-09-11T19:16:58Z	geometry_court.py	4
2026-09-11T19:17:03Z	linalg_court.py	5
2026-09-11T19:17:05Z	calendar_court.py	2
2026-09-11T19:17:08Z	speech_court.py	3
2026-09-11T19:17:21Z	rugram_court.py	13
2026-09-11T19:17:27Z	physlaw_court.py	6
2026-09-11T19:17:32Z	compsci_court.py	5
2026-09-11T19:17:33Z	case_court.py	1
2026-09-11T19:17:36Z	valence_court.py	3
2026-09-11T19:17:38Z	shadow_court.py	2
2026-09-11T19:18:40Z	syllabus_court.py	62
2026-09-11T19:19:05Z	richness_court.py	25
2026-09-11T19:19:25Z	langpack_court.py	20
2026-09-11T19:19:25Z	langrule_court.py	0
2026-09-11T19:32:34Z	claims_court.py	789
2026-09-11T19:32:37Z	program_court.py	3
2026-09-11T19:32:42Z	statistics_court.py	5
2026-09-11T19:32:46Z	proof_court.py	4
2026-09-11T19:32:48Z	machine_court.py	2
2026-09-11T19:33:00Z	episode_court.py	12
2026-09-11T19:33:04Z	copula_court.py	4
2026-09-11T19:33:07Z	markup_court.py	3
2026-09-11T19:33:29Z	langlayer_court.py	22
2026-09-11T19:33:30Z	langform_court.py	1
2026-09-11T19:33:30Z	gsm_census.py	0
2026-09-11T19:35:59Z	reproducible.py	149
2026-09-11T19:35:59Z	bash32_court.py	0
2026-09-11T19:36:01Z	empty_in_court.py	2
2026-09-11T19:36:02Z	lawfirst_court.py	1
2026-09-11T19:36:03Z	broken_law.py	1
2026-09-11T19:36:10Z	house_api.py	7
2026-09-11T19:36:10Z	json_hand.py	0
2026-09-11T19:36:11Z	suite_resume.py	1
2026-09-11T19:36:14Z	readme_court.py	3
2026-09-11T19:43:46Z	arith_debt.py	452
2026-09-11T19:43:46Z	twin_world.py	0
2026-09-11T19:43:48Z	orphan_world.py	2
2026-09-11T19:46:27Z	house_selfcheck.py	159
2026-09-11T19:46:28Z	manifest_court.py	1
2026-09-11T20:21:34Z	arith_court.py	381
2026-09-11T20:21:37Z	algo_court.py	3
2026-09-11T20:23:03Z	formula_court.py	86
2026-09-11T20:23:08Z	logic_court.py	5
2026-09-11T20:23:09Z	physics_court.py	1
2026-09-11T20:23:12Z	cyber_court.py	3
2026-09-11T20:23:17Z	agreement_court.py	5
2026-09-11T20:23:21Z	notation_court.py	4
2026-09-11T20:23:22Z	unit_court.py	1
2026-09-11T20:23:24Z	number_court.py	2
2026-09-11T20:23:28Z	inquiry_court.py	4
2026-09-11T20:23:29Z	surfaces_court.py	1
2026-09-11T20:23:30Z	markdown_court.py	1
2026-09-11T20:23:31Z	doctree_court.py	1
2026-09-11T20:23:33Z	rates_court.py	2
2026-09-11T20:23:36Z	formula_lang_court.py	3
2026-09-11T20:23:38Z	percent_court.py	2
2026-09-11T20:23:39Z	average_court.py	1
2026-09-11T20:23:44Z	equation_court.py	4
2026-09-11T20:23:45Z	dataformat_court.py	1
2026-09-11T20:23:51Z	everyday_court.py	6
2026-09-11T20:23:51Z	story_chain_court.py	0
2026-09-11T20:23:53Z	age_court.py	1
2026-09-11T20:23:54Z	halves_court.py	1
2026-09-11T20:23:57Z	inquiry_de_fr_court.py	3
2026-09-11T20:23:57Z	ru_conversion_court.py	0
2026-09-11T20:23:58Z	selfmeasure_court.py	1
2026-09-11T20:23:58Z	ru_compare_court.py	0
2026-09-11T20:23:59Z	ru_story_court.py	1
2026-09-11T20:24:02Z	inquiry_es_it_court.py	3
2026-09-11T20:24:08Z	share_court.py	6
2026-09-11T20:24:15Z	compare_mult_court.py	6
2026-09-11T20:24:25Z	sequence_court.py	10
2026-09-11T20:24:33Z	geometry_court.py	8
2026-09-11T20:24:36Z	linalg_court.py	3
2026-09-11T20:24:37Z	calendar_court.py	1
2026-09-11T20:24:39Z	speech_court.py	2
2026-09-11T20:24:53Z	rugram_court.py	14
2026-09-11T20:24:59Z	physlaw_court.py	6
2026-09-11T20:25:04Z	compsci_court.py	5
2026-09-11T20:25:05Z	case_court.py	1
2026-09-11T20:25:08Z	valence_court.py	3
2026-09-11T20:25:10Z	shadow_court.py	2
2026-09-11T20:26:19Z	syllabus_court.py	69
2026-09-11T20:26:47Z	richness_court.py	28
2026-09-11T20:27:07Z	langpack_court.py	20
2026-09-11T20:27:07Z	langrule_court.py	0
2026-09-11T20:40:24Z	claims_court.py	797
2026-09-11T20:40:28Z	program_court.py	4
2026-09-11T20:40:32Z	statistics_court.py	4
2026-09-11T20:40:35Z	proof_court.py	3
2026-09-11T20:40:38Z	machine_court.py	3
2026-09-11T20:40:50Z	episode_court.py	11
2026-09-11T20:40:54Z	copula_court.py	4
2026-09-11T20:40:57Z	markup_court.py	3
2026-09-11T20:41:20Z	langlayer_court.py	23
2026-09-11T20:41:21Z	langform_court.py	1
2026-09-11T20:41:22Z	gsm_census.py	1
2026-09-11T20:43:53Z	reproducible.py	151
2026-09-11T20:43:53Z	bash32_court.py	0
2026-09-11T20:43:55Z	empty_in_court.py	2
2026-09-11T20:43:56Z	lawfirst_court.py	1
2026-09-11T20:43:56Z	broken_law.py	0
2026-09-11T20:44:02Z	house_api.py	6
2026-09-11T20:44:02Z	json_hand.py	0
2026-09-11T20:44:02Z	suite_resume.py	0
2026-09-11T20:44:05Z	readme_court.py	3
2026-09-11T20:50:10Z	arith_debt.py	365
2026-09-11T20:50:10Z	twin_world.py	0
2026-09-11T20:50:11Z	orphan_world.py	1
2026-09-11T20:50:16Z	genus_shown.py	5
2026-09-11T20:52:48Z	house_selfcheck.py	152
2026-09-11T20:52:50Z	manifest_court.py	2
2026-09-11T21:23:22Z	prose_court.py	1832
2026-09-11T21:23:27Z	mutants.py	5
2026-09-11T21:23:28Z	lexicon_reach.py	1
2026-09-11T21:23:31Z	inquiry_pt_nl_court.py	3
2026-09-11T21:23:34Z	inquiry_pl_tr_court.py	3
2026-09-11T21:23:37Z	metalang_court.py	3
2026-09-11T21:23:37Z	glyph_court.py	0
2026-09-11T21:23:37Z	space_court.py	0
2026-09-11T21:23:37Z	stenogram_court.py	0
2026-09-11T21:23:38Z	mathspaces_court.py	1
2026-09-11T21:23:38Z	gsmforms_court.py	0
2026-09-11T21:23:48Z	definitions_court.py	10
2026-09-11T21:23:48Z	pronoun_court.py	0
2026-09-11T21:23:48Z	money_court.py	0
2026-09-11T21:23:49Z	holes_court.py	1
2026-09-11T21:23:49Z	money_langs_court.py	0
2026-09-11T21:23:49Z	geometry_langs_court.py	0
2026-09-11T21:23:49Z	units_langs_court.py	0
2026-09-11T21:23:50Z	stats_langs_court.py	1
2026-09-11T21:23:50Z	calendar_langs_court.py	0
2026-09-11T21:23:50Z	sequences_langs_court.py	0
2026-09-11T21:23:50Z	compare_langs_court.py	0
2026-09-11T21:23:50Z	share_langs_court.py	0
2026-09-11T21:23:51Z	physics_langs_court.py	1
2026-09-11T21:23:54Z	relation_court.py	3
2026-09-11T21:34:56Z	court_mutants.py	662
2026-09-11T21:35:00Z	panel_court.py	4
2026-09-11T21:35:03Z	concept_reach.py	3
2026-09-11T21:43:14Z	arith_court.py	400
2026-09-11T21:43:17Z	algo_court.py	3
2026-09-11T21:44:30Z	formula_court.py	73
2026-09-11T21:44:35Z	logic_court.py	5
2026-09-11T21:44:36Z	physics_court.py	1
2026-09-11T21:44:39Z	cyber_court.py	3
2026-09-11T21:44:43Z	agreement_court.py	4
2026-09-11T21:44:46Z	notation_court.py	3
2026-09-11T21:44:48Z	unit_court.py	2
2026-09-11T21:44:49Z	number_court.py	1
2026-09-11T21:44:52Z	inquiry_court.py	3
2026-09-11T21:44:53Z	surfaces_court.py	1
2026-09-11T21:44:54Z	markdown_court.py	1
2026-09-11T21:44:55Z	doctree_court.py	1
2026-09-11T21:44:57Z	rates_court.py	2
2026-09-11T21:44:59Z	formula_lang_court.py	2
2026-09-11T21:45:01Z	percent_court.py	2
2026-09-11T21:45:02Z	average_court.py	1
2026-09-11T21:45:06Z	equation_court.py	4
2026-09-11T21:45:07Z	dataformat_court.py	1
2026-09-11T21:45:17Z	everyday_court.py	10
2026-09-11T21:45:18Z	story_chain_court.py	1
2026-09-11T21:45:20Z	age_court.py	2
2026-09-11T21:45:24Z	halves_court.py	4
2026-09-11T21:45:27Z	inquiry_de_fr_court.py	3
2026-09-11T21:45:28Z	ru_conversion_court.py	1
2026-09-11T21:45:28Z	selfmeasure_court.py	0
2026-09-11T21:45:29Z	ru_compare_court.py	0
2026-09-11T21:45:29Z	ru_story_court.py	0
2026-09-11T21:45:32Z	inquiry_es_it_court.py	3
2026-09-11T21:45:35Z	share_court.py	3
2026-09-11T21:45:37Z	compare_mult_court.py	2
2026-09-11T21:45:40Z	sequence_court.py	3
2026-09-11T21:45:43Z	geometry_court.py	3
2026-09-11T21:45:46Z	linalg_court.py	3
2026-09-11T21:45:47Z	calendar_court.py	1
2026-09-11T21:45:50Z	speech_court.py	3
2026-09-11T21:45:58Z	rugram_court.py	8
2026-09-11T21:46:02Z	physlaw_court.py	4
2026-09-11T21:46:05Z	compsci_court.py	3
2026-09-11T21:46:06Z	case_court.py	1
2026-09-11T21:46:07Z	valence_court.py	1
2026-09-11T21:46:09Z	shadow_court.py	1
2026-09-11T21:46:58Z	syllabus_court.py	49
2026-09-11T21:47:19Z	richness_court.py	21
2026-09-11T21:47:35Z	langpack_court.py	16
2026-09-11T21:47:35Z	langrule_court.py	0
2026-09-11T21:57:36Z	claims_court.py	601
2026-09-11T21:57:39Z	program_court.py	3
2026-09-11T21:57:43Z	statistics_court.py	4
2026-09-11T21:57:46Z	proof_court.py	3
2026-09-11T21:57:48Z	machine_court.py	2
2026-09-11T21:57:57Z	episode_court.py	9
2026-09-11T21:58:01Z	copula_court.py	4
2026-09-11T21:58:03Z	markup_court.py	2
2026-09-11T21:58:22Z	langlayer_court.py	19
2026-09-11T21:58:23Z	langform_court.py	1
2026-09-11T21:58:23Z	gsm_census.py	0
2026-09-11T22:00:36Z	reproducible.py	133
2026-09-11T22:00:36Z	bash32_court.py	0
2026-09-11T22:00:38Z	empty_in_court.py	2
2026-09-11T22:00:39Z	lawfirst_court.py	1
2026-09-11T22:00:39Z	broken_law.py	0
2026-09-11T22:00:45Z	house_api.py	6
2026-09-11T22:00:45Z	json_hand.py	0
2026-09-11T22:00:45Z	suite_resume.py	0
2026-09-11T22:00:48Z	readme_court.py	3
2026-09-11T22:06:53Z	arith_debt.py	365
2026-09-11T22:06:53Z	twin_world.py	0
2026-09-11T22:06:54Z	orphan_world.py	1
2026-09-11T22:06:59Z	genus_shown.py	5
2026-09-11T22:06:59Z	oracle_named.py	0
2026-09-11T22:07:00Z	world_atlas.py	1
2026-09-11T22:09:30Z	house_selfcheck.py	150
2026-09-11T22:09:31Z	manifest_court.py	1
2026-09-11T22:39:10Z	prose_court.py	1779
2026-09-11T22:39:15Z	mutants.py	5
2026-09-11T22:39:16Z	lexicon_reach.py	1
2026-09-11T22:39:19Z	inquiry_pt_nl_court.py	3
2026-09-11T22:39:21Z	inquiry_pl_tr_court.py	2
2026-09-11T22:39:24Z	metalang_court.py	3
2026-09-11T22:39:24Z	glyph_court.py	0
2026-09-11T22:39:25Z	space_court.py	1
2026-09-11T22:39:25Z	stenogram_court.py	0
2026-09-11T22:39:25Z	mathspaces_court.py	0
2026-09-11T22:39:26Z	gsmforms_court.py	1
2026-09-11T22:39:35Z	definitions_court.py	9
2026-09-11T22:39:35Z	pronoun_court.py	0
2026-09-11T22:39:35Z	money_court.py	0
2026-09-11T22:39:36Z	holes_court.py	1
2026-09-11T22:39:36Z	money_langs_court.py	0
2026-09-11T22:39:36Z	geometry_langs_court.py	0
2026-09-11T22:39:37Z	units_langs_court.py	1
2026-09-11T22:39:37Z	stats_langs_court.py	0
2026-09-11T22:39:37Z	calendar_langs_court.py	0
2026-09-11T22:39:37Z	sequences_langs_court.py	0
2026-09-11T22:39:37Z	compare_langs_court.py	0
2026-09-11T22:39:38Z	share_langs_court.py	1
2026-09-11T22:39:38Z	physics_langs_court.py	0
2026-09-11T22:39:41Z	relation_court.py	3
2026-09-11T22:53:32Z	court_mutants.py	831
2026-09-11T22:53:40Z	panel_court.py	8
2026-09-11T22:53:48Z	concept_reach.py	8
2026-09-11T23:06:18Z	ask_reach.py	750
2026-09-11T23:06:22Z	band_reach.py	4
2026-09-11T23:06:24Z	biblio_reach.py	2
2026-09-11T23:06:34Z	ruverbs_court.py	10
2026-09-11T23:07:25Z	script_court.py	51
2026-09-11T23:19:03Z	word_mutants.py	698
2026-09-11T23:25:47Z	verdict_cover.py	403
2026-09-11T23:29:37Z	sentence_cover.py	230
2026-09-11T23:29:52Z	bench_leak.py	15
2026-09-11T23:38:14Z	shelf_court.py	502
2026-09-11T23:53:41Z	ask_width.py	926
2026-09-11T23:53:46Z	notationvar_court.py	5
2026-09-11T23:56:45Z	prosetree_court.py	179
2026-09-11T23:56:47Z	longdiv_court.py	2
2026-09-12T00:00:27Z	form_census.py	220
2026-09-12T00:00:36Z	houses_census.py	9
2026-09-12T00:03:37Z	mass_census.py	180
2026-09-12T00:03:39Z	verbthings_court.py	2
2026-09-12T00:49:41Z	arith_court.py	95
2026-09-12T00:49:46Z	algo_court.py	5
2026-09-12T00:51:18Z	formula_court.py	92
2026-09-12T00:51:25Z	logic_court.py	7
2026-09-12T00:51:26Z	physics_court.py	1
2026-09-12T00:51:30Z	cyber_court.py	4
2026-09-12T00:51:35Z	agreement_court.py	5
2026-09-12T00:51:38Z	notation_court.py	3
2026-09-12T00:51:40Z	unit_court.py	2
2026-09-12T00:51:41Z	number_court.py	1
2026-09-12T00:51:44Z	inquiry_court.py	3
2026-09-12T00:51:45Z	surfaces_court.py	1
2026-09-12T00:51:46Z	markdown_court.py	1
2026-09-12T00:51:47Z	doctree_court.py	1
2026-09-12T00:51:49Z	rates_court.py	2
2026-09-12T00:51:52Z	formula_lang_court.py	3
2026-09-12T00:51:54Z	percent_court.py	2
2026-09-12T00:51:55Z	average_court.py	1
2026-09-12T00:51:59Z	equation_court.py	4
2026-09-12T00:52:00Z	dataformat_court.py	1
2026-09-12T00:52:06Z	everyday_court.py	6
2026-09-12T00:52:06Z	story_chain_court.py	0
2026-09-12T00:52:07Z	age_court.py	1
2026-09-12T00:52:09Z	halves_court.py	2
2026-09-12T00:52:12Z	inquiry_de_fr_court.py	3
2026-09-12T00:52:12Z	ru_conversion_court.py	0
2026-09-12T00:52:13Z	selfmeasure_court.py	1
2026-09-12T00:52:13Z	ru_compare_court.py	0
2026-09-12T00:52:14Z	ru_story_court.py	1
2026-09-12T00:52:16Z	inquiry_es_it_court.py	2
2026-09-12T00:52:19Z	share_court.py	3
2026-09-12T00:52:22Z	compare_mult_court.py	3
2026-09-12T00:52:26Z	sequence_court.py	4
2026-09-12T00:52:29Z	geometry_court.py	3
2026-09-12T00:52:32Z	linalg_court.py	3
2026-09-12T00:52:34Z	calendar_court.py	2
2026-09-12T00:52:36Z	speech_court.py	2
2026-09-12T00:52:45Z	rugram_court.py	9
2026-09-12T00:52:48Z	physlaw_court.py	3
2026-09-12T00:52:52Z	compsci_court.py	4
2026-09-12T00:52:53Z	case_court.py	1
2026-09-12T00:52:54Z	valence_court.py	1
2026-09-12T00:52:56Z	shadow_court.py	1
2026-09-12T00:53:52Z	syllabus_court.py	56
2026-09-12T00:54:22Z	richness_court.py	30
2026-09-12T00:54:46Z	langpack_court.py	23
2026-09-12T00:54:47Z	langrule_court.py	1
2026-09-12T00:57:30Z	claims_court.py	163
2026-09-12T00:57:34Z	program_court.py	4
2026-09-12T00:57:39Z	statistics_court.py	5
2026-09-12T00:57:43Z	proof_court.py	4
2026-09-12T00:57:45Z	machine_court.py	2
2026-09-12T00:57:56Z	episode_court.py	11
2026-09-12T00:58:00Z	copula_court.py	4
2026-09-12T00:58:03Z	markup_court.py	3
2026-09-12T00:58:23Z	langlayer_court.py	20
2026-09-12T00:58:24Z	langform_court.py	1
2026-09-12T00:58:24Z	gsm_census.py	0
2026-09-12T01:01:04Z	reproducible.py	160
2026-09-12T01:01:04Z	bash32_court.py	0
2026-09-12T01:01:06Z	empty_in_court.py	2
2026-09-12T01:01:07Z	lawfirst_court.py	1
2026-09-12T01:01:07Z	broken_law.py	0
2026-09-12T01:01:14Z	house_api.py	7
2026-09-12T01:01:14Z	json_hand.py	0
2026-09-12T01:01:15Z	suite_resume.py	1
2026-09-12T01:01:18Z	readme_court.py	3
2026-09-12T01:08:16Z	arith_debt.py	418
2026-09-12T01:08:16Z	twin_world.py	0
2026-09-12T01:08:17Z	orphan_world.py	1
2026-09-12T01:08:23Z	genus_shown.py	6
2026-09-12T01:08:23Z	oracle_named.py	0
2026-09-12T01:08:23Z	world_atlas.py	0
2026-09-12T01:08:23Z	trap_series.py	0
2026-09-12T01:10:37Z	house_selfcheck.py	134
2026-09-12T01:10:38Z	manifest_court.py	1
2026-09-12T01:26:04Z	coverage.py	4945
2026-09-12T01:26:05Z	behavior_court.py	1
2026-09-12T01:26:06Z	topics_court.py	1
2026-09-12T01:26:07Z	nature_court.py	1
2026-09-12T01:26:08Z	links_court.py	1
2026-09-12T01:26:09Z	scale_court.py	1
2026-09-12T01:26:10Z	opposites_court.py	1
2026-09-12T01:26:11Z	roles_court.py	1
2026-09-12T01:26:12Z	joints_court.py	1
2026-09-12T01:26:13Z	dialogue_court.py	1
2026-09-12T01:26:14Z	worldfacts_court.py	1
2026-09-12T01:26:15Z	infer_court.py	1
2026-09-12T01:26:18Z	circle_probe.py	3
2026-09-12T01:26:19Z	agree_probe.py	1
2026-09-12T01:26:19Z	shelf_declare.py	0
2026-09-12T01:29:17Z	prose_court.py	1119
2026-09-12T01:29:23Z	mutants.py	6
2026-09-12T01:29:24Z	lexicon_reach.py	1
2026-09-12T01:29:27Z	inquiry_pt_nl_court.py	3
2026-09-12T01:29:30Z	inquiry_pl_tr_court.py	3
2026-09-12T01:29:33Z	metalang_court.py	3
2026-09-12T01:29:34Z	glyph_court.py	1
2026-09-12T01:29:34Z	space_court.py	0
2026-09-12T01:29:34Z	stenogram_court.py	0
2026-09-12T01:29:34Z	mathspaces_court.py	0
2026-09-12T01:29:35Z	gsmforms_court.py	1
2026-09-12T01:29:46Z	definitions_court.py	11
2026-09-12T01:29:46Z	pronoun_court.py	0
2026-09-12T01:29:46Z	money_court.py	0
2026-09-12T01:29:47Z	holes_court.py	1
2026-09-12T01:29:47Z	money_langs_court.py	0
2026-09-12T01:29:48Z	geometry_langs_court.py	1
2026-09-12T01:29:48Z	units_langs_court.py	0
2026-09-12T01:29:48Z	stats_langs_court.py	0
2026-09-12T01:29:49Z	calendar_langs_court.py	1
2026-09-12T01:29:49Z	sequences_langs_court.py	0
2026-09-12T01:29:49Z	compare_langs_court.py	0
2026-09-12T01:29:50Z	share_langs_court.py	1
2026-09-12T01:29:50Z	physics_langs_court.py	0
2026-09-12T01:29:55Z	relation_court.py	5
2026-09-12T01:30:50Z	house_reach.py	270
2026-09-12T01:30:51Z	head_census.py	1
2026-09-12T01:30:52Z	form_matrix.py	1
2026-09-12T01:30:53Z	disj_court.py	0
2026-09-12T01:30:53Z	indu_court.py	0
2026-09-12T01:30:53Z	houseshows_court.py	0
2026-09-12T01:30:54Z	article_court.py	1
2026-09-12T01:30:56Z	rowframe_court.py	2
2026-09-12T01:30:59Z	opchoice_court.py	2
2026-09-12T01:31:00Z	chance_court.py	1
2026-09-12T01:31:01Z	lever_court.py	1
2026-09-12T01:31:02Z	zerodiv_court.py	1
2026-09-12T01:31:03Z	bound_court.py	1
2026-09-12T01:31:04Z	prec_court.py	1
2026-09-12T01:31:05Z	estim_court.py	1
2026-09-12T01:31:06Z	both_court.py	1
2026-09-12T01:31:07Z	likely_court.py	1
2026-09-12T01:31:08Z	sameshare_court.py	1
2026-09-12T01:31:09Z	factor_court.py	1
2026-09-12T01:31:10Z	amend_court.py	1
2026-09-12T01:31:12Z	divrule_court.py	2
2026-09-12T01:31:13Z	reduce_court.py	1
2026-09-12T01:31:15Z	cmpshare_court.py	2
2026-09-12T01:31:17Z	wholeshare_court.py	2
2026-09-12T01:31:19Z	addshare_court.py	2
2026-09-12T01:31:20Z	mulshare_court.py	1
2026-09-12T01:31:22Z	divshare_court.py	2
2026-09-12T01:31:24Z	neg_court.py	2
2026-09-12T01:31:27Z	signrul_court.py	3
2026-09-12T01:31:29Z	opslaw_court.py	2
2026-09-12T01:31:31Z	signadd_court.py	2
2026-09-12T01:31:33Z	pow_court.py	2
2026-09-12T01:31:35Z	dec_court.py	2
2026-09-12T01:31:36Z	abs_court.py	1
2026-09-12T01:31:40Z	handy_court.py	4
2026-09-12T01:31:42Z	prop_court.py	2
2026-09-12T01:31:45Z	rem_court.py	3
2026-09-12T01:31:46Z	parity_court.py	1
2026-09-12T01:31:48Z	pctchange_court.py	2
2026-09-12T01:31:50Z	pctdiff_court.py	2
2026-09-12T01:31:52Z	mapscale_court.py	2
2026-09-12T01:31:54Z	divsense_court.py	2
2026-09-12T01:31:57Z	plaus_court.py	3
2026-09-12T01:31:59Z	point_court.py	2
2026-09-12T01:32:01Z	need_court.py	2
2026-09-12T01:32:04Z	inverse_court.py	3
2026-09-12T01:32:06Z	ceilfloor_court.py	2
2026-09-12T01:32:09Z	unitcmp_court.py	3
2026-09-12T01:32:12Z	placeval_court.py	3
2026-09-12T01:32:15Z	digitlen_court.py	3
2026-09-12T01:32:16Z	nesuf_court.py	1
2026-09-12T01:32:18Z	numlabel_court.py	2
2026-09-12T01:32:18Z	analog_court.py	0
2026-09-12T01:32:19Z	reply_court.py	1
2026-09-12T01:33:35Z	register_pairs.py	76
2026-09-12T01:33:41Z	register_purity.py	6
2026-09-12T01:33:47Z	prefix_traps.py	6
2026-09-12T01:33:53Z	sign_traps.py	5
2026-09-12T01:33:53Z	strat_slice.py	0
2026-09-12T01:35:54Z	house_rejects.py	121
2026-09-12T01:35:55Z	root_passport.py	0
2026-09-12T01:35:56Z	pack_singular_risk.py	1
2026-09-12T01:35:57Z	cell_shown.py	1
2026-09-12T01:36:03Z	idle_word.py	6
2026-09-12T01:36:04Z	form_unshown.py	1
2026-09-12T01:36:06Z	one_singular.py	2
2026-09-12T01:36:06Z	template_word.py	0
2026-09-12T01:36:07Z	signless_census.py	0
2026-09-12T01:37:14Z	operator_share.py	67
2026-09-12T01:37:21Z	key_support.py	7
2026-09-12T01:37:22Z	half_law.py	1
2026-09-12T01:37:32Z	unknown_name.py	10
2026-09-12T01:42:51Z	court_mutants.py	776
2026-09-12T01:42:51Z	stale_world.py	319
2026-09-12T01:42:56Z	panel_court.py	5
2026-09-12T01:43:00Z	concept_reach.py	4
2026-09-12T01:43:58Z	agree_traps.py	66
2026-09-12T01:43:59Z	wrong_sign.py	1
2026-09-12T01:43:59Z	debt_mark.py	0
2026-09-12T01:44:42Z	copula_band.py	42
2026-09-12T01:44:54Z	past_gender.py	12
2026-09-12T01:45:02Z	word_once.py	8
2026-09-12T01:45:11Z	article_sound.py	9
2026-09-12T01:45:14Z	elision.py	3
2026-09-12T01:45:14Z	threshold_census.py	0
2026-09-12T01:45:15Z	denominator_census.py	0
2026-09-12T01:45:16Z	repeat_census.py	1
2026-09-12T01:45:21Z	definitions_reach.py	5
2026-09-12T01:45:22Z	copies_census.py	1
2026-09-12T01:45:22Z	sweep_self.py	0
2026-09-12T01:47:23Z	ask_reach.py	263
2026-09-12T01:47:25Z	band_reach.py	2
2026-09-12T01:47:26Z	biblio_reach.py	1
2026-09-12T01:47:30Z	ruverbs_court.py	4
2026-09-12T01:47:45Z	script_court.py	14
2026-09-12T01:51:23Z	word_mutants.py	218
2026-09-12T01:54:20Z	verdict_cover.py	177
2026-09-12T01:57:22Z	sentence_cover.py	182
2026-09-12T01:57:35Z	bench_leak.py	13
2026-09-12T02:02:29Z	shelf_court.py	294
2026-09-12T02:11:30Z	ask_width.py	541
2026-09-12T02:11:33Z	notationvar_court.py	3
2026-09-12T02:13:38Z	prosetree_court.py	125
2026-09-12T02:13:39Z	longdiv_court.py	1
2026-09-12T02:16:33Z	form_census.py	174
2026-09-12T02:16:38Z	houses_census.py	5
2026-09-12T02:18:49Z	mass_census.py	131
2026-09-12T02:18:51Z	verbthings_court.py	2
2026-09-12T02:34:01Z	coverage.py	910
2026-09-12T02:34:02Z	behavior_court.py	1
2026-09-12T02:34:03Z	topics_court.py	1
2026-09-12T02:34:04Z	nature_court.py	1
2026-09-12T02:34:05Z	links_court.py	1
2026-09-12T02:34:06Z	scale_court.py	1
2026-09-12T02:34:07Z	opposites_court.py	1
2026-09-12T02:34:08Z	roles_court.py	1
2026-09-12T02:34:09Z	joints_court.py	1
2026-09-12T02:34:09Z	dialogue_court.py	0
2026-09-12T02:34:10Z	worldfacts_court.py	1
2026-09-12T02:34:10Z	infer_court.py	0
2026-09-12T02:34:12Z	circle_probe.py	1
2026-09-12T02:34:13Z	agree_probe.py	1
2026-09-12T02:34:13Z	shelf_declare.py	0
2026-09-12T02:38:16Z	house_reach.py	243
2026-09-12T02:38:18Z	head_census.py	2
2026-09-12T02:38:19Z	form_matrix.py	1
2026-09-12T02:38:19Z	disj_court.py	0
2026-09-12T02:38:19Z	indu_court.py	0
2026-09-12T02:38:20Z	houseshows_court.py	1
2026-09-12T02:38:21Z	article_court.py	1
2026-09-12T02:38:23Z	rowframe_court.py	2
2026-09-12T02:38:25Z	opchoice_court.py	2
2026-09-12T02:38:26Z	chance_court.py	1
2026-09-12T02:38:27Z	lever_court.py	1
2026-09-12T02:38:29Z	zerodiv_court.py	2
2026-09-12T02:38:29Z	bound_court.py	0
2026-09-12T02:38:30Z	prec_court.py	1
2026-09-12T02:38:31Z	estim_court.py	1
2026-09-12T02:38:32Z	both_court.py	1
2026-09-12T02:38:33Z	likely_court.py	1
2026-09-12T02:38:34Z	sameshare_court.py	1
2026-09-12T02:38:36Z	factor_court.py	2
2026-09-12T02:38:36Z	amend_court.py	0
2026-09-12T02:38:38Z	divrule_court.py	2
2026-09-12T02:38:39Z	reduce_court.py	1
2026-09-12T02:38:40Z	cmpshare_court.py	1
2026-09-12T02:38:43Z	wholeshare_court.py	2
2026-09-12T02:38:44Z	addshare_court.py	1
2026-09-12T02:38:46Z	mulshare_court.py	2
2026-09-12T02:38:48Z	divshare_court.py	2
2026-09-12T02:38:50Z	neg_court.py	2
2026-09-12T02:38:52Z	signrul_court.py	2
2026-09-12T02:38:55Z	opslaw_court.py	3
2026-09-12T02:38:57Z	signadd_court.py	2
2026-09-12T02:38:59Z	pow_court.py	2
2026-09-12T02:39:01Z	dec_court.py	2
2026-09-12T02:39:03Z	abs_court.py	2
2026-09-12T02:39:06Z	handy_court.py	3
2026-09-12T02:39:08Z	prop_court.py	2
2026-09-12T02:39:10Z	rem_court.py	2
2026-09-12T02:39:11Z	parity_court.py	1
2026-09-12T02:39:13Z	pctchange_court.py	2
2026-09-12T02:39:15Z	pctdiff_court.py	2
2026-09-12T02:39:17Z	mapscale_court.py	2
2026-09-12T02:39:19Z	divsense_court.py	2
2026-09-12T02:39:22Z	plaus_court.py	3
2026-09-12T02:39:24Z	point_court.py	1
2026-09-12T02:39:25Z	need_court.py	1
2026-09-12T02:39:28Z	inverse_court.py	3
2026-09-12T02:39:30Z	ceilfloor_court.py	2
2026-09-12T02:39:32Z	unitcmp_court.py	2
2026-09-12T02:39:34Z	placeval_court.py	2
2026-09-12T02:39:37Z	digitlen_court.py	3
2026-09-12T02:39:38Z	nesuf_court.py	1
2026-09-12T02:39:40Z	numlabel_court.py	2
2026-09-12T02:39:41Z	onestep_court.py	1
2026-09-12T02:39:42Z	analog_court.py	1
2026-09-12T02:39:42Z	reply_court.py	0
2026-09-12T02:41:04Z	register_pairs.py	82
2026-09-12T02:41:10Z	register_purity.py	6
2026-09-12T02:41:16Z	prefix_traps.py	6
2026-09-12T02:41:22Z	sign_traps.py	6
2026-09-12T02:41:22Z	strat_slice.py	0
2026-09-12T02:43:25Z	house_rejects.py	123
2026-09-12T02:43:26Z	root_passport.py	1
2026-09-12T02:43:26Z	pack_singular_risk.py	0
2026-09-12T02:43:27Z	cell_shown.py	0
2026-09-12T02:43:33Z	idle_word.py	6
2026-09-12T02:43:34Z	form_unshown.py	1
2026-09-12T02:43:36Z	one_singular.py	2
2026-09-12T02:43:37Z	template_word.py	1
2026-09-12T02:43:38Z	signless_census.py	1
2026-09-12T02:44:43Z	operator_share.py	64
2026-09-12T02:44:49Z	key_support.py	6
2026-09-12T02:44:50Z	half_law.py	0
2026-09-12T02:45:00Z	unknown_name.py	9
2026-09-12T02:49:42Z	stale_world.py	282
2026-09-12T02:51:00Z	agree_traps.py	77
2026-09-12T02:51:01Z	wrong_sign.py	1
2026-09-12T02:51:02Z	debt_mark.py	1
2026-09-12T02:51:48Z	copula_band.py	46
2026-09-12T02:52:00Z	past_gender.py	12
2026-09-12T02:52:09Z	word_once.py	9
2026-09-12T02:52:19Z	article_sound.py	10
2026-09-12T02:52:23Z	elision.py	4
2026-09-12T02:52:24Z	threshold_census.py	1
2026-09-12T02:52:25Z	denominator_census.py	1
2026-09-12T02:52:26Z	repeat_census.py	1
2026-09-12T02:52:32Z	definitions_reach.py	6
2026-09-12T02:52:33Z	copies_census.py	1
2026-09-12T02:52:34Z	sweep_self.py	1
2026-09-12T03:10:04Z	court_reach.py	1050
2026-09-12T03:10:08Z	holdout_key.py	4
2026-09-12T03:10:10Z	holdforms_court.py	2
2026-09-12T03:10:11Z	cmpframes_court.py	1
2026-09-12T03:10:12Z	sceneforms_court.py	1
2026-09-12T03:10:15Z	toolforms_court.py	3
2026-09-12T03:10:17Z	verifyforms_court.py	2
2026-09-12T03:10:19Z	planforms_court.py	2
2026-09-12T03:10:21Z	episodeforms_court.py	2
2026-09-12T03:10:24Z	summaryforms_court.py	3
2026-09-12T03:10:26Z	opforms_court.py	2
2026-09-12T03:10:26Z	readnum_court.py	0
2026-09-12T03:10:28Z	mandateforms_court.py	2
2026-09-12T03:10:29Z	personforms_court.py	1
2026-09-12T03:10:31Z	selfmodelforms_court.py	1
2026-09-12T03:10:32Z	signedworld_court.py	1
2026-09-12T03:10:33Z	beforetails_court.py	1
2026-09-12T03:10:33Z	discountroad_court.py	0
2026-09-12T03:10:36Z	nomention_court.py	3
2026-09-12T03:10:37Z	clockforms_court.py	1
2026-09-12T03:10:39Z	mixedunits_court.py	2
2026-09-12T03:10:40Z	dateforms_court.py	1
2026-09-12T03:10:40Z	clockwords_court.py	0
2026-09-12T03:10:41Z	speedforms_court.py	1
2026-09-12T03:10:42Z	roundforms_court.py	1
2026-09-12T03:10:42Z	orderforms_court.py	0
2026-09-12T03:10:42Z	quantforms_court.py	0
2026-09-12T03:10:43Z	roman_court.py	1
2026-09-12T03:10:43Z	place_court.py	0
2026-09-12T03:10:44Z	unitfrac_court.py	1
2026-09-12T03:10:45Z	enough_court.py	0
2026-09-12T03:10:46Z	numphrase_court.py	1
2026-09-12T03:10:46Z	kinbearer_court.py	0
2026-09-12T03:10:47Z	pronobject_court.py	1
2026-09-12T03:10:47Z	proform_court.py	0
2026-09-12T03:10:48Z	degrees_court.py	1
2026-09-12T03:10:50Z	actturn_court.py	2
2026-09-12T03:10:51Z	tempscale_court.py	1
2026-09-12T03:10:51Z	action_measure_court.py	0
2026-09-12T03:10:52Z	numberline_court.py	1
2026-09-12T03:10:52Z	countfacts_court.py	0
2026-09-12T03:10:52Z	letters_court.py	0
2026-09-12T03:12:24Z	court_reach.py	5222
2026-09-12T03:12:30Z	holdout_key.py	6
2026-09-12T03:12:31Z	holdforms_court.py	1
2026-09-12T03:12:31Z	langcount_court.py	99
2026-09-12T03:12:31Z	propcompare_court.py	0
2026-09-12T03:12:31Z	price_court.py	0
2026-09-12T03:12:32Z	translate_court.py	0
2026-09-12T03:12:32Z	timeunits_court.py	0
2026-09-12T03:12:32Z	cmpframes_court.py	1
2026-09-12T03:12:33Z	svamp_court.py	1
2026-09-12T03:12:34Z	measure_langs_court.py	1
2026-09-12T03:12:34Z	sceneforms_court.py	2
2026-09-12T03:12:35Z	toolforms_court.py	1
2026-09-12T03:12:37Z	verifyforms_court.py	2
2026-09-12T03:12:38Z	planforms_court.py	1
2026-09-12T03:12:39Z	episodeforms_court.py	1
2026-09-12T03:12:42Z	summaryforms_court.py	3
2026-09-12T03:12:43Z	opforms_court.py	1
2026-09-12T03:12:43Z	readnum_court.py	0
2026-09-12T03:12:45Z	mandateforms_court.py	1
2026-09-12T03:12:47Z	personforms_court.py	2
2026-09-12T03:12:49Z	selfmodelforms_court.py	2
2026-09-12T03:12:50Z	signedworld_court.py	1
2026-09-12T03:12:50Z	beforetails_court.py	0
2026-09-12T03:12:50Z	discountroad_court.py	0
2026-09-12T03:12:55Z	nomention_court.py	4
2026-09-12T03:12:57Z	clockforms_court.py	2
2026-09-12T03:12:59Z	mixedunits_court.py	2
2026-09-12T03:13:00Z	dateforms_court.py	1
2026-09-12T03:13:01Z	clockwords_court.py	1
2026-09-12T03:13:03Z	speedforms_court.py	2
2026-09-12T03:13:03Z	roundforms_court.py	0
2026-09-12T03:13:04Z	orderforms_court.py	1
2026-09-12T03:13:04Z	quantforms_court.py	0
2026-09-12T03:13:05Z	roman_court.py	1
2026-09-12T03:13:05Z	place_court.py	0
2026-09-12T03:13:07Z	unitfrac_court.py	2
2026-09-12T03:13:07Z	enough_court.py	0
2026-09-12T03:13:09Z	numphrase_court.py	2
2026-09-12T03:13:09Z	kinbearer_court.py	0
2026-09-12T03:13:10Z	pronobject_court.py	1
2026-09-12T03:13:10Z	proform_court.py	0
2026-09-12T03:13:12Z	degrees_court.py	2
2026-09-12T03:13:15Z	actturn_court.py	3
2026-09-12T03:13:16Z	tempscale_court.py	1
2026-09-12T03:13:17Z	action_measure_court.py	1
2026-09-12T03:13:17Z	numberline_court.py	0
2026-09-12T03:13:18Z	countfacts_court.py	0
2026-09-12T03:13:18Z	letters_court.py	0
2026-09-12T03:14:34Z	langcount_court.py	76
2026-09-12T03:14:35Z	propcompare_court.py	0
2026-09-12T03:14:35Z	price_court.py	0
2026-09-12T03:14:35Z	translate_court.py	0
2026-09-12T03:14:35Z	timeunits_court.py	0
2026-09-12T03:14:36Z	svamp_court.py	0
2026-09-12T03:14:37Z	measure_langs_court.py	0
2026-09-12T04:00:30Z	arith_court.py	89
2026-09-12T04:00:34Z	algo_court.py	4
2026-09-12T04:02:23Z	formula_court.py	113
2026-09-12T04:02:36Z	logic_court.py	11
2026-09-12T04:02:28Z	physics_court.py	4
2026-09-12T04:02:45Z	cyber_court.py	8
2026-09-12T04:02:47Z	agreement_court.py	10
2026-09-12T04:02:56Z	notation_court.py	8
2026-09-12T04:02:51Z	unit_court.py	3
2026-09-12T04:03:00Z	number_court.py	4
2026-09-12T04:03:03Z	inquiry_court.py	7
2026-09-12T04:03:06Z	surfaces_court.py	2
2026-09-12T04:03:07Z	markdown_court.py	2
2026-09-12T04:03:09Z	doctree_court.py	2
2026-09-12T04:03:11Z	rates_court.py	4
2026-09-12T04:03:16Z	formula_lang_court.py	5
2026-09-12T04:03:15Z	percent_court.py	4
2026-09-12T04:03:19Z	average_court.py	3
2026-09-12T04:03:24Z	equation_court.py	8
2026-09-12T04:03:27Z	dataformat_court.py	3
2026-09-12T04:03:32Z	everyday_court.py	8
2026-09-12T04:03:33Z	story_chain_court.py	1
2026-09-12T04:03:33Z	age_court.py	1
2026-09-12T04:03:35Z	halves_court.py	2
2026-09-12T04:03:36Z	inquiry_de_fr_court.py	3
2026-09-12T04:03:37Z	ru_conversion_court.py	1
2026-09-12T04:03:37Z	selfmeasure_court.py	1
2026-09-12T04:03:38Z	ru_compare_court.py	1
2026-09-12T04:03:38Z	ru_story_court.py	1
2026-09-12T04:03:41Z	inquiry_es_it_court.py	3
2026-09-12T04:03:41Z	share_court.py	3
2026-09-12T04:03:44Z	compare_mult_court.py	3
2026-09-12T04:03:45Z	sequence_court.py	4
2026-09-12T04:03:51Z	geometry_court.py	6
2026-09-12T04:03:51Z	linalg_court.py	6
2026-09-12T04:03:55Z	calendar_court.py	3
2026-09-12T04:03:57Z	speech_court.py	5
2026-09-12T04:04:11Z	rugram_court.py	14
2026-09-12T04:04:03Z	physlaw_court.py	6
2026-09-12T04:04:16Z	compsci_court.py	5
2026-09-12T04:04:13Z	case_court.py	2
2026-09-12T04:04:20Z	valence_court.py	4
2026-09-12T04:04:19Z	shadow_court.py	3
2026-09-12T04:05:29Z	syllabus_court.py	69
2026-09-12T04:04:49Z	richness_court.py	29
2026-09-12T04:05:48Z	langpack_court.py	19
2026-09-12T04:05:29Z	langrule_court.py	0
2026-09-12T04:09:00Z	claims_court.py	192
2026-09-12T04:05:52Z	program_court.py	4
2026-09-12T04:09:07Z	statistics_court.py	6
2026-09-12T04:09:06Z	proof_court.py	5
2026-09-12T04:09:11Z	machine_court.py	4
2026-09-12T04:09:24Z	episode_court.py	17
2026-09-12T04:09:32Z	copula_court.py	8
2026-09-12T04:09:30Z	markup_court.py	6
2026-09-12T04:10:14Z	langlayer_court.py	41
2026-09-12T04:09:36Z	langform_court.py	3
2026-09-12T04:10:15Z	gsm_census.py	1
2026-09-12T04:14:11Z	reproducible.py	236
2026-09-12T04:14:12Z	bash32_court.py	1
2026-09-12T04:14:15Z	empty_in_court.py	4
2026-09-12T04:14:17Z	lawfirst_court.py	2
2026-09-12T04:14:20Z	sign_intact.py	5
2026-09-12T04:14:21Z	broken_law.py	0
2026-09-12T04:14:32Z	house_api.py	11
2026-09-12T04:14:33Z	json_hand.py	1
2026-09-12T04:14:34Z	suite_resume.py	2
2026-09-12T04:14:41Z	readme_court.py	7
2026-09-12T04:27:33Z	arith_debt.py	779
2026-09-12T04:27:33Z	twin_world.py	0
2026-09-12T04:27:35Z	orphan_world.py	2
2026-09-12T04:27:44Z	genus_shown.py	9
2026-09-12T04:27:36Z	oracle_named.py	1
2026-09-12T04:27:45Z	world_atlas.py	1
2026-09-12T04:27:45Z	trap_series.py	1
2026-09-12T04:31:47Z	house_selfcheck.py	242
2026-09-12T04:27:47Z	manifest_court.py	2
2026-09-12T05:11:26Z	prose_court.py	2378
2026-09-12T05:11:32Z	mutants.py	6
2026-09-12T05:11:28Z	lexicon_reach.py	2
2026-09-12T05:11:36Z	inquiry_pt_nl_court.py	4
2026-09-12T05:11:36Z	inquiry_pl_tr_court.py	4
2026-09-12T05:11:39Z	metalang_court.py	3
2026-09-12T05:11:36Z	glyph_court.py	0
2026-09-12T05:11:40Z	space_court.py	1
2026-09-12T05:11:40Z	stenogram_court.py	1
2026-09-12T05:11:40Z	mathspaces_court.py	0
2026-09-12T05:11:40Z	gsmforms_court.py	0
2026-09-12T05:11:52Z	definitions_court.py	12
2026-09-12T05:11:40Z	pronoun_court.py	0
2026-09-12T05:11:52Z	money_court.py	0
2026-09-12T05:11:52Z	holes_court.py	0
2026-09-12T05:11:53Z	money_langs_court.py	1
2026-09-12T05:11:52Z	geometry_langs_court.py	0
2026-09-12T05:11:53Z	units_langs_court.py	0
2026-09-12T05:11:53Z	stats_langs_court.py	0
2026-09-12T05:11:53Z	calendar_langs_court.py	0
2026-09-12T05:11:53Z	sequences_langs_court.py	0
2026-09-12T05:11:53Z	compare_langs_court.py	0
2026-09-12T05:11:53Z	share_langs_court.py	0
2026-09-12T05:11:54Z	physics_langs_court.py	1
2026-09-12T05:11:58Z	relation_court.py	5
2026-09-12T05:26:51Z	court_mutants.py	893
2026-09-12T05:12:03Z	panel_court.py	5
2026-09-12T05:27:01Z	concept_reach.py	9
2026-09-12T05:33:05Z	ask_reach.py	373
2026-09-12T05:33:08Z	band_reach.py	2
2026-09-12T05:33:07Z	biblio_reach.py	1
2026-09-12T05:33:14Z	ruverbs_court.py	5
2026-09-12T05:33:22Z	script_court.py	13
2026-09-12T05:37:05Z	word_mutants.py	223
2026-09-12T05:36:38Z	verdict_cover.py	196
2026-09-12T05:39:26Z	sentence_cover.py	141
2026-09-12T05:37:16Z	bench_leak.py	11
2026-09-12T05:44:59Z	shelf_court.py	333
2026-09-12T05:50:16Z	ask_width.py	650
2026-09-12T05:50:20Z	notationvar_court.py	4
2026-09-12T05:52:50Z	prosetree_court.py	150
2026-09-12T05:52:51Z	longdiv_court.py	1
2026-09-12T05:56:29Z	form_census.py	219
2026-09-12T05:56:35Z	houses_census.py	6
2026-09-12T05:58:37Z	mass_census.py	128
2026-09-12T05:58:39Z	verbthings_court.py	2
2026-09-12T06:12:42Z	coverage.py	845
2026-09-12T06:12:43Z	behavior_court.py	1
2026-09-12T06:12:43Z	topics_court.py	1
2026-09-12T06:12:43Z	nature_court.py	0
2026-09-12T06:12:43Z	links_court.py	0
2026-09-12T06:12:44Z	scale_court.py	1
2026-09-12T06:12:44Z	opposites_court.py	1
2026-09-12T06:12:44Z	roles_court.py	0
2026-09-12T06:12:44Z	joints_court.py	0
2026-09-12T06:12:45Z	dialogue_court.py	1
2026-09-12T06:12:45Z	worldfacts_court.py	1
2026-09-12T06:12:45Z	infer_court.py	0
2026-09-12T06:12:46Z	circle_probe.py	1
2026-09-12T06:12:47Z	agree_probe.py	0
2026-09-12T06:12:47Z	shelf_declare.py	0
2026-09-12T06:16:14Z	house_reach.py	207
2026-09-12T06:12:49Z	head_census.py	2
2026-09-12T06:16:15Z	form_matrix.py	1
2026-09-12T06:16:14Z	disj_court.py	0
2026-09-12T06:16:15Z	indu_court.py	0
2026-09-12T06:16:15Z	houseshows_court.py	0
2026-09-12T06:16:16Z	article_court.py	1
2026-09-12T06:16:17Z	rowframe_court.py	2
2026-09-12T06:16:19Z	opchoice_court.py	2
2026-09-12T06:16:18Z	chance_court.py	1
2026-09-12T06:16:21Z	lever_court.py	1
2026-09-12T06:16:21Z	zerodiv_court.py	1
2026-09-12T06:16:22Z	bound_court.py	1
2026-09-12T06:16:22Z	prec_court.py	1
2026-09-12T06:16:23Z	estim_court.py	1
2026-09-12T06:16:23Z	both_court.py	1
2026-09-12T06:16:24Z	likely_court.py	1
2026-09-12T06:16:24Z	sameshare_court.py	1
2026-09-12T06:16:25Z	factor_court.py	1
2026-09-12T06:16:25Z	amend_court.py	1
2026-09-12T06:16:27Z	divrule_court.py	2
2026-09-12T06:16:27Z	reduce_court.py	2
2026-09-12T06:16:28Z	cmpshare_court.py	1
2026-09-12T06:16:29Z	wholeshare_court.py	2
2026-09-12T06:16:30Z	addshare_court.py	1
2026-09-12T06:16:31Z	mulshare_court.py	2
2026-09-12T06:16:33Z	divshare_court.py	2
2026-09-12T06:16:33Z	neg_court.py	2
2026-09-12T06:16:35Z	signrul_court.py	2
2026-09-12T06:16:35Z	opslaw_court.py	2
2026-09-12T06:16:37Z	signadd_court.py	2
2026-09-12T06:16:37Z	pow_court.py	2
2026-09-12T06:16:39Z	dec_court.py	1
2026-09-12T06:16:39Z	abs_court.py	1
2026-09-12T06:16:42Z	handy_court.py	3
2026-09-12T06:16:41Z	prop_court.py	2
2026-09-12T06:16:44Z	rem_court.py	2
2026-09-12T06:16:43Z	parity_court.py	1
2026-09-12T06:16:46Z	pctchange_court.py	2
2026-09-12T06:16:46Z	pctdiff_court.py	2
2026-09-12T06:16:48Z	mapscale_court.py	2
2026-09-12T06:16:48Z	divsense_court.py	2
2026-09-12T06:16:51Z	plaus_court.py	3
2026-09-12T06:16:50Z	point_court.py	2
2026-09-12T06:16:53Z	need_court.py	2
2026-09-12T06:16:53Z	inverse_court.py	2
2026-09-12T06:16:55Z	ceilfloor_court.py	2
2026-09-12T06:16:55Z	unitcmp_court.py	2
2026-09-12T06:16:58Z	placeval_court.py	3
2026-09-12T06:16:58Z	digitlen_court.py	3
2026-09-12T06:16:59Z	nesuf_court.py	1
2026-09-12T06:17:01Z	numlabel_court.py	2
2026-09-12T06:17:02Z	onestep_court.py	1
2026-09-12T06:17:02Z	closure_court.py	1
2026-09-12T06:17:02Z	analog_court.py	0
2026-09-12T06:17:02Z	reply_court.py	0
2026-09-12T06:18:06Z	register_pairs.py	64
2026-09-12T06:17:07Z	register_purity.py	5
2026-09-12T06:18:11Z	prefix_traps.py	5
2026-09-12T06:18:10Z	sign_traps.py	4
2026-09-12T06:18:11Z	strat_slice.py	0
2026-09-12T06:19:51Z	house_rejects.py	100
2026-09-12T06:19:52Z	root_passport.py	1
2026-09-12T06:19:51Z	pack_singular_risk.py	0
2026-09-12T06:19:52Z	cell_shown.py	0
2026-09-12T06:19:55Z	idle_word.py	3
2026-09-12T06:19:56Z	form_unshown.py	0
2026-09-12T06:19:57Z	one_singular.py	1
2026-09-12T06:19:57Z	template_word.py	0
2026-09-12T06:19:57Z	signless_census.py	0
2026-09-12T06:20:41Z	operator_share.py	44
2026-09-12T06:20:01Z	key_support.py	4
2026-09-12T06:20:41Z	half_law.py	0
2026-09-12T06:20:48Z	unknown_name.py	7
2026-09-12T06:23:34Z	stale_world.py	166
2026-09-12T06:21:34Z	agree_traps.py	46
2026-09-12T06:23:35Z	wrong_sign.py	1
2026-09-12T06:23:34Z	debt_mark.py	0
2026-09-12T06:24:08Z	copula_band.py	33
2026-09-12T06:23:42Z	past_gender.py	7
2026-09-12T06:24:13Z	word_once.py	5
2026-09-12T06:24:14Z	article_sound.py	6
2026-09-12T06:24:16Z	elision.py	2
2026-09-12T06:24:14Z	threshold_census.py	0
2026-09-12T06:24:16Z	denominator_census.py	0
2026-09-12T06:24:16Z	repeat_census.py	0
2026-09-12T06:24:20Z	definitions_reach.py	4
2026-09-12T06:24:17Z	copies_census.py	1
2026-09-12T06:24:20Z	sweep_self.py	0
2026-09-12T06:33:16Z	court_reach.py	536
2026-09-12T06:33:21Z	holdout_key.py	5
2026-09-12T06:33:17Z	holdforms_court.py	1
2026-09-12T06:33:23Z	cmpframes_court.py	1
2026-09-12T06:33:23Z	sceneforms_court.py	1
2026-09-12T06:33:25Z	toolforms_court.py	2
2026-09-12T06:33:25Z	verifyforms_court.py	2
2026-09-12T06:33:26Z	planforms_court.py	1
2026-09-12T06:33:26Z	episodeforms_court.py	1
2026-09-12T06:33:29Z	summaryforms_court.py	3
2026-09-12T06:33:27Z	opforms_court.py	1
2026-09-12T06:33:29Z	readnum_court.py	0
2026-09-12T06:33:30Z	mandateforms_court.py	1
2026-09-12T06:33:32Z	personforms_court.py	2
2026-09-12T06:33:32Z	selfmodelforms_court.py	2
2026-09-12T06:33:34Z	signedworld_court.py	2
2026-09-12T06:33:33Z	beforetails_court.py	1
2026-09-12T06:33:34Z	discountroad_court.py	0
2026-09-12T06:33:37Z	nomention_court.py	3
2026-09-12T06:33:38Z	clockforms_court.py	1
2026-09-12T06:33:38Z	mixedunits_court.py	1
2026-09-12T06:33:39Z	dateforms_court.py	1
2026-09-12T06:33:38Z	clockwords_court.py	0
2026-09-12T06:33:40Z	speedforms_court.py	1
2026-09-12T06:33:39Z	roundforms_court.py	0
2026-09-12T06:33:41Z	orderforms_court.py	1
2026-09-12T06:33:41Z	quantforms_court.py	1
2026-09-12T06:33:41Z	roman_court.py	0
2026-09-12T06:33:41Z	place_court.py	0
2026-09-12T06:33:42Z	unitfrac_court.py	1
2026-09-12T06:33:42Z	enough_court.py	0
2026-09-12T06:33:44Z	numphrase_court.py	1
2026-09-12T06:33:43Z	kinbearer_court.py	0
2026-09-12T06:33:44Z	pronobject_court.py	0
2026-09-12T06:33:44Z	proform_court.py	0
2026-09-12T06:33:45Z	degrees_court.py	1
2026-09-12T06:33:46Z	actturn_court.py	1
2026-09-12T06:33:47Z	tempscale_court.py	1
2026-09-12T06:33:46Z	action_measure_court.py	0
2026-09-12T06:33:49Z	numberline_court.py	1
2026-09-12T06:33:48Z	countfacts_court.py	1
2026-09-12T06:33:50Z	letters_court.py	1
2026-09-12T06:35:26Z	langcount_court.py	97
2026-09-12T06:35:26Z	propcompare_court.py	0
2026-09-12T06:35:26Z	price_court.py	0
2026-09-12T06:35:27Z	translate_court.py	1
2026-09-12T06:35:27Z	timeunits_court.py	1
2026-09-12T06:35:29Z	svamp_court.py	2
2026-09-12T06:35:28Z	measure_langs_court.py	1
2026-09-12T06:48:45Z	arith_court.py	564
2026-09-12T06:48:50Z	algo_court.py	5
2026-09-12T06:50:47Z	formula_court.py	117
2026-09-12T06:50:55Z	logic_court.py	7
2026-09-12T06:50:56Z	physics_court.py	1
2026-09-12T06:51:02Z	cyber_court.py	6
2026-09-12T06:51:10Z	agreement_court.py	8
2026-09-12T06:51:15Z	notation_court.py	5
2026-09-12T06:51:17Z	unit_court.py	2
2026-09-12T06:51:19Z	number_court.py	2
2026-09-12T06:51:25Z	inquiry_court.py	6
2026-09-12T06:51:26Z	surfaces_court.py	1
2026-09-12T06:51:28Z	markdown_court.py	2
2026-09-12T06:51:29Z	doctree_court.py	1
2026-09-12T06:51:32Z	rates_court.py	3
2026-09-12T06:51:37Z	formula_lang_court.py	5
2026-09-12T06:51:40Z	percent_court.py	3
2026-09-12T06:51:41Z	average_court.py	1
2026-09-12T06:51:48Z	equation_court.py	7
2026-09-12T06:51:50Z	dataformat_court.py	2
2026-09-12T06:51:59Z	everyday_court.py	9
2026-09-12T06:52:00Z	story_chain_court.py	1
2026-09-12T06:52:02Z	age_court.py	2
2026-09-12T06:52:05Z	halves_court.py	3
2026-09-12T06:52:09Z	inquiry_de_fr_court.py	4
2026-09-12T06:52:10Z	ru_conversion_court.py	1
2026-09-12T06:52:11Z	selfmeasure_court.py	1
2026-09-12T06:52:12Z	ru_compare_court.py	1
2026-09-12T06:52:13Z	ru_story_court.py	1
2026-09-12T06:52:17Z	inquiry_es_it_court.py	4
2026-09-12T06:52:21Z	share_court.py	4
2026-09-12T06:52:25Z	compare_mult_court.py	4
2026-09-12T06:52:30Z	sequence_court.py	5
2026-09-12T06:52:34Z	geometry_court.py	4
2026-09-12T06:52:39Z	linalg_court.py	5
2026-09-12T06:52:41Z	calendar_court.py	2
2026-09-12T06:52:44Z	speech_court.py	3
2026-09-12T06:52:57Z	rugram_court.py	13
2026-09-12T06:53:01Z	physlaw_court.py	4
2026-09-12T06:53:06Z	compsci_court.py	5
2026-09-12T06:53:07Z	case_court.py	1
2026-09-12T06:53:10Z	valence_court.py	3
2026-09-12T06:53:11Z	shadow_court.py	1
2026-09-12T06:54:39Z	syllabus_court.py	87
2026-09-12T06:55:12Z	richness_court.py	33
2026-09-12T06:55:35Z	langpack_court.py	23
2026-09-12T06:55:35Z	langrule_court.py	0
2026-09-12T07:11:41Z	claims_court.py	966
2026-09-12T07:11:45Z	program_court.py	4
2026-09-12T07:11:50Z	statistics_court.py	5
2026-09-12T07:11:54Z	proof_court.py	4
2026-09-12T07:11:57Z	machine_court.py	3
2026-09-12T07:12:10Z	episode_court.py	13
2026-09-12T07:12:15Z	copula_court.py	5
2026-09-12T07:12:19Z	markup_court.py	4
2026-09-12T07:12:46Z	langlayer_court.py	27
2026-09-12T07:12:47Z	langform_court.py	1
2026-09-12T07:12:47Z	gsm_census.py	0
2026-09-12T07:15:49Z	reproducible.py	182
2026-09-12T07:15:50Z	bash32_court.py	1
2026-09-12T07:15:53Z	empty_in_court.py	3
2026-09-12T07:15:54Z	lawfirst_court.py	1
2026-09-12T07:15:59Z	sign_intact.py	5
2026-09-12T07:16:50Z	property_named.py	51
2026-09-12T07:16:50Z	ladder_full.py	0
2026-09-12T07:16:51Z	broken_law.py	0
2026-09-12T07:16:59Z	house_api.py	8
2026-09-12T07:16:59Z	json_hand.py	0
2026-09-12T07:17:00Z	suite_resume.py	0
2026-09-12T07:17:04Z	readme_court.py	4
2026-09-12T07:25:09Z	arith_debt.py	485
2026-09-12T07:25:10Z	twin_world.py	1
2026-09-12T07:25:11Z	orphan_world.py	1
2026-09-12T07:25:18Z	genus_shown.py	7
2026-09-12T07:25:18Z	oracle_named.py	0
2026-09-12T07:25:18Z	world_atlas.py	0
2026-09-12T07:25:18Z	trap_series.py	0
2026-09-12T07:28:40Z	house_selfcheck.py	201
2026-09-12T07:28:42Z	manifest_court.py	2
2026-09-12T09:38:38Z	prose_court.py	7796
2026-09-12T09:38:43Z	mutants.py	5
2026-09-12T09:38:44Z	lexicon_reach.py	1
2026-09-12T09:38:47Z	inquiry_pt_nl_court.py	3
2026-09-12T09:38:50Z	inquiry_pl_tr_court.py	2
2026-09-12T09:38:54Z	metalang_court.py	4
2026-09-12T09:38:54Z	glyph_court.py	0
2026-09-12T09:38:54Z	space_court.py	0
2026-09-12T09:38:55Z	stenogram_court.py	1
2026-09-12T09:38:55Z	mathspaces_court.py	0
2026-09-12T09:38:55Z	gsmforms_court.py	0
2026-09-12T09:39:07Z	definitions_court.py	12
2026-09-12T09:39:07Z	pronoun_court.py	0
2026-09-12T09:39:07Z	money_court.py	0
2026-09-12T09:39:08Z	holes_court.py	1
2026-09-12T09:39:08Z	money_langs_court.py	0
2026-09-12T09:39:08Z	geometry_langs_court.py	0
2026-09-12T09:39:08Z	units_langs_court.py	0
2026-09-12T09:39:09Z	stats_langs_court.py	1
2026-09-12T09:39:09Z	calendar_langs_court.py	0
2026-09-12T09:39:09Z	sequences_langs_court.py	0
2026-09-12T09:39:09Z	compare_langs_court.py	0
2026-09-12T09:39:09Z	share_langs_court.py	0
2026-09-12T09:39:10Z	physics_langs_court.py	1
2026-09-12T09:39:14Z	relation_court.py	4
2026-09-12T09:53:48Z	court_mutants.py	874
2026-09-12T09:53:52Z	panel_court.py	4
2026-09-12T09:53:55Z	concept_reach.py	3
2026-09-12T09:58:58Z	ask_reach.py	303
2026-09-12T09:59:01Z	band_reach.py	3
2026-09-12T09:59:02Z	biblio_reach.py	1
2026-09-12T09:59:07Z	ruverbs_court.py	5
2026-09-12T09:59:23Z	script_court.py	16
2026-09-12T10:02:56Z	word_mutants.py	213
2026-09-12T10:06:00Z	verdict_cover.py	184
2026-09-12T10:08:51Z	sentence_cover.py	171
2026-09-12T10:09:02Z	bench_leak.py	11
2026-09-12T10:13:40Z	shelf_court.py	278
2026-09-12T10:24:08Z	ask_width.py	628
2026-09-12T10:24:13Z	notationvar_court.py	5
2026-09-12T10:27:15Z	prosetree_court.py	182
2026-09-12T10:27:16Z	longdiv_court.py	1
2026-09-12T10:31:04Z	form_census.py	228
2026-09-12T10:31:11Z	houses_census.py	7
2026-09-12T10:50:03Z	arith_court.py	666
2026-09-12T10:50:09Z	algo_court.py	6
2026-09-12T10:51:51Z	formula_court.py	108
2026-09-12T10:50:12Z	logic_court.py	9
2026-09-12T10:51:53Z	physics_court.py	2
2026-09-12T10:51:56Z	cyber_court.py	5
2026-09-12T10:51:58Z	agreement_court.py	7
2026-09-12T10:52:03Z	notation_court.py	4
2026-09-12T10:52:01Z	unit_court.py	2
2026-09-12T10:52:01Z	number_court.py	2
2026-09-12T10:52:08Z	inquiry_court.py	5
2026-09-12T10:52:05Z	surfaces_court.py	2
2026-09-12T10:52:05Z	markdown_court.py	2
2026-09-12T10:52:09Z	doctree_court.py	1
2026-09-12T10:52:12Z	rates_court.py	4
2026-09-12T10:52:12Z	formula_lang_court.py	4
2026-09-12T10:52:15Z	percent_court.py	3
2026-09-12T10:52:13Z	average_court.py	1
2026-09-12T10:52:18Z	equation_court.py	6
2026-09-12T10:52:21Z	dataformat_court.py	3
2026-09-12T10:52:26Z	everyday_court.py	7
2026-09-12T10:52:19Z	story_chain_court.py	1
2026-09-12T10:52:27Z	age_court.py	1
2026-09-12T10:52:29Z	halves_court.py	2
2026-09-12T10:52:30Z	inquiry_de_fr_court.py	4
2026-09-12T10:52:31Z	ru_conversion_court.py	1
2026-09-12T10:52:31Z	selfmeasure_court.py	1
2026-09-12T10:52:31Z	ru_compare_court.py	1
2026-09-12T10:52:32Z	ru_story_court.py	1
2026-09-12T10:52:35Z	inquiry_es_it_court.py	4
2026-09-12T10:52:35Z	share_court.py	4
2026-09-12T10:52:39Z	compare_mult_court.py	4
2026-09-12T10:52:40Z	sequence_court.py	5
2026-09-12T10:52:40Z	geometry_court.py	5
2026-09-12T10:52:45Z	linalg_court.py	5
2026-09-12T10:52:42Z	calendar_court.py	2
2026-09-12T10:52:44Z	speech_court.py	4
2026-09-12T10:52:59Z	rugram_court.py	14
2026-09-12T10:52:50Z	physlaw_court.py	5
2026-09-12T10:52:50Z	compsci_court.py	5
2026-09-12T10:53:01Z	case_court.py	2
2026-09-12T10:53:03Z	valence_court.py	3
2026-09-12T10:53:01Z	shadow_court.py	2
2026-09-12T10:54:20Z	syllabus_court.py	77
2026-09-12T10:53:37Z	richness_court.py	34
2026-09-12T10:53:29Z	langpack_court.py	26
2026-09-12T11:18:00Z	arith_court.py	570
2026-09-12T11:18:05Z	algo_court.py	5
2026-09-12T11:20:00Z	formula_court.py	120
2026-09-12T11:20:13Z	logic_court.py	12
2026-09-12T11:20:04Z	physics_court.py	3
2026-09-12T11:20:21Z	cyber_court.py	8
2026-09-12T11:20:23Z	agreement_court.py	10
2026-09-12T11:20:30Z	notation_court.py	7
2026-09-12T11:20:27Z	unit_court.py	4
2026-09-12T11:20:34Z	number_court.py	3
2026-09-12T11:20:38Z	inquiry_court.py	7
2026-09-12T11:20:40Z	surfaces_court.py	2
2026-09-12T11:20:41Z	markdown_court.py	3
2026-09-12T11:20:43Z	doctree_court.py	2
2026-09-12T11:20:46Z	rates_court.py	5
2026-09-12T11:20:51Z	formula_lang_court.py	4
2026-09-12T11:20:50Z	percent_court.py	3
2026-09-12T11:20:53Z	average_court.py	2
2026-09-12T11:20:58Z	equation_court.py	7
2026-09-12T11:21:01Z	dataformat_court.py	3
2026-09-12T11:21:07Z	everyday_court.py	9
2026-09-12T11:21:08Z	story_chain_court.py	1
2026-09-12T11:21:09Z	age_court.py	2
2026-09-12T11:21:14Z	halves_court.py	4
2026-09-12T11:21:17Z	inquiry_de_fr_court.py	7
2026-09-12T11:21:18Z	ru_conversion_court.py	1
2026-09-12T11:21:19Z	selfmeasure_court.py	2
2026-09-12T11:21:20Z	ru_compare_court.py	1
2026-09-12T11:21:20Z	ru_story_court.py	1
2026-09-12T11:21:25Z	inquiry_es_it_court.py	5
2026-09-12T11:21:26Z	share_court.py	6
2026-09-12T11:21:31Z	compare_mult_court.py	5
2026-09-12T11:21:32Z	sequence_court.py	6
2026-09-12T11:21:39Z	geometry_court.py	7
2026-09-12T11:21:39Z	linalg_court.py	7
2026-09-12T11:21:42Z	calendar_court.py	3
2026-09-12T11:21:45Z	speech_court.py	6
2026-09-12T11:22:01Z	rugram_court.py	16
2026-09-12T11:21:52Z	physlaw_court.py	7
2026-09-12T11:22:08Z	compsci_court.py	7
2026-09-12T11:22:03Z	case_court.py	2
2026-09-12T11:22:12Z	valence_court.py	4
2026-09-12T11:22:11Z	shadow_court.py	3
2026-09-12T11:23:37Z	syllabus_court.py	85
2026-09-12T11:22:48Z	richness_court.py	36
2026-09-12T11:24:03Z	langpack_court.py	26
2026-09-12T11:23:37Z	langrule_court.py	0
2026-09-12T11:38:47Z	claims_court.py	884
2026-09-12T11:24:10Z	program_court.py	7
2026-09-12T11:38:52Z	statistics_court.py	5
2026-09-12T11:38:51Z	proof_court.py	4
2026-09-12T11:38:54Z	machine_court.py	2
2026-09-12T11:39:04Z	episode_court.py	12
2026-09-12T11:39:09Z	copula_court.py	5
2026-09-12T11:39:08Z	markup_court.py	4
2026-09-12T11:39:32Z	langlayer_court.py	23
2026-09-12T11:39:10Z	langform_court.py	1
2026-09-12T11:39:32Z	gsm_census.py	0
2026-09-12T11:42:34Z	reproducible.py	182
2026-09-12T11:42:35Z	bash32_court.py	0
2026-09-12T11:42:38Z	empty_in_court.py	3
2026-09-12T11:42:40Z	lawfirst_court.py	2
2026-09-12T11:42:51Z	sign_intact.py	13
2026-09-12T11:43:44Z	property_named.py	53
2026-09-12T11:42:51Z	ladder_full.py	0
2026-09-12T11:43:54Z	name_crossed.py	10
2026-09-12T11:43:44Z	genre_measured.py	0
2026-09-12T11:43:57Z	second_copy.py	3
2026-09-12T11:43:54Z	margin_census.py	0
2026-09-12T11:43:58Z	reports_index.py	0
2026-09-12T11:43:58Z	law_atlas.py	0
2026-09-12T11:43:59Z	court_atlas.py	1
2026-09-12T11:43:59Z	permuted_fresh.py	1
2026-09-12T11:44:00Z	build_dated.py	0
2026-09-12T11:44:00Z	probe_present.py	0
2026-09-12T11:44:01Z	broken_law.py	1
2026-09-12T11:44:09Z	house_api.py	9
2026-09-12T11:44:09Z	json_hand.py	0
2026-09-12T11:44:10Z	suite_resume.py	1
2026-09-12T11:44:14Z	readme_court.py	4
2026-09-12T11:52:13Z	arith_debt.py	483
2026-09-12T11:52:14Z	twin_world.py	1
2026-09-12T11:52:15Z	orphan_world.py	2
2026-09-12T11:52:21Z	genus_shown.py	6
2026-09-12T11:52:15Z	oracle_named.py	0
2026-09-12T11:52:21Z	world_atlas.py	0
2026-09-12T11:52:23Z	trap_series.py	2
2026-09-12T11:55:27Z	house_selfcheck.py	184
2026-09-12T11:52:25Z	manifest_court.py	2
2026-09-12T12:31:34Z	arith_court.py	-1
2026-09-12T12:31:34Z	algo_court.py	-1
2026-09-12T12:31:34Z	formula_court.py	-1
2026-09-12T12:31:34Z	logic_court.py	-1
2026-09-12T12:31:34Z	physics_court.py	-1
2026-09-12T12:31:34Z	cyber_court.py	-1
2026-09-12T12:31:34Z	agreement_court.py	-1
2026-09-12T12:31:34Z	notation_court.py	-1
2026-09-12T12:31:34Z	unit_court.py	-1
2026-09-12T12:31:34Z	number_court.py	-1
2026-09-12T12:31:35Z	inquiry_court.py	-1
2026-09-12T12:31:35Z	surfaces_court.py	-1
2026-09-12T12:31:35Z	markdown_court.py	-1
2026-09-12T12:31:35Z	doctree_court.py	-1
2026-09-12T12:31:35Z	rates_court.py	-1
2026-09-12T12:31:35Z	formula_lang_court.py	-1
2026-09-12T12:31:35Z	percent_court.py	-1
2026-09-12T12:31:35Z	average_court.py	-1
2026-09-12T12:31:35Z	equation_court.py	-1
2026-09-12T12:31:35Z	dataformat_court.py	-1
2026-09-12T12:31:35Z	everyday_court.py	-1
2026-09-12T12:31:35Z	story_chain_court.py	-1
2026-09-12T12:31:36Z	age_court.py	-1
2026-09-12T12:31:36Z	halves_court.py	-1
2026-09-12T12:31:36Z	inquiry_de_fr_court.py	-1
2026-09-12T12:31:36Z	ru_conversion_court.py	-1
2026-09-12T12:31:36Z	selfmeasure_court.py	-1
2026-09-12T12:31:36Z	ru_compare_court.py	-1
2026-09-12T12:31:36Z	ru_story_court.py	-1
2026-09-12T12:31:36Z	inquiry_es_it_court.py	-1
2026-09-12T12:31:36Z	share_court.py	-1
2026-09-12T12:31:37Z	compare_mult_court.py	-1
2026-09-12T12:31:37Z	sequence_court.py	-1
2026-09-12T12:31:37Z	geometry_court.py	-1
2026-09-12T12:31:37Z	linalg_court.py	-1
2026-09-12T12:31:37Z	calendar_court.py	-1
2026-09-12T12:31:37Z	speech_court.py	-1
2026-09-12T12:31:37Z	rugram_court.py	-1
2026-09-12T12:31:37Z	physlaw_court.py	-1
2026-09-12T12:31:37Z	compsci_court.py	-1
2026-09-12T12:31:37Z	case_court.py	-1
2026-09-12T12:31:38Z	valence_court.py	-1
2026-09-12T12:31:38Z	shadow_court.py	-1
2026-09-12T12:31:38Z	syllabus_court.py	-1
2026-09-12T12:31:38Z	richness_court.py	-1
2026-09-12T12:31:38Z	langpack_court.py	-1
2026-09-12T12:31:38Z	langrule_court.py	-1
2026-09-12T12:31:38Z	claims_court.py	-1
2026-09-12T12:31:38Z	program_court.py	-1
2026-09-12T12:31:39Z	statistics_court.py	-1
2026-09-12T12:31:39Z	proof_court.py	-1
2026-09-12T12:31:39Z	machine_court.py	-1
2026-09-12T12:31:39Z	episode_court.py	-1
2026-09-12T12:31:39Z	copula_court.py	-1
2026-09-12T12:31:39Z	markup_court.py	-1
2026-09-12T12:31:39Z	langlayer_court.py	-1
2026-09-12T12:31:39Z	langform_court.py	-1
2026-09-12T12:31:39Z	gsm_census.py	-1
2026-09-12T12:31:39Z	reproducible.py	-1
2026-09-12T12:31:40Z	bash32_court.py	-1
2026-09-12T12:31:40Z	empty_in_court.py	-1
2026-09-12T12:31:40Z	lawfirst_court.py	-1
2026-09-12T12:31:40Z	sign_intact.py	-1
2026-09-12T12:31:40Z	property_named.py	-1
2026-09-12T12:31:40Z	ladder_full.py	-1
2026-09-12T12:31:40Z	name_crossed.py	-1
2026-09-12T12:31:41Z	genre_measured.py	-1
2026-09-12T12:31:41Z	second_copy.py	-1
2026-09-12T12:31:41Z	margin_census.py	-1
2026-09-12T12:31:41Z	reports_index.py	-1
2026-09-12T12:31:41Z	law_atlas.py	-1
2026-09-12T12:31:41Z	court_atlas.py	-1
2026-09-12T12:31:42Z	permuted_fresh.py	-1
2026-09-12T12:31:42Z	build_dated.py	-1
2026-09-12T12:31:42Z	probe_present.py	-1
2026-09-12T12:31:42Z	court_voice.py	-1
2026-09-12T12:31:42Z	broken_law.py	-1
2026-09-12T12:31:42Z	house_api.py	-1
2026-09-12T12:31:42Z	json_hand.py	-1
2026-09-12T12:31:42Z	suite_resume.py	-1
2026-09-12T12:31:43Z	readme_court.py	-1
2026-09-12T12:31:43Z	arith_debt.py	-1
2026-09-12T12:31:43Z	twin_world.py	-1
2026-09-12T12:31:43Z	orphan_world.py	-1
2026-09-12T12:31:43Z	genus_shown.py	-1
2026-09-12T12:31:43Z	oracle_named.py	-1
2026-09-12T12:31:43Z	world_atlas.py	-1
2026-09-12T12:31:43Z	trap_series.py	-1
2026-09-12T12:31:44Z	house_selfcheck.py	-1
2026-09-12T12:31:44Z	manifest_court.py	-1
2026-09-12T12:31:44Z	prose_court.py	-1
2026-09-12T12:31:44Z	mutants.py	-1
2026-09-12T12:31:44Z	lexicon_reach.py	-1
2026-09-12T12:31:44Z	inquiry_pt_nl_court.py	-1
2026-09-12T12:31:44Z	inquiry_pl_tr_court.py	-1
2026-09-12T12:31:44Z	metalang_court.py	-1
2026-09-12T12:31:45Z	glyph_court.py	-1
2026-09-12T12:31:45Z	space_court.py	-1
2026-09-12T12:31:45Z	stenogram_court.py	-1
2026-09-12T12:31:45Z	mathspaces_court.py	-1
2026-09-12T12:31:45Z	gsmforms_court.py	-1
2026-09-12T12:31:45Z	definitions_court.py	-1
2026-09-12T12:31:45Z	pronoun_court.py	-1
2026-09-12T12:31:45Z	money_court.py	-1
2026-09-12T12:31:46Z	holes_court.py	-1
2026-09-12T12:31:46Z	money_langs_court.py	-1
2026-09-12T12:31:46Z	geometry_langs_court.py	-1
2026-09-12T12:31:46Z	units_langs_court.py	-1
2026-09-12T12:31:46Z	stats_langs_court.py	-1
2026-09-12T12:31:47Z	calendar_langs_court.py	-1
2026-09-12T12:31:47Z	sequences_langs_court.py	-1
2026-09-12T12:31:47Z	compare_langs_court.py	-1
2026-09-12T12:31:47Z	share_langs_court.py	-1
2026-09-12T12:31:47Z	physics_langs_court.py	-1
2026-09-12T12:31:47Z	relation_court.py	-1
2026-09-12T12:31:48Z	court_mutants.py	-1
2026-09-12T12:31:48Z	panel_court.py	-1
2026-09-12T12:31:48Z	concept_reach.py	-1
2026-09-12T12:31:48Z	ask_reach.py	-1
2026-09-12T12:31:48Z	band_reach.py	-1
2026-09-12T12:31:48Z	biblio_reach.py	-1
2026-09-12T12:31:48Z	ruverbs_court.py	-1
2026-09-12T12:31:49Z	script_court.py	-1
2026-09-12T12:31:49Z	word_mutants.py	-1
2026-09-12T12:31:49Z	verdict_cover.py	-1
2026-09-12T12:31:49Z	sentence_cover.py	-1
2026-09-12T12:31:49Z	bench_leak.py	-1
2026-09-12T12:31:49Z	shelf_court.py	-1
2026-09-12T12:31:49Z	ask_width.py	-1
2026-09-12T12:31:50Z	notationvar_court.py	-1
2026-09-12T12:31:50Z	prosetree_court.py	-1
2026-09-12T12:31:50Z	longdiv_court.py	-1
2026-09-12T12:31:50Z	form_census.py	-1
2026-09-12T12:31:50Z	houses_census.py	-1
2026-09-12T12:31:50Z	mass_census.py	-1
2026-09-12T12:31:51Z	verbthings_court.py	-1
2026-09-12T12:31:51Z	coverage.py	-1
2026-09-12T12:31:51Z	behavior_court.py	-1
2026-09-12T12:31:51Z	topics_court.py	-1
2026-09-12T12:31:51Z	nature_court.py	-1
2026-09-12T12:31:52Z	links_court.py	-1
2026-09-12T12:31:52Z	scale_court.py	-1
2026-09-12T12:31:52Z	opposites_court.py	-1
2026-09-12T12:31:52Z	roles_court.py	-1
2026-09-12T12:31:52Z	joints_court.py	-1
2026-09-12T12:31:53Z	dialogue_court.py	-1
2026-09-12T12:31:53Z	worldfacts_court.py	-1
2026-09-12T12:31:53Z	infer_court.py	-1
2026-09-12T12:31:53Z	circle_probe.py	-1
2026-09-12T12:31:53Z	agree_probe.py	-1
2026-09-12T12:31:53Z	shelf_declare.py	-1
2026-09-12T12:31:54Z	house_reach.py	-1
2026-09-12T12:31:54Z	head_census.py	-1
2026-09-12T12:31:54Z	form_matrix.py	-1
2026-09-12T12:31:54Z	disj_court.py	-1
2026-09-12T12:31:54Z	indu_court.py	-1
2026-09-12T12:31:54Z	houseshows_court.py	-1
2026-09-12T12:31:55Z	article_court.py	-1
2026-09-12T12:31:55Z	rowframe_court.py	-1
2026-09-12T12:31:55Z	opchoice_court.py	-1
2026-09-12T12:31:55Z	chance_court.py	-1
2026-09-12T12:31:55Z	lever_court.py	-1
2026-09-12T12:31:56Z	zerodiv_court.py	-1
2026-09-12T12:31:56Z	bound_court.py	-1
2026-09-12T12:31:56Z	prec_court.py	-1
2026-09-12T12:31:56Z	estim_court.py	-1
2026-09-12T12:31:56Z	both_court.py	-1
2026-09-12T12:31:57Z	likely_court.py	-1
2026-09-12T12:31:57Z	sameshare_court.py	-1
2026-09-12T12:31:57Z	factor_court.py	-1
2026-09-12T12:31:57Z	amend_court.py	-1
2026-09-12T12:31:57Z	divrule_court.py	-1
2026-09-12T12:31:58Z	reduce_court.py	-1
2026-09-12T12:31:58Z	cmpshare_court.py	-1
2026-09-12T12:31:58Z	wholeshare_court.py	-1
2026-09-12T12:32:29Z	arith_court.py	-1
2026-09-12T12:32:29Z	algo_court.py	-1
2026-09-12T12:32:29Z	formula_court.py	-1
2026-09-12T12:32:29Z	logic_court.py	-1
2026-09-12T12:32:29Z	physics_court.py	-1
2026-09-12T12:32:29Z	cyber_court.py	-1
2026-09-12T12:32:29Z	agreement_court.py	-1
2026-09-12T12:32:29Z	notation_court.py	-1
2026-09-12T12:32:30Z	unit_court.py	-1
2026-09-12T12:32:30Z	number_court.py	-1
2026-09-12T12:32:30Z	inquiry_court.py	-1
2026-09-12T12:32:30Z	surfaces_court.py	-1
2026-09-12T12:32:30Z	markdown_court.py	-1
2026-09-12T12:32:30Z	doctree_court.py	-1
2026-09-12T12:32:30Z	rates_court.py	-1
2026-09-12T12:32:30Z	formula_lang_court.py	-1
2026-09-12T12:32:30Z	percent_court.py	-1
2026-09-12T12:32:31Z	average_court.py	-1
2026-09-12T12:32:31Z	equation_court.py	-1
2026-09-12T12:32:31Z	dataformat_court.py	-1
2026-09-12T12:32:31Z	everyday_court.py	-1
2026-09-12T12:32:31Z	story_chain_court.py	-1
2026-09-12T12:32:31Z	age_court.py	-1
2026-09-12T12:32:31Z	halves_court.py	-1
2026-09-12T12:32:31Z	inquiry_de_fr_court.py	-1
2026-09-12T12:32:31Z	ru_conversion_court.py	-1
2026-09-12T12:32:31Z	selfmeasure_court.py	-1
2026-09-12T12:32:32Z	ru_compare_court.py	-1
2026-09-12T12:32:32Z	ru_story_court.py	-1
2026-09-12T12:32:32Z	inquiry_es_it_court.py	-1
2026-09-12T12:32:32Z	share_court.py	-1
2026-09-12T12:32:32Z	compare_mult_court.py	-1
2026-09-12T12:32:32Z	sequence_court.py	-1
2026-09-12T12:32:32Z	geometry_court.py	-1
2026-09-12T12:32:32Z	linalg_court.py	-1
2026-09-12T12:32:32Z	calendar_court.py	-1
2026-09-12T12:32:33Z	speech_court.py	-1
2026-09-12T12:32:33Z	rugram_court.py	-1
2026-09-12T12:32:33Z	physlaw_court.py	-1
2026-09-12T12:32:33Z	compsci_court.py	-1
2026-09-12T12:32:33Z	case_court.py	-1
2026-09-12T12:32:33Z	valence_court.py	-1
2026-09-12T12:32:33Z	shadow_court.py	-1
2026-09-12T12:32:34Z	syllabus_court.py	-1
2026-09-12T12:32:34Z	richness_court.py	-1
2026-09-12T12:32:34Z	langpack_court.py	-1
2026-09-12T12:32:34Z	langrule_court.py	-1
2026-09-12T12:32:34Z	claims_court.py	-1
2026-09-12T12:32:35Z	program_court.py	-1
2026-09-12T12:32:35Z	statistics_court.py	-1
2026-09-12T12:32:35Z	proof_court.py	-1
2026-09-12T12:32:35Z	machine_court.py	-1
2026-09-12T12:32:35Z	episode_court.py	-1
2026-09-12T12:32:36Z	copula_court.py	-1
2026-09-12T12:32:36Z	markup_court.py	-1
2026-09-12T12:32:36Z	langlayer_court.py	-1
2026-09-12T12:32:36Z	langform_court.py	-1
2026-09-12T12:32:36Z	gsm_census.py	-1
2026-09-12T12:32:37Z	reproducible.py	-1
2026-09-12T12:32:37Z	bash32_court.py	-1
2026-09-12T12:32:37Z	empty_in_court.py	-1
2026-09-12T12:32:37Z	lawfirst_court.py	-1
2026-09-12T12:32:37Z	sign_intact.py	-1
2026-09-12T12:32:37Z	property_named.py	-1
2026-09-12T12:32:37Z	ladder_full.py	-1
2026-09-12T12:32:38Z	name_crossed.py	-1
2026-09-12T12:32:38Z	genre_measured.py	-1
2026-09-12T12:32:38Z	second_copy.py	-1
2026-09-12T12:32:38Z	margin_census.py	-1
2026-09-12T12:32:38Z	reports_index.py	-1
2026-09-12T12:32:38Z	law_atlas.py	-1
2026-09-12T12:32:38Z	court_atlas.py	-1
2026-09-12T12:32:38Z	permuted_fresh.py	-1
2026-09-12T12:32:39Z	build_dated.py	-1
2026-09-12T12:32:39Z	probe_present.py	-1
2026-09-12T12:32:39Z	court_voice.py	-1
2026-09-12T12:32:39Z	broken_law.py	-1
2026-09-12T12:32:39Z	house_api.py	-1
2026-09-12T12:32:39Z	json_hand.py	-1
2026-09-12T12:32:39Z	suite_resume.py	-1
2026-09-12T12:32:39Z	readme_court.py	-1
2026-09-12T12:32:39Z	arith_debt.py	-1
2026-09-12T12:32:40Z	twin_world.py	-1
2026-09-12T12:32:40Z	orphan_world.py	-1
2026-09-12T12:32:40Z	genus_shown.py	-1
2026-09-12T12:32:40Z	oracle_named.py	-1
2026-09-12T12:32:40Z	world_atlas.py	-1
2026-09-12T12:32:40Z	trap_series.py	-1
2026-09-12T12:32:40Z	house_selfcheck.py	-1
2026-09-12T12:32:40Z	manifest_court.py	-1
2026-09-12T12:32:41Z	prose_court.py	-1
2026-09-12T12:32:41Z	mutants.py	-1
2026-09-12T12:32:41Z	lexicon_reach.py	-1
2026-09-12T12:32:41Z	inquiry_pt_nl_court.py	-1
2026-09-12T12:32:41Z	inquiry_pl_tr_court.py	-1
2026-09-12T12:32:41Z	metalang_court.py	-1
2026-09-12T12:32:41Z	glyph_court.py	-1
2026-09-12T12:32:42Z	space_court.py	-1
2026-09-12T12:32:42Z	stenogram_court.py	-1
2026-09-12T12:32:42Z	mathspaces_court.py	-1
2026-09-12T12:32:42Z	gsmforms_court.py	-1
2026-09-12T12:32:42Z	definitions_court.py	-1
2026-09-12T12:32:42Z	pronoun_court.py	-1
2026-09-12T12:32:42Z	money_court.py	-1
2026-09-12T12:32:42Z	holes_court.py	-1
2026-09-12T12:32:43Z	money_langs_court.py	-1
2026-09-12T12:32:43Z	geometry_langs_court.py	-1
2026-09-12T12:32:43Z	units_langs_court.py	-1
2026-09-12T12:32:43Z	stats_langs_court.py	-1
2026-09-12T12:32:43Z	calendar_langs_court.py	-1
2026-09-12T12:32:43Z	sequences_langs_court.py	-1
2026-09-12T12:32:43Z	compare_langs_court.py	-1
2026-09-12T12:32:44Z	share_langs_court.py	-1
2026-09-12T12:32:44Z	physics_langs_court.py	-1
2026-09-12T12:32:44Z	relation_court.py	-1
2026-09-12T12:32:44Z	court_mutants.py	-1
2026-09-12T12:32:44Z	panel_court.py	-1
2026-09-12T12:32:44Z	concept_reach.py	-1
2026-09-12T12:32:44Z	ask_reach.py	-1
2026-09-12T12:32:45Z	band_reach.py	-1
2026-09-12T12:32:45Z	biblio_reach.py	-1
2026-09-12T12:32:45Z	ruverbs_court.py	-1
2026-09-12T12:32:45Z	script_court.py	-1
2026-09-12T12:32:45Z	word_mutants.py	-1
2026-09-12T12:32:45Z	verdict_cover.py	-1
2026-09-12T12:32:45Z	sentence_cover.py	-1
2026-09-12T12:32:46Z	bench_leak.py	-1
2026-09-12T12:32:46Z	shelf_court.py	-1
2026-09-12T12:32:46Z	ask_width.py	-1
2026-09-12T12:32:46Z	notationvar_court.py	-1
2026-09-12T12:32:46Z	prosetree_court.py	-1
2026-09-12T12:32:46Z	longdiv_court.py	-1
2026-09-12T12:32:46Z	form_census.py	-1
2026-09-12T12:32:47Z	houses_census.py	-1
2026-09-12T12:32:47Z	mass_census.py	-1
2026-09-12T12:32:47Z	verbthings_court.py	-1
2026-09-12T12:32:47Z	coverage.py	-1
2026-09-12T12:32:47Z	behavior_court.py	-1
2026-09-12T12:32:48Z	topics_court.py	-1
2026-09-12T12:32:48Z	nature_court.py	-1
2026-09-12T12:32:48Z	links_court.py	-1
2026-09-12T12:32:48Z	scale_court.py	-1
2026-09-12T12:32:48Z	opposites_court.py	-1
2026-09-12T12:32:48Z	roles_court.py	-1
2026-09-12T12:32:49Z	joints_court.py	-1
2026-09-12T12:32:49Z	dialogue_court.py	-1
2026-09-12T12:32:49Z	worldfacts_court.py	-1
2026-09-12T12:32:49Z	infer_court.py	-1
2026-09-12T12:32:49Z	circle_probe.py	-1
2026-09-12T12:32:49Z	agree_probe.py	-1
2026-09-12T12:32:50Z	shelf_declare.py	-1
2026-09-12T12:32:50Z	house_reach.py	-1
2026-09-12T12:32:50Z	head_census.py	-1
2026-09-12T12:32:50Z	form_matrix.py	-1
2026-09-12T12:32:50Z	disj_court.py	-1
2026-09-12T12:32:50Z	indu_court.py	-1
2026-09-12T12:32:51Z	houseshows_court.py	-1
2026-09-12T12:32:51Z	article_court.py	-1
2026-09-12T12:32:51Z	rowframe_court.py	-1
2026-09-12T12:32:51Z	opchoice_court.py	-1
2026-09-12T12:32:51Z	chance_court.py	-1
2026-09-12T12:32:52Z	lever_court.py	-1
2026-09-12T12:32:52Z	zerodiv_court.py	-1
2026-09-12T12:32:52Z	bound_court.py	-1
2026-09-12T12:32:52Z	prec_court.py	-1
2026-09-12T12:32:52Z	estim_court.py	-1
2026-09-12T12:32:53Z	both_court.py	-1
2026-09-12T12:32:53Z	likely_court.py	-1
2026-09-12T12:32:53Z	sameshare_court.py	-1
2026-09-12T12:33:09Z	arith_court.py	-1
2026-09-12T12:33:10Z	algo_court.py	-1
2026-09-12T12:33:10Z	formula_court.py	-1
2026-09-12T12:33:10Z	logic_court.py	-1
2026-09-12T12:33:10Z	physics_court.py	-1
2026-09-12T12:33:10Z	cyber_court.py	-1
2026-09-12T12:33:10Z	agreement_court.py	-1
2026-09-12T12:33:10Z	notation_court.py	-1
2026-09-12T12:33:10Z	unit_court.py	-1
2026-09-12T12:33:10Z	number_court.py	-1
2026-09-12T12:33:10Z	inquiry_court.py	-1
2026-09-12T12:33:10Z	surfaces_court.py	-1
2026-09-12T12:33:10Z	markdown_court.py	-1
2026-09-12T12:33:11Z	doctree_court.py	-1
2026-09-12T12:33:11Z	rates_court.py	-1
2026-09-12T12:33:11Z	formula_lang_court.py	-1
2026-09-12T12:33:11Z	percent_court.py	-1
2026-09-12T12:33:11Z	average_court.py	-1
2026-09-12T12:33:11Z	equation_court.py	-1
2026-09-12T12:33:11Z	dataformat_court.py	-1
2026-09-12T12:33:11Z	everyday_court.py	-1
2026-09-12T12:33:11Z	story_chain_court.py	-1
2026-09-12T12:33:11Z	age_court.py	-1
2026-09-12T12:33:12Z	halves_court.py	-1
2026-09-12T12:33:12Z	inquiry_de_fr_court.py	-1
2026-09-12T12:33:12Z	ru_conversion_court.py	-1
2026-09-12T12:33:12Z	selfmeasure_court.py	-1
2026-09-12T12:33:12Z	ru_compare_court.py	-1
2026-09-12T12:33:12Z	ru_story_court.py	-1
2026-09-12T12:33:12Z	inquiry_es_it_court.py	-1
2026-09-12T12:33:12Z	share_court.py	-1
2026-09-12T12:33:12Z	compare_mult_court.py	-1
2026-09-12T12:33:13Z	sequence_court.py	-1
2026-09-12T12:33:13Z	geometry_court.py	-1
2026-09-12T12:33:13Z	linalg_court.py	-1
2026-09-12T12:33:13Z	calendar_court.py	-1
2026-09-12T12:33:13Z	speech_court.py	-1
2026-09-12T12:33:13Z	rugram_court.py	-1
2026-09-12T12:33:13Z	physlaw_court.py	-1
2026-09-12T12:33:13Z	compsci_court.py	-1
2026-09-12T12:33:13Z	case_court.py	-1
2026-09-12T12:33:14Z	valence_court.py	-1
2026-09-12T12:33:14Z	shadow_court.py	-1
2026-09-12T12:33:14Z	syllabus_court.py	-1
2026-09-12T12:33:14Z	richness_court.py	-1
2026-09-12T12:33:14Z	langpack_court.py	-1
2026-09-12T12:33:14Z	langrule_court.py	-1
2026-09-12T12:33:14Z	claims_court.py	-1
2026-09-12T12:33:14Z	program_court.py	-1
2026-09-12T12:33:15Z	statistics_court.py	-1
2026-09-12T12:33:15Z	proof_court.py	-1
2026-09-12T12:33:15Z	machine_court.py	-1
2026-09-12T12:33:15Z	episode_court.py	-1
2026-09-12T12:33:15Z	copula_court.py	-1
2026-09-12T12:33:15Z	markup_court.py	-1
2026-09-12T12:33:15Z	langlayer_court.py	-1
2026-09-12T12:33:15Z	langform_court.py	-1
2026-09-12T12:33:16Z	gsm_census.py	-1
2026-09-12T12:33:16Z	reproducible.py	-1
2026-09-12T12:33:16Z	bash32_court.py	-1
2026-09-12T12:33:16Z	empty_in_court.py	-1
2026-09-12T12:33:16Z	lawfirst_court.py	-1
2026-09-12T12:33:16Z	sign_intact.py	-1
2026-09-12T12:33:17Z	property_named.py	-1
2026-09-12T12:33:17Z	ladder_full.py	-1
2026-09-12T12:33:17Z	name_crossed.py	-1
2026-09-12T12:33:17Z	genre_measured.py	-1
2026-09-12T12:33:17Z	second_copy.py	-1
2026-09-12T12:33:17Z	margin_census.py	-1
2026-09-12T12:33:17Z	reports_index.py	-1
2026-09-12T12:33:17Z	law_atlas.py	-1
2026-09-12T12:33:18Z	court_atlas.py	-1
2026-09-12T12:33:18Z	permuted_fresh.py	-1
2026-09-12T12:33:18Z	build_dated.py	-1
2026-09-12T12:33:18Z	probe_present.py	-1
2026-09-12T12:33:18Z	court_voice.py	-1
2026-09-12T12:33:18Z	broken_law.py	-1
2026-09-12T12:33:18Z	house_api.py	-1
2026-09-12T12:33:19Z	json_hand.py	-1
2026-09-12T12:33:19Z	suite_resume.py	-1
2026-09-12T12:33:19Z	readme_court.py	-1
2026-09-12T12:33:19Z	arith_debt.py	-1
2026-09-12T12:33:19Z	twin_world.py	-1
2026-09-12T12:33:19Z	orphan_world.py	-1
2026-09-12T12:33:19Z	genus_shown.py	-1
2026-09-12T12:33:19Z	oracle_named.py	-1
2026-09-12T12:33:20Z	world_atlas.py	-1
2026-09-12T12:33:20Z	trap_series.py	-1
2026-09-12T12:33:20Z	house_selfcheck.py	-1
2026-09-12T12:33:20Z	manifest_court.py	-1
2026-09-12T12:33:20Z	prose_court.py	-1
2026-09-12T12:33:20Z	mutants.py	-1
2026-09-12T12:33:20Z	lexicon_reach.py	-1
2026-09-12T12:33:20Z	inquiry_pt_nl_court.py	-1
2026-09-12T12:33:20Z	inquiry_pl_tr_court.py	-1
2026-09-12T12:33:21Z	metalang_court.py	-1
2026-09-12T12:33:21Z	glyph_court.py	-1
2026-09-12T12:33:21Z	space_court.py	-1
2026-09-12T12:33:21Z	stenogram_court.py	-1
2026-09-12T12:33:21Z	mathspaces_court.py	-1
2026-09-12T12:33:21Z	gsmforms_court.py	-1
2026-09-12T12:33:22Z	definitions_court.py	-1
2026-09-12T12:33:22Z	pronoun_court.py	-1
2026-09-12T12:33:22Z	money_court.py	-1
2026-09-12T12:33:22Z	holes_court.py	-1
2026-09-12T12:33:22Z	money_langs_court.py	-1
2026-09-12T12:33:22Z	geometry_langs_court.py	-1
2026-09-12T12:33:22Z	units_langs_court.py	-1
2026-09-12T12:33:23Z	stats_langs_court.py	-1
2026-09-12T12:33:23Z	calendar_langs_court.py	-1
2026-09-12T12:33:23Z	sequences_langs_court.py	-1
2026-09-12T12:33:23Z	compare_langs_court.py	-1
2026-09-12T12:33:23Z	share_langs_court.py	-1
2026-09-12T12:33:23Z	physics_langs_court.py	-1
2026-09-12T12:33:23Z	relation_court.py	-1
2026-09-12T12:33:23Z	court_mutants.py	-1
2026-09-12T12:33:23Z	panel_court.py	-1
2026-09-12T12:33:24Z	concept_reach.py	-1
2026-09-12T12:33:24Z	ask_reach.py	-1
2026-09-12T12:33:24Z	band_reach.py	-1
2026-09-12T12:33:24Z	biblio_reach.py	-1
2026-09-12T12:33:24Z	ruverbs_court.py	-1
2026-09-12T12:33:24Z	script_court.py	-1
2026-09-12T12:33:24Z	word_mutants.py	-1
2026-09-12T12:33:24Z	verdict_cover.py	-1
2026-09-12T12:33:24Z	sentence_cover.py	-1
2026-09-12T12:33:25Z	bench_leak.py	-1
2026-09-12T12:33:25Z	shelf_court.py	-1
2026-09-12T12:33:25Z	ask_width.py	-1
2026-09-12T12:33:25Z	notationvar_court.py	-1
2026-09-12T12:33:25Z	prosetree_court.py	-1
2026-09-12T12:33:25Z	longdiv_court.py	-1
2026-09-12T12:33:25Z	form_census.py	-1
2026-09-12T12:33:25Z	houses_census.py	-1
2026-09-12T12:33:26Z	mass_census.py	-1
2026-09-12T12:33:26Z	verbthings_court.py	-1
2026-09-12T12:33:26Z	coverage.py	-1
2026-09-12T12:33:26Z	behavior_court.py	-1
2026-09-12T12:33:26Z	topics_court.py	-1
2026-09-12T12:33:26Z	nature_court.py	-1
2026-09-12T12:33:26Z	links_court.py	-1
2026-09-12T12:33:26Z	scale_court.py	-1
2026-09-12T12:33:26Z	opposites_court.py	-1
2026-09-12T12:33:27Z	roles_court.py	-1
2026-09-12T12:33:27Z	joints_court.py	-1
2026-09-12T12:33:27Z	dialogue_court.py	-1
2026-09-12T12:33:27Z	worldfacts_court.py	-1
2026-09-12T12:33:27Z	infer_court.py	-1
2026-09-12T12:33:27Z	circle_probe.py	-1
2026-09-12T12:33:27Z	agree_probe.py	-1
2026-09-12T12:33:27Z	shelf_declare.py	-1
2026-09-12T12:33:28Z	house_reach.py	-1
2026-09-12T12:33:28Z	head_census.py	-1
2026-09-12T12:33:28Z	form_matrix.py	-1
2026-09-12T12:33:28Z	disj_court.py	-1
2026-09-12T12:33:28Z	indu_court.py	-1
2026-09-12T12:33:28Z	houseshows_court.py	-1
2026-09-12T12:33:28Z	article_court.py	-1
2026-09-12T12:33:29Z	rowframe_court.py	-1
2026-09-12T12:33:29Z	opchoice_court.py	-1
2026-09-12T12:33:29Z	chance_court.py	-1
2026-09-12T12:33:29Z	lever_court.py	-1
2026-09-12T12:33:29Z	zerodiv_court.py	-1
2026-09-12T12:33:29Z	bound_court.py	-1
2026-09-12T12:33:29Z	prec_court.py	-1
2026-09-12T12:33:29Z	estim_court.py	-1
2026-09-12T12:33:30Z	both_court.py	-1
2026-09-12T12:33:30Z	likely_court.py	-1
2026-09-12T12:33:30Z	sameshare_court.py	-1
2026-09-12T12:33:30Z	factor_court.py	-1
2026-09-12T12:33:30Z	amend_court.py	-1
2026-09-12T12:33:31Z	divrule_court.py	-1
2026-09-12T12:33:31Z	reduce_court.py	-1
2026-09-12T12:33:31Z	cmpshare_court.py	-1
2026-09-12T12:33:31Z	wholeshare_court.py	-1
2026-09-12T12:33:31Z	addshare_court.py	-1
2026-09-12T12:33:31Z	mulshare_court.py	-1
2026-09-12T12:33:31Z	divshare_court.py	-1
2026-09-12T12:33:32Z	neg_court.py	-1
2026-09-12T12:33:32Z	signrul_court.py	-1
2026-09-12T12:33:32Z	opslaw_court.py	-1
2026-09-12T12:33:32Z	signadd_court.py	-1
2026-09-12T12:33:32Z	pow_court.py	-1
2026-09-12T12:33:32Z	dec_court.py	-1
2026-09-12T12:33:33Z	abs_court.py	-1
2026-09-12T12:33:33Z	handy_court.py	-1
2026-09-12T12:33:33Z	prop_court.py	-1
2026-09-12T12:33:33Z	rem_court.py	-1
2026-09-12T12:33:33Z	parity_court.py	-1
2026-09-12T12:33:33Z	pctchange_court.py	-1
2026-09-12T12:33:33Z	pctdiff_court.py	-1
2026-09-12T12:33:34Z	mapscale_court.py	-1
2026-09-12T12:33:34Z	divsense_court.py	-1
2026-09-12T12:39:25Z	arith_court.py	-1
2026-09-12T12:39:25Z	algo_court.py	-1
2026-09-12T12:39:25Z	formula_court.py	-1
2026-09-12T12:39:25Z	logic_court.py	-1
2026-09-12T12:39:25Z	physics_court.py	-1
2026-09-12T12:39:25Z	cyber_court.py	-1
2026-09-12T12:39:25Z	agreement_court.py	-1
2026-09-12T12:39:25Z	notation_court.py	-1
2026-09-12T12:39:25Z	unit_court.py	-1
2026-09-12T12:39:26Z	number_court.py	-1
2026-09-12T12:39:26Z	inquiry_court.py	-1
2026-09-12T12:39:26Z	surfaces_court.py	-1
2026-09-12T12:39:26Z	markdown_court.py	-1
2026-09-12T12:39:26Z	doctree_court.py	-1
2026-09-12T12:39:26Z	rates_court.py	-1
2026-09-12T12:39:26Z	formula_lang_court.py	-1
2026-09-12T12:39:26Z	percent_court.py	-1
2026-09-12T12:39:26Z	average_court.py	-1
2026-09-12T12:39:27Z	equation_court.py	-1
2026-09-12T12:39:27Z	dataformat_court.py	-1
2026-09-12T12:39:27Z	everyday_court.py	-1
2026-09-12T12:39:27Z	story_chain_court.py	-1
2026-09-12T12:39:27Z	age_court.py	-1
2026-09-12T12:39:27Z	halves_court.py	-1
2026-09-12T12:39:27Z	inquiry_de_fr_court.py	-1
2026-09-12T12:39:27Z	ru_conversion_court.py	-1
2026-09-12T12:39:27Z	selfmeasure_court.py	-1
2026-09-12T12:39:27Z	ru_compare_court.py	-1
2026-09-12T12:39:28Z	ru_story_court.py	-1
2026-09-12T12:39:28Z	inquiry_es_it_court.py	-1
2026-09-12T12:39:28Z	share_court.py	-1
2026-09-12T12:39:28Z	compare_mult_court.py	-1
2026-09-12T12:39:28Z	sequence_court.py	-1
2026-09-12T12:39:28Z	geometry_court.py	-1
2026-09-12T12:39:28Z	linalg_court.py	-1
2026-09-12T12:39:28Z	calendar_court.py	-1
2026-09-12T12:39:28Z	speech_court.py	-1
2026-09-12T12:39:28Z	rugram_court.py	-1
2026-09-12T12:39:29Z	physlaw_court.py	-1
2026-09-12T12:39:29Z	compsci_court.py	-1
2026-09-12T12:39:29Z	case_court.py	-1
2026-09-12T12:39:29Z	valence_court.py	-1
2026-09-12T12:39:29Z	shadow_court.py	-1
2026-09-12T12:39:29Z	syllabus_court.py	-1
2026-09-12T12:39:29Z	richness_court.py	-1
2026-09-12T12:39:29Z	langpack_court.py	-1
2026-09-12T12:39:29Z	langrule_court.py	-1
2026-09-12T12:39:29Z	claims_court.py	-1
2026-09-12T12:39:30Z	program_court.py	-1
2026-09-12T12:39:30Z	statistics_court.py	-1
2026-09-12T12:39:30Z	proof_court.py	-1
2026-09-12T12:39:30Z	machine_court.py	-1
2026-09-12T12:39:30Z	episode_court.py	-1
2026-09-12T12:39:30Z	copula_court.py	-1
2026-09-12T12:39:30Z	markup_court.py	-1
2026-09-12T12:39:30Z	langlayer_court.py	-1
2026-09-12T12:39:30Z	langform_court.py	-1
2026-09-12T12:39:31Z	gsm_census.py	-1
2026-09-12T12:39:31Z	reproducible.py	-1
2026-09-12T12:39:31Z	bash32_court.py	-1
2026-09-12T12:39:31Z	empty_in_court.py	-1
2026-09-12T12:39:31Z	lawfirst_court.py	-1
2026-09-12T12:39:31Z	sign_intact.py	-1
2026-09-12T12:39:31Z	property_named.py	-1
2026-09-12T12:39:31Z	ladder_full.py	-1
2026-09-12T12:39:31Z	name_crossed.py	-1
2026-09-12T12:39:32Z	genre_measured.py	-1
2026-09-12T12:39:32Z	second_copy.py	-1
2026-09-12T12:39:32Z	margin_census.py	-1
2026-09-12T12:39:32Z	reports_index.py	-1
2026-09-12T12:39:32Z	law_atlas.py	-1
2026-09-12T12:39:32Z	court_atlas.py	-1
2026-09-12T12:39:32Z	permuted_fresh.py	-1
2026-09-12T12:39:32Z	build_dated.py	-1
2026-09-12T12:39:33Z	probe_present.py	-1
2026-09-12T12:39:33Z	court_voice.py	-1
2026-09-12T12:39:33Z	broken_law.py	-1
2026-09-12T12:39:33Z	house_api.py	-1
2026-09-12T12:39:33Z	json_hand.py	-1
2026-09-12T12:39:33Z	suite_resume.py	-1
2026-09-12T12:39:33Z	readme_court.py	-1
2026-09-12T12:39:33Z	arith_debt.py	-1
2026-09-12T12:39:33Z	twin_world.py	-1
2026-09-12T12:39:34Z	orphan_world.py	-1
2026-09-12T12:39:34Z	genus_shown.py	-1
2026-09-12T12:39:34Z	oracle_named.py	-1
2026-09-12T12:39:34Z	world_atlas.py	-1
2026-09-12T12:39:34Z	trap_series.py	-1
2026-09-12T12:39:34Z	house_selfcheck.py	-1
2026-09-12T12:39:34Z	manifest_court.py	-1
2026-09-12T12:39:34Z	prose_court.py	-1
2026-09-12T12:39:35Z	mutants.py	-1
2026-09-12T12:39:35Z	lexicon_reach.py	-1
2026-09-12T12:39:35Z	inquiry_pt_nl_court.py	-1
2026-09-12T12:39:35Z	inquiry_pl_tr_court.py	-1
2026-09-12T12:39:35Z	metalang_court.py	-1
2026-09-12T12:39:35Z	glyph_court.py	-1
2026-09-12T12:39:35Z	space_court.py	-1
2026-09-12T12:39:35Z	stenogram_court.py	-1
2026-09-12T12:39:36Z	mathspaces_court.py	-1
2026-09-12T12:39:36Z	gsmforms_court.py	-1
2026-09-12T12:39:36Z	definitions_court.py	-1
2026-09-12T12:39:36Z	pronoun_court.py	-1
2026-09-12T12:39:36Z	money_court.py	-1
2026-09-12T12:39:36Z	holes_court.py	-1
2026-09-12T12:39:36Z	money_langs_court.py	-1
2026-09-12T12:39:36Z	geometry_langs_court.py	-1
2026-09-12T12:39:37Z	units_langs_court.py	-1
2026-09-12T12:39:37Z	stats_langs_court.py	-1
2026-09-12T12:39:37Z	calendar_langs_court.py	-1
2026-09-12T12:39:37Z	sequences_langs_court.py	-1
2026-09-12T12:39:37Z	compare_langs_court.py	-1
2026-09-12T12:39:37Z	share_langs_court.py	-1
2026-09-12T12:39:37Z	physics_langs_court.py	-1
2026-09-12T12:39:37Z	relation_court.py	-1
2026-09-12T12:39:37Z	court_mutants.py	-1
2026-09-12T12:39:38Z	panel_court.py	-1
2026-09-12T12:39:38Z	concept_reach.py	-1
2026-09-12T12:39:38Z	ask_reach.py	-1
2026-09-12T12:39:38Z	band_reach.py	-1
2026-09-12T12:39:38Z	biblio_reach.py	-1
2026-09-12T12:39:38Z	ruverbs_court.py	-1
2026-09-12T12:39:38Z	script_court.py	-1
2026-09-12T12:39:38Z	word_mutants.py	-1
2026-09-12T12:39:39Z	verdict_cover.py	-1
2026-09-12T12:39:39Z	sentence_cover.py	-1
2026-09-12T12:39:39Z	bench_leak.py	-1
2026-09-12T12:39:39Z	shelf_court.py	-1
2026-09-12T12:39:39Z	ask_width.py	-1
2026-09-12T12:39:39Z	notationvar_court.py	-1
2026-09-12T12:39:39Z	prosetree_court.py	-1
2026-09-12T12:39:40Z	longdiv_court.py	-1
2026-09-12T12:39:40Z	form_census.py	-1
2026-09-12T12:39:40Z	houses_census.py	-1
2026-09-12T12:39:40Z	mass_census.py	-1
2026-09-12T12:39:40Z	verbthings_court.py	-1
2026-09-12T12:39:40Z	coverage.py	-1
2026-09-12T12:39:40Z	behavior_court.py	-1
2026-09-12T12:39:40Z	topics_court.py	-1
2026-09-12T12:39:41Z	nature_court.py	-1
2026-09-12T12:39:41Z	links_court.py	-1
2026-09-12T12:39:41Z	scale_court.py	-1
2026-09-12T12:39:41Z	opposites_court.py	-1
2026-09-12T12:39:41Z	roles_court.py	-1
2026-09-12T12:39:41Z	joints_court.py	-1
2026-09-12T12:39:41Z	dialogue_court.py	-1
2026-09-12T12:39:41Z	worldfacts_court.py	-1
2026-09-12T12:39:42Z	infer_court.py	-1
2026-09-12T12:39:42Z	circle_probe.py	-1
2026-09-12T12:39:42Z	agree_probe.py	-1
2026-09-12T12:39:42Z	shelf_declare.py	-1
2026-09-12T12:39:42Z	house_reach.py	-1
2026-09-12T12:39:42Z	head_census.py	-1
2026-09-12T12:39:42Z	form_matrix.py	-1
2026-09-12T12:39:43Z	disj_court.py	-1
2026-09-12T12:39:43Z	indu_court.py	-1
2026-09-12T12:39:43Z	houseshows_court.py	-1
2026-09-12T12:39:43Z	article_court.py	-1
2026-09-12T12:39:43Z	rowframe_court.py	-1
2026-09-12T12:39:43Z	opchoice_court.py	-1
2026-09-12T12:39:43Z	chance_court.py	-1
2026-09-12T12:39:44Z	lever_court.py	-1
2026-09-12T12:39:44Z	zerodiv_court.py	-1
2026-09-12T12:39:44Z	bound_court.py	-1
2026-09-12T12:39:44Z	prec_court.py	-1
2026-09-12T12:39:44Z	estim_court.py	-1
2026-09-12T12:39:44Z	both_court.py	-1
2026-09-12T12:39:44Z	likely_court.py	-1
2026-09-12T12:39:44Z	sameshare_court.py	-1
2026-09-12T12:39:45Z	factor_court.py	-1
2026-09-12T12:39:45Z	amend_court.py	-1
2026-09-12T12:39:45Z	divrule_court.py	-1
2026-09-12T12:39:45Z	reduce_court.py	-1
2026-09-12T12:39:45Z	cmpshare_court.py	-1
2026-09-12T12:39:45Z	wholeshare_court.py	-1
2026-09-12T12:39:45Z	addshare_court.py	-1
2026-09-12T12:39:45Z	mulshare_court.py	-1
2026-09-12T12:39:46Z	divshare_court.py	-1
2026-09-12T12:39:46Z	neg_court.py	-1
2026-09-12T12:39:46Z	signrul_court.py	-1
2026-09-12T12:39:46Z	opslaw_court.py	-1
2026-09-12T12:39:46Z	signadd_court.py	-1
2026-09-12T12:39:46Z	pow_court.py	-1
2026-09-12T12:39:46Z	dec_court.py	-1
2026-09-12T12:39:47Z	abs_court.py	-1
2026-09-12T12:39:47Z	handy_court.py	-1
2026-09-12T12:39:47Z	prop_court.py	-1
2026-09-12T12:39:47Z	rem_court.py	-1
2026-09-12T12:39:47Z	parity_court.py	-1
2026-09-12T12:39:47Z	pctchange_court.py	-1
2026-09-12T12:39:47Z	pctdiff_court.py	-1
2026-09-12T12:39:47Z	mapscale_court.py	-1
2026-09-12T12:39:48Z	divsense_court.py	-1
2026-09-12T12:39:48Z	plaus_court.py	-1
2026-09-12T12:39:48Z	point_court.py	-1
2026-09-12T12:39:48Z	need_court.py	-1
2026-09-12T12:39:48Z	inverse_court.py	-1
2026-09-12T12:39:48Z	ceilfloor_court.py	-1
2026-09-12T12:39:48Z	unitcmp_court.py	-1
2026-09-12T12:39:49Z	placeval_court.py	-1
2026-09-12T12:39:49Z	digitlen_court.py	-1
2026-09-12T12:39:49Z	nesuf_court.py	-1
2026-09-12T12:39:49Z	numlabel_court.py	-1
2026-09-12T12:39:49Z	onestep_court.py	-1
2026-09-12T12:39:49Z	closure_court.py	-1
2026-09-12T12:39:49Z	dist_court.py	-1
2026-09-12T12:39:49Z	primewalk_court.py	-1
2026-09-12T12:39:50Z	orderlaw_court.py	-1
2026-09-12T12:40:08Z	arith_court.py	-1
2026-09-12T12:40:08Z	algo_court.py	-1
2026-09-12T12:40:08Z	formula_court.py	-1
2026-09-12T12:40:08Z	logic_court.py	-1
2026-09-12T12:40:08Z	physics_court.py	-1
2026-09-12T12:40:08Z	cyber_court.py	-1
2026-09-12T12:40:09Z	agreement_court.py	-1
2026-09-12T12:40:09Z	notation_court.py	-1
2026-09-12T12:40:09Z	unit_court.py	-1
2026-09-12T12:40:09Z	number_court.py	-1
2026-09-12T12:40:09Z	inquiry_court.py	-1
2026-09-12T12:40:09Z	surfaces_court.py	-1
2026-09-12T12:40:09Z	markdown_court.py	-1
2026-09-12T12:40:10Z	doctree_court.py	-1
2026-09-12T12:40:10Z	rates_court.py	-1
2026-09-12T12:40:10Z	formula_lang_court.py	-1
2026-09-12T12:40:10Z	percent_court.py	-1
2026-09-12T12:40:10Z	average_court.py	-1
2026-09-12T12:40:10Z	equation_court.py	-1
2026-09-12T12:40:11Z	dataformat_court.py	-1
2026-09-12T12:40:11Z	everyday_court.py	-1
2026-09-12T12:40:11Z	story_chain_court.py	-1
2026-09-12T12:40:11Z	age_court.py	-1
2026-09-12T12:40:11Z	halves_court.py	-1
2026-09-12T12:40:11Z	inquiry_de_fr_court.py	-1
2026-09-12T12:40:11Z	ru_conversion_court.py	-1
2026-09-12T12:40:11Z	selfmeasure_court.py	-1
2026-09-12T12:40:12Z	ru_compare_court.py	-1
2026-09-12T12:40:12Z	ru_story_court.py	-1
2026-09-12T12:40:12Z	inquiry_es_it_court.py	-1
2026-09-12T12:40:12Z	share_court.py	-1
2026-09-12T12:40:12Z	compare_mult_court.py	-1
2026-09-12T12:40:12Z	sequence_court.py	-1
2026-09-12T12:40:12Z	geometry_court.py	-1
2026-09-12T12:40:12Z	linalg_court.py	-1
2026-09-12T12:40:13Z	calendar_court.py	-1
2026-09-12T12:40:13Z	speech_court.py	-1
2026-09-12T12:40:13Z	rugram_court.py	-1
2026-09-12T12:40:13Z	physlaw_court.py	-1
2026-09-12T12:40:14Z	compsci_court.py	-1
2026-09-12T12:40:14Z	case_court.py	-1
2026-09-12T12:40:14Z	valence_court.py	-1
2026-09-12T12:40:14Z	shadow_court.py	-1
2026-09-12T12:40:15Z	syllabus_court.py	-1
2026-09-12T12:40:15Z	richness_court.py	-1
2026-09-12T12:40:15Z	langpack_court.py	-1
2026-09-12T12:40:15Z	langrule_court.py	-1
2026-09-12T12:40:15Z	claims_court.py	-1
2026-09-12T12:40:15Z	program_court.py	-1
2026-09-12T12:40:16Z	statistics_court.py	-1
2026-09-12T12:40:16Z	proof_court.py	-1
2026-09-12T12:40:16Z	machine_court.py	-1
2026-09-12T12:40:17Z	episode_court.py	-1
2026-09-12T12:40:17Z	copula_court.py	-1
2026-09-12T12:40:17Z	markup_court.py	-1
2026-09-12T12:40:18Z	langlayer_court.py	-1
2026-09-12T12:40:18Z	langform_court.py	-1
2026-09-12T12:40:18Z	gsm_census.py	-1
2026-09-12T12:40:18Z	reproducible.py	-1
2026-09-12T12:40:18Z	bash32_court.py	-1
2026-09-12T12:40:19Z	empty_in_court.py	-1
2026-09-12T12:40:19Z	lawfirst_court.py	-1
2026-09-12T12:40:19Z	sign_intact.py	-1
2026-09-12T12:40:19Z	property_named.py	-1
2026-09-12T12:40:20Z	ladder_full.py	-1
2026-09-12T12:40:20Z	name_crossed.py	-1
2026-09-12T12:40:20Z	genre_measured.py	-1
2026-09-12T12:40:21Z	second_copy.py	-1
2026-09-12T12:40:21Z	margin_census.py	-1
2026-09-12T12:40:21Z	reports_index.py	-1
2026-09-12T12:40:21Z	law_atlas.py	-1
2026-09-12T12:40:22Z	court_atlas.py	-1
2026-09-12T12:40:22Z	permuted_fresh.py	-1
2026-09-12T12:40:22Z	build_dated.py	-1
2026-09-12T12:40:22Z	probe_present.py	-1
2026-09-12T12:40:23Z	court_voice.py	-1
2026-09-12T12:40:23Z	broken_law.py	-1
2026-09-12T12:40:23Z	house_api.py	-1
2026-09-12T12:40:23Z	json_hand.py	-1
2026-09-12T12:40:24Z	suite_resume.py	-1
2026-09-12T12:40:24Z	readme_court.py	-1
2026-09-12T12:40:24Z	arith_debt.py	-1
2026-09-12T12:40:24Z	twin_world.py	-1
2026-09-12T12:40:25Z	orphan_world.py	-1
2026-09-12T12:40:25Z	genus_shown.py	-1
2026-09-12T12:40:25Z	oracle_named.py	-1
2026-09-12T12:40:25Z	world_atlas.py	-1
2026-09-12T12:40:25Z	trap_series.py	-1
2026-09-12T12:40:26Z	house_selfcheck.py	-1
2026-09-12T12:40:26Z	manifest_court.py	-1
2026-09-12T12:40:26Z	prose_court.py	-1
2026-09-12T12:40:44Z	arith_court.py	-1
2026-09-12T12:40:44Z	algo_court.py	-1
2026-09-12T12:40:44Z	formula_court.py	-1
2026-09-12T12:40:44Z	logic_court.py	-1
2026-09-12T12:40:44Z	physics_court.py	-1
2026-09-12T12:40:44Z	cyber_court.py	-1
2026-09-12T12:40:44Z	agreement_court.py	-1
2026-09-12T12:40:45Z	notation_court.py	-1
2026-09-12T12:40:45Z	unit_court.py	-1
2026-09-12T12:40:45Z	number_court.py	-1
2026-09-12T12:40:45Z	inquiry_court.py	-1
2026-09-12T12:40:45Z	surfaces_court.py	-1
2026-09-12T12:40:45Z	markdown_court.py	-1
2026-09-12T12:40:45Z	doctree_court.py	-1
2026-09-12T12:40:45Z	rates_court.py	-1
2026-09-12T12:40:46Z	formula_lang_court.py	-1
2026-09-12T12:40:46Z	percent_court.py	-1
2026-09-12T12:40:46Z	average_court.py	-1
2026-09-12T12:40:46Z	equation_court.py	-1
2026-09-12T12:40:46Z	dataformat_court.py	-1
2026-09-12T12:40:46Z	everyday_court.py	-1
2026-09-12T12:40:46Z	story_chain_court.py	-1
2026-09-12T12:40:46Z	age_court.py	-1
2026-09-12T12:40:47Z	halves_court.py	-1
2026-09-12T12:40:47Z	inquiry_de_fr_court.py	-1
2026-09-12T12:40:47Z	ru_conversion_court.py	-1
2026-09-12T12:40:47Z	selfmeasure_court.py	-1
2026-09-12T12:40:47Z	ru_compare_court.py	-1
2026-09-12T12:40:47Z	ru_story_court.py	-1
2026-09-12T12:40:47Z	inquiry_es_it_court.py	-1
2026-09-12T12:40:48Z	share_court.py	-1
2026-09-12T12:40:48Z	compare_mult_court.py	-1
2026-09-12T12:40:48Z	sequence_court.py	-1
2026-09-12T12:40:48Z	geometry_court.py	-1
2026-09-12T12:40:48Z	linalg_court.py	-1
2026-09-12T12:40:48Z	calendar_court.py	-1
2026-09-12T12:40:48Z	speech_court.py	-1
2026-09-12T12:40:48Z	rugram_court.py	-1
2026-09-12T12:40:49Z	physlaw_court.py	-1
2026-09-12T12:40:49Z	compsci_court.py	-1
2026-09-12T12:40:49Z	case_court.py	-1
2026-09-12T12:40:49Z	valence_court.py	-1
2026-09-12T12:40:49Z	shadow_court.py	-1
2026-09-12T12:40:49Z	syllabus_court.py	-1
2026-09-12T12:40:49Z	richness_court.py	-1
2026-09-12T12:40:50Z	langpack_court.py	-1
2026-09-12T12:40:50Z	langrule_court.py	-1
2026-09-12T12:40:50Z	claims_court.py	-1
2026-09-12T12:40:50Z	program_court.py	-1
2026-09-12T12:40:50Z	statistics_court.py	-1
2026-09-12T12:40:50Z	proof_court.py	-1
2026-09-12T12:40:50Z	machine_court.py	-1
2026-09-12T12:40:50Z	episode_court.py	-1
2026-09-12T12:40:50Z	copula_court.py	-1
2026-09-12T12:40:51Z	markup_court.py	-1
2026-09-12T12:40:51Z	langlayer_court.py	-1
2026-09-12T12:40:51Z	langform_court.py	-1
2026-09-12T12:40:51Z	gsm_census.py	-1
2026-09-12T12:40:51Z	reproducible.py	-1
2026-09-12T12:40:51Z	bash32_court.py	-1
2026-09-12T12:40:51Z	empty_in_court.py	-1
2026-09-12T12:40:52Z	lawfirst_court.py	-1
2026-09-12T12:40:52Z	sign_intact.py	-1
2026-09-12T12:40:52Z	property_named.py	-1
2026-09-12T12:40:52Z	ladder_full.py	-1
2026-09-12T12:40:52Z	name_crossed.py	-1
2026-09-12T12:40:53Z	genre_measured.py	-1
2026-09-12T12:40:53Z	second_copy.py	-1
2026-09-12T12:40:53Z	margin_census.py	-1
2026-09-12T12:40:53Z	reports_index.py	-1
2026-09-12T12:40:53Z	law_atlas.py	-1
2026-09-12T12:40:53Z	court_atlas.py	-1
2026-09-12T12:40:53Z	permuted_fresh.py	-1
2026-09-12T12:40:53Z	build_dated.py	-1
2026-09-12T12:40:54Z	probe_present.py	-1
2026-09-12T12:40:54Z	court_voice.py	-1
2026-09-12T12:40:54Z	broken_law.py	-1
2026-09-12T12:40:54Z	house_api.py	-1
2026-09-12T12:40:54Z	json_hand.py	-1
2026-09-12T12:40:54Z	suite_resume.py	-1
2026-09-12T12:40:54Z	readme_court.py	-1
2026-09-12T12:40:55Z	arith_debt.py	-1
2026-09-12T12:40:55Z	twin_world.py	-1
2026-09-12T12:40:55Z	orphan_world.py	-1
2026-09-12T12:40:55Z	genus_shown.py	-1
2026-09-12T12:40:55Z	oracle_named.py	-1
2026-09-12T12:40:55Z	world_atlas.py	-1
2026-09-12T12:40:55Z	trap_series.py	-1
2026-09-12T12:40:56Z	house_selfcheck.py	-1
2026-09-12T12:40:56Z	manifest_court.py	-1
2026-09-12T12:40:56Z	prose_court.py	-1
2026-09-12T12:40:56Z	mutants.py	-1
2026-09-12T12:40:56Z	lexicon_reach.py	-1
2026-09-12T12:40:56Z	inquiry_pt_nl_court.py	-1
2026-09-12T12:40:56Z	inquiry_pl_tr_court.py	-1
2026-09-12T12:40:57Z	metalang_court.py	-1
2026-09-12T12:40:57Z	glyph_court.py	-1
2026-09-12T12:40:57Z	space_court.py	-1
2026-09-12T12:40:57Z	stenogram_court.py	-1
2026-09-12T12:40:57Z	mathspaces_court.py	-1
2026-09-12T12:40:57Z	gsmforms_court.py	-1
2026-09-12T12:40:57Z	definitions_court.py	-1
2026-09-12T12:40:57Z	pronoun_court.py	-1
2026-09-12T12:40:58Z	money_court.py	-1
2026-09-12T12:40:58Z	holes_court.py	-1
2026-09-12T12:40:58Z	money_langs_court.py	-1
2026-09-12T12:40:58Z	geometry_langs_court.py	-1
2026-09-12T12:40:58Z	units_langs_court.py	-1
2026-09-12T12:40:58Z	stats_langs_court.py	-1
2026-09-12T12:40:58Z	calendar_langs_court.py	-1
2026-09-12T12:40:58Z	sequences_langs_court.py	-1
2026-09-12T12:40:59Z	compare_langs_court.py	-1
2026-09-12T12:40:59Z	share_langs_court.py	-1
2026-09-12T12:40:59Z	physics_langs_court.py	-1
2026-09-12T12:40:59Z	relation_court.py	-1
2026-09-12T12:40:59Z	court_mutants.py	-1
2026-09-12T12:40:59Z	panel_court.py	-1
2026-09-12T12:40:59Z	concept_reach.py	-1
2026-09-12T12:41:00Z	ask_reach.py	-1
2026-09-12T12:41:00Z	band_reach.py	-1
2026-09-12T12:41:00Z	biblio_reach.py	-1
2026-09-12T12:41:00Z	ruverbs_court.py	-1
2026-09-12T12:41:00Z	script_court.py	-1
2026-09-12T12:41:00Z	word_mutants.py	-1
2026-09-12T12:41:00Z	verdict_cover.py	-1
2026-09-12T12:41:01Z	sentence_cover.py	-1
2026-09-12T12:41:01Z	bench_leak.py	-1
2026-09-12T12:41:01Z	shelf_court.py	-1
2026-09-12T12:41:01Z	ask_width.py	-1
2026-09-12T12:41:01Z	notationvar_court.py	-1
2026-09-12T12:41:01Z	prosetree_court.py	-1
2026-09-12T12:41:01Z	longdiv_court.py	-1
2026-09-12T12:41:01Z	form_census.py	-1
2026-09-12T12:41:02Z	houses_census.py	-1
2026-09-12T12:41:02Z	mass_census.py	-1
2026-09-12T12:41:02Z	verbthings_court.py	-1
2026-09-12T12:41:02Z	coverage.py	-1
2026-09-12T12:41:02Z	behavior_court.py	-1
2026-09-12T12:41:02Z	topics_court.py	-1
2026-09-12T12:41:02Z	nature_court.py	-1
2026-09-12T12:41:03Z	links_court.py	-1
2026-09-12T12:41:03Z	scale_court.py	-1
2026-09-12T12:41:03Z	opposites_court.py	-1
2026-09-12T12:41:03Z	roles_court.py	-1
2026-09-12T12:41:03Z	joints_court.py	-1
2026-09-12T12:41:03Z	dialogue_court.py	-1
2026-09-12T12:41:03Z	worldfacts_court.py	-1
2026-09-12T12:41:03Z	infer_court.py	-1
2026-09-12T12:41:04Z	circle_probe.py	-1
2026-09-12T12:41:04Z	agree_probe.py	-1
2026-09-12T12:41:04Z	shelf_declare.py	-1
2026-09-12T12:41:04Z	house_reach.py	-1
2026-09-12T12:41:04Z	head_census.py	-1
2026-09-12T12:41:04Z	form_matrix.py	-1
2026-09-12T12:41:04Z	disj_court.py	-1
2026-09-12T12:41:04Z	indu_court.py	-1
2026-09-12T12:41:05Z	houseshows_court.py	-1
2026-09-12T12:41:05Z	article_court.py	-1
2026-09-12T12:41:05Z	rowframe_court.py	-1
2026-09-12T12:41:05Z	opchoice_court.py	-1
2026-09-12T12:41:05Z	chance_court.py	-1
2026-09-12T12:41:05Z	lever_court.py	-1
2026-09-12T12:41:06Z	zerodiv_court.py	-1
2026-09-12T12:41:06Z	bound_court.py	-1
2026-09-12T12:41:06Z	prec_court.py	-1
2026-09-12T12:41:06Z	estim_court.py	-1
2026-09-12T12:41:06Z	both_court.py	-1
2026-09-12T12:41:06Z	likely_court.py	-1
2026-09-12T12:41:06Z	sameshare_court.py	-1
2026-09-12T12:41:07Z	factor_court.py	-1
2026-09-12T12:41:07Z	amend_court.py	-1
2026-09-12T12:41:07Z	divrule_court.py	-1
2026-09-12T12:41:07Z	reduce_court.py	-1
2026-09-12T12:41:07Z	cmpshare_court.py	-1
2026-09-12T12:41:07Z	wholeshare_court.py	-1
2026-09-12T12:41:07Z	addshare_court.py	-1
2026-09-12T12:41:07Z	mulshare_court.py	-1
2026-09-12T12:41:08Z	divshare_court.py	-1
2026-09-12T12:41:08Z	neg_court.py	-1
2026-09-12T12:41:08Z	signrul_court.py	-1
2026-09-12T12:41:08Z	opslaw_court.py	-1
2026-09-12T12:41:08Z	signadd_court.py	-1
2026-09-12T12:41:08Z	pow_court.py	-1
2026-09-12T12:41:08Z	dec_court.py	-1
2026-09-12T12:41:09Z	abs_court.py	-1
2026-09-12T12:41:09Z	handy_court.py	-1
2026-09-12T12:41:09Z	prop_court.py	-1
2026-09-12T12:41:09Z	rem_court.py	-1
2026-09-12T12:41:09Z	parity_court.py	-1
2026-09-12T12:41:09Z	pctchange_court.py	-1
2026-09-12T12:41:09Z	pctdiff_court.py	-1
2026-09-12T12:41:10Z	mapscale_court.py	-1
2026-09-12T12:41:10Z	divsense_court.py	-1
2026-09-12T12:41:10Z	plaus_court.py	-1
2026-09-12T12:41:10Z	point_court.py	-1
2026-09-12T12:41:10Z	need_court.py	-1
2026-09-12T12:41:10Z	inverse_court.py	-1
2026-09-12T12:41:10Z	ceilfloor_court.py	-1
2026-09-12T12:41:11Z	unitcmp_court.py	-1
2026-09-12T12:41:11Z	placeval_court.py	-1
2026-09-12T12:41:11Z	digitlen_court.py	-1
2026-09-12T12:41:11Z	nesuf_court.py	-1
2026-09-12T12:41:11Z	numlabel_court.py	-1
2026-09-12T12:41:11Z	onestep_court.py	-1
2026-09-12T12:41:11Z	closure_court.py	-1
2026-09-12T12:41:12Z	dist_court.py	-1
2026-09-12T12:41:12Z	primewalk_court.py	-1
2026-09-12T12:41:12Z	orderlaw_court.py	-1
2026-09-12T12:41:12Z	gender_court.py	-1
2026-09-12T12:41:12Z	measureprec_court.py	-1
2026-09-12T12:41:12Z	chancetrap_court.py	-1
2026-09-12T12:41:12Z	ratetrap_court.py	-1
2026-09-12T12:41:12Z	negquant_court.py	-1
2026-09-12T12:41:13Z	measuregrow_court.py	-1
2026-09-12T12:41:13Z	dim_court.py	-1
2026-09-12T12:41:13Z	fence_court.py	-1
2026-09-12T12:41:13Z	measure_court.py	-1
2026-09-12T12:41:13Z	turn_court.py	-1
2026-09-12T12:41:13Z	overlap_court.py	-1
2026-09-12T12:41:13Z	wmean_court.py	-1
2026-09-12T12:41:14Z	cond_court.py	-1
2026-09-12T12:41:14Z	numline_court.py	-1
2026-09-12T12:41:14Z	squnit_court.py	-1
2026-09-12T12:41:35Z	arith_court.py	-1
2026-09-12T12:41:35Z	algo_court.py	-1
2026-09-12T12:41:35Z	formula_court.py	-1
2026-09-12T12:41:35Z	logic_court.py	-1
2026-09-12T12:41:35Z	physics_court.py	-1
2026-09-12T12:41:36Z	cyber_court.py	-1
2026-09-12T12:41:36Z	agreement_court.py	-1
2026-09-12T12:41:36Z	notation_court.py	-1
2026-09-12T12:41:36Z	unit_court.py	-1
2026-09-12T12:41:37Z	number_court.py	-1
2026-09-12T12:41:37Z	inquiry_court.py	-1
2026-09-12T12:41:37Z	surfaces_court.py	-1
2026-09-12T12:41:37Z	markdown_court.py	-1
2026-09-12T12:41:38Z	doctree_court.py	-1
2026-09-12T12:41:38Z	rates_court.py	-1
2026-09-12T12:41:38Z	formula_lang_court.py	-1
2026-09-12T12:41:38Z	percent_court.py	-1
2026-09-12T12:41:38Z	average_court.py	-1
2026-09-12T12:41:38Z	equation_court.py	-1
2026-09-12T12:41:39Z	dataformat_court.py	-1
2026-09-12T12:41:39Z	everyday_court.py	-1
2026-09-12T12:41:39Z	story_chain_court.py	-1
2026-09-12T12:41:40Z	age_court.py	-1
2026-09-12T12:41:40Z	halves_court.py	-1
2026-09-12T12:41:40Z	inquiry_de_fr_court.py	-1
2026-09-12T12:41:40Z	ru_conversion_court.py	-1
2026-09-12T12:41:41Z	selfmeasure_court.py	-1
2026-09-12T12:41:41Z	ru_compare_court.py	-1
2026-09-12T12:41:41Z	ru_story_court.py	-1
2026-09-12T12:41:41Z	inquiry_es_it_court.py	-1
2026-09-12T12:41:41Z	share_court.py	-1
2026-09-12T12:41:41Z	compare_mult_court.py	-1
2026-09-12T12:41:41Z	sequence_court.py	-1
2026-09-12T12:41:42Z	geometry_court.py	-1
2026-09-12T12:41:42Z	linalg_court.py	-1
2026-09-12T12:41:42Z	calendar_court.py	-1
2026-09-12T12:41:42Z	speech_court.py	-1
2026-09-12T12:41:42Z	rugram_court.py	-1
2026-09-12T12:41:42Z	physlaw_court.py	-1
2026-09-12T12:41:43Z	compsci_court.py	-1
2026-09-12T12:41:43Z	case_court.py	-1
2026-09-12T12:41:43Z	valence_court.py	-1
2026-09-12T12:41:43Z	shadow_court.py	-1
2026-09-12T12:41:43Z	syllabus_court.py	-1
2026-09-12T12:41:43Z	richness_court.py	-1
2026-09-12T12:41:44Z	langpack_court.py	-1
2026-09-12T12:41:44Z	langrule_court.py	-1
2026-09-12T12:41:44Z	claims_court.py	-1
2026-09-12T12:41:44Z	program_court.py	-1
2026-09-12T12:41:44Z	statistics_court.py	-1
2026-09-12T12:41:44Z	proof_court.py	-1
2026-09-12T12:41:45Z	machine_court.py	-1
2026-09-12T12:41:45Z	episode_court.py	-1
2026-09-12T12:41:45Z	copula_court.py	-1
2026-09-12T12:41:45Z	markup_court.py	-1
2026-09-12T12:41:45Z	langlayer_court.py	-1
2026-09-12T12:41:45Z	langform_court.py	-1
2026-09-12T12:41:46Z	gsm_census.py	-1
2026-09-12T12:41:46Z	reproducible.py	-1
2026-09-12T12:41:46Z	bash32_court.py	-1
2026-09-12T12:41:46Z	empty_in_court.py	-1
2026-09-12T12:41:46Z	lawfirst_court.py	-1
2026-09-12T12:41:47Z	sign_intact.py	-1
2026-09-12T12:41:47Z	property_named.py	-1
2026-09-12T12:41:47Z	ladder_full.py	-1
2026-09-12T12:41:47Z	name_crossed.py	-1
2026-09-12T12:41:47Z	genre_measured.py	-1
2026-09-12T12:41:48Z	second_copy.py	-1
2026-09-12T12:41:48Z	margin_census.py	-1
2026-09-12T12:42:06Z	arith_court.py	-1
2026-09-12T12:42:06Z	algo_court.py	-1
2026-09-12T12:42:06Z	formula_court.py	-1
2026-09-12T12:42:06Z	logic_court.py	-1
2026-09-12T12:42:06Z	physics_court.py	-1
2026-09-12T12:42:06Z	cyber_court.py	-1
2026-09-12T12:42:06Z	agreement_court.py	-1
2026-09-12T12:42:06Z	notation_court.py	-1
2026-09-12T12:42:06Z	unit_court.py	-1
2026-09-12T12:42:07Z	number_court.py	-1
2026-09-12T12:42:07Z	inquiry_court.py	-1
2026-09-12T12:42:07Z	surfaces_court.py	-1
2026-09-12T12:42:07Z	markdown_court.py	-1
2026-09-12T12:42:07Z	doctree_court.py	-1
2026-09-12T12:42:07Z	rates_court.py	-1
2026-09-12T12:42:07Z	formula_lang_court.py	-1
2026-09-12T12:42:07Z	percent_court.py	-1
2026-09-12T12:42:08Z	average_court.py	-1
2026-09-12T12:42:08Z	equation_court.py	-1
2026-09-12T12:42:08Z	dataformat_court.py	-1
2026-09-12T12:42:08Z	everyday_court.py	-1
2026-09-12T12:42:08Z	story_chain_court.py	-1
2026-09-12T12:42:08Z	age_court.py	-1
2026-09-12T12:42:08Z	halves_court.py	-1
2026-09-12T12:42:08Z	inquiry_de_fr_court.py	-1
2026-09-12T12:42:08Z	ru_conversion_court.py	-1
2026-09-12T12:42:09Z	selfmeasure_court.py	-1
2026-09-12T12:42:09Z	ru_compare_court.py	-1
2026-09-12T12:42:09Z	ru_story_court.py	-1
2026-09-12T12:42:09Z	inquiry_es_it_court.py	-1
2026-09-12T12:42:09Z	share_court.py	-1
2026-09-12T12:42:09Z	compare_mult_court.py	-1
2026-09-12T12:42:09Z	sequence_court.py	-1
2026-09-12T12:42:09Z	geometry_court.py	-1
2026-09-12T12:42:10Z	linalg_court.py	-1
2026-09-12T12:42:10Z	calendar_court.py	-1
2026-09-12T12:42:10Z	speech_court.py	-1
2026-09-12T12:42:10Z	rugram_court.py	-1
2026-09-12T12:42:10Z	physlaw_court.py	-1
2026-09-12T12:42:10Z	compsci_court.py	-1
2026-09-12T12:42:10Z	case_court.py	-1
2026-09-12T12:42:10Z	valence_court.py	-1
2026-09-12T12:42:10Z	shadow_court.py	-1
2026-09-12T12:42:11Z	syllabus_court.py	-1
2026-09-12T12:42:11Z	richness_court.py	-1
2026-09-12T12:42:11Z	langpack_court.py	-1
2026-09-12T12:42:11Z	langrule_court.py	-1
2026-09-12T12:42:11Z	claims_court.py	-1
2026-09-12T12:42:11Z	program_court.py	-1
2026-09-12T12:42:11Z	statistics_court.py	-1
2026-09-12T12:42:11Z	proof_court.py	-1
2026-09-12T12:42:12Z	machine_court.py	-1
2026-09-12T12:42:12Z	episode_court.py	-1
2026-09-12T12:42:12Z	copula_court.py	-1
2026-09-12T12:42:12Z	markup_court.py	-1
2026-09-12T12:42:12Z	langlayer_court.py	-1
2026-09-12T12:42:12Z	langform_court.py	-1
2026-09-12T12:42:12Z	gsm_census.py	-1
2026-09-12T12:42:12Z	reproducible.py	-1
2026-09-12T12:42:12Z	bash32_court.py	-1
2026-09-12T12:42:13Z	empty_in_court.py	-1
2026-09-12T12:42:13Z	lawfirst_court.py	-1
2026-09-12T12:42:13Z	sign_intact.py	-1
2026-09-12T12:42:13Z	property_named.py	-1
2026-09-12T12:42:13Z	ladder_full.py	-1
2026-09-12T12:42:13Z	name_crossed.py	-1
2026-09-12T12:42:13Z	genre_measured.py	-1
2026-09-12T12:42:13Z	second_copy.py	-1
2026-09-12T12:42:13Z	margin_census.py	-1
2026-09-12T12:42:14Z	reports_index.py	-1
2026-09-12T12:42:14Z	law_atlas.py	-1
2026-09-12T12:42:14Z	court_atlas.py	-1
2026-09-12T12:42:14Z	permuted_fresh.py	-1
2026-09-12T12:42:14Z	build_dated.py	-1
2026-09-12T12:42:14Z	probe_present.py	-1
2026-09-12T12:42:14Z	court_voice.py	-1
2026-09-12T12:42:14Z	broken_law.py	-1
2026-09-12T12:42:14Z	house_api.py	-1
2026-09-12T12:42:15Z	json_hand.py	-1
2026-09-12T12:42:15Z	suite_resume.py	-1
2026-09-12T12:42:15Z	readme_court.py	-1
2026-09-12T12:42:15Z	arith_debt.py	-1
2026-09-12T12:42:15Z	twin_world.py	-1
2026-09-12T12:42:15Z	orphan_world.py	-1
2026-09-12T12:42:15Z	genus_shown.py	-1
2026-09-12T12:42:15Z	oracle_named.py	-1
2026-09-12T12:42:16Z	world_atlas.py	-1
2026-09-12T12:42:16Z	trap_series.py	-1
2026-09-12T12:42:16Z	house_selfcheck.py	-1
2026-09-12T12:42:16Z	manifest_court.py	-1
2026-09-12T12:42:16Z	prose_court.py	-1
2026-09-12T12:42:16Z	mutants.py	-1
2026-09-12T12:42:16Z	lexicon_reach.py	-1
2026-09-12T12:42:17Z	inquiry_pt_nl_court.py	-1
2026-09-12T12:42:17Z	inquiry_pl_tr_court.py	-1
2026-09-12T12:42:17Z	metalang_court.py	-1
2026-09-12T12:42:17Z	glyph_court.py	-1
2026-09-12T12:42:17Z	space_court.py	-1
2026-09-12T12:42:17Z	stenogram_court.py	-1
2026-09-12T12:42:17Z	mathspaces_court.py	-1
2026-09-12T12:42:17Z	gsmforms_court.py	-1
2026-09-12T12:42:18Z	definitions_court.py	-1
2026-09-12T12:42:18Z	pronoun_court.py	-1
2026-09-12T12:42:18Z	money_court.py	-1
2026-09-12T12:42:18Z	holes_court.py	-1
2026-09-12T12:42:18Z	money_langs_court.py	-1
2026-09-12T12:42:18Z	geometry_langs_court.py	-1
2026-09-12T12:42:18Z	units_langs_court.py	-1
2026-09-12T12:42:18Z	stats_langs_court.py	-1
2026-09-12T12:42:18Z	calendar_langs_court.py	-1
2026-09-12T12:42:19Z	sequences_langs_court.py	-1
2026-09-12T12:42:19Z	compare_langs_court.py	-1
2026-09-12T12:42:19Z	share_langs_court.py	-1
2026-09-12T12:42:19Z	physics_langs_court.py	-1
2026-09-12T12:42:19Z	relation_court.py	-1
2026-09-12T12:42:19Z	court_mutants.py	-1
2026-09-12T12:42:19Z	panel_court.py	-1
2026-09-12T12:42:19Z	concept_reach.py	-1
2026-09-12T12:42:20Z	ask_reach.py	-1
2026-09-12T12:42:20Z	band_reach.py	-1
2026-09-12T12:42:20Z	biblio_reach.py	-1
2026-09-12T12:42:20Z	ruverbs_court.py	-1
2026-09-12T12:42:20Z	script_court.py	-1
2026-09-12T12:42:20Z	word_mutants.py	-1
2026-09-12T12:42:20Z	verdict_cover.py	-1
2026-09-12T12:42:20Z	sentence_cover.py	-1
2026-09-12T12:42:21Z	bench_leak.py	-1
2026-09-12T12:42:21Z	shelf_court.py	-1
2026-09-12T12:42:21Z	ask_width.py	-1
2026-09-12T12:42:21Z	notationvar_court.py	-1
2026-09-12T12:42:21Z	prosetree_court.py	-1
2026-09-12T12:42:21Z	longdiv_court.py	-1
2026-09-12T12:42:21Z	form_census.py	-1
2026-09-12T12:42:22Z	houses_census.py	-1
2026-09-12T12:42:22Z	mass_census.py	-1
2026-09-12T12:42:22Z	verbthings_court.py	-1
2026-09-12T12:42:22Z	coverage.py	-1
2026-09-12T12:42:22Z	behavior_court.py	-1
2026-09-12T12:42:22Z	topics_court.py	-1
2026-09-12T12:42:22Z	nature_court.py	-1
2026-09-12T12:42:22Z	links_court.py	-1
2026-09-12T12:42:23Z	scale_court.py	-1
2026-09-12T12:42:23Z	opposites_court.py	-1
2026-09-12T12:42:23Z	roles_court.py	-1
2026-09-12T12:42:23Z	joints_court.py	-1
2026-09-12T12:42:23Z	dialogue_court.py	-1
2026-09-12T12:42:23Z	worldfacts_court.py	-1
2026-09-12T12:42:23Z	infer_court.py	-1
2026-09-12T12:42:24Z	circle_probe.py	-1
2026-09-12T12:42:24Z	agree_probe.py	-1
2026-09-12T12:42:24Z	shelf_declare.py	-1
2026-09-12T12:42:24Z	house_reach.py	-1
2026-09-12T12:42:24Z	head_census.py	-1
2026-09-12T12:42:24Z	form_matrix.py	-1
2026-09-12T12:42:24Z	disj_court.py	-1
2026-09-12T12:42:24Z	indu_court.py	-1
2026-09-12T12:42:25Z	houseshows_court.py	-1
2026-09-12T12:42:25Z	article_court.py	-1
2026-09-12T12:42:25Z	rowframe_court.py	-1
2026-09-12T12:42:25Z	opchoice_court.py	-1
2026-09-12T12:42:25Z	chance_court.py	-1
2026-09-12T12:42:25Z	lever_court.py	-1
2026-09-12T12:42:25Z	zerodiv_court.py	-1
2026-09-12T12:42:25Z	bound_court.py	-1
2026-09-12T12:42:26Z	prec_court.py	-1
2026-09-12T12:42:26Z	estim_court.py	-1
2026-09-12T12:42:26Z	both_court.py	-1
2026-09-12T12:42:26Z	likely_court.py	-1
2026-09-12T12:42:26Z	sameshare_court.py	-1
2026-09-12T12:42:26Z	factor_court.py	-1
2026-09-12T12:42:26Z	amend_court.py	-1
2026-09-12T12:42:26Z	divrule_court.py	-1
2026-09-12T12:42:27Z	reduce_court.py	-1
2026-09-12T12:42:27Z	cmpshare_court.py	-1
2026-09-12T12:42:27Z	wholeshare_court.py	-1
2026-09-12T12:42:27Z	addshare_court.py	-1
2026-09-12T12:42:27Z	mulshare_court.py	-1
2026-09-12T12:42:27Z	divshare_court.py	-1
2026-09-12T12:42:27Z	neg_court.py	-1
2026-09-12T12:42:27Z	signrul_court.py	-1
2026-09-12T12:42:28Z	opslaw_court.py	-1
2026-09-12T12:42:28Z	signadd_court.py	-1
2026-09-12T12:42:28Z	pow_court.py	-1
2026-09-12T12:42:28Z	dec_court.py	-1
2026-09-12T12:42:28Z	abs_court.py	-1
2026-09-12T12:42:28Z	handy_court.py	-1
2026-09-12T12:42:28Z	prop_court.py	-1
2026-09-12T12:42:29Z	rem_court.py	-1
2026-09-12T12:42:29Z	parity_court.py	-1
2026-09-12T12:42:29Z	pctchange_court.py	-1
2026-09-12T12:42:29Z	pctdiff_court.py	-1
2026-09-12T12:42:29Z	mapscale_court.py	-1
2026-09-12T12:42:29Z	divsense_court.py	-1
2026-09-12T12:42:29Z	plaus_court.py	-1
2026-09-12T12:42:29Z	point_court.py	-1
2026-09-12T12:42:30Z	need_court.py	-1
2026-09-12T12:42:30Z	inverse_court.py	-1
2026-09-12T12:42:30Z	ceilfloor_court.py	-1
2026-09-12T12:42:30Z	unitcmp_court.py	-1
2026-09-12T12:42:30Z	placeval_court.py	-1
2026-09-12T12:42:30Z	digitlen_court.py	-1
2026-09-12T12:42:30Z	nesuf_court.py	-1
2026-09-12T12:42:31Z	numlabel_court.py	-1
2026-09-12T12:42:31Z	onestep_court.py	-1
2026-09-12T12:42:31Z	closure_court.py	-1
2026-09-12T12:42:31Z	dist_court.py	-1
2026-09-12T12:42:31Z	primewalk_court.py	-1
2026-09-12T12:42:31Z	orderlaw_court.py	-1
2026-09-12T12:42:31Z	gender_court.py	-1
2026-09-12T12:42:31Z	measureprec_court.py	-1
2026-09-12T12:42:32Z	chancetrap_court.py	-1
2026-09-12T12:42:32Z	ratetrap_court.py	-1
2026-09-12T12:42:32Z	negquant_court.py	-1
2026-09-12T12:42:32Z	measuregrow_court.py	-1
2026-09-12T12:42:32Z	dim_court.py	-1
2026-09-12T12:42:32Z	fence_court.py	-1
2026-09-12T12:42:32Z	measure_court.py	-1
2026-09-12T12:42:32Z	turn_court.py	-1
2026-09-12T12:42:33Z	overlap_court.py	-1
2026-09-12T12:42:33Z	wmean_court.py	-1
2026-09-12T12:42:33Z	cond_court.py	-1
2026-09-12T12:42:33Z	numline_court.py	-1
2026-09-12T12:42:33Z	squnit_court.py	-1
2026-09-12T12:42:33Z	pctbase_court.py	-1
2026-09-12T12:42:33Z	leap_court.py	-1
2026-09-12T12:42:34Z	tzone_court.py	-1
2026-09-12T12:42:34Z	median_court.py	-1
2026-09-12T12:42:34Z	analog_court.py	-1
2026-09-12T12:42:34Z	reply_court.py	-1
2026-09-12T12:42:34Z	register_pairs.py	-1
2026-09-12T12:42:34Z	register_purity.py	-1
2026-09-12T12:42:34Z	prefix_traps.py	-1
2026-09-12T12:42:35Z	sign_traps.py	-1
2026-09-12T12:42:35Z	strat_slice.py	-1
2026-09-12T12:42:35Z	house_rejects.py	-1
2026-09-12T12:42:35Z	root_passport.py	-1
2026-09-12T12:42:35Z	pack_singular_risk.py	-1
2026-09-12T12:42:35Z	cell_shown.py	-1
2026-09-12T12:42:35Z	idle_word.py	-1
2026-09-12T12:42:36Z	form_unshown.py	-1
2026-09-12T12:42:36Z	one_singular.py	-1
2026-09-12T12:42:36Z	template_word.py	-1
2026-09-12T12:42:36Z	signless_census.py	-1
2026-09-12T12:42:36Z	operator_share.py	-1
2026-09-12T12:42:52Z	arith_court.py	-1
2026-09-12T12:42:52Z	algo_court.py	-1
2026-09-12T12:42:52Z	formula_court.py	-1
2026-09-12T12:42:52Z	logic_court.py	-1
2026-09-12T12:42:53Z	physics_court.py	-1
2026-09-12T12:42:53Z	cyber_court.py	-1
2026-09-12T12:42:53Z	agreement_court.py	-1
2026-09-12T12:42:53Z	notation_court.py	-1
2026-09-12T12:42:53Z	unit_court.py	-1
2026-09-12T12:42:53Z	number_court.py	-1
2026-09-12T12:42:53Z	inquiry_court.py	-1
2026-09-12T12:42:53Z	surfaces_court.py	-1
2026-09-12T12:42:54Z	markdown_court.py	-1
2026-09-12T12:42:54Z	doctree_court.py	-1
2026-09-12T12:42:54Z	rates_court.py	-1
2026-09-12T12:42:54Z	formula_lang_court.py	-1
2026-09-12T12:42:54Z	percent_court.py	-1
2026-09-12T12:42:54Z	average_court.py	-1
2026-09-12T12:42:54Z	equation_court.py	-1
2026-09-12T12:42:54Z	dataformat_court.py	-1
2026-09-12T12:42:55Z	everyday_court.py	-1
2026-09-12T12:42:55Z	story_chain_court.py	-1
2026-09-12T12:42:55Z	age_court.py	-1
2026-09-12T12:42:55Z	halves_court.py	-1
2026-09-12T12:42:55Z	inquiry_de_fr_court.py	-1
2026-09-12T12:42:55Z	ru_conversion_court.py	-1
2026-09-12T12:42:55Z	selfmeasure_court.py	-1
2026-09-12T12:42:55Z	ru_compare_court.py	-1
2026-09-12T12:42:56Z	ru_story_court.py	-1
2026-09-12T12:42:56Z	inquiry_es_it_court.py	-1
2026-09-12T12:42:56Z	share_court.py	-1
2026-09-12T12:42:56Z	compare_mult_court.py	-1
2026-09-12T12:42:56Z	sequence_court.py	-1
2026-09-12T12:42:56Z	geometry_court.py	-1
2026-09-12T12:42:56Z	linalg_court.py	-1
2026-09-12T12:42:57Z	calendar_court.py	-1
2026-09-12T12:42:57Z	speech_court.py	-1
2026-09-12T12:42:57Z	rugram_court.py	-1
2026-09-12T12:42:57Z	physlaw_court.py	-1
2026-09-12T12:42:57Z	compsci_court.py	-1
2026-09-12T12:42:57Z	case_court.py	-1
2026-09-12T12:42:57Z	valence_court.py	-1
2026-09-12T12:42:57Z	shadow_court.py	-1
2026-09-12T12:42:58Z	syllabus_court.py	-1
2026-09-12T12:42:58Z	richness_court.py	-1
2026-09-12T12:42:58Z	langpack_court.py	-1
2026-09-12T12:42:58Z	langrule_court.py	-1
2026-09-12T12:42:58Z	claims_court.py	-1
2026-09-12T12:42:58Z	program_court.py	-1
2026-09-12T12:42:58Z	statistics_court.py	-1
2026-09-12T12:42:59Z	proof_court.py	-1
2026-09-12T12:42:59Z	machine_court.py	-1
2026-09-12T12:42:59Z	episode_court.py	-1
2026-09-12T12:42:59Z	copula_court.py	-1
2026-09-12T12:42:59Z	markup_court.py	-1
2026-09-12T12:42:59Z	langlayer_court.py	-1
2026-09-12T12:42:59Z	langform_court.py	-1
2026-09-12T12:42:59Z	gsm_census.py	-1
2026-09-12T12:43:00Z	reproducible.py	-1
2026-09-12T12:43:00Z	bash32_court.py	-1
2026-09-12T12:43:00Z	empty_in_court.py	-1
2026-09-12T12:43:00Z	lawfirst_court.py	-1
2026-09-12T12:43:00Z	sign_intact.py	-1
2026-09-12T12:43:00Z	property_named.py	-1
2026-09-12T12:43:00Z	ladder_full.py	-1
2026-09-12T12:43:00Z	name_crossed.py	-1
2026-09-12T12:43:01Z	genre_measured.py	-1
2026-09-12T12:43:01Z	second_copy.py	-1
2026-09-12T12:43:01Z	margin_census.py	-1
2026-09-12T12:43:01Z	reports_index.py	-1
2026-09-12T12:43:01Z	law_atlas.py	-1
2026-09-12T12:43:01Z	court_atlas.py	-1
2026-09-12T12:43:01Z	permuted_fresh.py	-1
2026-09-12T12:43:01Z	build_dated.py	-1
2026-09-12T12:43:02Z	probe_present.py	-1
2026-09-12T12:43:02Z	court_voice.py	-1
2026-09-12T12:43:02Z	broken_law.py	-1
2026-09-12T12:43:02Z	house_api.py	-1
2026-09-12T12:43:02Z	json_hand.py	-1
2026-09-12T12:43:02Z	suite_resume.py	-1
2026-09-12T12:43:02Z	readme_court.py	-1
2026-09-12T12:43:03Z	arith_debt.py	-1
2026-09-12T12:43:03Z	twin_world.py	-1
2026-09-12T12:43:03Z	orphan_world.py	-1
2026-09-12T12:43:03Z	genus_shown.py	-1
2026-09-12T12:43:03Z	oracle_named.py	-1
2026-09-12T12:43:03Z	world_atlas.py	-1
2026-09-12T12:43:03Z	trap_series.py	-1
2026-09-12T12:43:04Z	house_selfcheck.py	-1
2026-09-12T12:43:04Z	manifest_court.py	-1
2026-09-12T12:43:04Z	prose_court.py	-1
2026-09-12T12:43:04Z	mutants.py	-1
2026-09-12T12:43:04Z	lexicon_reach.py	-1
2026-09-12T12:43:04Z	inquiry_pt_nl_court.py	-1
2026-09-12T12:43:04Z	inquiry_pl_tr_court.py	-1
2026-09-12T12:43:05Z	metalang_court.py	-1
2026-09-12T12:43:05Z	glyph_court.py	-1
2026-09-12T12:43:05Z	space_court.py	-1
2026-09-12T12:43:05Z	stenogram_court.py	-1
2026-09-12T12:43:05Z	mathspaces_court.py	-1
2026-09-12T12:43:05Z	gsmforms_court.py	-1
2026-09-12T12:43:05Z	definitions_court.py	-1
2026-09-12T12:43:05Z	pronoun_court.py	-1
2026-09-12T12:43:06Z	money_court.py	-1
2026-09-12T12:43:06Z	holes_court.py	-1
2026-09-12T12:43:06Z	money_langs_court.py	-1
2026-09-12T12:43:06Z	geometry_langs_court.py	-1
2026-09-12T12:43:06Z	units_langs_court.py	-1
2026-09-12T12:43:06Z	stats_langs_court.py	-1
2026-09-12T12:43:06Z	calendar_langs_court.py	-1
2026-09-12T12:43:06Z	sequences_langs_court.py	-1
2026-09-12T12:43:07Z	compare_langs_court.py	-1
2026-09-12T12:43:07Z	share_langs_court.py	-1
2026-09-12T12:43:07Z	physics_langs_court.py	-1
2026-09-12T12:43:07Z	relation_court.py	-1
2026-09-12T12:43:07Z	court_mutants.py	-1
2026-09-12T12:43:07Z	panel_court.py	-1
2026-09-12T12:43:07Z	concept_reach.py	-1
2026-09-12T12:43:08Z	ask_reach.py	-1
2026-09-12T12:43:08Z	band_reach.py	-1
2026-09-12T12:43:08Z	biblio_reach.py	-1
2026-09-12T12:43:08Z	ruverbs_court.py	-1
2026-09-12T12:43:08Z	script_court.py	-1
2026-09-12T12:43:08Z	word_mutants.py	-1
2026-09-12T12:43:08Z	verdict_cover.py	-1
2026-09-12T12:43:08Z	sentence_cover.py	-1
2026-09-12T12:43:09Z	bench_leak.py	-1
2026-09-12T12:43:09Z	shelf_court.py	-1
2026-09-12T12:43:09Z	ask_width.py	-1
2026-09-12T12:43:09Z	notationvar_court.py	-1
2026-09-12T12:43:09Z	prosetree_court.py	-1
2026-09-12T12:43:09Z	longdiv_court.py	-1
2026-09-12T12:43:09Z	form_census.py	-1
2026-09-12T12:43:10Z	houses_census.py	-1
2026-09-12T12:43:10Z	mass_census.py	-1
2026-09-12T12:43:10Z	verbthings_court.py	-1
2026-09-12T12:43:10Z	coverage.py	-1
2026-09-12T12:43:10Z	behavior_court.py	-1
2026-09-12T12:43:10Z	topics_court.py	-1
2026-09-12T12:43:10Z	nature_court.py	-1
2026-09-12T12:43:10Z	links_court.py	-1
2026-09-12T12:43:11Z	scale_court.py	-1
2026-09-12T12:43:11Z	opposites_court.py	-1
2026-09-12T12:43:11Z	roles_court.py	-1
2026-09-12T12:43:11Z	joints_court.py	-1
2026-09-12T12:43:11Z	dialogue_court.py	-1
2026-09-12T12:43:11Z	worldfacts_court.py	-1
2026-09-12T12:43:11Z	infer_court.py	-1
2026-09-12T12:43:12Z	circle_probe.py	-1
2026-09-12T12:43:12Z	agree_probe.py	-1
2026-09-12T12:43:12Z	shelf_declare.py	-1
2026-09-12T12:43:12Z	house_reach.py	-1
2026-09-12T12:43:12Z	head_census.py	-1
2026-09-12T12:43:12Z	form_matrix.py	-1
2026-09-12T12:43:12Z	disj_court.py	-1
2026-09-12T12:43:13Z	indu_court.py	-1
2026-09-12T12:43:13Z	houseshows_court.py	-1
2026-09-12T12:43:13Z	article_court.py	-1
2026-09-12T12:43:13Z	rowframe_court.py	-1
2026-09-12T12:43:13Z	opchoice_court.py	-1
2026-09-12T12:43:13Z	chance_court.py	-1
2026-09-12T12:43:13Z	lever_court.py	-1
2026-09-12T12:43:13Z	zerodiv_court.py	-1
2026-09-12T12:43:14Z	bound_court.py	-1
2026-09-12T12:43:14Z	prec_court.py	-1
2026-09-12T12:43:14Z	estim_court.py	-1
2026-09-12T12:43:14Z	both_court.py	-1
2026-09-12T12:43:14Z	likely_court.py	-1
2026-09-12T12:43:14Z	sameshare_court.py	-1
2026-09-12T12:43:14Z	factor_court.py	-1
2026-09-12T12:43:15Z	amend_court.py	-1
2026-09-12T12:43:15Z	divrule_court.py	-1
2026-09-12T12:43:15Z	reduce_court.py	-1
2026-09-12T12:43:15Z	cmpshare_court.py	-1
2026-09-12T12:43:15Z	wholeshare_court.py	-1
2026-09-12T12:43:15Z	addshare_court.py	-1
2026-09-12T12:43:15Z	mulshare_court.py	-1
2026-09-12T12:43:16Z	divshare_court.py	-1
2026-09-12T12:43:16Z	neg_court.py	-1
2026-09-12T12:43:16Z	signrul_court.py	-1
2026-09-12T12:43:16Z	opslaw_court.py	-1
2026-09-12T12:43:16Z	signadd_court.py	-1
2026-09-12T12:43:16Z	pow_court.py	-1
2026-09-12T12:43:16Z	dec_court.py	-1
2026-09-12T12:43:16Z	abs_court.py	-1
2026-09-12T12:43:17Z	handy_court.py	-1
2026-09-12T12:43:17Z	prop_court.py	-1
2026-09-12T12:43:17Z	rem_court.py	-1
2026-09-12T12:43:17Z	parity_court.py	-1
2026-09-12T12:43:17Z	pctchange_court.py	-1
2026-09-12T12:43:17Z	pctdiff_court.py	-1
2026-09-12T12:43:18Z	mapscale_court.py	-1
2026-09-12T12:43:18Z	divsense_court.py	-1
2026-09-12T12:43:18Z	plaus_court.py	-1
2026-09-12T12:43:18Z	point_court.py	-1
2026-09-12T12:43:18Z	need_court.py	-1
2026-09-12T12:43:18Z	inverse_court.py	-1
2026-09-12T12:43:18Z	ceilfloor_court.py	-1
2026-09-12T12:43:19Z	unitcmp_court.py	-1
2026-09-12T12:43:19Z	placeval_court.py	-1
2026-09-12T12:43:19Z	digitlen_court.py	-1
2026-09-12T12:43:19Z	nesuf_court.py	-1
2026-09-12T12:43:19Z	numlabel_court.py	-1
2026-09-12T12:43:19Z	onestep_court.py	-1
2026-09-12T12:43:19Z	closure_court.py	-1
2026-09-12T12:43:20Z	dist_court.py	-1
2026-09-12T12:43:20Z	primewalk_court.py	-1
2026-09-12T12:43:20Z	orderlaw_court.py	-1
2026-09-12T12:43:20Z	gender_court.py	-1
2026-09-12T12:43:20Z	measureprec_court.py	-1
2026-09-12T12:43:20Z	chancetrap_court.py	-1
2026-09-12T12:43:21Z	ratetrap_court.py	-1
2026-09-12T12:43:21Z	negquant_court.py	-1
2026-09-12T12:43:21Z	measuregrow_court.py	-1
2026-09-12T12:43:21Z	dim_court.py	-1
2026-09-12T12:43:21Z	fence_court.py	-1
2026-09-12T12:43:21Z	measure_court.py	-1
2026-09-12T12:43:21Z	turn_court.py	-1
2026-09-12T12:43:22Z	overlap_court.py	-1
2026-09-12T12:43:22Z	wmean_court.py	-1
2026-09-12T12:43:22Z	cond_court.py	-1
2026-09-12T12:43:22Z	numline_court.py	-1
2026-09-12T12:43:22Z	squnit_court.py	-1
2026-09-12T12:43:22Z	pctbase_court.py	-1
2026-09-12T12:43:23Z	leap_court.py	-1
2026-09-12T12:43:23Z	tzone_court.py	-1
2026-09-12T12:43:23Z	median_court.py	-1
2026-09-12T12:43:23Z	analog_court.py	-1
2026-09-12T12:43:23Z	reply_court.py	-1
2026-09-12T12:43:23Z	register_pairs.py	-1
2026-09-12T12:43:24Z	register_purity.py	-1
2026-09-12T12:43:24Z	prefix_traps.py	-1
2026-09-12T12:43:24Z	sign_traps.py	-1
2026-09-12T12:43:24Z	strat_slice.py	-1
2026-09-12T12:43:24Z	house_rejects.py	-1
2026-09-12T12:43:25Z	root_passport.py	-1
2026-09-12T12:43:25Z	pack_singular_risk.py	-1
2026-09-12T12:43:25Z	cell_shown.py	-1
2026-09-12T12:43:25Z	idle_word.py	-1
2026-09-12T12:43:25Z	form_unshown.py	-1
2026-09-12T12:43:25Z	one_singular.py	-1
2026-09-12T12:43:26Z	template_word.py	-1
2026-09-12T12:43:26Z	signless_census.py	-1
2026-09-12T12:43:26Z	operator_share.py	-1
2026-09-12T12:43:26Z	key_support.py	-1
2026-09-12T12:43:26Z	half_law.py	-1
2026-09-12T12:43:26Z	unknown_name.py	-1
2026-09-12T12:43:27Z	stale_world.py	-1
2026-09-12T12:43:27Z	agree_traps.py	-1
2026-09-12T12:43:27Z	wrong_sign.py	-1
2026-09-12T12:43:27Z	debt_mark.py	-1
2026-09-12T12:43:27Z	copula_band.py	-1
2026-09-12T12:43:28Z	past_gender.py	-1
2026-09-12T12:43:28Z	word_once.py	-1
2026-09-12T12:43:28Z	article_sound.py	-1
2026-09-12T12:43:28Z	elision.py	-1
2026-09-12T12:43:28Z	threshold_census.py	-1
2026-09-12T12:43:29Z	denominator_census.py	-1
2026-09-12T12:43:29Z	repeat_census.py	-1
2026-09-12T12:43:29Z	definitions_reach.py	-1
2026-09-12T12:43:29Z	copies_census.py	-1
2026-09-12T12:43:29Z	sweep_self.py	-1
2026-09-12T12:43:29Z	court_reach.py	-1
2026-09-12T12:43:30Z	holdout_key.py	-1
2026-09-12T12:43:30Z	holdforms_court.py	-1
2026-09-12T12:43:30Z	cmpframes_court.py	-1
2026-09-12T12:43:30Z	sceneforms_court.py	-1
2026-09-12T12:43:30Z	toolforms_court.py	-1
2026-09-12T12:43:31Z	verifyforms_court.py	-1
2026-09-12T12:43:31Z	planforms_court.py	-1
2026-09-12T12:43:31Z	episodeforms_court.py	-1
2026-09-12T12:43:31Z	summaryforms_court.py	-1
2026-09-12T12:43:31Z	opforms_court.py	-1
2026-09-12T12:43:32Z	readnum_court.py	-1
2026-09-12T12:43:32Z	mandateforms_court.py	-1
2026-09-12T12:43:32Z	personforms_court.py	-1
2026-09-12T12:43:32Z	selfmodelforms_court.py	-1
2026-09-12T12:43:32Z	signedworld_court.py	-1
2026-09-12T12:43:32Z	beforetails_court.py	-1
2026-09-12T12:43:33Z	discountroad_court.py	-1
2026-09-12T12:43:33Z	nomention_court.py	-1
2026-09-12T12:43:33Z	clockforms_court.py	-1
2026-09-12T12:43:33Z	mixedunits_court.py	-1
2026-09-12T12:43:33Z	dateforms_court.py	-1
2026-09-12T12:43:33Z	clockwords_court.py	-1
2026-09-12T12:43:34Z	speedforms_court.py	-1
2026-09-12T12:43:34Z	roundforms_court.py	-1
2026-09-12T12:43:34Z	orderforms_court.py	-1
2026-09-12T12:43:34Z	quantforms_court.py	-1
2026-09-12T12:43:34Z	roman_court.py	-1
2026-09-12T12:43:35Z	place_court.py	-1
2026-09-12T12:43:35Z	unitfrac_court.py	-1
2026-09-12T12:43:35Z	enough_court.py	-1
2026-09-12T12:43:35Z	numphrase_court.py	-1
2026-09-12T12:43:35Z	kinbearer_court.py	-1
2026-09-12T12:43:35Z	pronobject_court.py	-1
2026-09-12T12:43:35Z	proform_court.py	-1
2026-09-12T12:43:36Z	degrees_court.py	-1
2026-09-12T12:43:36Z	actturn_court.py	-1
2026-09-12T12:43:36Z	tempscale_court.py	-1
2026-09-12T12:43:36Z	action_measure_court.py	-1
2026-09-12T12:43:36Z	numberline_court.py	-1
2026-09-12T12:43:36Z	countfacts_court.py	-1
2026-09-12T12:43:37Z	letters_court.py	-1
2026-09-12T12:43:37Z	langcount_court.py	-1
2026-09-12T12:43:37Z	propcompare_court.py	-1
2026-09-12T12:43:37Z	price_court.py	-1
2026-09-12T12:43:37Z	translate_court.py	-1
2026-09-12T12:43:37Z	timeunits_court.py	-1
2026-09-12T12:43:38Z	svamp_court.py	-1
2026-09-12T12:43:38Z	measure_langs_court.py	-1
2026-09-12T12:44:31Z	arith_court.py	-1
2026-09-12T12:44:31Z	algo_court.py	-1
2026-09-12T12:44:31Z	formula_court.py	-1
2026-09-12T12:44:31Z	logic_court.py	-1
2026-09-12T12:44:31Z	physics_court.py	-1
2026-09-12T12:44:31Z	cyber_court.py	-1
2026-09-12T12:44:31Z	agreement_court.py	-1
2026-09-12T12:44:32Z	notation_court.py	-1
2026-09-12T12:44:32Z	unit_court.py	-1
2026-09-12T12:44:32Z	number_court.py	-1
2026-09-12T12:44:32Z	inquiry_court.py	-1
2026-09-12T12:44:32Z	surfaces_court.py	-1
2026-09-12T12:44:32Z	markdown_court.py	-1
2026-09-12T12:44:32Z	doctree_court.py	-1
2026-09-12T12:44:32Z	rates_court.py	-1
2026-09-12T12:44:33Z	formula_lang_court.py	-1
2026-09-12T12:44:33Z	percent_court.py	-1
2026-09-12T12:44:33Z	average_court.py	-1
2026-09-12T12:44:33Z	equation_court.py	-1
2026-09-12T12:44:33Z	dataformat_court.py	-1
2026-09-12T12:44:33Z	everyday_court.py	-1
2026-09-12T12:44:33Z	story_chain_court.py	-1
2026-09-12T12:44:33Z	age_court.py	-1
2026-09-12T12:44:34Z	halves_court.py	-1
2026-09-12T12:44:34Z	inquiry_de_fr_court.py	-1
2026-09-12T12:44:34Z	ru_conversion_court.py	-1
2026-09-12T12:44:34Z	selfmeasure_court.py	-1
2026-09-12T12:44:34Z	ru_compare_court.py	-1
2026-09-12T12:44:34Z	ru_story_court.py	-1
2026-09-12T12:44:34Z	inquiry_es_it_court.py	-1
2026-09-12T12:44:35Z	share_court.py	-1
2026-09-12T12:44:35Z	compare_mult_court.py	-1
2026-09-12T12:44:35Z	sequence_court.py	-1
2026-09-12T12:44:35Z	geometry_court.py	-1
2026-09-12T12:44:35Z	linalg_court.py	-1
2026-09-12T12:44:35Z	calendar_court.py	-1
2026-09-12T12:44:35Z	speech_court.py	-1
2026-09-12T12:44:35Z	rugram_court.py	-1
2026-09-12T12:44:36Z	physlaw_court.py	-1
2026-09-12T12:44:36Z	compsci_court.py	-1
2026-09-12T12:44:36Z	case_court.py	-1
2026-09-12T12:44:36Z	valence_court.py	-1
2026-09-12T12:44:36Z	shadow_court.py	-1
2026-09-12T12:44:36Z	syllabus_court.py	-1
2026-09-12T12:44:36Z	richness_court.py	-1
2026-09-12T12:44:37Z	langpack_court.py	-1
2026-09-12T12:44:37Z	langrule_court.py	-1
2026-09-12T12:44:37Z	claims_court.py	-1
2026-09-12T12:44:37Z	program_court.py	-1
2026-09-12T12:44:37Z	statistics_court.py	-1
2026-09-12T12:44:37Z	proof_court.py	-1
2026-09-12T12:44:37Z	machine_court.py	-1
2026-09-12T12:44:37Z	episode_court.py	-1
2026-09-12T12:44:38Z	copula_court.py	-1
2026-09-12T12:44:38Z	markup_court.py	-1
2026-09-12T12:44:38Z	langlayer_court.py	-1
2026-09-12T12:44:38Z	langform_court.py	-1
2026-09-12T12:44:38Z	gsm_census.py	-1
2026-09-12T12:44:38Z	reproducible.py	-1
2026-09-12T12:44:38Z	bash32_court.py	-1
2026-09-12T12:44:38Z	empty_in_court.py	-1
2026-09-12T12:44:39Z	lawfirst_court.py	-1
2026-09-12T12:44:39Z	sign_intact.py	-1
2026-09-12T12:44:39Z	property_named.py	-1
2026-09-12T12:44:39Z	ladder_full.py	-1
2026-09-12T12:44:39Z	name_crossed.py	-1
2026-09-12T12:44:39Z	genre_measured.py	-1
2026-09-12T12:44:39Z	second_copy.py	-1
2026-09-12T12:44:39Z	margin_census.py	-1
2026-09-12T12:44:40Z	reports_index.py	-1
2026-09-12T12:44:40Z	law_atlas.py	-1
2026-09-12T12:44:40Z	court_atlas.py	-1
2026-09-12T12:44:40Z	permuted_fresh.py	-1
2026-09-12T12:44:40Z	build_dated.py	-1
2026-09-12T12:44:40Z	probe_present.py	-1
2026-09-12T12:44:40Z	court_voice.py	-1
2026-09-12T12:44:41Z	broken_law.py	-1
2026-09-12T12:44:41Z	house_api.py	-1
2026-09-12T12:44:41Z	json_hand.py	-1
2026-09-12T12:44:41Z	suite_resume.py	-1
2026-09-12T12:44:41Z	readme_court.py	-1
2026-09-12T12:44:41Z	arith_debt.py	-1
2026-09-12T12:44:41Z	twin_world.py	-1
2026-09-12T12:44:41Z	orphan_world.py	-1
2026-09-12T12:44:41Z	genus_shown.py	-1
2026-09-12T12:44:42Z	oracle_named.py	-1
2026-09-12T12:44:42Z	world_atlas.py	-1
2026-09-12T12:44:42Z	trap_series.py	-1
2026-09-12T12:44:42Z	house_selfcheck.py	-1
2026-09-12T12:44:42Z	manifest_court.py	-1
2026-09-12T12:44:42Z	prose_court.py	-1
2026-09-12T12:44:42Z	mutants.py	-1
2026-09-12T12:44:43Z	lexicon_reach.py	-1
2026-09-12T12:44:43Z	inquiry_pt_nl_court.py	-1
2026-09-12T12:44:43Z	inquiry_pl_tr_court.py	-1
2026-09-12T12:44:43Z	metalang_court.py	-1
2026-09-12T12:44:43Z	glyph_court.py	-1
2026-09-12T12:44:43Z	space_court.py	-1
2026-09-12T12:44:43Z	stenogram_court.py	-1
2026-09-12T12:44:44Z	mathspaces_court.py	-1
2026-09-12T12:44:44Z	gsmforms_court.py	-1
2026-09-12T12:44:44Z	definitions_court.py	-1
2026-09-12T12:44:44Z	pronoun_court.py	-1
2026-09-12T12:44:44Z	money_court.py	-1
2026-09-12T12:44:44Z	holes_court.py	-1
2026-09-12T12:44:44Z	money_langs_court.py	-1
2026-09-12T12:44:45Z	geometry_langs_court.py	-1
2026-09-12T12:44:45Z	units_langs_court.py	-1
2026-09-12T12:44:45Z	stats_langs_court.py	-1
2026-09-12T12:44:45Z	calendar_langs_court.py	-1
2026-09-12T12:44:45Z	sequences_langs_court.py	-1
2026-09-12T12:44:45Z	compare_langs_court.py	-1
2026-09-12T12:44:45Z	share_langs_court.py	-1
2026-09-12T12:44:46Z	physics_langs_court.py	-1
2026-09-12T12:44:46Z	relation_court.py	-1
2026-09-12T12:44:46Z	court_mutants.py	-1
2026-09-12T12:44:46Z	panel_court.py	-1
2026-09-12T12:44:46Z	concept_reach.py	-1
2026-09-12T12:44:46Z	ask_reach.py	-1
2026-09-12T12:44:47Z	band_reach.py	-1
2026-09-12T12:44:47Z	biblio_reach.py	-1
2026-09-12T12:44:47Z	ruverbs_court.py	-1
2026-09-12T12:44:47Z	script_court.py	-1
2026-09-12T12:44:47Z	word_mutants.py	-1
2026-09-12T12:44:47Z	verdict_cover.py	-1
2026-09-12T12:44:47Z	sentence_cover.py	-1
2026-09-12T12:44:48Z	bench_leak.py	-1
2026-09-12T12:44:48Z	shelf_court.py	-1
2026-09-12T12:44:48Z	ask_width.py	-1
2026-09-12T12:44:48Z	notationvar_court.py	-1
2026-09-12T12:44:48Z	prosetree_court.py	-1
2026-09-12T12:44:48Z	longdiv_court.py	-1
2026-09-12T12:44:49Z	form_census.py	-1
2026-09-12T12:44:49Z	houses_census.py	-1
2026-09-12T12:44:49Z	mass_census.py	-1
2026-09-12T12:44:49Z	verbthings_court.py	-1
2026-09-12T12:44:49Z	coverage.py	-1
2026-09-12T12:44:49Z	behavior_court.py	-1
2026-09-12T12:44:49Z	topics_court.py	-1
2026-09-12T12:44:50Z	nature_court.py	-1
2026-09-12T12:44:50Z	links_court.py	-1
2026-09-12T12:44:50Z	scale_court.py	-1
2026-09-12T12:44:50Z	opposites_court.py	-1
2026-09-12T12:44:50Z	roles_court.py	-1
2026-09-12T12:44:50Z	joints_court.py	-1
2026-09-12T12:44:51Z	dialogue_court.py	-1
2026-09-12T12:44:51Z	worldfacts_court.py	-1
2026-09-12T12:44:51Z	infer_court.py	-1
2026-09-12T12:44:51Z	circle_probe.py	-1
2026-09-12T12:44:51Z	agree_probe.py	-1
2026-09-12T12:44:51Z	shelf_declare.py	-1
2026-09-12T12:44:52Z	house_reach.py	-1
2026-09-12T12:44:52Z	head_census.py	-1
2026-09-12T12:44:52Z	form_matrix.py	-1
2026-09-12T12:44:52Z	disj_court.py	-1
2026-09-12T12:44:52Z	indu_court.py	-1
2026-09-12T12:44:52Z	houseshows_court.py	-1
2026-09-12T12:44:52Z	article_court.py	-1
2026-09-12T12:44:53Z	rowframe_court.py	-1
2026-09-12T12:44:53Z	opchoice_court.py	-1
2026-09-12T12:44:53Z	chance_court.py	-1
2026-09-12T12:44:53Z	lever_court.py	-1
2026-09-12T12:44:53Z	zerodiv_court.py	-1
2026-09-12T12:44:53Z	bound_court.py	-1
2026-09-12T12:44:54Z	prec_court.py	-1
2026-09-12T12:44:54Z	estim_court.py	-1
2026-09-12T12:44:54Z	both_court.py	-1
2026-09-12T12:44:54Z	likely_court.py	-1
2026-09-12T12:44:54Z	sameshare_court.py	-1
2026-09-12T12:44:54Z	factor_court.py	-1
2026-09-12T12:44:54Z	amend_court.py	-1
2026-09-12T12:44:55Z	divrule_court.py	-1
2026-09-12T12:44:55Z	reduce_court.py	-1
2026-09-12T12:44:55Z	cmpshare_court.py	-1
2026-09-12T12:44:55Z	wholeshare_court.py	-1
2026-09-12T12:44:55Z	addshare_court.py	-1
2026-09-12T12:44:55Z	mulshare_court.py	-1
2026-09-12T12:44:56Z	divshare_court.py	-1
2026-09-12T12:44:56Z	neg_court.py	-1
2026-09-12T12:44:56Z	signrul_court.py	-1
2026-09-12T12:44:56Z	opslaw_court.py	-1
2026-09-12T12:44:56Z	signadd_court.py	-1
2026-09-12T12:44:56Z	pow_court.py	-1
2026-09-12T12:44:56Z	dec_court.py	-1
2026-09-12T12:44:57Z	abs_court.py	-1
2026-09-12T12:44:57Z	handy_court.py	-1
2026-09-12T12:44:57Z	prop_court.py	-1
2026-09-12T12:44:57Z	rem_court.py	-1
2026-09-12T12:44:57Z	parity_court.py	-1
2026-09-12T12:44:57Z	pctchange_court.py	-1
2026-09-12T12:44:58Z	pctdiff_court.py	-1
2026-09-12T12:44:58Z	mapscale_court.py	-1
2026-09-12T12:44:58Z	divsense_court.py	-1
2026-09-12T12:44:58Z	plaus_court.py	-1
2026-09-12T12:44:58Z	point_court.py	-1
2026-09-12T12:44:58Z	need_court.py	-1
2026-09-12T12:44:58Z	inverse_court.py	-1
2026-09-12T12:44:59Z	ceilfloor_court.py	-1
2026-09-12T12:44:59Z	unitcmp_court.py	-1
2026-09-12T12:44:59Z	placeval_court.py	-1
2026-09-12T12:44:59Z	digitlen_court.py	-1
2026-09-12T12:44:59Z	nesuf_court.py	-1
2026-09-12T12:45:00Z	numlabel_court.py	-1
2026-09-12T12:45:00Z	onestep_court.py	-1
2026-09-12T12:45:00Z	closure_court.py	-1
2026-09-12T12:45:00Z	dist_court.py	-1
2026-09-12T12:45:00Z	primewalk_court.py	-1
2026-09-12T12:45:00Z	orderlaw_court.py	-1
2026-09-12T12:45:01Z	gender_court.py	-1
2026-09-12T12:45:01Z	measureprec_court.py	-1
2026-09-12T12:45:01Z	chancetrap_court.py	-1
2026-09-12T12:45:01Z	ratetrap_court.py	-1
2026-09-12T12:45:01Z	negquant_court.py	-1
2026-09-12T12:45:02Z	measuregrow_court.py	-1
2026-09-12T12:45:02Z	dim_court.py	-1
2026-09-12T12:45:02Z	fence_court.py	-1
2026-09-12T12:45:02Z	measure_court.py	-1
2026-09-12T12:45:02Z	turn_court.py	-1
2026-09-12T12:45:02Z	overlap_court.py	-1
2026-09-12T12:45:03Z	wmean_court.py	-1
2026-09-12T12:45:03Z	cond_court.py	-1
2026-09-12T12:45:03Z	numline_court.py	-1
2026-09-12T12:45:03Z	squnit_court.py	-1
2026-09-12T12:45:03Z	pctbase_court.py	-1
2026-09-12T12:45:03Z	leap_court.py	-1
2026-09-12T12:45:04Z	tzone_court.py	-1
2026-09-12T12:45:04Z	median_court.py	-1
2026-09-12T12:45:04Z	analog_court.py	-1
2026-09-12T12:45:04Z	reply_court.py	-1
2026-09-12T12:45:04Z	register_pairs.py	-1
2026-09-12T12:45:05Z	register_purity.py	-1
2026-09-12T12:45:05Z	prefix_traps.py	-1
2026-09-12T12:45:05Z	sign_traps.py	-1
2026-09-12T12:45:05Z	strat_slice.py	-1
2026-09-12T12:45:05Z	house_rejects.py	-1
2026-09-12T12:45:05Z	root_passport.py	-1
2026-09-12T12:45:06Z	pack_singular_risk.py	-1
2026-09-12T12:45:06Z	cell_shown.py	-1
2026-09-12T12:45:06Z	idle_word.py	-1
2026-09-12T12:45:06Z	form_unshown.py	-1
2026-09-12T12:45:07Z	one_singular.py	-1
2026-09-12T12:45:07Z	template_word.py	-1
2026-09-12T12:45:07Z	signless_census.py	-1
2026-09-12T12:45:07Z	operator_share.py	-1
2026-09-12T12:45:07Z	key_support.py	-1
2026-09-12T12:45:07Z	half_law.py	-1
2026-09-12T12:45:08Z	unknown_name.py	-1
2026-09-12T12:45:08Z	stale_world.py	-1
2026-09-12T12:45:08Z	agree_traps.py	-1
2026-09-12T12:45:08Z	wrong_sign.py	-1
2026-09-12T12:45:08Z	debt_mark.py	-1
2026-09-12T12:45:09Z	copula_band.py	-1
2026-09-12T12:45:09Z	past_gender.py	-1
2026-09-12T12:45:09Z	word_once.py	-1
2026-09-12T12:45:09Z	article_sound.py	-1
2026-09-12T12:45:09Z	elision.py	-1
2026-09-12T12:45:09Z	threshold_census.py	-1
2026-09-12T12:45:10Z	denominator_census.py	-1
2026-09-12T12:45:10Z	repeat_census.py	-1
2026-09-12T12:45:10Z	definitions_reach.py	-1
2026-09-12T12:45:10Z	copies_census.py	-1
2026-09-12T12:45:11Z	sweep_self.py	-1
2026-09-12T12:45:11Z	court_reach.py	-1
2026-09-12T12:45:11Z	holdout_key.py	-1
2026-09-12T12:45:11Z	holdforms_court.py	-1
2026-09-12T12:45:11Z	cmpframes_court.py	-1
2026-09-12T12:45:12Z	sceneforms_court.py	-1
2026-09-12T12:45:12Z	toolforms_court.py	-1
2026-09-12T12:45:12Z	verifyforms_court.py	-1
2026-09-12T12:45:12Z	planforms_court.py	-1
2026-09-12T12:45:12Z	episodeforms_court.py	-1
2026-09-12T12:45:12Z	summaryforms_court.py	-1
2026-09-12T12:45:12Z	opforms_court.py	-1
2026-09-12T12:45:13Z	readnum_court.py	-1
2026-09-12T12:45:13Z	mandateforms_court.py	-1
2026-09-12T12:45:13Z	personforms_court.py	-1
2026-09-12T12:45:13Z	selfmodelforms_court.py	-1
2026-09-12T12:45:14Z	signedworld_court.py	-1
2026-09-12T12:45:14Z	beforetails_court.py	-1
2026-09-12T12:45:14Z	discountroad_court.py	-1
2026-09-12T12:45:14Z	nomention_court.py	-1
2026-09-12T12:45:14Z	clockforms_court.py	-1
2026-09-12T12:45:14Z	mixedunits_court.py	-1
2026-09-12T12:45:15Z	dateforms_court.py	-1
2026-09-12T12:45:15Z	clockwords_court.py	-1
2026-09-12T12:45:15Z	speedforms_court.py	-1
2026-09-12T12:45:15Z	roundforms_court.py	-1
2026-09-12T12:45:15Z	orderforms_court.py	-1
2026-09-12T12:45:16Z	quantforms_court.py	-1
2026-09-12T12:45:16Z	roman_court.py	-1
2026-09-12T12:45:16Z	place_court.py	-1
2026-09-12T12:45:16Z	unitfrac_court.py	-1
2026-09-12T12:45:16Z	enough_court.py	-1
2026-09-12T12:45:17Z	numphrase_court.py	-1
2026-09-12T12:45:17Z	kinbearer_court.py	-1
2026-09-12T12:45:17Z	pronobject_court.py	-1
2026-09-12T12:45:17Z	proform_court.py	-1
2026-09-12T12:45:17Z	degrees_court.py	-1
2026-09-12T12:45:18Z	actturn_court.py	-1
2026-09-12T12:45:18Z	tempscale_court.py	-1
2026-09-12T12:45:18Z	action_measure_court.py	-1
2026-09-12T12:45:18Z	numberline_court.py	-1
2026-09-12T12:45:18Z	countfacts_court.py	-1
2026-09-12T12:45:19Z	letters_court.py	-1
2026-09-12T12:45:19Z	langcount_court.py	-1
2026-09-12T12:45:19Z	propcompare_court.py	-1
2026-09-12T12:45:19Z	price_court.py	-1
2026-09-12T12:45:19Z	translate_court.py	-1
2026-09-12T12:45:20Z	timeunits_court.py	-1
2026-09-12T12:45:20Z	svamp_court.py	-1
2026-09-12T12:45:20Z	measure_langs_court.py	-1
2026-09-12T13:00:21Z	arith_court.py	768
2026-09-12T13:00:26Z	algo_court.py	5
2026-09-12T13:02:16Z	formula_court.py	115
2026-09-12T13:00:30Z	logic_court.py	9
2026-09-12T13:02:19Z	physics_court.py	3
2026-09-12T13:02:23Z	cyber_court.py	7
2026-09-12T13:02:25Z	agreement_court.py	9
2026-09-12T13:02:31Z	notation_court.py	6
2026-09-12T13:02:28Z	unit_court.py	3
2026-09-12T13:02:28Z	number_court.py	3
2026-09-12T13:02:38Z	inquiry_court.py	7
2026-09-12T13:02:33Z	surfaces_court.py	2
2026-09-12T13:02:34Z	markdown_court.py	3
2026-09-12T13:02:39Z	doctree_court.py	1
2026-09-12T13:02:42Z	rates_court.py	4
2026-09-12T13:02:42Z	formula_lang_court.py	4
2026-09-12T13:02:46Z	percent_court.py	3
2026-09-12T13:02:44Z	average_court.py	1
2026-09-12T13:02:50Z	equation_court.py	7
2026-09-12T13:02:52Z	dataformat_court.py	2
2026-09-12T13:02:59Z	everyday_court.py	9
2026-09-12T13:02:51Z	story_chain_court.py	1
2026-09-12T13:03:02Z	age_court.py	3
2026-09-12T13:03:03Z	halves_court.py	4
2026-09-12T13:03:05Z	inquiry_de_fr_court.py	6
2026-09-12T13:03:06Z	ru_conversion_court.py	1
2026-09-12T13:03:07Z	selfmeasure_court.py	2
2026-09-12T13:03:06Z	ru_compare_court.py	1
2026-09-12T13:03:08Z	ru_story_court.py	1
2026-09-12T13:03:13Z	inquiry_es_it_court.py	6
2026-09-12T13:03:13Z	share_court.py	6
2026-09-12T13:03:19Z	compare_mult_court.py	6
2026-09-12T13:03:21Z	sequence_court.py	8
2026-09-12T13:03:21Z	geometry_court.py	8
2026-09-12T13:03:28Z	linalg_court.py	7
2026-09-12T13:03:24Z	calendar_court.py	3
2026-09-12T13:03:22Z	speech_court.py	1
2026-09-12T13:03:45Z	rugram_court.py	17
2026-09-12T13:03:34Z	physlaw_court.py	6
2026-09-12T13:03:35Z	compsci_court.py	7
2026-09-12T13:03:47Z	case_court.py	2
2026-09-12T13:03:49Z	valence_court.py	4
2026-09-12T13:03:48Z	shadow_court.py	3
2026-09-12T13:05:57Z	syllabus_court.py	128
2026-09-12T13:04:50Z	richness_court.py	61
2026-09-12T13:04:31Z	langpack_court.py	42
2026-09-12T13:05:58Z	langrule_court.py	0
2026-09-12T13:28:12Z	claims_court.py	1334
2026-09-12T13:06:08Z	program_court.py	10
2026-09-12T13:28:18Z	statistics_court.py	6
2026-09-12T13:28:16Z	proof_court.py	4
2026-09-12T13:28:15Z	machine_court.py	3
2026-09-12T13:28:32Z	episode_court.py	14
2026-09-12T13:28:23Z	copula_court.py	5
2026-09-12T13:28:22Z	markup_court.py	4
2026-09-12T13:28:56Z	langlayer_court.py	24
2026-09-12T13:28:33Z	langform_court.py	1
2026-09-12T13:28:32Z	gsm_census.py	0
2026-09-12T13:29:32Z	reproducible.py	36
2026-09-12T13:29:32Z	bash32_court.py	0
2026-09-12T13:29:34Z	empty_in_court.py	2
2026-09-12T13:29:33Z	lawfirst_court.py	1
2026-09-12T13:29:47Z	sign_intact.py	12
2026-09-12T13:30:28Z	property_named.py	53
2026-09-12T13:29:35Z	ladder_full.py	0
2026-09-12T13:30:38Z	name_crossed.py	10
2026-09-12T13:30:28Z	genre_measured.py	0
2026-09-12T13:30:31Z	second_copy.py	3
2026-09-12T13:30:38Z	margin_census.py	0
2026-09-12T13:30:38Z	reports_index.py	0
2026-09-12T13:30:39Z	law_atlas.py	1
2026-09-12T13:30:39Z	court_atlas.py	0
2026-09-12T13:30:40Z	permuted_fresh.py	1
2026-09-12T13:30:39Z	build_dated.py	0
2026-09-12T13:30:40Z	probe_present.py	0
2026-09-12T13:30:41Z	court_voice.py	1
2026-09-12T13:30:40Z	broken_law.py	0
2026-09-12T13:30:49Z	house_api.py	8
2026-09-12T13:30:41Z	json_hand.py	0
2026-09-12T13:30:41Z	suite_resume.py	0
2026-09-12T14:07:32Z	arith_court.py	468
2026-09-12T14:07:37Z	algo_court.py	5
2026-09-12T14:09:15Z	formula_court.py	103
2026-09-12T14:07:40Z	logic_court.py	8
2026-09-12T14:09:18Z	physics_court.py	2
2026-09-12T14:09:23Z	cyber_court.py	7
2026-09-12T14:09:25Z	agreement_court.py	9
2026-09-12T14:09:31Z	notation_court.py	6
2026-09-12T14:09:28Z	unit_court.py	3
2026-09-12T14:09:28Z	number_court.py	3
2026-09-12T14:09:37Z	inquiry_court.py	6
2026-09-12T14:09:33Z	surfaces_court.py	2
2026-09-12T14:09:34Z	markdown_court.py	3
2026-09-12T14:09:38Z	doctree_court.py	1
2026-09-12T14:09:41Z	rates_court.py	4
2026-09-12T14:09:41Z	formula_lang_court.py	4
2026-09-12T14:09:45Z	percent_court.py	3
2026-09-12T14:09:43Z	average_court.py	1
2026-09-12T14:09:49Z	equation_court.py	7
2026-09-12T14:09:52Z	dataformat_court.py	3
2026-09-12T14:09:58Z	everyday_court.py	9
2026-09-12T14:09:51Z	story_chain_court.py	2
2026-09-12T14:10:00Z	age_court.py	2
2026-09-12T14:10:02Z	halves_court.py	4
2026-09-12T14:10:03Z	inquiry_de_fr_court.py	5
2026-09-12T14:10:04Z	ru_conversion_court.py	1
2026-09-12T14:10:04Z	selfmeasure_court.py	1
2026-09-12T14:10:04Z	ru_compare_court.py	1
2026-09-12T14:10:05Z	ru_story_court.py	1
2026-09-12T14:10:08Z	inquiry_es_it_court.py	4
2026-09-12T14:10:08Z	share_court.py	4
2026-09-12T14:10:12Z	compare_mult_court.py	4
2026-09-12T14:10:13Z	sequence_court.py	5
2026-09-12T14:10:13Z	geometry_court.py	5
2026-09-12T14:10:19Z	linalg_court.py	5
2026-09-12T14:10:16Z	calendar_court.py	2
2026-09-12T14:10:18Z	speech_court.py	4
2026-09-12T14:10:32Z	rugram_court.py	13
2026-09-12T14:10:24Z	physlaw_court.py	5
2026-09-12T14:10:24Z	compsci_court.py	5
2026-09-12T14:10:34Z	case_court.py	1
2026-09-12T14:10:36Z	valence_court.py	3
2026-09-12T14:10:35Z	shadow_court.py	2
2026-09-12T14:12:27Z	syllabus_court.py	111
2026-09-12T14:11:32Z	richness_court.py	56
2026-09-12T14:11:08Z	langpack_court.py	32
2026-09-12T14:12:28Z	langrule_court.py	1
2026-09-12T14:34:58Z	claims_court.py	1351
2026-09-12T14:12:33Z	program_court.py	6
2026-09-12T14:35:04Z	statistics_court.py	5
2026-09-12T14:35:02Z	proof_court.py	4
2026-09-12T14:35:01Z	machine_court.py	3
2026-09-12T14:35:17Z	episode_court.py	13
2026-09-12T14:35:09Z	copula_court.py	5
2026-09-12T14:35:08Z	markup_court.py	4
2026-09-12T14:35:41Z	langlayer_court.py	24
2026-09-12T14:35:18Z	langform_court.py	1
2026-09-12T14:35:17Z	gsm_census.py	0
2026-09-12T14:38:21Z	reproducible.py	160
2026-09-12T14:38:21Z	bash32_court.py	0
2026-09-12T14:38:23Z	empty_in_court.py	2
2026-09-12T14:38:23Z	lawfirst_court.py	2
2026-09-12T14:38:35Z	sign_intact.py	11
2026-09-12T14:39:23Z	property_named.py	59
2026-09-12T14:38:24Z	ladder_full.py	0
2026-09-12T14:39:41Z	name_crossed.py	18
2026-09-12T14:39:23Z	genre_measured.py	0
2026-09-12T14:39:27Z	second_copy.py	4
2026-09-12T14:39:41Z	margin_census.py	0
2026-09-12T14:39:41Z	reports_index.py	0
2026-09-12T14:39:42Z	law_atlas.py	1
2026-09-12T14:39:43Z	court_atlas.py	1
2026-09-12T14:39:45Z	permuted_fresh.py	3
2026-09-12T14:39:43Z	build_dated.py	1
2026-09-12T14:39:46Z	probe_present.py	1
2026-09-12T14:39:47Z	court_voice.py	2
2026-09-12T14:39:45Z	suite_guard.py	0
2026-09-12T14:39:48Z	forge_claim.py	1
2026-09-12T14:39:48Z	broken_law.py	1
2026-09-12T14:40:11Z	house_api.py	24
2026-09-12T14:40:12Z	json_hand.py	1
2026-09-12T14:40:12Z	suite_resume.py	1
2026-09-12T14:40:17Z	readme_court.py	6
2026-09-12T14:53:32Z	arith_debt.py	794
2026-09-12T14:40:18Z	twin_world.py	0
2026-09-12T14:40:21Z	orphan_world.py	3
2026-09-12T14:53:59Z	genus_shown.py	27
2026-09-12T14:53:32Z	oracle_named.py	0
2026-09-12T14:53:33Z	world_atlas.py	1
2026-09-12T14:54:05Z	trap_series.py	6
2026-09-12T15:00:24Z	house_selfcheck.py	385
2026-09-12T14:54:05Z	manifest_court.py	6
2026-09-12T20:15:55Z	arith_court.py	285
2026-09-12T20:15:59Z	algo_court.py	4
2026-09-12T21:54:27Z	arith_court.py	445
2026-09-12T21:54:31Z	algo_court.py	4
2026-09-12T21:55:56Z	formula_court.py	84
2026-09-12T21:56:02Z	logic_court.py	6
2026-09-12T21:56:05Z	physics_court.py	2
2026-09-12T21:56:09Z	cyber_court.py	4
2026-09-12T21:56:15Z	agreement_court.py	6
2026-09-12T21:56:19Z	notation_court.py	4
2026-09-12T21:56:21Z	unit_court.py	2
2026-09-12T21:56:23Z	number_court.py	2
2026-09-12T21:56:27Z	inquiry_court.py	4
2026-09-12T21:56:28Z	surfaces_court.py	1
2026-09-12T21:56:30Z	markdown_court.py	2
2026-09-12T21:56:31Z	doctree_court.py	1
2026-09-12T21:56:34Z	rates_court.py	3
2026-09-12T21:56:38Z	formula_lang_court.py	4
2026-09-12T21:56:41Z	percent_court.py	3
2026-09-12T21:56:42Z	average_court.py	1
2026-09-12T21:56:47Z	equation_court.py	5
2026-09-12T21:56:49Z	dataformat_court.py	2
2026-09-12T21:56:55Z	everyday_court.py	6
2026-09-12T21:56:56Z	story_chain_court.py	1
2026-09-12T21:56:58Z	age_court.py	2
2026-09-12T21:57:01Z	halves_court.py	3
2026-09-12T21:57:04Z	inquiry_de_fr_court.py	3
2026-09-12T21:57:05Z	ru_conversion_court.py	1
2026-09-12T21:57:06Z	selfmeasure_court.py	1
2026-09-12T21:57:08Z	ru_compare_court.py	1
2026-09-12T21:57:09Z	ru_story_court.py	1
2026-09-12T21:57:12Z	inquiry_es_it_court.py	3
2026-09-12T21:57:15Z	share_court.py	3
2026-09-12T21:57:18Z	compare_mult_court.py	3
2026-09-12T21:57:22Z	sequence_court.py	4
2026-09-12T21:57:26Z	geometry_court.py	4
2026-09-12T21:57:30Z	linalg_court.py	4
2026-09-12T21:57:32Z	calendar_court.py	2
2026-09-12T21:57:35Z	speech_court.py	3
2026-09-12T21:57:46Z	rugram_court.py	11
2026-09-12T21:57:51Z	physlaw_court.py	5
2026-09-12T21:57:55Z	compsci_court.py	4
2026-09-12T21:57:56Z	case_court.py	1
2026-09-12T21:57:59Z	valence_court.py	3
2026-09-12T21:58:01Z	shadow_court.py	2
2026-09-12T21:59:01Z	syllabus_court.py	60
2026-09-12T21:59:26Z	richness_court.py	25
2026-09-12T21:59:44Z	langpack_court.py	18
2026-09-12T21:59:45Z	langrule_court.py	1
2026-09-12T22:10:37Z	claims_court.py	652
2026-09-12T22:10:40Z	program_court.py	3
2026-09-12T22:10:44Z	statistics_court.py	4
2026-09-12T22:10:47Z	proof_court.py	3
2026-09-12T22:10:50Z	machine_court.py	3
2026-09-12T22:11:00Z	episode_court.py	10
2026-09-12T22:11:04Z	copula_court.py	4
2026-09-12T22:11:07Z	markup_court.py	3
2026-09-12T22:11:26Z	langlayer_court.py	19
2026-09-12T22:11:27Z	langform_court.py	1
2026-09-12T22:11:29Z	gsm_census.py	1
2026-09-12T22:13:34Z	reproducible.py	125
2026-09-12T22:13:35Z	bash32_court.py	1
2026-09-12T22:13:37Z	empty_in_court.py	2
2026-09-12T22:13:39Z	lawfirst_court.py	2
2026-09-12T22:13:48Z	sign_intact.py	9
2026-09-12T22:14:25Z	property_named.py	37
2026-09-12T22:14:26Z	ladder_full.py	1
2026-09-12T22:14:34Z	name_crossed.py	8
2026-09-12T22:14:35Z	genre_measured.py	1
2026-09-12T22:14:38Z	second_copy.py	3
2026-09-12T22:14:39Z	margin_census.py	1
2026-09-12T22:14:40Z	reports_index.py	1
2026-09-12T22:14:42Z	law_atlas.py	1
2026-09-12T22:14:43Z	court_atlas.py	1
2026-09-12T22:14:44Z	permuted_fresh.py	1
2026-09-12T22:14:45Z	build_dated.py	1
2026-09-12T22:14:46Z	probe_present.py	1
2026-09-12T22:14:47Z	court_voice.py	1
2026-09-12T22:14:48Z	suite_guard.py	1
2026-09-12T22:14:49Z	forge_claim.py	1
2026-09-12T22:14:50Z	broken_law.py	1
2026-09-12T22:14:56Z	house_api.py	6
2026-09-12T22:14:57Z	json_hand.py	1
2026-09-12T22:14:58Z	suite_resume.py	1
2026-09-12T22:15:01Z	readme_court.py	3
2026-09-12T22:21:16Z	arith_debt.py	375
2026-09-12T22:21:17Z	twin_world.py	1
2026-09-12T22:21:19Z	orphan_world.py	2
2026-09-12T22:21:25Z	genus_shown.py	6
2026-09-12T22:21:26Z	oracle_named.py	1
2026-09-12T22:21:27Z	world_atlas.py	1
2026-09-12T22:21:28Z	trap_series.py	1
2026-09-12T22:23:34Z	house_selfcheck.py	126
2026-09-12T22:23:36Z	manifest_court.py	2
2026-09-12T23:05:22Z	prose_court.py	2506
2026-09-12T23:05:26Z	mutants.py	4
2026-09-12T23:05:28Z	lexicon_reach.py	2
2026-09-12T23:05:31Z	inquiry_pt_nl_court.py	3
2026-09-12T23:05:34Z	inquiry_pl_tr_court.py	3
2026-09-12T23:05:37Z	metalang_court.py	3
2026-09-12T23:05:38Z	glyph_court.py	1
2026-09-12T23:05:40Z	space_court.py	1
2026-09-12T23:05:41Z	stenogram_court.py	1
2026-09-12T23:05:42Z	mathspaces_court.py	1
2026-09-12T23:05:43Z	gsmforms_court.py	1
2026-09-12T23:05:53Z	definitions_court.py	10
2026-09-12T23:05:54Z	pronoun_court.py	1
2026-09-12T23:05:55Z	money_court.py	1
2026-09-12T23:05:56Z	holes_court.py	1
2026-09-12T23:05:57Z	money_langs_court.py	1
2026-09-12T23:05:58Z	geometry_langs_court.py	1
2026-09-12T23:05:59Z	units_langs_court.py	1
2026-09-12T23:06:00Z	stats_langs_court.py	1
2026-09-12T23:06:01Z	calendar_langs_court.py	1
2026-09-12T23:06:02Z	sequences_langs_court.py	1
2026-09-12T23:06:03Z	compare_langs_court.py	1
2026-09-12T23:06:05Z	share_langs_court.py	1
2026-09-12T23:06:06Z	physics_langs_court.py	1
2026-09-12T23:06:10Z	relation_court.py	4
2026-09-12T23:17:25Z	court_mutants.py	675
2026-09-12T23:17:28Z	panel_court.py	3
2026-09-12T23:17:31Z	concept_reach.py	3
2026-09-12T23:21:37Z	ask_reach.py	246
2026-09-12T23:21:39Z	band_reach.py	2
2026-09-12T23:21:40Z	biblio_reach.py	1
2026-09-12T23:21:44Z	ruverbs_court.py	4
2026-09-12T23:21:55Z	script_court.py	11
2026-09-12T23:24:55Z	word_mutants.py	179
2026-09-12T23:27:28Z	verdict_cover.py	153
2026-09-12T23:30:00Z	sentence_cover.py	152
2026-09-12T23:30:09Z	bench_leak.py	9
2026-09-12T23:33:44Z	shelf_court.py	215
2026-09-12T23:40:30Z	ask_width.py	406
2026-09-12T23:40:33Z	notationvar_court.py	3
2026-09-12T23:42:25Z	prosetree_court.py	112
2026-09-12T23:42:26Z	longdiv_court.py	1
2026-09-12T23:45:03Z	form_census.py	157
2026-09-12T23:45:08Z	houses_census.py	5
2026-09-12T23:46:53Z	mass_census.py	105
2026-09-12T23:46:54Z	verbthings_court.py	1
2026-09-13T00:05:11Z	coverage.py	1097
2026-09-13T00:05:12Z	behavior_court.py	1
2026-09-13T00:05:13Z	topics_court.py	1
2026-09-13T00:05:14Z	nature_court.py	1
2026-09-13T00:05:15Z	links_court.py	1
2026-09-13T00:05:16Z	scale_court.py	1
2026-09-13T00:05:17Z	opposites_court.py	1
2026-09-13T00:05:18Z	roles_court.py	1
2026-09-13T00:05:19Z	joints_court.py	1
2026-09-13T00:05:20Z	dialogue_court.py	1
2026-09-13T00:05:21Z	worldfacts_court.py	1
2026-09-13T00:05:22Z	infer_court.py	1
2026-09-13T00:05:24Z	circle_probe.py	2
2026-09-13T00:05:25Z	agree_probe.py	1
2026-09-13T00:05:26Z	shelf_declare.py	1
2026-09-13T00:08:48Z	house_reach.py	202
2026-09-13T00:08:50Z	head_census.py	2
2026-09-13T00:08:51Z	form_matrix.py	1
2026-09-13T00:08:52Z	disj_court.py	1
2026-09-13T00:08:53Z	indu_court.py	1
2026-09-13T00:08:54Z	houseshows_court.py	1
2026-09-13T00:08:55Z	article_court.py	1
2026-09-13T00:08:57Z	rowframe_court.py	2
2026-09-13T00:08:59Z	opchoice_court.py	2
2026-09-13T00:09:00Z	chance_court.py	1
2026-09-13T00:09:01Z	lever_court.py	1
2026-09-13T00:09:03Z	zerodiv_court.py	2
2026-09-13T00:09:04Z	bound_court.py	1
2026-09-13T00:09:05Z	prec_court.py	1
2026-09-13T00:09:06Z	estim_court.py	1
2026-09-13T00:09:08Z	both_court.py	1
2026-09-13T00:09:09Z	likely_court.py	1
2026-09-13T00:09:10Z	sameshare_court.py	1
2026-09-13T00:09:12Z	factor_court.py	2
2026-09-13T00:09:13Z	amend_court.py	1
2026-09-13T00:09:15Z	divrule_court.py	2
2026-09-13T00:09:17Z	reduce_court.py	2
2026-09-13T00:09:19Z	cmpshare_court.py	2
2026-09-13T00:09:22Z	wholeshare_court.py	3
2026-09-13T00:09:24Z	addshare_court.py	2
2026-09-13T00:09:26Z	mulshare_court.py	2
2026-09-13T00:09:28Z	divshare_court.py	2
2026-09-13T00:09:30Z	neg_court.py	2
2026-09-13T00:09:33Z	signrul_court.py	3
2026-09-13T00:09:35Z	opslaw_court.py	2
2026-09-13T00:09:38Z	signadd_court.py	3
2026-09-13T00:09:40Z	pow_court.py	2
2026-09-13T00:09:42Z	dec_court.py	2
2026-09-13T00:09:44Z	abs_court.py	2
2026-09-13T00:09:48Z	handy_court.py	3
2026-09-13T00:09:50Z	prop_court.py	2
2026-09-13T00:09:53Z	rem_court.py	3
2026-09-13T00:09:54Z	parity_court.py	1
2026-09-13T00:09:56Z	pctchange_court.py	2
2026-09-13T00:09:58Z	pctdiff_court.py	2
2026-09-13T00:10:00Z	mapscale_court.py	2
2026-09-13T00:10:02Z	divsense_court.py	2
2026-09-13T00:10:05Z	plaus_court.py	3
2026-09-13T00:10:07Z	point_court.py	2
2026-09-13T00:10:09Z	need_court.py	2
2026-09-13T00:10:12Z	inverse_court.py	3
2026-09-13T00:10:14Z	ceilfloor_court.py	2
2026-09-13T00:10:16Z	unitcmp_court.py	2
2026-09-13T00:10:19Z	placeval_court.py	3
2026-09-13T00:10:22Z	digitlen_court.py	3
2026-09-13T00:10:23Z	nesuf_court.py	1
2026-09-13T00:10:26Z	numlabel_court.py	2
2026-09-13T00:10:28Z	onestep_court.py	2
2026-09-13T00:10:29Z	closure_court.py	1
2026-09-13T00:10:30Z	dist_court.py	1
2026-09-13T00:10:31Z	primewalk_court.py	1
2026-09-13T00:10:32Z	orderlaw_court.py	1
2026-09-13T00:10:33Z	gender_court.py	1
2026-09-13T00:10:34Z	measureprec_court.py	1
2026-09-13T00:10:35Z	chancetrap_court.py	1
2026-09-13T00:10:36Z	ratetrap_court.py	1
2026-09-13T00:10:37Z	negquant_court.py	1
2026-09-13T00:10:38Z	measuregrow_court.py	1
2026-09-13T00:10:39Z	dim_court.py	1
2026-09-13T00:10:40Z	fence_court.py	1
2026-09-13T00:10:41Z	measure_court.py	1
2026-09-13T00:10:42Z	turn_court.py	1
2026-09-13T00:10:43Z	overlap_court.py	1
2026-09-13T00:10:44Z	wmean_court.py	1
2026-09-13T00:10:45Z	cond_court.py	1
2026-09-13T00:10:46Z	numline_court.py	1
2026-09-13T00:10:47Z	squnit_court.py	1
2026-09-13T00:10:49Z	pctbase_court.py	2
2026-09-13T00:10:50Z	leap_court.py	1
2026-09-13T00:10:51Z	tzone_court.py	1
2026-09-13T00:10:52Z	median_court.py	1
2026-09-13T00:10:53Z	angle_court.py	1
2026-09-13T00:10:54Z	homo_court.py	1
2026-09-13T00:10:55Z	direct_court.py	1
2026-09-13T00:10:56Z	analog_court.py	1
2026-09-13T00:10:57Z	reply_court.py	1
2026-09-13T00:12:00Z	register_pairs.py	63
2026-09-13T00:12:07Z	register_purity.py	7
2026-09-13T00:12:12Z	prefix_traps.py	5
2026-09-13T00:12:17Z	sign_traps.py	5
2026-09-13T00:12:18Z	strat_slice.py	1
2026-09-13T00:14:38Z	house_rejects.py	140
2026-09-13T00:14:39Z	root_passport.py	1
2026-09-13T00:14:40Z	pack_singular_risk.py	1
2026-09-13T00:14:41Z	cell_shown.py	1
2026-09-13T00:14:45Z	idle_word.py	4
2026-09-13T00:14:46Z	form_unshown.py	1
2026-09-13T00:14:48Z	one_singular.py	2
2026-09-13T00:14:49Z	template_word.py	1
2026-09-13T00:14:50Z	signless_census.py	1
2026-09-13T00:15:36Z	operator_share.py	46
2026-09-13T00:15:37Z	key_support.py	1
2026-09-13T00:15:42Z	house_mutant.py	5
2026-09-13T00:41:57Z	court_catch.py	1575
2026-09-13T00:42:03Z	agree_skew.py	6
2026-09-13T00:42:16Z	twogender.py	13
2026-09-13T00:42:17Z	countlaw_court.py	1
2026-09-13T00:42:18Z	elision_court.py	1
2026-09-13T00:42:19Z	soundarticle_court.py	1
2026-09-13T00:42:20Z	plcopula_court.py	1
2026-09-13T00:42:21Z	hay_court.py	1
2026-09-13T00:42:22Z	serestar_court.py	1
2026-09-13T00:42:23Z	dosupport_court.py	1
2026-09-13T00:42:24Z	fuseprep_court.py	1
2026-09-13T00:42:25Z	nlarticle_court.py	1
2026-09-13T00:42:26Z	decase_court.py	1
2026-09-13T00:42:27Z	swclass_court.py	1
2026-09-13T00:42:28Z	idredup_court.py	1
2026-09-13T00:42:29Z	zhclass_court.py	1
2026-09-13T00:42:30Z	trharm_court.py	1
2026-09-13T00:42:31Z	viclass_court.py	1
2026-09-13T00:42:32Z	koparticle_court.py	1
2026-09-13T00:42:36Z	corpusword_court.py	4
2026-09-13T00:42:38Z	ukcount_court.py	1
2026-09-13T00:42:39Z	jaclass_court.py	1
2026-09-13T00:42:40Z	fipart_court.py	1
2026-09-13T00:42:41Z	deplur_court.py	1
2026-09-13T00:42:42Z	half_law.py	1
2026-09-13T00:42:49Z	unknown_name.py	7
2026-09-13T00:46:48Z	stale_world.py	239
2026-09-13T00:47:50Z	agree_traps.py	62
2026-09-13T00:47:51Z	wrong_sign.py	1
2026-09-13T00:47:52Z	debt_mark.py	1
2026-09-13T00:48:26Z	copula_band.py	34
2026-09-13T00:48:35Z	past_gender.py	9
2026-09-13T00:48:41Z	word_once.py	6
2026-09-13T00:48:47Z	article_sound.py	6
2026-09-13T00:48:49Z	elision.py	2
2026-09-13T00:48:50Z	threshold_census.py	1
2026-09-13T00:48:51Z	denominator_census.py	1
2026-09-13T00:48:52Z	ledger_mute.py	1
2026-09-13T00:48:56Z	refusal_reason.py	4
2026-09-13T00:49:00Z	house_skew.py	4
2026-09-13T00:51:29Z	court_split.py	149
2026-09-13T00:51:30Z	repeat_census.py	1
2026-09-13T00:51:34Z	definitions_reach.py	4
2026-09-13T00:51:35Z	copies_census.py	1
2026-09-13T00:51:36Z	sweep_self.py	1
2026-09-13T01:05:37Z	court_reach.py	841
2026-09-13T01:05:41Z	holdout_key.py	4
2026-09-13T01:05:42Z	holdforms_court.py	1
2026-09-13T01:05:43Z	cmpframes_court.py	1
2026-09-13T01:05:45Z	sceneforms_court.py	2
2026-09-13T01:05:46Z	toolforms_court.py	1
2026-09-13T01:05:47Z	verifyforms_court.py	1
2026-09-13T01:05:48Z	planforms_court.py	1
2026-09-13T01:05:50Z	episodeforms_court.py	2
2026-09-13T01:05:52Z	summaryforms_court.py	2
2026-09-13T01:05:53Z	opforms_court.py	1
2026-09-13T01:05:54Z	readnum_court.py	1
2026-09-13T01:05:55Z	mandateforms_court.py	1
2026-09-13T01:05:57Z	personforms_court.py	2
2026-09-13T01:05:59Z	selfmodelforms_court.py	2
2026-09-13T01:06:00Z	signedworld_court.py	1
2026-09-13T01:06:01Z	beforetails_court.py	1
2026-09-13T01:06:03Z	discountroad_court.py	1
2026-09-13T01:06:06Z	nomention_court.py	3
2026-09-13T01:06:07Z	clockforms_court.py	1
2026-09-13T01:06:08Z	mixedunits_court.py	1
2026-09-13T01:06:09Z	dateforms_court.py	1
2026-09-13T01:06:10Z	clockwords_court.py	1
2026-09-13T01:06:11Z	speedforms_court.py	1
2026-09-13T01:06:12Z	roundforms_court.py	1
2026-09-13T01:06:13Z	orderforms_court.py	1
2026-09-13T01:06:14Z	quantforms_court.py	1
2026-09-13T01:06:15Z	roman_court.py	1
2026-09-13T01:06:16Z	place_court.py	1
2026-09-13T01:06:17Z	unitfrac_court.py	1
2026-09-13T01:06:18Z	enough_court.py	1
2026-09-13T01:06:19Z	numphrase_court.py	1
2026-09-13T01:06:20Z	kinbearer_court.py	1
2026-09-13T01:06:21Z	pronobject_court.py	1
2026-09-13T01:06:22Z	proform_court.py	1
2026-09-13T01:06:23Z	degrees_court.py	1
2026-09-13T01:06:24Z	actturn_court.py	1
2026-09-13T01:06:25Z	tempscale_court.py	1
2026-09-13T01:06:27Z	action_measure_court.py	2
2026-09-13T01:06:28Z	numberline_court.py	1
2026-09-13T01:06:29Z	countfacts_court.py	1
2026-09-13T01:06:30Z	letters_court.py	1
2026-09-13T01:07:31Z	langcount_court.py	61
2026-09-13T01:07:32Z	propcompare_court.py	1
2026-09-13T01:07:33Z	price_court.py	1
2026-09-13T01:07:34Z	translate_court.py	1
2026-09-13T01:07:35Z	timeunits_court.py	1
2026-09-13T01:07:36Z	svamp_court.py	1
2026-09-13T01:07:37Z	measure_langs_court.py	1
2026-09-13T01:07:38Z	partial_guard.py	1
2026-09-13T03:27:32Z	arith_court.py	441
2026-09-13T03:27:37Z	algo_court.py	5
2026-09-13T03:29:00Z	formula_court.py	82
2026-09-13T03:29:07Z	logic_court.py	6
2026-09-13T03:29:09Z	physics_court.py	2
2026-09-13T03:29:13Z	cyber_court.py	4
2026-09-13T03:29:18Z	agreement_court.py	5
2026-09-13T03:29:22Z	notation_court.py	4
2026-09-13T03:29:24Z	unit_court.py	2
2026-09-13T03:29:26Z	number_court.py	2
2026-09-13T03:29:30Z	inquiry_court.py	4
2026-09-13T03:29:31Z	surfaces_court.py	1
2026-09-13T03:29:33Z	markdown_court.py	2
2026-09-13T03:29:34Z	doctree_court.py	1
2026-09-13T03:29:37Z	rates_court.py	3
2026-09-13T03:29:40Z	formula_lang_court.py	3
2026-09-13T03:29:43Z	percent_court.py	3
2026-09-13T03:29:45Z	average_court.py	1
2026-09-13T03:29:50Z	equation_court.py	5
2026-09-13T03:29:52Z	dataformat_court.py	2
2026-09-13T03:29:58Z	everyday_court.py	6
2026-09-13T03:29:59Z	story_chain_court.py	1
2026-09-13T03:30:01Z	age_court.py	2
2026-09-13T03:30:03Z	halves_court.py	2
2026-09-13T03:30:08Z	inquiry_de_fr_court.py	5
2026-09-13T03:30:09Z	ru_conversion_court.py	1
2026-09-13T03:30:10Z	selfmeasure_court.py	1
2026-09-13T03:30:11Z	ru_compare_court.py	1
2026-09-13T03:30:12Z	ru_story_court.py	1
2026-09-13T03:30:16Z	inquiry_es_it_court.py	3
2026-09-13T03:30:19Z	share_court.py	3
2026-09-13T03:30:22Z	compare_mult_court.py	3
2026-09-13T03:30:26Z	sequence_court.py	4
2026-09-13T03:30:30Z	geometry_court.py	4
2026-09-13T03:30:34Z	linalg_court.py	4
2026-09-13T03:30:36Z	calendar_court.py	2
2026-09-13T03:30:39Z	speech_court.py	3
2026-09-13T03:30:49Z	rugram_court.py	10
2026-09-13T03:30:53Z	physlaw_court.py	4
2026-09-13T03:30:57Z	compsci_court.py	4
2026-09-13T03:30:58Z	case_court.py	1
2026-09-13T03:31:02Z	valence_court.py	4
2026-09-13T03:31:04Z	shadow_court.py	2
2026-09-13T03:31:59Z	syllabus_court.py	55
2026-09-13T03:32:26Z	richness_court.py	27
2026-09-13T03:32:45Z	langpack_court.py	19
2026-09-13T03:32:46Z	langrule_court.py	1
2026-09-13T03:47:25Z	arith_court.py	449
2026-09-13T03:47:29Z	algo_court.py	4
2026-09-13T03:48:50Z	formula_court.py	81
2026-09-13T03:48:56Z	logic_court.py	6
2026-09-13T03:48:58Z	physics_court.py	2
2026-09-13T03:49:02Z	cyber_court.py	4
2026-09-13T03:49:07Z	agreement_court.py	5
2026-09-13T03:49:11Z	notation_court.py	4
2026-09-13T03:49:13Z	unit_court.py	2
2026-09-13T03:49:15Z	number_court.py	2
2026-09-13T03:49:19Z	inquiry_court.py	4
2026-09-13T03:49:20Z	surfaces_court.py	1
2026-09-13T03:49:22Z	markdown_court.py	2
2026-09-13T03:49:23Z	doctree_court.py	1
2026-09-13T03:49:27Z	rates_court.py	4
2026-09-13T03:49:30Z	formula_lang_court.py	3
2026-09-13T03:49:32Z	percent_court.py	2
2026-09-13T03:49:33Z	average_court.py	1
2026-09-13T03:49:37Z	equation_court.py	4
2026-09-13T03:49:39Z	dataformat_court.py	2
2026-09-13T03:49:45Z	everyday_court.py	6
2026-09-13T03:49:46Z	story_chain_court.py	1
2026-09-13T03:49:48Z	age_court.py	2
2026-09-13T03:49:50Z	halves_court.py	2
2026-09-13T03:49:53Z	inquiry_de_fr_court.py	3
2026-09-13T03:49:54Z	ru_conversion_court.py	1
2026-09-13T03:49:55Z	selfmeasure_court.py	1
2026-09-13T03:49:56Z	ru_compare_court.py	1
2026-09-13T03:49:57Z	ru_story_court.py	1
2026-09-13T03:50:00Z	inquiry_es_it_court.py	3
2026-09-13T03:50:04Z	share_court.py	4
2026-09-13T03:50:07Z	compare_mult_court.py	3
2026-09-13T03:50:11Z	sequence_court.py	4
2026-09-13T03:50:15Z	geometry_court.py	4
2026-09-13T03:50:19Z	linalg_court.py	4
2026-09-13T03:50:21Z	calendar_court.py	2
2026-09-13T03:50:24Z	speech_court.py	3
2026-09-13T03:50:34Z	rugram_court.py	10
2026-09-13T03:50:38Z	physlaw_court.py	4
2026-09-13T03:50:42Z	compsci_court.py	4
2026-09-13T03:50:43Z	case_court.py	1
2026-09-13T03:50:46Z	valence_court.py	3
2026-09-13T03:50:48Z	shadow_court.py	2
2026-09-13T03:51:48Z	syllabus_court.py	60
2026-09-13T03:52:18Z	richness_court.py	30
2026-09-13T03:52:40Z	langpack_court.py	22
2026-09-13T03:52:41Z	langrule_court.py	1
2026-09-13T04:12:37Z	claims_court.py	1196
2026-09-13T04:12:43Z	program_court.py	6
2026-09-13T04:12:49Z	statistics_court.py	6
2026-09-13T04:12:54Z	proof_court.py	5
2026-09-13T04:12:58Z	machine_court.py	4
2026-09-13T04:13:13Z	episode_court.py	15
2026-09-13T04:13:19Z	copula_court.py	6
2026-09-13T04:13:24Z	markup_court.py	5
2026-09-13T04:14:03Z	langlayer_court.py	38
2026-09-13T04:14:06Z	langform_court.py	3
2026-09-13T04:14:07Z	gsm_census.py	1
2026-09-13T04:18:19Z	reproducible.py	252
2026-09-13T04:18:20Z	bash32_court.py	1
2026-09-13T04:18:24Z	empty_in_court.py	4
2026-09-13T04:18:26Z	lawfirst_court.py	2
2026-09-13T04:18:38Z	sign_intact.py	12
2026-09-13T04:19:46Z	property_named.py	68
2026-09-13T04:19:47Z	ladder_full.py	1
2026-09-13T04:20:00Z	name_crossed.py	13
2026-09-13T04:20:01Z	genre_measured.py	1
2026-09-13T04:20:05Z	second_copy.py	4
2026-09-13T04:20:06Z	margin_census.py	1
2026-09-13T04:20:07Z	reports_index.py	1
2026-09-13T04:20:08Z	law_atlas.py	1
2026-09-13T04:20:09Z	court_atlas.py	1
2026-09-13T04:20:11Z	permuted_fresh.py	2
2026-09-13T04:20:13Z	build_dated.py	1
2026-09-13T04:20:14Z	probe_present.py	1
2026-09-13T04:20:15Z	court_voice.py	1
2026-09-13T04:20:16Z	suite_guard.py	1
2026-09-13T04:20:17Z	forge_claim.py	1
2026-09-13T04:20:18Z	broken_law.py	1
2026-09-13T04:20:29Z	house_api.py	11
2026-09-13T04:20:30Z	json_hand.py	1
2026-09-13T04:20:31Z	suite_resume.py	1
2026-09-13T04:20:37Z	readme_court.py	6
2026-09-13T04:31:20Z	arith_debt.py	643
2026-09-13T04:31:21Z	twin_world.py	1
2026-09-13T04:31:24Z	orphan_world.py	3
2026-09-13T04:31:36Z	genus_shown.py	12
2026-09-13T04:31:37Z	oracle_named.py	1
2026-09-13T04:31:38Z	world_atlas.py	1
2026-09-13T04:31:42Z	trap_series.py	4
2026-09-13T04:37:26Z	house_selfcheck.py	344
2026-09-13T04:37:54Z	asked_uncounted.py	28
2026-09-13T04:38:01Z	refusal_only_word.py	6
2026-09-13T04:38:03Z	contrast_real.py	2
2026-09-13T04:38:09Z	manifest_court.py	6
2026-09-13T05:24:08Z	arith_court.py	769
2026-09-13T05:24:15Z	algo_court.py	7
2026-09-13T05:26:16Z	formula_court.py	121
2026-09-13T05:26:24Z	logic_court.py	8
2026-09-13T05:26:26Z	physics_court.py	2
2026-09-13T05:26:32Z	cyber_court.py	6
2026-09-13T05:26:39Z	agreement_court.py	7
2026-09-13T05:26:44Z	notation_court.py	5
2026-09-13T05:26:47Z	unit_court.py	2
2026-09-13T05:26:49Z	number_court.py	2
2026-09-13T05:26:54Z	inquiry_court.py	5
2026-09-13T05:26:56Z	surfaces_court.py	2
2026-09-13T05:26:58Z	markdown_court.py	2
2026-09-13T05:26:59Z	doctree_court.py	1
2026-09-13T05:27:02Z	rates_court.py	3
2026-09-13T05:27:06Z	formula_lang_court.py	4
2026-09-13T05:27:09Z	percent_court.py	3
2026-09-13T05:27:10Z	average_court.py	1
2026-09-13T05:27:16Z	equation_court.py	6
2026-09-13T05:27:20Z	dataformat_court.py	4
2026-09-13T05:27:27Z	everyday_court.py	7
2026-09-13T05:27:28Z	story_chain_court.py	1
2026-09-13T05:27:30Z	age_court.py	2
2026-09-13T05:27:33Z	halves_court.py	3
2026-09-13T05:27:37Z	inquiry_de_fr_court.py	4
2026-09-13T05:27:38Z	ru_conversion_court.py	1
2026-09-13T05:27:39Z	selfmeasure_court.py	1
2026-09-13T05:27:40Z	ru_compare_court.py	1
2026-09-13T05:27:41Z	ru_story_court.py	1
2026-09-13T05:27:45Z	inquiry_es_it_court.py	4
2026-09-13T05:27:49Z	share_court.py	4
2026-09-13T05:27:53Z	compare_mult_court.py	4
2026-09-13T05:27:59Z	sequence_court.py	6
2026-09-13T05:28:04Z	geometry_court.py	5
2026-09-13T05:28:09Z	linalg_court.py	5
2026-09-13T05:28:11Z	calendar_court.py	2
2026-09-13T05:28:15Z	speech_court.py	4
2026-09-13T05:28:28Z	rugram_court.py	13
2026-09-13T05:28:33Z	physlaw_court.py	5
2026-09-13T05:28:38Z	compsci_court.py	5
2026-09-13T05:28:40Z	case_court.py	2
2026-09-13T05:28:43Z	valence_court.py	3
2026-09-13T05:28:45Z	shadow_court.py	2
2026-09-13T05:29:54Z	syllabus_court.py	68
2026-09-13T05:30:21Z	richness_court.py	27
2026-09-13T05:30:40Z	langpack_court.py	19
2026-09-13T05:30:41Z	langrule_court.py	1
2026-09-13T05:43:53Z	claims_court.py	792
2026-09-13T05:43:57Z	program_court.py	4
2026-09-13T05:44:01Z	statistics_court.py	4
2026-09-13T05:44:04Z	proof_court.py	3
2026-09-13T05:44:07Z	machine_court.py	3
2026-09-13T05:44:17Z	episode_court.py	10
2026-09-13T05:44:21Z	copula_court.py	4
2026-09-13T05:44:24Z	markup_court.py	3
2026-09-13T05:44:43Z	langlayer_court.py	19
2026-09-13T05:44:44Z	langform_court.py	1
2026-09-13T05:44:45Z	gsm_census.py	1
2026-09-13T05:47:01Z	reproducible.py	136
2026-09-13T05:47:02Z	bash32_court.py	1
2026-09-13T05:47:04Z	empty_in_court.py	2
2026-09-13T05:47:06Z	lawfirst_court.py	2
2026-09-13T05:47:15Z	sign_intact.py	9
2026-09-13T05:47:54Z	property_named.py	39
2026-09-13T05:47:55Z	ladder_full.py	1
2026-09-13T05:48:03Z	name_crossed.py	8
2026-09-13T05:48:04Z	genre_measured.py	1
2026-09-13T05:48:07Z	second_copy.py	3
2026-09-13T05:48:08Z	margin_census.py	1
2026-09-13T05:48:09Z	reports_index.py	1
2026-09-13T05:48:10Z	law_atlas.py	1
2026-09-13T05:48:11Z	court_atlas.py	1
2026-09-13T05:48:12Z	permuted_fresh.py	1
2026-09-13T05:48:13Z	build_dated.py	1
2026-09-13T05:48:14Z	probe_present.py	1
2026-09-13T05:48:15Z	court_voice.py	1
2026-09-13T05:48:16Z	suite_guard.py	1
2026-09-13T05:48:17Z	forge_claim.py	1
2026-09-13T05:48:18Z	broken_law.py	1
2026-09-13T05:48:26Z	house_api.py	7
2026-09-13T05:48:27Z	json_hand.py	1
2026-09-13T05:48:28Z	suite_resume.py	1
2026-09-13T05:48:32Z	readme_court.py	4
2026-09-13T05:54:59Z	arith_debt.py	387
2026-09-13T05:55:00Z	twin_world.py	1
2026-09-13T05:55:02Z	orphan_world.py	2
2026-09-13T05:55:08Z	genus_shown.py	6
2026-09-13T05:55:09Z	oracle_named.py	1
2026-09-13T05:55:10Z	world_atlas.py	1
2026-09-13T05:55:12Z	trap_series.py	2
2026-09-13T05:57:31Z	house_selfcheck.py	139
2026-09-13T05:57:38Z	asked_uncounted.py	7
2026-09-13T05:57:40Z	refusal_only_word.py	2
2026-09-13T05:57:41Z	contrast_real.py	1
2026-09-13T05:57:42Z	genre_kinds.py	1
2026-09-13T05:57:47Z	refusal_house.py	5
2026-09-13T05:57:49Z	manifest_court.py	2
2026-09-13T06:26:17Z	prose_court.py	1708
2026-09-13T06:26:26Z	mutants.py	9
2026-09-13T06:26:29Z	lexicon_reach.py	3
2026-09-13T06:26:37Z	inquiry_pt_nl_court.py	8
2026-09-13T06:26:45Z	inquiry_pl_tr_court.py	8
2026-09-13T06:26:53Z	metalang_court.py	8
2026-09-13T06:26:55Z	glyph_court.py	2
2026-09-13T06:26:56Z	space_court.py	1
2026-09-13T06:26:57Z	stenogram_court.py	1
2026-09-13T06:26:59Z	mathspaces_court.py	1
2026-09-13T06:27:00Z	gsmforms_court.py	1
2026-09-13T06:27:34Z	definitions_court.py	34
2026-09-13T06:27:36Z	pronoun_court.py	2
2026-09-13T06:27:37Z	money_court.py	1
2026-09-13T06:27:39Z	holes_court.py	2
2026-09-13T06:27:40Z	money_langs_court.py	1
2026-09-13T06:27:41Z	geometry_langs_court.py	1
2026-09-13T06:27:42Z	units_langs_court.py	1
2026-09-13T06:27:43Z	stats_langs_court.py	1
2026-09-13T06:27:45Z	calendar_langs_court.py	1
2026-09-13T06:27:46Z	sequences_langs_court.py	1
2026-09-13T06:27:47Z	compare_langs_court.py	1
2026-09-13T06:27:48Z	share_langs_court.py	1
2026-09-13T06:27:49Z	physics_langs_court.py	1
2026-09-13T06:27:57Z	relation_court.py	8
2026-09-13T06:56:01Z	court_mutants.py	1683
2026-09-13T06:56:10Z	panel_court.py	9
2026-09-13T06:56:17Z	concept_reach.py	7
2026-09-13T07:02:16Z	ask_reach.py	359
2026-09-13T07:02:18Z	band_reach.py	2
2026-09-13T07:02:20Z	biblio_reach.py	2
2026-09-13T07:02:24Z	ruverbs_court.py	4
2026-09-13T07:02:36Z	script_court.py	12
2026-09-13T08:04:34Z	arith_court.py	779
2026-09-13T08:04:46Z	algo_court.py	11
2026-09-13T08:07:30Z	formula_court.py	164
2026-09-13T08:07:39Z	logic_court.py	9
2026-09-13T08:07:41Z	physics_court.py	2
2026-09-13T08:07:48Z	cyber_court.py	6
2026-09-13T08:07:57Z	agreement_court.py	9
2026-09-13T08:08:03Z	notation_court.py	6
2026-09-13T08:08:06Z	unit_court.py	3
2026-09-13T08:08:09Z	number_court.py	3
2026-09-13T08:08:14Z	inquiry_court.py	5
2026-09-13T08:08:17Z	surfaces_court.py	2
2026-09-13T08:08:19Z	markdown_court.py	2
2026-09-13T08:08:20Z	doctree_court.py	1
2026-09-13T08:08:24Z	rates_court.py	4
2026-09-13T08:08:28Z	formula_lang_court.py	4
2026-09-13T08:08:32Z	percent_court.py	4
2026-09-13T08:08:35Z	average_court.py	3
2026-09-13T08:08:48Z	equation_court.py	13
2026-09-13T08:08:51Z	dataformat_court.py	3
2026-09-13T08:09:02Z	everyday_court.py	11
2026-09-13T08:09:04Z	story_chain_court.py	2
2026-09-13T08:09:08Z	age_court.py	4
2026-09-13T08:09:15Z	halves_court.py	7
2026-09-13T08:09:22Z	inquiry_de_fr_court.py	7
2026-09-13T08:09:23Z	ru_conversion_court.py	1
2026-09-13T08:09:25Z	selfmeasure_court.py	2
2026-09-13T08:09:26Z	ru_compare_court.py	1
2026-09-13T08:09:27Z	ru_story_court.py	1
2026-09-13T08:09:32Z	inquiry_es_it_court.py	5
2026-09-13T08:09:38Z	share_court.py	6
2026-09-13T08:09:42Z	compare_mult_court.py	4
2026-09-13T08:09:47Z	sequence_court.py	5
2026-09-13T08:09:52Z	geometry_court.py	5
2026-09-13T08:09:58Z	linalg_court.py	6
2026-09-13T08:10:01Z	calendar_court.py	3
2026-09-13T08:10:07Z	speech_court.py	5
2026-09-13T08:10:22Z	rugram_court.py	15
2026-09-13T08:10:29Z	physlaw_court.py	7
2026-09-13T08:10:39Z	compsci_court.py	10
2026-09-13T08:10:41Z	case_court.py	2
2026-09-13T08:10:46Z	valence_court.py	5
2026-09-13T08:10:49Z	shadow_court.py	3
2026-09-13T08:12:25Z	syllabus_court.py	96
2026-09-13T08:13:05Z	richness_court.py	40
2026-09-13T08:13:28Z	langpack_court.py	23
2026-09-13T08:13:29Z	langrule_court.py	1
2026-09-13T08:39:10Z	claims_court.py	1541
2026-09-13T08:39:17Z	program_court.py	6
2026-09-13T08:39:23Z	statistics_court.py	6
2026-09-13T08:39:28Z	proof_court.py	5
2026-09-13T08:39:32Z	machine_court.py	4
2026-09-13T08:39:47Z	episode_court.py	15
2026-09-13T08:39:54Z	copula_court.py	6
2026-09-13T08:39:59Z	markup_court.py	5
2026-09-13T08:40:31Z	langlayer_court.py	32
2026-09-13T08:40:34Z	langform_court.py	3
2026-09-13T08:40:36Z	gsm_census.py	1
2026-09-13T08:44:56Z	reproducible.py	260
2026-09-13T08:44:58Z	bash32_court.py	1
2026-09-13T08:45:01Z	empty_in_court.py	3
2026-09-13T08:45:03Z	lawfirst_court.py	2
2026-09-13T08:45:16Z	sign_intact.py	13
2026-09-13T08:46:12Z	property_named.py	56
2026-09-13T08:46:13Z	ladder_full.py	1
2026-09-13T08:46:23Z	name_crossed.py	10
2026-09-13T08:46:24Z	genre_measured.py	1
2026-09-13T08:46:29Z	second_copy.py	5
2026-09-13T08:46:30Z	margin_census.py	1
2026-09-13T08:46:31Z	reports_index.py	1
2026-09-13T08:46:32Z	law_atlas.py	1
2026-09-13T08:46:33Z	court_atlas.py	1
2026-09-13T08:46:40Z	genus_atlas.py	7
2026-09-13T08:46:42Z	permuted_fresh.py	2
2026-09-13T08:46:43Z	build_dated.py	1
2026-09-13T08:46:44Z	probe_present.py	1
2026-09-13T08:46:46Z	court_voice.py	1
2026-09-13T08:46:47Z	suite_guard.py	1
2026-09-13T08:46:48Z	forge_claim.py	1
2026-09-13T08:46:49Z	broken_law.py	1
2026-09-13T08:46:58Z	house_api.py	9
2026-09-13T08:46:59Z	json_hand.py	1
2026-09-13T08:47:00Z	suite_resume.py	1
2026-09-13T08:47:05Z	readme_court.py	5
2026-09-13T08:55:27Z	arith_debt.py	502
2026-09-13T08:55:28Z	twin_world.py	1
2026-09-13T08:55:30Z	orphan_world.py	2
2026-09-13T08:55:36Z	genus_shown.py	6
2026-09-13T08:55:37Z	oracle_named.py	1
2026-09-13T08:55:38Z	world_atlas.py	1
2026-09-13T08:55:40Z	trap_series.py	2
2026-09-13T08:58:35Z	house_selfcheck.py	175
2026-09-13T08:58:42Z	asked_uncounted.py	7
2026-09-13T08:58:44Z	refusal_only_word.py	2
2026-09-13T08:58:45Z	contrast_real.py	1
2026-09-13T08:58:46Z	genre_kinds.py	1
2026-09-13T08:58:51Z	refusal_house.py	5
2026-09-13T08:59:06Z	refusal_ground.py	15
2026-09-13T08:59:08Z	manifest_court.py	2
2026-09-13T10:41:43Z	prose_court.py	6155
2026-09-13T10:41:58Z	mutants.py	15
2026-09-13T10:42:02Z	lexicon_reach.py	4
2026-09-13T10:42:11Z	inquiry_pt_nl_court.py	9
2026-09-13T10:42:19Z	inquiry_pl_tr_court.py	8
2026-09-13T10:42:27Z	metalang_court.py	8
2026-09-13T10:42:29Z	glyph_court.py	2
2026-09-13T10:42:31Z	space_court.py	1
2026-09-13T10:42:32Z	stenogram_court.py	1
2026-09-13T10:42:33Z	mathspaces_court.py	1
2026-09-13T10:42:36Z	gsmforms_court.py	2
2026-09-13T10:43:05Z	definitions_court.py	29
2026-09-13T10:43:06Z	pronoun_court.py	1
2026-09-13T10:43:08Z	money_court.py	1
2026-09-13T10:43:10Z	holes_court.py	2
2026-09-13T10:43:11Z	money_langs_court.py	1
2026-09-13T10:43:12Z	geometry_langs_court.py	1
2026-09-13T10:43:13Z	units_langs_court.py	1
2026-09-13T10:43:14Z	stats_langs_court.py	1
2026-09-13T10:43:16Z	calendar_langs_court.py	1
2026-09-13T10:43:17Z	sequences_langs_court.py	1
2026-09-13T10:43:18Z	compare_langs_court.py	1
2026-09-13T10:43:20Z	share_langs_court.py	2
2026-09-13T10:43:21Z	physics_langs_court.py	1
2026-09-13T10:43:30Z	relation_court.py	9
2026-09-13T11:05:11Z	court_mutants.py	1301
2026-09-13T11:05:19Z	panel_court.py	8
2026-09-13T11:05:27Z	concept_reach.py	8
2026-09-13T11:12:06Z	ask_reach.py	399
2026-09-13T11:12:09Z	band_reach.py	3
2026-09-13T11:12:11Z	biblio_reach.py	2
2026-09-13T11:12:16Z	ruverbs_court.py	5
2026-09-13T11:12:34Z	script_court.py	17
2026-09-13T11:19:37Z	word_mutants.py	423
2026-09-13T11:25:45Z	verdict_cover.py	368
2026-09-13T11:30:56Z	sentence_cover.py	311
2026-09-13T11:31:13Z	bench_leak.py	17
2026-09-13T11:37:59Z	shelf_court.py	405
2026-09-13T11:51:34Z	ask_width.py	815
2026-09-13T11:51:39Z	notationvar_court.py	5
2026-09-13T11:54:34Z	prosetree_court.py	175
2026-09-13T11:54:36Z	longdiv_court.py	2
2026-09-13T11:58:07Z	form_census.py	211
2026-09-13T11:58:13Z	houses_census.py	6
2026-09-13T12:00:20Z	mass_census.py	127
2026-09-13T12:00:22Z	verbthings_court.py	2
2026-09-13T13:44:11Z	coverage.py	6229
2026-09-13T13:44:12Z	behavior_court.py	1
2026-09-13T13:44:13Z	topics_court.py	1
2026-09-13T13:44:14Z	nature_court.py	1
2026-09-13T13:44:15Z	links_court.py	1
2026-09-13T13:44:16Z	scale_court.py	1
2026-09-13T13:44:17Z	opposites_court.py	1
2026-09-13T13:44:18Z	roles_court.py	1
2026-09-13T13:44:19Z	joints_court.py	1
2026-09-13T13:44:20Z	dialogue_court.py	1
2026-09-13T13:44:21Z	worldfacts_court.py	1
2026-09-13T13:44:22Z	infer_court.py	1
2026-09-13T13:44:24Z	circle_probe.py	2
2026-09-13T13:44:25Z	agree_probe.py	1
2026-09-13T13:44:26Z	shelf_declare.py	1
2026-09-13T13:51:06Z	house_reach.py	400
2026-09-13T13:51:10Z	head_census.py	4
2026-09-13T13:51:12Z	form_matrix.py	2
2026-09-13T13:51:13Z	disj_court.py	1
2026-09-13T13:51:15Z	indu_court.py	1
2026-09-13T13:51:16Z	houseshows_court.py	1
2026-09-13T13:51:20Z	article_court.py	4
2026-09-13T13:51:34Z	rowframe_court.py	14
2026-09-13T13:51:39Z	opchoice_court.py	5
2026-09-13T13:51:41Z	chance_court.py	2
2026-09-13T13:51:44Z	lever_court.py	2
2026-09-13T13:51:50Z	zerodiv_court.py	6
2026-09-13T13:51:54Z	bound_court.py	4
2026-09-13T13:51:57Z	prec_court.py	3
2026-09-13T13:52:01Z	estim_court.py	4
2026-09-13T13:52:04Z	both_court.py	3
2026-09-13T13:52:07Z	likely_court.py	3
2026-09-13T13:52:11Z	sameshare_court.py	3
2026-09-13T13:52:16Z	factor_court.py	5
2026-09-13T13:52:19Z	amend_court.py	3
2026-09-13T13:52:25Z	divrule_court.py	6
2026-09-13T13:52:30Z	reduce_court.py	5
2026-09-13T13:52:35Z	cmpshare_court.py	5
2026-09-13T13:52:45Z	wholeshare_court.py	9
2026-09-13T13:52:50Z	addshare_court.py	5
2026-09-13T13:52:57Z	mulshare_court.py	7
2026-09-13T13:53:04Z	divshare_court.py	7
2026-09-13T13:53:12Z	neg_court.py	8
2026-09-13T13:53:23Z	signrul_court.py	10
2026-09-13T13:53:32Z	opslaw_court.py	9
2026-09-13T13:53:43Z	signadd_court.py	11
2026-09-13T13:53:51Z	pow_court.py	7
2026-09-13T13:53:58Z	dec_court.py	7
2026-09-13T13:54:04Z	abs_court.py	6
2026-09-13T13:54:16Z	handy_court.py	12
2026-09-13T13:54:21Z	prop_court.py	5
2026-09-13T13:54:28Z	rem_court.py	6
2026-09-13T13:54:31Z	parity_court.py	3
2026-09-13T13:54:35Z	pctchange_court.py	4
2026-09-13T13:54:39Z	pctdiff_court.py	4
2026-09-13T13:54:44Z	mapscale_court.py	4
2026-09-13T13:54:47Z	divsense_court.py	3
2026-09-13T13:54:52Z	plaus_court.py	5
2026-09-13T13:54:57Z	point_court.py	5
2026-09-13T13:55:02Z	need_court.py	5
2026-09-13T13:55:09Z	inverse_court.py	6
2026-09-13T13:55:15Z	ceilfloor_court.py	6
2026-09-13T13:55:21Z	unitcmp_court.py	6
2026-09-13T13:55:27Z	placeval_court.py	6
2026-09-13T13:55:37Z	digitlen_court.py	9
2026-09-13T13:55:39Z	nesuf_court.py	2
2026-09-13T13:55:45Z	numlabel_court.py	6
2026-09-13T13:55:50Z	onestep_court.py	4
2026-09-13T13:55:54Z	closure_court.py	4
2026-09-13T13:55:57Z	dist_court.py	3
2026-09-13T13:56:01Z	primewalk_court.py	3
2026-09-13T13:56:03Z	orderlaw_court.py	2
2026-09-13T13:56:06Z	gender_court.py	3
2026-09-13T13:56:08Z	measureprec_court.py	2
2026-09-13T13:56:12Z	chancetrap_court.py	3
2026-09-13T13:56:14Z	ratetrap_court.py	2
2026-09-13T13:56:16Z	negquant_court.py	2
2026-09-13T13:56:19Z	measuregrow_court.py	3
2026-09-13T13:56:21Z	dim_court.py	2
2026-09-13T13:56:23Z	fence_court.py	2
2026-09-13T13:56:25Z	measure_court.py	2
2026-09-13T13:56:28Z	turn_court.py	3
2026-09-13T13:56:30Z	overlap_court.py	2
2026-09-13T13:56:33Z	wmean_court.py	2
2026-09-13T13:56:35Z	cond_court.py	2
2026-09-13T13:56:37Z	numline_court.py	2
2026-09-13T13:56:39Z	squnit_court.py	2
2026-09-13T13:56:41Z	pctbase_court.py	2
2026-09-13T13:56:43Z	leap_court.py	2
2026-09-13T13:56:45Z	tzone_court.py	2
2026-09-13T13:56:48Z	median_court.py	2
2026-09-13T13:56:50Z	angle_court.py	2
2026-09-13T13:56:52Z	homo_court.py	2
2026-09-13T13:56:54Z	direct_court.py	2
2026-09-13T13:56:55Z	analog_court.py	1
2026-09-13T13:56:56Z	reply_court.py	1
2026-09-13T13:59:03Z	register_pairs.py	126
2026-09-13T13:59:16Z	register_purity.py	13
2026-09-13T13:59:35Z	prefix_traps.py	19
2026-09-13T13:59:54Z	sign_traps.py	19
2026-09-13T13:59:55Z	strat_slice.py	1
2026-09-13T14:06:38Z	house_rejects.py	403
2026-09-13T14:06:41Z	root_passport.py	2
2026-09-13T14:06:42Z	pack_singular_risk.py	1
2026-09-13T14:06:43Z	cell_shown.py	1
2026-09-13T14:06:50Z	idle_word.py	7
2026-09-13T14:06:51Z	form_unshown.py	1
2026-09-13T14:06:55Z	one_singular.py	4
2026-09-13T14:06:56Z	template_word.py	1
2026-09-13T14:06:57Z	signless_census.py	1
2026-09-13T14:10:28Z	operator_share.py	211
2026-09-13T14:10:41Z	key_support.py	13
2026-09-13T14:10:56Z	house_mutant.py	14
2026-09-13T15:57:06Z	court_catch.py	6370
2026-09-13T15:57:11Z	agree_skew.py	5
2026-09-13T15:57:24Z	twogender.py	13
2026-09-13T15:57:25Z	countlaw_court.py	1
2026-09-13T15:57:26Z	elision_court.py	1
2026-09-13T15:57:27Z	soundarticle_court.py	1
2026-09-13T15:57:28Z	plcopula_court.py	1
2026-09-13T15:57:29Z	hay_court.py	1
2026-09-13T15:57:31Z	serestar_court.py	1
2026-09-13T15:57:32Z	dosupport_court.py	1
2026-09-13T15:57:33Z	fuseprep_court.py	1
2026-09-13T15:57:34Z	nlarticle_court.py	1
2026-09-13T15:57:35Z	decase_court.py	1
2026-09-13T15:57:36Z	swclass_court.py	1
2026-09-13T15:57:37Z	idredup_court.py	1
2026-09-13T15:57:38Z	zhclass_court.py	1
2026-09-13T15:57:39Z	trharm_court.py	1
2026-09-13T15:57:40Z	viclass_court.py	1
2026-09-13T15:57:41Z	koparticle_court.py	1
2026-09-13T15:57:45Z	corpusword_court.py	4
2026-09-13T15:57:46Z	ukcount_court.py	1
2026-09-13T15:57:47Z	jaclass_court.py	1
2026-09-13T15:57:48Z	fipart_court.py	1
2026-09-13T15:57:49Z	personplace_court.py	1
2026-09-13T15:57:51Z	persondist_court.py	2
2026-09-13T15:57:52Z	huobj_court.py	1
2026-09-13T15:57:53Z	refusalwhy_court.py	1
2026-09-13T15:57:54Z	deacc_court.py	1
2026-09-13T15:57:55Z	svgender_court.py	1
2026-09-13T15:57:56Z	romgender_court.py	1
2026-09-13T15:57:57Z	deplur_court.py	1
2026-09-13T15:57:58Z	half_law.py	1
2026-09-13T15:58:05Z	unknown_name.py	7
2026-09-13T16:03:14Z	stale_world.py	309
2026-09-13T16:04:45Z	agree_traps.py	91
2026-09-13T16:04:46Z	wrong_sign.py	1
2026-09-13T16:04:48Z	debt_mark.py	2
2026-09-13T16:05:35Z	copula_band.py	47
2026-09-13T16:05:51Z	past_gender.py	16
2026-09-13T16:06:05Z	word_once.py	14
2026-09-13T16:06:17Z	article_sound.py	12
2026-09-13T16:06:22Z	elision.py	5
2026-09-13T16:06:23Z	threshold_census.py	1
2026-09-13T16:06:24Z	denominator_census.py	1
2026-09-13T16:06:25Z	ledger_mute.py	1
2026-09-13T16:06:32Z	refusal_reason.py	7
2026-09-13T16:06:39Z	house_skew.py	7
2026-09-13T16:11:56Z	court_split.py	316
2026-09-13T16:11:59Z	repeat_census.py	3
2026-09-13T16:12:07Z	definitions_reach.py	8
2026-09-13T16:12:09Z	copies_census.py	2
2026-09-13T16:12:11Z	sweep_self.py	2
2026-09-13T17:20:49Z	court_reach.py	4118
2026-09-13T17:20:55Z	holdout_key.py	6
2026-09-13T17:20:57Z	holdforms_court.py	2
2026-09-13T17:21:00Z	cmpframes_court.py	3
2026-09-13T17:21:02Z	sceneforms_court.py	2
2026-09-13T17:21:04Z	toolforms_court.py	2
2026-09-13T17:21:06Z	verifyforms_court.py	2
2026-09-13T17:21:08Z	planforms_court.py	2
2026-09-13T17:21:10Z	episodeforms_court.py	2
2026-09-13T17:21:13Z	summaryforms_court.py	3
2026-09-13T17:21:15Z	opforms_court.py	2
2026-09-13T17:21:16Z	readnum_court.py	1
2026-09-13T17:21:18Z	mandateforms_court.py	2
2026-09-13T17:21:21Z	personforms_court.py	3
2026-09-13T17:21:24Z	selfmodelforms_court.py	3
2026-09-13T17:21:27Z	signedworld_court.py	2
2026-09-13T17:21:28Z	beforetails_court.py	1
2026-09-13T17:21:29Z	discountroad_court.py	1
2026-09-13T17:21:33Z	nomention_court.py	4
2026-09-13T17:21:35Z	clockforms_court.py	2
2026-09-13T17:21:37Z	mixedunits_court.py	2
2026-09-13T17:21:39Z	dateforms_court.py	2
2026-09-13T17:21:40Z	clockwords_court.py	1
2026-09-13T17:21:43Z	speedforms_court.py	2
2026-09-13T17:21:44Z	roundforms_court.py	1
2026-09-13T17:21:45Z	orderforms_court.py	1
2026-09-13T17:21:46Z	quantforms_court.py	1
2026-09-13T17:21:47Z	roman_court.py	1
2026-09-13T17:21:49Z	place_court.py	1
2026-09-13T17:21:51Z	unitfrac_court.py	2
2026-09-13T17:21:52Z	enough_court.py	1
2026-09-13T17:21:54Z	numphrase_court.py	2
2026-09-13T17:21:55Z	kinbearer_court.py	1
2026-09-13T17:21:56Z	pronobject_court.py	1
2026-09-13T17:21:58Z	proform_court.py	1
2026-09-13T17:22:00Z	degrees_court.py	2
2026-09-13T17:22:02Z	actturn_court.py	2
2026-09-13T17:22:04Z	tempscale_court.py	2
2026-09-13T17:22:05Z	action_measure_court.py	1
2026-09-13T17:22:06Z	numberline_court.py	1
2026-09-13T17:22:07Z	countfacts_court.py	1
2026-09-13T17:22:08Z	letters_court.py	1
2026-09-13T17:23:58Z	langcount_court.py	110
2026-09-13T17:23:59Z	propcompare_court.py	1
2026-09-13T17:24:00Z	price_court.py	1
2026-09-13T17:24:01Z	translate_court.py	1
2026-09-13T17:24:02Z	timeunits_court.py	1
2026-09-13T17:24:04Z	svamp_court.py	2
2026-09-13T17:24:05Z	measure_langs_court.py	1
2026-09-13T17:24:06Z	partial_guard.py	1
2026-09-13T20:50:30Z	arith_court.py	690
2026-09-13T20:50:35Z	algo_court.py	5
2026-09-13T20:52:32Z	formula_court.py	117
2026-09-13T20:52:38Z	arith_court.py	674
2026-09-13T20:52:41Z	logic_court.py	9
2026-09-13T20:52:44Z	physics_court.py	3
2026-09-13T20:52:45Z	algo_court.py	7
2026-09-13T20:52:50Z	cyber_court.py	6
2026-09-13T20:52:59Z	agreement_court.py	9
2026-09-13T20:53:03Z	notation_court.py	4
2026-09-13T20:53:05Z	unit_court.py	2
2026-09-13T20:53:07Z	number_court.py	2
2026-09-13T20:53:12Z	inquiry_court.py	5
2026-09-13T20:53:14Z	surfaces_court.py	2
2026-09-13T20:53:16Z	markdown_court.py	2
2026-09-13T20:53:18Z	doctree_court.py	2
2026-09-13T20:53:22Z	rates_court.py	4
2026-09-13T20:53:26Z	formula_lang_court.py	4
2026-09-13T20:53:29Z	percent_court.py	3
2026-09-13T20:53:30Z	average_court.py	1
2026-09-13T20:53:35Z	equation_court.py	5
2026-09-13T20:53:37Z	dataformat_court.py	2
2026-09-13T20:53:44Z	everyday_court.py	7
2026-09-13T20:53:45Z	story_chain_court.py	1
2026-09-13T20:53:47Z	age_court.py	2
2026-09-13T20:53:50Z	halves_court.py	3
2026-09-13T20:53:55Z	inquiry_de_fr_court.py	5
2026-09-13T20:53:57Z	ru_conversion_court.py	1
2026-09-13T20:53:59Z	selfmeasure_court.py	2
2026-09-13T20:54:00Z	ru_compare_court.py	1
2026-09-13T20:54:01Z	ru_story_court.py	1
2026-09-13T20:54:05Z	inquiry_es_it_court.py	4
2026-09-13T20:54:09Z	share_court.py	4
2026-09-13T20:54:13Z	compare_mult_court.py	4
2026-09-13T20:54:20Z	sequence_court.py	6
2026-09-13T20:54:25Z	geometry_court.py	5
2026-09-13T20:54:28Z	formula_court.py	103
2026-09-13T20:54:30Z	linalg_court.py	5
2026-09-13T20:54:32Z	calendar_court.py	2
2026-09-13T20:54:35Z	logic_court.py	7
2026-09-13T20:54:36Z	speech_court.py	4
2026-09-13T20:54:37Z	physics_court.py	2
2026-09-13T20:54:42Z	cyber_court.py	5
2026-09-13T20:54:52Z	rugram_court.py	15
2026-09-13T20:54:53Z	agreement_court.py	10
2026-09-13T20:54:59Z	physlaw_court.py	7
2026-09-13T20:54:59Z	notation_court.py	6
2026-09-13T20:55:03Z	unit_court.py	3
2026-09-13T20:55:05Z	compsci_court.py	6
2026-09-13T20:55:06Z	number_court.py	3
2026-09-13T20:55:08Z	case_court.py	3
2026-09-13T20:55:12Z	valence_court.py	4
2026-09-13T20:55:13Z	inquiry_court.py	7
2026-09-13T20:55:15Z	surfaces_court.py	2
2026-09-13T20:55:16Z	shadow_court.py	3
2026-09-13T20:55:18Z	markdown_court.py	3
2026-09-13T20:55:21Z	doctree_court.py	2
2026-09-13T20:55:25Z	rates_court.py	4
2026-09-13T20:55:30Z	formula_lang_court.py	5
2026-09-13T20:55:34Z	percent_court.py	4
2026-09-13T20:55:36Z	average_court.py	2
2026-09-13T20:55:45Z	equation_court.py	8
2026-09-13T20:55:48Z	dataformat_court.py	3
2026-09-13T20:56:00Z	everyday_court.py	12
2026-09-13T20:56:02Z	story_chain_court.py	2
2026-09-13T20:56:05Z	age_court.py	3
2026-09-13T20:56:09Z	halves_court.py	4
2026-09-13T20:56:15Z	inquiry_de_fr_court.py	6
2026-09-13T20:56:18Z	ru_conversion_court.py	3
2026-09-13T20:56:20Z	selfmeasure_court.py	2
2026-09-13T20:56:22Z	ru_compare_court.py	2
2026-09-13T20:56:23Z	ru_story_court.py	1
2026-09-13T20:56:29Z	inquiry_es_it_court.py	6
2026-09-13T20:56:31Z	arith_court.py	594
2026-09-13T20:56:35Z	share_court.py	6
2026-09-13T20:56:37Z	algo_court.py	6
2026-09-13T20:56:40Z	compare_mult_court.py	5
2026-09-13T20:56:48Z	sequence_court.py	7
2026-09-13T20:56:50Z	syllabus_court.py	94
2026-09-13T20:56:54Z	geometry_court.py	6
2026-09-13T20:57:00Z	linalg_court.py	6
2026-09-13T20:57:04Z	calendar_court.py	3
2026-09-13T20:57:09Z	speech_court.py	5
2026-09-13T20:57:25Z	rugram_court.py	16
2026-09-13T20:57:26Z	richness_court.py	36
2026-09-13T20:57:32Z	physlaw_court.py	7
2026-09-13T20:57:37Z	compsci_court.py	5
2026-09-13T20:57:39Z	case_court.py	2
2026-09-13T20:57:42Z	valence_court.py	3
2026-09-13T20:57:46Z	shadow_court.py	4
2026-09-13T20:57:49Z	langpack_court.py	23
2026-09-13T20:57:50Z	langrule_court.py	1
2026-09-13T20:58:26Z	formula_court.py	109
2026-09-13T20:58:34Z	logic_court.py	8
2026-09-13T20:58:36Z	physics_court.py	2
2026-09-13T20:58:41Z	cyber_court.py	5
2026-09-13T20:58:49Z	agreement_court.py	8
2026-09-13T20:58:54Z	notation_court.py	5
2026-09-13T20:58:56Z	syllabus_court.py	70
2026-09-13T20:58:57Z	unit_court.py	3
2026-09-13T20:59:00Z	number_court.py	3
2026-09-13T20:59:05Z	inquiry_court.py	5
2026-09-13T20:59:07Z	surfaces_court.py	2
2026-09-13T20:59:09Z	markdown_court.py	2
2026-09-13T20:59:11Z	doctree_court.py	2
2026-09-13T20:59:16Z	rates_court.py	4
2026-09-13T20:59:20Z	formula_lang_court.py	4
2026-09-13T20:59:24Z	percent_court.py	4
2026-09-13T20:59:26Z	average_court.py	2
2026-09-13T20:59:31Z	richness_court.py	35
2026-09-13T20:59:36Z	equation_court.py	10
2026-09-13T20:59:40Z	dataformat_court.py	4
2026-09-13T20:59:53Z	everyday_court.py	13
2026-09-13T20:59:55Z	story_chain_court.py	2
2026-09-13T20:59:59Z	age_court.py	4
2026-09-13T21:00:03Z	langpack_court.py	31
2026-09-13T21:00:03Z	halves_court.py	4
2026-09-13T21:00:04Z	langrule_court.py	1
2026-09-13T21:00:09Z	inquiry_de_fr_court.py	6
2026-09-13T21:00:10Z	ru_conversion_court.py	1
2026-09-13T21:00:12Z	selfmeasure_court.py	2
2026-09-13T21:00:13Z	ru_compare_court.py	1
2026-09-13T21:00:14Z	ru_story_court.py	1
2026-09-13T21:00:18Z	inquiry_es_it_court.py	4
2026-09-13T21:00:23Z	share_court.py	5
2026-09-13T21:00:28Z	compare_mult_court.py	5
2026-09-13T21:00:33Z	sequence_court.py	5
2026-09-13T21:00:38Z	geometry_court.py	5
2026-09-13T21:00:43Z	linalg_court.py	5
2026-09-13T21:00:45Z	calendar_court.py	2
2026-09-13T21:00:49Z	speech_court.py	4
2026-09-13T21:01:02Z	rugram_court.py	13
2026-09-13T21:01:08Z	physlaw_court.py	6
2026-09-13T21:01:13Z	compsci_court.py	5
2026-09-13T21:01:15Z	case_court.py	2
2026-09-13T21:01:18Z	valence_court.py	3
2026-09-13T21:01:20Z	shadow_court.py	2
2026-09-13T21:02:28Z	syllabus_court.py	68
2026-09-13T21:02:55Z	richness_court.py	27
2026-09-13T21:03:12Z	langpack_court.py	17
2026-09-13T21:03:13Z	langrule_court.py	1
2026-09-13T21:15:08Z	claims_court.py	1038
2026-09-13T21:15:15Z	program_court.py	7
2026-09-13T21:15:23Z	statistics_court.py	7
2026-09-13T21:15:28Z	proof_court.py	5
2026-09-13T21:15:32Z	machine_court.py	4
2026-09-13T21:15:48Z	episode_court.py	16
2026-09-13T21:15:54Z	copula_court.py	6
2026-09-13T21:15:59Z	markup_court.py	5
2026-09-13T21:16:28Z	langlayer_court.py	29
2026-09-13T21:16:31Z	langform_court.py	2
2026-09-13T21:16:32Z	gsm_census.py	1
2026-09-13T21:17:36Z	claims_court.py	1051
2026-09-13T21:17:41Z	program_court.py	5
2026-09-13T21:17:46Z	statistics_court.py	5
2026-09-13T21:17:52Z	proof_court.py	6
2026-09-13T21:17:56Z	machine_court.py	4
2026-09-13T21:18:10Z	episode_court.py	14
2026-09-13T21:18:16Z	copula_court.py	6
2026-09-13T21:18:22Z	markup_court.py	6
2026-09-13T21:18:54Z	langlayer_court.py	32
2026-09-13T21:18:56Z	langform_court.py	2
2026-09-13T21:18:58Z	gsm_census.py	2
2026-09-13T21:20:22Z	reproducible.py	230
2026-09-13T21:20:23Z	bash32_court.py	1
2026-09-13T21:20:27Z	empty_in_court.py	4
2026-09-13T21:20:30Z	lawfirst_court.py	2
2026-09-13T21:20:44Z	sign_intact.py	14
2026-09-13T21:21:37Z	claims_court.py	1104
2026-09-13T21:21:47Z	program_court.py	10
2026-09-13T21:21:51Z	property_named.py	67
2026-09-13T21:21:52Z	ladder_full.py	1
2026-09-13T21:21:54Z	statistics_court.py	7
2026-09-13T21:22:02Z	proof_court.py	7
2026-09-13T21:22:09Z	machine_court.py	7
2026-09-13T21:22:12Z	name_crossed.py	19
2026-09-13T21:22:13Z	genre_measured.py	1
2026-09-13T21:22:19Z	second_copy.py	6
2026-09-13T21:22:20Z	margin_census.py	1
2026-09-13T21:22:22Z	reports_index.py	1
2026-09-13T21:22:23Z	law_atlas.py	1
2026-09-13T21:22:24Z	court_atlas.py	1
2026-09-13T21:22:28Z	episode_court.py	19
2026-09-13T21:22:33Z	genus_atlas.py	9
2026-09-13T21:22:35Z	copula_court.py	7
2026-09-13T21:22:35Z	permuted_fresh.py	2
2026-09-13T21:22:37Z	build_dated.py	1
2026-09-13T21:22:38Z	probe_present.py	1
2026-09-13T21:22:39Z	court_voice.py	1
2026-09-13T21:22:40Z	markup_court.py	5
2026-09-13T21:22:40Z	suite_guard.py	1
2026-09-13T21:22:41Z	forge_claim.py	1
2026-09-13T21:22:42Z	broken_law.py	1
2026-09-13T21:22:53Z	house_api.py	10
2026-09-13T21:22:54Z	json_hand.py	1
2026-09-13T21:22:55Z	suite_resume.py	1
2026-09-13T21:22:56Z	reproducible.py	238
2026-09-13T21:22:57Z	bash32_court.py	1
2026-09-13T21:23:01Z	readme_court.py	6
2026-09-13T21:23:01Z	empty_in_court.py	4
2026-09-13T21:23:04Z	lawfirst_court.py	3
2026-09-13T21:23:08Z	langlayer_court.py	28
2026-09-13T21:23:11Z	langform_court.py	2
2026-09-13T21:23:12Z	gsm_census.py	1
2026-09-13T21:23:19Z	sign_intact.py	15
2026-09-13T21:24:16Z	property_named.py	57
2026-09-13T21:24:17Z	ladder_full.py	1
2026-09-13T21:24:28Z	name_crossed.py	11
2026-09-13T21:24:29Z	genre_measured.py	1
2026-09-13T21:24:33Z	second_copy.py	4
2026-09-13T21:24:34Z	margin_census.py	1
2026-09-13T21:24:36Z	reports_index.py	1
2026-09-13T21:24:37Z	law_atlas.py	1
2026-09-13T21:24:38Z	court_atlas.py	1
2026-09-13T21:24:47Z	genus_atlas.py	9
2026-09-13T21:24:49Z	permuted_fresh.py	2
2026-09-13T21:24:50Z	build_dated.py	1
2026-09-13T21:24:51Z	probe_present.py	1
2026-09-13T21:24:53Z	court_voice.py	2
2026-09-13T21:24:54Z	suite_guard.py	1
2026-09-13T21:24:55Z	forge_claim.py	1
2026-09-13T21:24:56Z	broken_law.py	1
2026-09-13T21:25:06Z	house_api.py	10
2026-09-13T21:25:07Z	json_hand.py	1
2026-09-13T21:25:09Z	suite_resume.py	2
2026-09-13T21:25:15Z	readme_court.py	6
2026-09-13T21:26:44Z	reproducible.py	212
2026-09-13T21:26:45Z	bash32_court.py	1
2026-09-13T21:26:47Z	empty_in_court.py	2
2026-09-13T21:26:49Z	lawfirst_court.py	2
2026-09-13T21:26:59Z	sign_intact.py	10
2026-09-13T21:27:44Z	property_named.py	45
2026-09-13T21:27:45Z	ladder_full.py	1
2026-09-13T21:27:55Z	name_crossed.py	10
2026-09-13T21:27:56Z	genre_measured.py	1
2026-09-13T21:27:59Z	second_copy.py	3
2026-09-13T21:28:00Z	margin_census.py	1
2026-09-13T21:28:01Z	reports_index.py	1
2026-09-13T21:28:02Z	law_atlas.py	1
2026-09-13T21:28:03Z	court_atlas.py	1
2026-09-13T21:28:10Z	genus_atlas.py	7
2026-09-13T21:28:12Z	permuted_fresh.py	2
2026-09-13T21:28:13Z	build_dated.py	1
2026-09-13T21:28:14Z	probe_present.py	1
2026-09-13T21:28:15Z	court_voice.py	1
2026-09-13T21:28:16Z	suite_guard.py	1
2026-09-13T21:28:17Z	forge_claim.py	1
2026-09-13T21:28:18Z	broken_law.py	1
2026-09-13T21:28:26Z	house_api.py	8
2026-09-13T21:28:27Z	json_hand.py	1
2026-09-13T21:28:28Z	suite_resume.py	1
2026-09-13T21:28:33Z	readme_court.py	5
2026-09-13T21:31:05Z	arith_debt.py	484
2026-09-13T21:31:06Z	twin_world.py	1
2026-09-13T21:31:08Z	orphan_world.py	2
2026-09-13T21:31:14Z	genus_shown.py	6
2026-09-13T21:31:15Z	oracle_named.py	1
2026-09-13T21:31:16Z	world_atlas.py	1
2026-09-13T21:31:18Z	trap_series.py	2
2026-09-13T21:32:38Z	arith_debt.py	443
2026-09-13T21:32:40Z	twin_world.py	1
2026-09-13T21:32:42Z	orphan_world.py	2
2026-09-13T21:32:49Z	genus_shown.py	7
2026-09-13T21:32:50Z	oracle_named.py	1
2026-09-13T21:32:51Z	world_atlas.py	1
2026-09-13T21:32:53Z	trap_series.py	2
2026-09-13T21:34:06Z	house_selfcheck.py	168
2026-09-13T21:34:20Z	asked_uncounted.py	14
2026-09-13T21:34:24Z	refusal_only_word.py	4
2026-09-13T21:34:25Z	contrast_real.py	1
2026-09-13T21:34:28Z	genre_kinds.py	2
2026-09-13T21:34:35Z	refusal_house.py	7
2026-09-13T21:35:00Z	refusal_ground.py	25
2026-09-13T21:35:06Z	manifest_court.py	5
2026-09-13T21:36:47Z	arith_debt.py	494
2026-09-13T21:36:48Z	twin_world.py	1
2026-09-13T21:36:56Z	orphan_world.py	8
2026-09-13T21:37:24Z	genus_shown.py	28
2026-09-13T21:37:25Z	oracle_named.py	1
2026-09-13T21:37:27Z	world_atlas.py	2
2026-09-13T21:37:33Z	trap_series.py	6
2026-09-13T21:38:22Z	house_selfcheck.py	329
2026-09-13T21:38:51Z	asked_uncounted.py	29
2026-09-13T21:38:58Z	refusal_only_word.py	7
2026-09-13T21:38:59Z	contrast_real.py	1
2026-09-13T21:39:01Z	genre_kinds.py	2
2026-09-13T21:39:14Z	refusal_house.py	12
2026-09-13T21:39:39Z	refusal_ground.py	24
2026-09-13T21:39:43Z	manifest_court.py	4
2026-09-13T21:44:21Z	house_selfcheck.py	408
2026-09-13T21:44:33Z	asked_uncounted.py	12
2026-09-13T21:44:36Z	refusal_only_word.py	3
2026-09-13T21:44:37Z	contrast_real.py	1
2026-09-13T21:44:38Z	genre_kinds.py	1
2026-09-13T21:44:44Z	refusal_house.py	6
2026-09-13T21:44:59Z	refusal_ground.py	15
2026-09-13T21:45:01Z	manifest_court.py	2
2026-09-13T22:06:44Z	arith_court.py	496
2026-09-13T22:06:49Z	algo_court.py	5
2026-09-13T22:08:22Z	formula_court.py	93
2026-09-13T22:08:29Z	logic_court.py	7
2026-09-13T22:08:31Z	physics_court.py	2
2026-09-13T22:08:36Z	cyber_court.py	5
2026-09-13T22:08:42Z	agreement_court.py	6
2026-09-13T22:08:47Z	notation_court.py	4
2026-09-13T22:08:49Z	unit_court.py	2
2026-09-13T22:08:51Z	number_court.py	2
2026-09-13T22:08:55Z	inquiry_court.py	4
2026-09-13T22:08:57Z	surfaces_court.py	2
2026-09-13T22:08:59Z	markdown_court.py	2
2026-09-13T22:09:00Z	doctree_court.py	1
2026-09-13T22:09:03Z	rates_court.py	3
2026-09-13T22:09:06Z	formula_lang_court.py	3
2026-09-13T22:09:09Z	percent_court.py	3
2026-09-13T22:09:10Z	average_court.py	1
2026-09-13T22:09:15Z	equation_court.py	5
2026-09-13T22:09:19Z	dataformat_court.py	3
2026-09-13T22:09:26Z	everyday_court.py	7
2026-09-13T22:09:27Z	story_chain_court.py	1
2026-09-13T22:09:29Z	age_court.py	2
2026-09-13T22:09:32Z	halves_court.py	3
2026-09-13T22:09:36Z	inquiry_de_fr_court.py	4
2026-09-13T22:09:37Z	ru_conversion_court.py	1
2026-09-13T22:09:38Z	selfmeasure_court.py	1
2026-09-13T22:09:39Z	ru_compare_court.py	1
2026-09-13T22:09:40Z	ru_story_court.py	1
2026-09-13T22:09:44Z	inquiry_es_it_court.py	4
2026-09-13T22:09:48Z	share_court.py	4
2026-09-13T22:09:52Z	compare_mult_court.py	4
2026-09-13T22:09:56Z	sequence_court.py	4
2026-09-13T22:10:01Z	geometry_court.py	5
2026-09-13T22:10:06Z	linalg_court.py	5
2026-09-13T22:10:08Z	calendar_court.py	2
2026-09-13T22:10:12Z	speech_court.py	4
2026-09-13T22:10:25Z	rugram_court.py	13
2026-09-13T22:10:30Z	physlaw_court.py	5
2026-09-13T22:10:35Z	compsci_court.py	5
2026-09-13T22:10:36Z	case_court.py	1
2026-09-13T22:10:40Z	valence_court.py	3
2026-09-13T22:10:41Z	shadow_court.py	1
2026-09-13T22:11:48Z	syllabus_court.py	66
2026-09-13T22:12:15Z	richness_court.py	27
2026-09-13T22:12:33Z	langpack_court.py	18
2026-09-13T22:12:34Z	langrule_court.py	1
2026-09-13T22:30:42Z	claims_court.py	1088
2026-09-13T22:30:47Z	program_court.py	5
2026-09-13T22:30:52Z	statistics_court.py	5
2026-09-13T22:30:56Z	proof_court.py	4
2026-09-13T22:31:00Z	machine_court.py	3
2026-09-13T22:31:13Z	episode_court.py	13
2026-09-13T22:31:18Z	copula_court.py	5
2026-09-13T22:31:22Z	markup_court.py	4
2026-09-13T22:31:45Z	langlayer_court.py	23
2026-09-13T22:31:46Z	langform_court.py	1
2026-09-13T22:31:47Z	gsm_census.py	1
2026-09-13T22:34:12Z	reproducible.py	145
2026-09-13T22:34:13Z	bash32_court.py	1
2026-09-13T22:34:16Z	empty_in_court.py	3
2026-09-13T22:34:18Z	lawfirst_court.py	2
2026-09-13T22:34:30Z	sign_intact.py	12
2026-09-13T22:35:20Z	property_named.py	50
2026-09-13T22:35:21Z	ladder_full.py	1
2026-09-13T22:35:31Z	name_crossed.py	10
2026-09-13T22:35:32Z	genre_measured.py	1
2026-09-13T22:35:36Z	second_copy.py	4
2026-09-13T22:35:38Z	margin_census.py	1
2026-09-13T22:35:39Z	reports_index.py	1
2026-09-13T22:35:40Z	law_atlas.py	1
2026-09-13T22:35:41Z	court_atlas.py	1
2026-09-13T22:36:42Z	genus_atlas.py	61
2026-09-13T22:36:43Z	permuted_fresh.py	1
2026-09-13T22:36:44Z	build_dated.py	1
2026-09-13T22:36:45Z	probe_present.py	1
2026-09-13T22:36:46Z	court_voice.py	1
2026-09-13T22:36:47Z	suite_guard.py	1
2026-09-13T22:36:48Z	forge_claim.py	1
2026-09-13T22:36:49Z	broken_law.py	1
2026-09-13T22:37:55Z	house_api.py	66
2026-09-13T22:37:56Z	json_hand.py	1
2026-09-13T22:37:57Z	suite_resume.py	1
2026-09-13T22:38:02Z	readme_court.py	5
2026-09-13T22:46:27Z	arith_debt.py	505
2026-09-13T22:46:29Z	twin_world.py	2
2026-09-13T22:46:31Z	orphan_world.py	2
2026-09-13T22:47:51Z	genus_shown.py	80
2026-09-13T22:47:52Z	oracle_named.py	1
2026-09-13T22:47:53Z	world_atlas.py	1
2026-09-13T22:47:59Z	trap_series.py	6
2026-09-13T22:52:46Z	house_selfcheck.py	287
2026-09-13T22:52:54Z	asked_uncounted.py	8
2026-09-13T22:52:56Z	refusal_only_word.py	2
2026-09-13T22:52:57Z	contrast_real.py	1
2026-09-13T22:52:58Z	genre_kinds.py	1
2026-09-13T22:53:47Z	refusal_house.py	49
2026-09-13T22:54:54Z	refusal_ground.py	67
2026-09-13T22:54:56Z	manifest_court.py	2
2026-09-13T23:52:53Z	prose_court.py	8267
2026-09-13T23:53:00Z	mutants.py	7
2026-09-13T23:53:02Z	lexicon_reach.py	2
2026-09-13T23:53:06Z	inquiry_pt_nl_court.py	4
2026-09-13T23:53:10Z	inquiry_pl_tr_court.py	4
2026-09-13T23:53:14Z	metalang_court.py	4
2026-09-13T23:53:15Z	glyph_court.py	1
2026-09-13T23:53:16Z	space_court.py	1
2026-09-13T23:53:17Z	stenogram_court.py	1
2026-09-13T23:53:18Z	mathspaces_court.py	1
2026-09-13T23:53:20Z	gsmforms_court.py	1
2026-09-13T23:53:37Z	definitions_court.py	17
2026-09-13T23:53:38Z	pronoun_court.py	1
2026-09-13T23:53:39Z	money_court.py	1
2026-09-13T23:53:40Z	holes_court.py	1
2026-09-13T23:53:41Z	money_langs_court.py	1
2026-09-13T23:53:42Z	geometry_langs_court.py	1
2026-09-13T23:53:43Z	units_langs_court.py	1
2026-09-13T23:53:44Z	stats_langs_court.py	1
2026-09-13T23:53:45Z	calendar_langs_court.py	1
2026-09-13T23:53:46Z	sequences_langs_court.py	1
2026-09-13T23:53:48Z	compare_langs_court.py	1
2026-09-13T23:53:49Z	share_langs_court.py	1
2026-09-13T23:53:50Z	physics_langs_court.py	1
2026-09-13T23:53:55Z	relation_court.py	5
2026-09-13T23:54:43Z	prose_court.py	8100
2026-09-13T23:54:50Z	mutants.py	7
2026-09-13T23:54:52Z	lexicon_reach.py	2
2026-09-13T23:54:56Z	inquiry_pt_nl_court.py	4
2026-09-13T23:54:59Z	inquiry_pl_tr_court.py	3
2026-09-13T23:55:03Z	metalang_court.py	4
2026-09-13T23:55:04Z	glyph_court.py	1
2026-09-13T23:55:05Z	space_court.py	1
2026-09-13T23:55:06Z	stenogram_court.py	1
2026-09-13T23:55:07Z	mathspaces_court.py	1
2026-09-13T23:55:08Z	gsmforms_court.py	1
2026-09-13T23:55:24Z	definitions_court.py	16
2026-09-13T23:55:26Z	pronoun_court.py	1
2026-09-13T23:55:27Z	money_court.py	1
2026-09-13T23:55:28Z	holes_court.py	1
2026-09-13T23:55:29Z	money_langs_court.py	1
2026-09-13T23:55:30Z	geometry_langs_court.py	1
2026-09-13T23:55:31Z	units_langs_court.py	1
2026-09-13T23:55:32Z	stats_langs_court.py	1
2026-09-13T23:55:33Z	calendar_langs_court.py	1
2026-09-13T23:55:34Z	sequences_langs_court.py	1
2026-09-13T23:55:35Z	compare_langs_court.py	1
2026-09-13T23:55:36Z	share_langs_court.py	1
2026-09-13T23:55:37Z	physics_langs_court.py	1
2026-09-13T23:55:42Z	relation_court.py	5
2026-09-13T23:57:58Z	prose_court.py	7977
2026-09-13T23:58:04Z	mutants.py	6
2026-09-13T23:58:06Z	lexicon_reach.py	2
2026-09-13T23:58:10Z	inquiry_pt_nl_court.py	4
2026-09-13T23:58:14Z	inquiry_pl_tr_court.py	4
2026-09-13T23:58:19Z	metalang_court.py	5
2026-09-13T23:58:20Z	glyph_court.py	1
2026-09-13T23:58:21Z	space_court.py	1
2026-09-13T23:58:22Z	stenogram_court.py	1
2026-09-13T23:58:23Z	mathspaces_court.py	1
2026-09-13T23:58:24Z	gsmforms_court.py	1
2026-09-13T23:58:39Z	definitions_court.py	15
2026-09-13T23:58:40Z	pronoun_court.py	1
2026-09-13T23:58:41Z	money_court.py	1
2026-09-13T23:58:42Z	holes_court.py	1
2026-09-13T23:58:43Z	money_langs_court.py	1
2026-09-13T23:58:45Z	geometry_langs_court.py	1
2026-09-13T23:58:46Z	units_langs_court.py	1
2026-09-13T23:58:47Z	stats_langs_court.py	1
2026-09-13T23:58:48Z	calendar_langs_court.py	1
2026-09-13T23:58:49Z	sequences_langs_court.py	1
2026-09-13T23:58:50Z	compare_langs_court.py	1
2026-09-13T23:58:51Z	share_langs_court.py	1
2026-09-13T23:58:52Z	physics_langs_court.py	1
2026-09-13T23:58:57Z	relation_court.py	5
2026-09-14T00:12:53Z	court_mutants.py	1138
2026-09-14T00:13:00Z	panel_court.py	7
2026-09-14T00:13:06Z	concept_reach.py	6
2026-09-14T00:14:53Z	court_mutants.py	1151
2026-09-14T00:14:58Z	panel_court.py	5
2026-09-14T00:15:03Z	concept_reach.py	5
2026-09-14T00:18:11Z	court_mutants.py	1154
2026-09-14T00:18:15Z	panel_court.py	4
2026-09-14T00:18:20Z	concept_reach.py	5
2026-09-14T00:19:52Z	ask_reach.py	406
2026-09-14T00:19:54Z	band_reach.py	2
2026-09-14T00:19:56Z	biblio_reach.py	2
2026-09-14T00:20:01Z	ruverbs_court.py	5
2026-09-14T00:20:15Z	script_court.py	14
2026-09-14T00:21:27Z	ask_reach.py	384
2026-09-14T00:21:29Z	band_reach.py	2
2026-09-14T00:21:30Z	biblio_reach.py	1
2026-09-14T00:21:34Z	ruverbs_court.py	4
2026-09-14T00:21:49Z	script_court.py	15
2026-09-14T00:25:07Z	ask_reach.py	407
2026-09-14T00:25:10Z	band_reach.py	3
2026-09-14T00:25:12Z	biblio_reach.py	2
2026-09-14T00:25:15Z	word_mutants.py	300
2026-09-14T00:25:18Z	ruverbs_court.py	6
2026-09-14T00:25:36Z	script_court.py	18
2026-09-14T00:27:07Z	word_mutants.py	318
2026-09-14T00:29:46Z	verdict_cover.py	269
2026-09-14T00:30:46Z	word_mutants.py	310
2026-09-14T00:31:26Z	verdict_cover.py	259
2026-09-14T00:33:38Z	sentence_cover.py	232
2026-09-14T00:33:50Z	bench_leak.py	12
2026-09-14T00:34:38Z	verdict_cover.py	232
2026-09-14T00:35:17Z	sentence_cover.py	231
2026-09-14T00:35:28Z	bench_leak.py	11
2026-09-14T00:38:56Z	sentence_cover.py	258
2026-09-14T00:39:04Z	shelf_court.py	314
2026-09-14T00:39:14Z	bench_leak.py	18
2026-09-14T00:41:28Z	shelf_court.py	360
2026-09-14T00:45:45Z	shelf_court.py	391
2026-09-14T00:53:14Z	ask_width.py	850
2026-09-14T00:53:19Z	notationvar_court.py	5
2026-09-14T00:55:20Z	ask_width.py	832
2026-09-14T00:55:25Z	notationvar_court.py	5
2026-09-14T00:55:56Z	prosetree_court.py	157
2026-09-14T00:55:58Z	longdiv_court.py	2
2026-09-14T00:58:16Z	prosetree_court.py	171
2026-09-14T00:58:17Z	longdiv_court.py	1
2026-09-14T00:59:31Z	ask_width.py	826
2026-09-14T00:59:35Z	notationvar_court.py	4
2026-09-14T01:00:13Z	form_census.py	255
2026-09-14T01:02:17Z	houses_census.py	124
2026-09-14T01:03:31Z	form_census.py	314
2026-09-14T01:03:36Z	prosetree_court.py	241
2026-09-14T01:03:39Z	longdiv_court.py	3
2026-09-14T01:05:03Z	houses_census.py	92
2026-09-14T01:05:26Z	mass_census.py	189
2026-09-14T01:05:30Z	verbthings_court.py	4
2026-09-14T01:08:51Z	mass_census.py	228
2026-09-14T01:08:54Z	verbthings_court.py	3
2026-09-14T01:09:04Z	form_census.py	324
2026-09-14T01:10:10Z	houses_census.py	66
2026-09-14T01:10:23Z	prose_court.py	8127
2026-09-14T01:10:31Z	mutants.py	8
2026-09-14T01:10:33Z	lexicon_reach.py	2
2026-09-14T01:10:37Z	inquiry_pt_nl_court.py	4
2026-09-14T01:10:41Z	inquiry_pl_tr_court.py	4
2026-09-14T01:10:46Z	metalang_court.py	5
2026-09-14T01:10:47Z	glyph_court.py	1
2026-09-14T01:10:48Z	space_court.py	1
2026-09-14T01:10:49Z	stenogram_court.py	1
2026-09-14T01:10:50Z	mathspaces_court.py	1
2026-09-14T01:10:52Z	gsmforms_court.py	1
2026-09-14T01:11:09Z	definitions_court.py	17
2026-09-14T01:11:10Z	pronoun_court.py	1
2026-09-14T01:11:11Z	money_court.py	1
2026-09-14T01:11:13Z	holes_court.py	2
2026-09-14T01:11:14Z	money_langs_court.py	1
2026-09-14T01:11:15Z	geometry_langs_court.py	1
2026-09-14T01:11:16Z	units_langs_court.py	1
2026-09-14T01:11:17Z	stats_langs_court.py	1
2026-09-14T01:11:19Z	calendar_langs_court.py	1
2026-09-14T01:11:20Z	sequences_langs_court.py	1
2026-09-14T01:11:21Z	compare_langs_court.py	1
2026-09-14T01:11:22Z	share_langs_court.py	1
2026-09-14T01:11:23Z	physics_langs_court.py	1
2026-09-14T01:11:29Z	relation_court.py	6
2026-09-14T01:12:41Z	mass_census.py	151
2026-09-14T01:12:43Z	verbthings_court.py	2
2026-09-14T01:34:46Z	court_mutants.py	1397
2026-09-14T01:34:53Z	panel_court.py	7
2026-09-14T01:34:58Z	concept_reach.py	5
2026-09-14T01:44:02Z	ask_reach.py	543
2026-09-14T01:44:05Z	band_reach.py	3
2026-09-14T01:44:07Z	biblio_reach.py	2
2026-09-14T01:44:14Z	ruverbs_court.py	6
2026-09-14T01:44:36Z	script_court.py	22
2026-09-14T01:51:05Z	word_mutants.py	389
2026-09-14T01:55:46Z	verdict_cover.py	281
2026-09-14T02:00:30Z	sentence_cover.py	284
2026-09-14T02:00:44Z	bench_leak.py	14
2026-09-14T02:06:54Z	shelf_court.py	370
2026-09-14T02:25:13Z	ask_width.py	1099
2026-09-14T02:25:21Z	notationvar_court.py	8
2026-09-14T02:28:44Z	prosetree_court.py	203
2026-09-14T02:28:46Z	longdiv_court.py	2
2026-09-14T02:33:23Z	form_census.py	277
2026-09-14T02:34:37Z	houses_census.py	74
2026-09-14T02:37:22Z	mass_census.py	165
2026-09-14T02:37:25Z	verbthings_court.py	3
2026-09-14T02:57:49Z	coverage.py	6739
2026-09-14T02:57:50Z	behavior_court.py	1
2026-09-14T02:57:51Z	topics_court.py	1
2026-09-14T02:57:52Z	nature_court.py	1
2026-09-14T02:57:53Z	links_court.py	1
2026-09-14T02:57:54Z	scale_court.py	1
2026-09-14T02:57:55Z	opposites_court.py	1
2026-09-14T02:57:57Z	roles_court.py	1
2026-09-14T02:57:58Z	joints_court.py	1
2026-09-14T02:57:59Z	dialogue_court.py	1
2026-09-14T02:58:00Z	worldfacts_court.py	1
2026-09-14T02:58:01Z	infer_court.py	1
2026-09-14T02:58:03Z	circle_probe.py	2
2026-09-14T02:58:04Z	agree_probe.py	1
2026-09-14T02:58:05Z	shelf_declare.py	1
2026-09-14T02:59:54Z	coverage.py	6660
2026-09-14T02:59:55Z	behavior_court.py	1
2026-09-14T02:59:56Z	topics_court.py	1
2026-09-14T02:59:57Z	nature_court.py	1
2026-09-14T02:59:58Z	links_court.py	1
2026-09-14T02:59:59Z	scale_court.py	1
2026-09-14T03:00:00Z	opposites_court.py	1
2026-09-14T03:00:01Z	roles_court.py	1
2026-09-14T03:00:02Z	joints_court.py	1
2026-09-14T03:00:03Z	dialogue_court.py	1
2026-09-14T03:00:05Z	worldfacts_court.py	2
2026-09-14T03:00:06Z	infer_court.py	1
2026-09-14T03:00:08Z	circle_probe.py	2
2026-09-14T03:00:09Z	agree_probe.py	1
2026-09-14T03:00:10Z	shelf_declare.py	1
2026-09-14T03:04:31Z	coverage.py	6708
2026-09-14T03:04:32Z	behavior_court.py	1
2026-09-14T03:04:34Z	topics_court.py	1
2026-09-14T03:04:35Z	nature_court.py	1
2026-09-14T03:04:37Z	links_court.py	2
2026-09-14T03:04:38Z	scale_court.py	1
2026-09-14T03:04:39Z	opposites_court.py	1
2026-09-14T03:04:40Z	roles_court.py	1
2026-09-14T03:04:41Z	joints_court.py	1
2026-09-14T03:04:42Z	dialogue_court.py	1
2026-09-14T03:04:45Z	worldfacts_court.py	2
2026-09-14T03:04:46Z	infer_court.py	1
2026-09-14T03:04:50Z	circle_probe.py	4
2026-09-14T03:04:52Z	agree_probe.py	2
2026-09-14T03:04:53Z	shelf_declare.py	1
2026-09-14T03:09:03Z	house_reach.py	658
2026-09-14T03:09:06Z	head_census.py	3
2026-09-14T03:09:08Z	form_matrix.py	2
2026-09-14T03:09:09Z	disj_court.py	1
2026-09-14T03:09:11Z	indu_court.py	2
2026-09-14T03:09:12Z	houseshows_court.py	1
2026-09-14T03:09:15Z	article_court.py	3
2026-09-14T03:09:18Z	rowframe_court.py	3
2026-09-14T03:09:21Z	opchoice_court.py	3
2026-09-14T03:09:23Z	chance_court.py	2
2026-09-14T03:09:25Z	lever_court.py	2
2026-09-14T03:09:28Z	zerodiv_court.py	3
2026-09-14T03:09:30Z	bound_court.py	2
2026-09-14T03:09:32Z	prec_court.py	2
2026-09-14T03:09:34Z	estim_court.py	2
2026-09-14T03:09:35Z	both_court.py	1
2026-09-14T03:09:36Z	likely_court.py	1
2026-09-14T03:09:38Z	sameshare_court.py	2
2026-09-14T03:09:40Z	factor_court.py	2
2026-09-14T03:09:42Z	amend_court.py	2
2026-09-14T03:09:45Z	divrule_court.py	3
2026-09-14T03:09:48Z	reduce_court.py	3
2026-09-14T03:09:50Z	cmpshare_court.py	2
2026-09-14T03:09:54Z	wholeshare_court.py	4
2026-09-14T03:09:56Z	addshare_court.py	2
2026-09-14T03:09:59Z	mulshare_court.py	3
2026-09-14T03:10:02Z	divshare_court.py	3
2026-09-14T03:10:05Z	neg_court.py	3
2026-09-14T03:10:09Z	signrul_court.py	4
2026-09-14T03:10:12Z	opslaw_court.py	3
2026-09-14T03:10:17Z	signadd_court.py	4
2026-09-14T03:10:20Z	pow_court.py	3
2026-09-14T03:10:23Z	dec_court.py	3
2026-09-14T03:10:26Z	abs_court.py	3
2026-09-14T03:10:31Z	handy_court.py	5
2026-09-14T03:10:34Z	prop_court.py	3
2026-09-14T03:10:38Z	rem_court.py	4
2026-09-14T03:10:41Z	parity_court.py	2
2026-09-14T03:10:43Z	pctchange_court.py	2
2026-09-14T03:10:46Z	pctdiff_court.py	3
2026-09-14T03:10:49Z	mapscale_court.py	3
2026-09-14T03:10:52Z	divsense_court.py	3
2026-09-14T03:10:56Z	plaus_court.py	4
2026-09-14T03:10:59Z	point_court.py	3
2026-09-14T03:11:02Z	need_court.py	3
2026-09-14T03:11:07Z	inverse_court.py	4
2026-09-14T03:11:10Z	ceilfloor_court.py	3
2026-09-14T03:11:13Z	unitcmp_court.py	3
2026-09-14T03:11:14Z	house_reach.py	664
2026-09-14T03:11:16Z	head_census.py	2
2026-09-14T03:11:17Z	placeval_court.py	4
2026-09-14T03:11:18Z	form_matrix.py	2
2026-09-14T03:11:19Z	disj_court.py	1
2026-09-14T03:11:20Z	indu_court.py	1
2026-09-14T03:11:21Z	digitlen_court.py	4
2026-09-14T03:11:21Z	houseshows_court.py	1
2026-09-14T03:11:22Z	nesuf_court.py	1
2026-09-14T03:11:23Z	article_court.py	2
2026-09-14T03:11:25Z	numlabel_court.py	3
2026-09-14T03:11:27Z	rowframe_court.py	3
2026-09-14T03:11:27Z	onestep_court.py	2
2026-09-14T03:11:29Z	closure_court.py	2
2026-09-14T03:11:30Z	opchoice_court.py	3
2026-09-14T03:11:31Z	dist_court.py	2
2026-09-14T03:11:32Z	chance_court.py	2
2026-09-14T03:11:34Z	primewalk_court.py	2
2026-09-14T03:11:34Z	lever_court.py	2
2026-09-14T03:11:35Z	orderlaw_court.py	1
2026-09-14T03:11:36Z	zerodiv_court.py	2
2026-09-14T03:11:37Z	gender_court.py	2
2026-09-14T03:11:38Z	measureprec_court.py	1
2026-09-14T03:11:38Z	bound_court.py	2
2026-09-14T03:11:39Z	chancetrap_court.py	1
2026-09-14T03:11:40Z	ratetrap_court.py	1
2026-09-14T03:11:40Z	prec_court.py	2
2026-09-14T03:11:41Z	negquant_court.py	1
2026-09-14T03:11:42Z	measuregrow_court.py	1
2026-09-14T03:11:42Z	estim_court.py	2
2026-09-14T03:11:43Z	dim_court.py	1
2026-09-14T03:11:43Z	both_court.py	1
2026-09-14T03:11:44Z	fence_court.py	1
2026-09-14T03:11:45Z	measure_court.py	1
2026-09-14T03:11:45Z	likely_court.py	2
2026-09-14T03:11:47Z	turn_court.py	2
2026-09-14T03:11:47Z	sameshare_court.py	2
2026-09-14T03:11:50Z	overlap_court.py	2
2026-09-14T03:11:50Z	factor_court.py	2
2026-09-14T03:11:51Z	wmean_court.py	1
2026-09-14T03:11:51Z	amend_court.py	1
2026-09-14T03:11:52Z	cond_court.py	1
2026-09-14T03:11:53Z	divrule_court.py	2
2026-09-14T03:11:53Z	numline_court.py	1
2026-09-14T03:11:55Z	reduce_court.py	2
2026-09-14T03:11:55Z	squnit_court.py	2
2026-09-14T03:11:56Z	pctbase_court.py	1
2026-09-14T03:11:57Z	cmpshare_court.py	2
2026-09-14T03:11:57Z	leap_court.py	1
2026-09-14T03:11:58Z	tzone_court.py	1
2026-09-14T03:11:59Z	median_court.py	1
2026-09-14T03:12:01Z	wholeshare_court.py	4
2026-09-14T03:12:01Z	angle_court.py	2
2026-09-14T03:12:02Z	homo_court.py	1
2026-09-14T03:12:03Z	addshare_court.py	2
2026-09-14T03:12:03Z	direct_court.py	1
2026-09-14T03:12:04Z	analog_court.py	1
2026-09-14T03:12:05Z	mulshare_court.py	2
2026-09-14T03:12:06Z	reply_court.py	1
2026-09-14T03:12:07Z	divshare_court.py	2
2026-09-14T03:12:09Z	neg_court.py	2
2026-09-14T03:12:12Z	signrul_court.py	3
2026-09-14T03:12:15Z	opslaw_court.py	3
2026-09-14T03:12:18Z	signadd_court.py	3
2026-09-14T03:12:21Z	pow_court.py	2
2026-09-14T03:12:23Z	dec_court.py	2
2026-09-14T03:12:26Z	abs_court.py	3
2026-09-14T03:12:31Z	handy_court.py	5
2026-09-14T03:12:34Z	prop_court.py	3
2026-09-14T03:12:38Z	rem_court.py	4
2026-09-14T03:12:40Z	parity_court.py	2
2026-09-14T03:12:42Z	pctchange_court.py	2
2026-09-14T03:12:45Z	pctdiff_court.py	3
2026-09-14T03:12:48Z	mapscale_court.py	3
2026-09-14T03:12:52Z	divsense_court.py	3
2026-09-14T03:12:57Z	plaus_court.py	5
2026-09-14T03:13:01Z	point_court.py	4
2026-09-14T03:13:05Z	need_court.py	3
2026-09-14T03:13:09Z	inverse_court.py	4
2026-09-14T03:13:13Z	ceilfloor_court.py	4
2026-09-14T03:13:16Z	unitcmp_court.py	3
2026-09-14T03:13:20Z	placeval_court.py	4
2026-09-14T03:13:24Z	digitlen_court.py	4
2026-09-14T03:13:25Z	nesuf_court.py	1
2026-09-14T03:13:29Z	numlabel_court.py	3
2026-09-14T03:13:31Z	onestep_court.py	2
2026-09-14T03:13:33Z	closure_court.py	2
2026-09-14T03:13:35Z	dist_court.py	2
2026-09-14T03:13:37Z	primewalk_court.py	2
2026-09-14T03:13:38Z	orderlaw_court.py	1
2026-09-14T03:13:40Z	gender_court.py	2
2026-09-14T03:13:42Z	measureprec_court.py	1
2026-09-14T03:13:43Z	chancetrap_court.py	1
2026-09-14T03:13:44Z	ratetrap_court.py	1
2026-09-14T03:13:45Z	negquant_court.py	1
2026-09-14T03:13:46Z	measuregrow_court.py	1
2026-09-14T03:13:47Z	dim_court.py	1
2026-09-14T03:13:48Z	fence_court.py	1
2026-09-14T03:13:49Z	measure_court.py	1
2026-09-14T03:13:51Z	turn_court.py	2
2026-09-14T03:13:52Z	overlap_court.py	1
2026-09-14T03:13:53Z	wmean_court.py	1
2026-09-14T03:13:54Z	cond_court.py	1
2026-09-14T03:13:56Z	numline_court.py	2
2026-09-14T03:13:59Z	squnit_court.py	3
2026-09-14T03:14:00Z	pctbase_court.py	1
2026-09-14T03:14:01Z	leap_court.py	1
2026-09-14T03:14:02Z	tzone_court.py	1
2026-09-14T03:14:03Z	median_court.py	1
2026-09-14T03:14:04Z	angle_court.py	1
2026-09-14T03:14:06Z	homo_court.py	2
2026-09-14T03:14:08Z	direct_court.py	2
2026-09-14T03:14:09Z	analog_court.py	1
2026-09-14T03:14:11Z	reply_court.py	1
2026-09-14T03:14:37Z	register_pairs.py	151
2026-09-14T03:14:42Z	house_reach.py	589
2026-09-14T03:14:45Z	head_census.py	3
2026-09-14T03:14:48Z	form_matrix.py	2
2026-09-14T03:14:49Z	disj_court.py	1
2026-09-14T03:14:50Z	indu_court.py	1
2026-09-14T03:14:51Z	houseshows_court.py	1
2026-09-14T03:14:55Z	article_court.py	3
2026-09-14T03:14:59Z	rowframe_court.py	4
2026-09-14T03:15:03Z	opchoice_court.py	4
2026-09-14T03:15:05Z	chance_court.py	2
2026-09-14T03:15:08Z	lever_court.py	2
2026-09-14T03:15:11Z	zerodiv_court.py	3
2026-09-14T03:15:13Z	bound_court.py	2
2026-09-14T03:15:15Z	prec_court.py	2
2026-09-14T03:15:18Z	estim_court.py	2
2026-09-14T03:15:20Z	both_court.py	2
2026-09-14T03:15:22Z	likely_court.py	2
2026-09-14T03:15:24Z	sameshare_court.py	2
2026-09-14T03:15:26Z	factor_court.py	2
2026-09-14T03:15:27Z	amend_court.py	1
2026-09-14T03:15:30Z	divrule_court.py	3
2026-09-14T03:15:34Z	reduce_court.py	3
2026-09-14T03:15:38Z	cmpshare_court.py	4
2026-09-14T03:15:44Z	wholeshare_court.py	6
2026-09-14T03:15:48Z	addshare_court.py	3
2026-09-14T03:15:52Z	mulshare_court.py	4
2026-09-14T03:15:56Z	register_purity.py	79
2026-09-14T03:15:56Z	divshare_court.py	4
2026-09-14T03:16:00Z	neg_court.py	4
2026-09-14T03:16:06Z	signrul_court.py	5
2026-09-14T03:16:10Z	opslaw_court.py	4
2026-09-14T03:16:15Z	signadd_court.py	5
2026-09-14T03:16:19Z	pow_court.py	4
2026-09-14T03:16:24Z	dec_court.py	4
2026-09-14T03:16:28Z	abs_court.py	4
2026-09-14T03:16:34Z	handy_court.py	6
2026-09-14T03:16:38Z	prop_court.py	4
2026-09-14T03:16:43Z	rem_court.py	5
2026-09-14T03:16:47Z	parity_court.py	4
2026-09-14T03:16:51Z	pctchange_court.py	4
2026-09-14T03:16:56Z	pctdiff_court.py	5
2026-09-14T03:17:02Z	mapscale_court.py	5
2026-09-14T03:17:06Z	divsense_court.py	4
2026-09-14T03:17:11Z	plaus_court.py	5
2026-09-14T03:17:16Z	point_court.py	5
2026-09-14T03:17:22Z	need_court.py	6
2026-09-14T03:17:28Z	inverse_court.py	6
2026-09-14T03:17:28Z	register_pairs.py	197
2026-09-14T03:17:29Z	prefix_traps.py	93
2026-09-14T03:17:34Z	ceilfloor_court.py	6
2026-09-14T03:17:40Z	unitcmp_court.py	6
2026-09-14T03:17:47Z	placeval_court.py	6
2026-09-14T03:17:53Z	digitlen_court.py	6
2026-09-14T03:17:55Z	nesuf_court.py	2
2026-09-14T03:18:01Z	numlabel_court.py	6
2026-09-14T03:18:04Z	onestep_court.py	3
2026-09-14T03:18:08Z	closure_court.py	4
2026-09-14T03:18:13Z	dist_court.py	4
2026-09-14T03:18:15Z	primewalk_court.py	2
2026-09-14T03:18:17Z	orderlaw_court.py	2
2026-09-14T03:18:19Z	gender_court.py	2
2026-09-14T03:18:22Z	measureprec_court.py	3
2026-09-14T03:18:25Z	chancetrap_court.py	2
2026-09-14T03:18:27Z	ratetrap_court.py	2
2026-09-14T03:18:29Z	negquant_court.py	2
2026-09-14T03:18:31Z	measuregrow_court.py	2
2026-09-14T03:18:33Z	dim_court.py	2
2026-09-14T03:18:35Z	fence_court.py	2
2026-09-14T03:18:38Z	measure_court.py	3
2026-09-14T03:18:41Z	turn_court.py	3
2026-09-14T03:18:44Z	overlap_court.py	3
2026-09-14T03:18:46Z	wmean_court.py	2
2026-09-14T03:18:48Z	cond_court.py	2
2026-09-14T03:18:50Z	numline_court.py	2
2026-09-14T03:18:53Z	squnit_court.py	2
2026-09-14T03:18:55Z	pctbase_court.py	2
2026-09-14T03:18:58Z	leap_court.py	3
2026-09-14T03:19:00Z	tzone_court.py	2
2026-09-14T03:19:02Z	median_court.py	2
2026-09-14T03:19:04Z	angle_court.py	2
2026-09-14T03:19:06Z	homo_court.py	2
2026-09-14T03:19:09Z	direct_court.py	2
2026-09-14T03:19:10Z	analog_court.py	1
2026-09-14T03:19:11Z	reply_court.py	1
2026-09-14T03:19:19Z	register_purity.py	110
2026-09-14T03:19:19Z	sign_traps.py	110
2026-09-14T03:19:20Z	strat_slice.py	1
2026-09-14T03:20:36Z	prefix_traps.py	77
2026-09-14T03:21:47Z	sign_traps.py	71
2026-09-14T03:21:49Z	strat_slice.py	2
2026-09-14T03:22:00Z	register_pairs.py	169
2026-09-14T03:23:15Z	register_purity.py	75
2026-09-14T03:24:20Z	house_rejects.py	300
2026-09-14T03:24:23Z	root_passport.py	2
2026-09-14T03:24:24Z	pack_singular_risk.py	1
2026-09-14T03:24:25Z	cell_shown.py	1
2026-09-14T03:24:32Z	idle_word.py	6
2026-09-14T03:24:33Z	form_unshown.py	1
2026-09-14T03:24:37Z	one_singular.py	4
2026-09-14T03:24:39Z	template_word.py	1
2026-09-14T03:24:41Z	signless_census.py	2
2026-09-14T03:24:46Z	prefix_traps.py	91
2026-09-14T03:25:51Z	sign_traps.py	65
2026-09-14T03:25:51Z	operator_share.py	70
2026-09-14T03:25:52Z	strat_slice.py	1
2026-09-14T03:25:59Z	key_support.py	8
2026-09-14T03:26:41Z	house_rejects.py	292
2026-09-14T03:26:43Z	root_passport.py	2
2026-09-14T03:26:44Z	pack_singular_risk.py	1
2026-09-14T03:26:45Z	cell_shown.py	1
2026-09-14T03:26:50Z	idle_word.py	5
2026-09-14T03:26:51Z	form_unshown.py	1
2026-09-14T03:26:54Z	one_singular.py	3
2026-09-14T03:26:56Z	template_word.py	1
2026-09-14T03:26:57Z	signless_census.py	1
2026-09-14T03:27:07Z	house_mutant.py	68
2026-09-14T03:28:14Z	operator_share.py	77
2026-09-14T03:28:24Z	key_support.py	9
2026-09-14T03:29:31Z	house_mutant.py	67
2026-09-14T03:30:28Z	house_rejects.py	276
2026-09-14T03:30:31Z	root_passport.py	3
2026-09-14T03:30:32Z	pack_singular_risk.py	1
2026-09-14T03:30:33Z	cell_shown.py	1
2026-09-14T03:30:39Z	idle_word.py	5
2026-09-14T03:30:40Z	form_unshown.py	1
2026-09-14T03:30:45Z	one_singular.py	4
2026-09-14T03:30:46Z	template_word.py	1
2026-09-14T03:30:48Z	signless_census.py	2
2026-09-14T03:31:59Z	operator_share.py	71
2026-09-14T03:32:07Z	key_support.py	8
2026-09-14T03:33:11Z	house_mutant.py	64
2026-09-14T04:27:19Z	behavior_court.py	1
2026-09-14T04:27:20Z	topics_court.py	1
2026-09-14T04:27:22Z	nature_court.py	1
2026-09-14T04:27:25Z	links_court.py	3
2026-09-14T04:27:27Z	scale_court.py	1
2026-09-14T04:27:28Z	opposites_court.py	1
2026-09-14T04:27:29Z	agree_skew.py	11
2026-09-14T04:27:29Z	agree_skew.py	11
2026-09-14T04:27:29Z	agree_skew.py	11
2026-09-14T04:27:29Z	roles_court.py	1
2026-09-14T04:27:33Z	joints_court.py	3
2026-09-14T04:27:36Z	dialogue_court.py	3
2026-09-14T04:27:38Z	worldfacts_court.py	2
2026-09-14T04:27:39Z	infer_court.py	1
2026-09-14T04:27:43Z	circle_probe.py	4
2026-09-14T04:27:45Z	agree_probe.py	1
2026-09-14T04:27:46Z	shelf_declare.py	1
2026-09-14T04:29:12Z	twogender.py	103
2026-09-14T04:29:12Z	twogender.py	103
2026-09-14T04:29:12Z	twogender.py	103
2026-09-14T04:29:14Z	countlaw_court.py	2
2026-09-14T04:29:14Z	countlaw_court.py	2
2026-09-14T04:29:14Z	countlaw_court.py	2
2026-09-14T04:29:16Z	elision_court.py	2
2026-09-14T04:29:16Z	elision_court.py	2
2026-09-14T04:29:17Z	elision_court.py	2
2026-09-14T04:29:18Z	soundarticle_court.py	2
2026-09-14T04:29:19Z	soundarticle_court.py	2
2026-09-14T04:29:19Z	soundarticle_court.py	2
2026-09-14T04:29:19Z	plcopula_court.py	1
2026-09-14T04:29:21Z	plcopula_court.py	2
2026-09-14T04:29:21Z	plcopula_court.py	2
2026-09-14T04:29:22Z	hay_court.py	3
2026-09-14T04:29:23Z	hay_court.py	2
2026-09-14T04:29:23Z	hay_court.py	2
2026-09-14T04:29:24Z	serestar_court.py	2
2026-09-14T04:29:25Z	serestar_court.py	2
2026-09-14T04:29:25Z	serestar_court.py	2
2026-09-14T04:29:26Z	dosupport_court.py	2
2026-09-14T04:29:27Z	dosupport_court.py	2
2026-09-14T04:29:27Z	dosupport_court.py	2
2026-09-14T04:29:28Z	fuseprep_court.py	2
2026-09-14T04:29:29Z	fuseprep_court.py	2
2026-09-14T04:29:29Z	fuseprep_court.py	2
2026-09-14T04:29:30Z	nlarticle_court.py	2
2026-09-14T04:29:30Z	nlarticle_court.py	1
2026-09-14T04:29:31Z	nlarticle_court.py	1
2026-09-14T04:29:31Z	decase_court.py	1
2026-09-14T04:29:32Z	decase_court.py	1
2026-09-14T04:29:32Z	decase_court.py	1
2026-09-14T04:29:32Z	swclass_court.py	1
2026-09-14T04:29:33Z	swclass_court.py	1
2026-09-14T04:29:34Z	swclass_court.py	2
2026-09-14T04:29:34Z	idredup_court.py	2
2026-09-14T04:29:35Z	idredup_court.py	2
2026-09-14T04:29:36Z	idredup_court.py	2
2026-09-14T04:29:37Z	zhclass_court.py	2
2026-09-14T04:29:37Z	zhclass_court.py	2
2026-09-14T04:29:38Z	zhclass_court.py	2
2026-09-14T04:29:39Z	trharm_court.py	2
2026-09-14T04:29:39Z	trharm_court.py	2
2026-09-14T04:29:40Z	trharm_court.py	2
2026-09-14T04:29:41Z	viclass_court.py	2
2026-09-14T04:29:41Z	viclass_court.py	2
2026-09-14T04:29:42Z	viclass_court.py	2
2026-09-14T04:29:43Z	koparticle_court.py	2
2026-09-14T04:29:43Z	koparticle_court.py	2
2026-09-14T04:29:45Z	koparticle_court.py	3
2026-09-14T04:29:50Z	corpusword_court.py	7
2026-09-14T04:29:51Z	corpusword_court.py	8
2026-09-14T04:29:52Z	corpusword_court.py	7
2026-09-14T04:29:52Z	ukcount_court.py	2
2026-09-14T04:29:53Z	ukcount_court.py	2
2026-09-14T04:29:54Z	ukcount_court.py	2
2026-09-14T04:29:55Z	jaclass_court.py	2
2026-09-14T04:29:55Z	jaclass_court.py	2
2026-09-14T04:29:56Z	jaclass_court.py	2
2026-09-14T04:29:57Z	fipart_court.py	2
2026-09-14T04:29:57Z	fipart_court.py	2
2026-09-14T04:29:57Z	fipart_court.py	1
2026-09-14T04:29:59Z	personplace_court.py	2
2026-09-14T04:29:59Z	personplace_court.py	2
2026-09-14T04:29:59Z	personplace_court.py	2
2026-09-14T04:30:00Z	persondist_court.py	1
2026-09-14T04:30:00Z	persondist_court.py	1
2026-09-14T04:30:01Z	persondist_court.py	2
2026-09-14T04:30:02Z	huobj_court.py	2
2026-09-14T04:30:02Z	huobj_court.py	2
2026-09-14T04:30:03Z	huobj_court.py	2
2026-09-14T04:30:04Z	refusalwhy_court.py	2
2026-09-14T04:30:04Z	refusalwhy_court.py	2
2026-09-14T04:30:06Z	refusalwhy_court.py	3
2026-09-14T04:30:06Z	deacc_court.py	2
2026-09-14T04:30:07Z	deacc_court.py	3
2026-09-14T04:30:08Z	deacc_court.py	2
2026-09-14T04:30:08Z	svgender_court.py	2
2026-09-14T04:30:09Z	svgender_court.py	2
2026-09-14T04:30:09Z	svgender_court.py	1
2026-09-14T04:30:11Z	romgender_court.py	2
2026-09-14T04:30:11Z	romgender_court.py	2
2026-09-14T04:30:11Z	romgender_court.py	2
2026-09-14T04:30:13Z	numnoun_court.py	2
2026-09-14T04:30:13Z	numnoun_court.py	2
2026-09-14T04:30:13Z	numnoun_court.py	2
2026-09-14T04:30:15Z	numplace_court.py	2
2026-09-14T04:30:15Z	numplace_court.py	2
2026-09-14T04:30:15Z	numplace_court.py	2
2026-09-14T04:30:17Z	deplur_court.py	2
2026-09-14T04:30:17Z	deplur_court.py	2
2026-09-14T04:30:17Z	deplur_court.py	2
2026-09-14T04:30:18Z	half_law.py	1
2026-09-14T04:30:18Z	half_law.py	1
2026-09-14T04:30:18Z	half_law.py	1
2026-09-14T04:30:29Z	unknown_name.py	11
2026-09-14T04:30:29Z	unknown_name.py	11
2026-09-14T04:30:30Z	unknown_name.py	12
2026-09-14T04:39:06Z	house_reach.py	680
2026-09-14T04:39:09Z	head_census.py	3
2026-09-14T04:39:12Z	form_matrix.py	3
2026-09-14T04:39:13Z	disj_court.py	1
2026-09-14T04:39:15Z	indu_court.py	2
2026-09-14T04:39:16Z	houseshows_court.py	1
2026-09-14T04:39:19Z	article_court.py	3
2026-09-14T04:39:23Z	rowframe_court.py	4
2026-09-14T04:39:27Z	opchoice_court.py	4
2026-09-14T04:39:30Z	chance_court.py	3
2026-09-14T04:39:32Z	lever_court.py	2
2026-09-14T04:39:35Z	zerodiv_court.py	3
2026-09-14T04:39:37Z	bound_court.py	2
2026-09-14T04:39:39Z	prec_court.py	2
2026-09-14T04:39:41Z	estim_court.py	2
2026-09-14T04:39:43Z	both_court.py	2
2026-09-14T04:39:46Z	likely_court.py	2
2026-09-14T04:39:47Z	stale_world.py	557
2026-09-14T04:39:48Z	sameshare_court.py	2
2026-09-14T04:39:49Z	stale_world.py	560
2026-09-14T04:39:49Z	stale_world.py	559
2026-09-14T04:39:50Z	factor_court.py	2
2026-09-14T04:39:51Z	amend_court.py	1
2026-09-14T04:39:54Z	divrule_court.py	3
2026-09-14T04:39:56Z	reduce_court.py	2
2026-09-14T04:39:58Z	cmpshare_court.py	2
2026-09-14T04:40:02Z	wholeshare_court.py	4
2026-09-14T04:40:04Z	addshare_court.py	2
2026-09-14T04:40:08Z	mulshare_court.py	3
2026-09-14T04:40:11Z	divshare_court.py	3
2026-09-14T04:40:14Z	neg_court.py	3
2026-09-14T04:40:18Z	signrul_court.py	4
2026-09-14T04:40:21Z	opslaw_court.py	3
2026-09-14T04:40:25Z	signadd_court.py	4
2026-09-14T04:40:29Z	pow_court.py	4
2026-09-14T04:40:32Z	dec_court.py	3
2026-09-14T04:40:35Z	abs_court.py	3
2026-09-14T04:40:40Z	handy_court.py	5
2026-09-14T04:40:43Z	prop_court.py	3
2026-09-14T04:40:47Z	rem_court.py	4
2026-09-14T04:40:49Z	parity_court.py	2
2026-09-14T04:40:52Z	pctchange_court.py	3
2026-09-14T04:40:55Z	pctdiff_court.py	3
2026-09-14T04:40:58Z	mapscale_court.py	3
2026-09-14T04:41:01Z	divsense_court.py	3
2026-09-14T04:41:06Z	plaus_court.py	5
2026-09-14T04:41:09Z	point_court.py	3
2026-09-14T04:41:12Z	need_court.py	3
2026-09-14T04:41:16Z	inverse_court.py	3
2026-09-14T04:41:19Z	ceilfloor_court.py	3
2026-09-14T04:41:22Z	unitcmp_court.py	3
2026-09-14T04:41:26Z	placeval_court.py	4
2026-09-14T04:41:30Z	digitlen_court.py	4
2026-09-14T04:41:31Z	nesuf_court.py	1
2026-09-14T04:41:32Z	agree_traps.py	104
2026-09-14T04:41:33Z	wrong_sign.py	1
2026-09-14T04:41:33Z	agree_traps.py	104
2026-09-14T04:41:34Z	agree_traps.py	105
2026-09-14T04:41:34Z	debt_mark.py	1
2026-09-14T04:41:34Z	numlabel_court.py	3
2026-09-14T04:41:34Z	wrong_sign.py	1
2026-09-14T04:41:35Z	wrong_sign.py	1
2026-09-14T04:41:35Z	debt_mark.py	1
2026-09-14T04:41:36Z	debt_mark.py	1
2026-09-14T04:41:36Z	onestep_court.py	2
2026-09-14T04:41:38Z	closure_court.py	2
2026-09-14T04:41:40Z	dist_court.py	2
2026-09-14T04:41:43Z	primewalk_court.py	3
2026-09-14T04:41:44Z	orderlaw_court.py	1
2026-09-14T04:41:46Z	gender_court.py	2
2026-09-14T04:41:47Z	measureprec_court.py	1
2026-09-14T04:41:48Z	chancetrap_court.py	1
2026-09-14T04:41:49Z	ratetrap_court.py	1
2026-09-14T04:41:50Z	negquant_court.py	1
2026-09-14T04:41:51Z	measuregrow_court.py	1
2026-09-14T04:41:52Z	dim_court.py	1
2026-09-14T04:41:53Z	fence_court.py	1
2026-09-14T04:41:54Z	measure_court.py	1
2026-09-14T04:41:56Z	turn_court.py	2
2026-09-14T04:41:57Z	overlap_court.py	1
2026-09-14T04:41:58Z	wmean_court.py	1
2026-09-14T04:42:00Z	cond_court.py	1
2026-09-14T04:42:01Z	numline_court.py	1
2026-09-14T04:42:03Z	squnit_court.py	2
2026-09-14T04:42:04Z	pctbase_court.py	1
2026-09-14T04:42:05Z	leap_court.py	1
2026-09-14T04:42:06Z	tzone_court.py	1
2026-09-14T04:42:07Z	median_court.py	1
2026-09-14T04:42:08Z	angle_court.py	1
2026-09-14T04:42:09Z	homo_court.py	1
2026-09-14T04:42:10Z	direct_court.py	1
2026-09-14T04:42:11Z	analog_court.py	1
2026-09-14T04:42:12Z	reply_court.py	1
2026-09-14T04:43:14Z	copula_band.py	100
2026-09-14T04:43:16Z	copula_band.py	100
2026-09-14T04:43:16Z	copula_band.py	100
2026-09-14T04:44:19Z	past_gender.py	65
2026-09-14T04:44:23Z	past_gender.py	67
2026-09-14T04:44:23Z	past_gender.py	67
2026-09-14T04:44:31Z	word_once.py	12
2026-09-14T04:44:33Z	word_once.py	10
2026-09-14T04:44:33Z	word_once.py	10
2026-09-14T04:44:37Z	register_pairs.py	145
2026-09-14T04:44:42Z	article_sound.py	11
2026-09-14T04:44:44Z	article_sound.py	11
2026-09-14T04:44:44Z	article_sound.py	11
2026-09-14T04:44:45Z	elision.py	3
2026-09-14T04:44:47Z	class_name_honest.py	2
2026-09-14T04:44:47Z	elision.py	3
2026-09-14T04:44:48Z	elision.py	3
2026-09-14T04:44:48Z	worlds_unchanged.py	1
2026-09-14T04:44:49Z	class_name_honest.py	1
2026-09-14T04:44:49Z	class_name_honest.py	1
2026-09-14T04:44:49Z	threshold_census.py	1
2026-09-14T04:44:50Z	worlds_unchanged.py	1
2026-09-14T04:44:50Z	worlds_unchanged.py	1
2026-09-14T04:44:50Z	denominator_census.py	1
2026-09-14T04:44:51Z	threshold_census.py	1
2026-09-14T04:44:51Z	threshold_census.py	1
2026-09-14T04:44:51Z	ledger_mute.py	1
2026-09-14T04:44:52Z	denominator_census.py	1
2026-09-14T04:44:52Z	denominator_census.py	1
2026-09-14T04:44:53Z	ledger_mute.py	1
2026-09-14T04:44:53Z	ledger_mute.py	1
2026-09-14T04:45:48Z	register_purity.py	71
2026-09-14T04:46:04Z	refusal_reason.py	73
2026-09-14T04:46:07Z	refusal_reason.py	74
2026-09-14T04:46:07Z	refusal_reason.py	74
2026-09-14T04:47:05Z	prefix_traps.py	77
2026-09-14T04:47:19Z	house_skew.py	75
2026-09-14T04:47:22Z	house_skew.py	75
2026-09-14T04:47:22Z	house_skew.py	75
2026-09-14T04:48:11Z	sign_traps.py	65
2026-09-14T04:48:13Z	strat_slice.py	1
2026-09-14T04:48:24Z	house_promise.py	64
2026-09-14T04:48:26Z	house_promise.py	64
2026-09-14T04:48:27Z	house_promise.py	65
2026-09-14T04:53:12Z	house_rejects.py	299
2026-09-14T04:53:15Z	root_passport.py	3
2026-09-14T04:53:16Z	pack_singular_risk.py	1
2026-09-14T04:53:17Z	cell_shown.py	1
2026-09-14T04:53:25Z	idle_word.py	8
2026-09-14T04:53:26Z	form_unshown.py	1
2026-09-14T04:53:32Z	one_singular.py	5
2026-09-14T04:53:33Z	template_word.py	1
2026-09-14T04:53:35Z	signless_census.py	2
2026-09-14T04:54:20Z	court_split.py	353
2026-09-14T04:54:21Z	court_split.py	356
2026-09-14T04:54:21Z	court_split.py	355
2026-09-14T04:54:22Z	repeat_census.py	1
2026-09-14T04:54:23Z	repeat_census.py	2
2026-09-14T04:54:23Z	repeat_census.py	1
2026-09-14T04:55:40Z	operator_share.py	125
2026-09-14T04:55:52Z	key_support.py	11
2026-09-14T04:56:04Z	definitions_reach.py	101
2026-09-14T04:56:04Z	definitions_reach.py	101
2026-09-14T04:56:05Z	definitions_reach.py	102
2026-09-14T04:56:07Z	copies_census.py	3
2026-09-14T04:56:07Z	copies_census.py	2
2026-09-14T04:56:07Z	copies_census.py	2
2026-09-14T04:56:08Z	sweep_self.py	1
2026-09-14T04:56:08Z	sweep_self.py	1
2026-09-14T04:56:08Z	sweep_self.py	1
2026-09-14T04:57:25Z	house_mutant.py	93
2026-09-14T07:12:47Z	court_reach.py	8199
2026-09-14T07:12:59Z	holdout_key.py	12
2026-09-14T07:13:03Z	holdforms_court.py	3
2026-09-14T07:13:06Z	cmpframes_court.py	3
2026-09-14T07:13:11Z	sceneforms_court.py	5
2026-09-14T07:13:15Z	toolforms_court.py	4
2026-09-14T07:13:20Z	verifyforms_court.py	5
2026-09-14T07:13:23Z	planforms_court.py	3
2026-09-14T07:13:27Z	episodeforms_court.py	4
2026-09-14T07:13:39Z	summaryforms_court.py	12
2026-09-14T07:13:46Z	opforms_court.py	6
2026-09-14T07:13:47Z	readnum_court.py	1
2026-09-14T07:13:49Z	court_reach.py	8261
2026-09-14T07:13:53Z	mandateforms_court.py	6
2026-09-14T07:14:01Z	personforms_court.py	8
2026-09-14T07:14:02Z	court_reach.py	8274
2026-09-14T07:14:09Z	holdout_key.py	20
2026-09-14T07:14:10Z	selfmodelforms_court.py	9
2026-09-14T07:14:15Z	holdforms_court.py	6
2026-09-14T07:14:15Z	signedworld_court.py	5
2026-09-14T07:14:16Z	beforetails_court.py	1
2026-09-14T07:14:17Z	discountroad_court.py	1
2026-09-14T07:14:19Z	cmpframes_court.py	4
2026-09-14T07:14:20Z	holdout_key.py	18
2026-09-14T07:14:23Z	sceneforms_court.py	4
2026-09-14T07:14:23Z	holdforms_court.py	3
2026-09-14T07:14:25Z	nomention_court.py	8
2026-09-14T07:14:26Z	toolforms_court.py	3
2026-09-14T07:14:26Z	cmpframes_court.py	3
2026-09-14T07:14:28Z	clockforms_court.py	3
2026-09-14T07:14:30Z	verifyforms_court.py	4
2026-09-14T07:14:31Z	sceneforms_court.py	4
2026-09-14T07:14:31Z	mixedunits_court.py	3
2026-09-14T07:14:33Z	planforms_court.py	3
2026-09-14T07:14:34Z	toolforms_court.py	3
2026-09-14T07:14:34Z	dateforms_court.py	3
2026-09-14T07:14:35Z	clockwords_court.py	1
2026-09-14T07:14:37Z	episodeforms_court.py	4
2026-09-14T07:14:37Z	verifyforms_court.py	3
2026-09-14T07:14:39Z	speedforms_court.py	3
2026-09-14T07:14:40Z	roundforms_court.py	1
2026-09-14T07:14:40Z	planforms_court.py	3
2026-09-14T07:14:41Z	orderforms_court.py	1
2026-09-14T07:14:42Z	quantforms_court.py	1
2026-09-14T07:14:42Z	summaryforms_court.py	5
2026-09-14T07:14:43Z	roman_court.py	1
2026-09-14T07:14:45Z	episodeforms_court.py	5
2026-09-14T07:14:45Z	place_court.py	1
2026-09-14T07:14:45Z	opforms_court.py	3
2026-09-14T07:14:47Z	readnum_court.py	1
2026-09-14T07:14:48Z	unitfrac_court.py	3
2026-09-14T07:14:49Z	enough_court.py	1
2026-09-14T07:14:50Z	summaryforms_court.py	5
2026-09-14T07:14:50Z	mandateforms_court.py	3
2026-09-14T07:14:52Z	numphrase_court.py	3
2026-09-14T07:14:53Z	opforms_court.py	3
2026-09-14T07:14:53Z	kinbearer_court.py	1
2026-09-14T07:14:54Z	personforms_court.py	4
2026-09-14T07:14:54Z	readnum_court.py	1
2026-09-14T07:14:54Z	pronobject_court.py	1
2026-09-14T07:14:56Z	proform_court.py	1
2026-09-14T07:14:57Z	mandateforms_court.py	3
2026-09-14T07:14:58Z	selfmodelforms_court.py	4
2026-09-14T07:14:59Z	degrees_court.py	3
2026-09-14T07:15:00Z	signedworld_court.py	2
2026-09-14T07:15:00Z	personforms_court.py	3
2026-09-14T07:15:01Z	beforetails_court.py	1
2026-09-14T07:15:02Z	actturn_court.py	3
2026-09-14T07:15:03Z	discountroad_court.py	2
2026-09-14T07:15:03Z	selfmodelforms_court.py	3
2026-09-14T07:15:04Z	tempscale_court.py	2
2026-09-14T07:15:05Z	action_measure_court.py	1
2026-09-14T07:15:06Z	signedworld_court.py	2
2026-09-14T07:15:06Z	numberline_court.py	1
2026-09-14T07:15:07Z	beforetails_court.py	1
2026-09-14T07:15:07Z	court_catch.py	8262
2026-09-14T07:15:07Z	countfacts_court.py	1
2026-09-14T07:15:08Z	nomention_court.py	5
2026-09-14T07:15:08Z	discountroad_court.py	1
2026-09-14T07:15:08Z	letters_court.py	1
2026-09-14T07:15:10Z	clockforms_court.py	2
2026-09-14T07:15:12Z	mixedunits_court.py	2
2026-09-14T07:15:13Z	nomention_court.py	5
2026-09-14T07:15:14Z	dateforms_court.py	2
2026-09-14T07:15:15Z	clockforms_court.py	2
2026-09-14T07:15:15Z	clockwords_court.py	1
2026-09-14T07:15:16Z	agree_skew.py	9
2026-09-14T07:15:17Z	mixedunits_court.py	2
2026-09-14T07:15:17Z	speedforms_court.py	2
2026-09-14T07:15:18Z	roundforms_court.py	1
2026-09-14T07:15:19Z	dateforms_court.py	2
2026-09-14T07:15:19Z	orderforms_court.py	1
2026-09-14T07:15:20Z	clockwords_court.py	1
2026-09-14T07:15:20Z	quantforms_court.py	1
2026-09-14T07:15:22Z	roman_court.py	2
2026-09-14T07:15:22Z	speedforms_court.py	2
2026-09-14T07:15:23Z	place_court.py	1
2026-09-14T07:15:23Z	roundforms_court.py	1
2026-09-14T07:15:25Z	orderforms_court.py	1
2026-09-14T07:15:25Z	unitfrac_court.py	2
2026-09-14T07:15:26Z	quantforms_court.py	1
2026-09-14T07:15:26Z	enough_court.py	1
2026-09-14T07:15:27Z	roman_court.py	1
2026-09-14T07:15:28Z	place_court.py	1
2026-09-14T07:15:28Z	numphrase_court.py	2
2026-09-14T07:15:29Z	kinbearer_court.py	1
2026-09-14T07:15:30Z	pronobject_court.py	1
2026-09-14T07:15:31Z	unitfrac_court.py	3
2026-09-14T07:15:31Z	proform_court.py	1
2026-09-14T07:15:32Z	enough_court.py	1
2026-09-14T07:15:35Z	degrees_court.py	4
2026-09-14T07:15:35Z	numphrase_court.py	3
2026-09-14T07:15:37Z	kinbearer_court.py	2
2026-09-14T07:15:38Z	pronobject_court.py	1
2026-09-14T07:15:38Z	actturn_court.py	3
2026-09-14T07:15:39Z	proform_court.py	1
2026-09-14T07:15:41Z	tempscale_court.py	3
2026-09-14T07:15:42Z	degrees_court.py	3
2026-09-14T07:15:42Z	action_measure_court.py	1
2026-09-14T07:15:44Z	numberline_court.py	2
2026-09-14T07:15:45Z	countfacts_court.py	1
2026-09-14T07:15:45Z	actturn_court.py	3
2026-09-14T07:15:46Z	letters_court.py	1
2026-09-14T07:15:48Z	tempscale_court.py	3
2026-09-14T07:15:50Z	action_measure_court.py	1
2026-09-14T07:15:51Z	numberline_court.py	1
2026-09-14T07:15:52Z	countfacts_court.py	1
2026-09-14T07:15:53Z	letters_court.py	1
2026-09-14T07:17:17Z	twogender.py	120
2026-09-14T07:17:20Z	countlaw_court.py	3
2026-09-14T07:17:23Z	elision_court.py	3
2026-09-14T07:17:26Z	soundarticle_court.py	3
2026-09-14T07:17:29Z	plcopula_court.py	3
2026-09-14T07:17:32Z	hay_court.py	3
2026-09-14T07:17:34Z	serestar_court.py	2
2026-09-14T07:17:36Z	dosupport_court.py	2
2026-09-14T07:17:40Z	fuseprep_court.py	3
2026-09-14T07:17:41Z	langcount_court.py	153
2026-09-14T07:17:42Z	propcompare_court.py	1
2026-09-14T07:17:42Z	nlarticle_court.py	2
2026-09-14T07:17:43Z	price_court.py	1
2026-09-14T07:17:44Z	translate_court.py	1
2026-09-14T07:17:44Z	decase_court.py	2
2026-09-14T07:17:45Z	timeunits_court.py	1
2026-09-14T07:17:46Z	swclass_court.py	2
2026-09-14T07:17:48Z	svamp_court.py	3
2026-09-14T07:17:49Z	idredup_court.py	2
2026-09-14T07:17:50Z	measure_langs_court.py	1
2026-09-14T07:17:51Z	partial_guard.py	1
2026-09-14T07:17:52Z	zhclass_court.py	3
2026-09-14T07:17:55Z	trharm_court.py	3
2026-09-14T07:17:59Z	viclass_court.py	3
2026-09-14T07:18:02Z	koparticle_court.py	3
2026-09-14T07:18:15Z	corpusword_court.py	13
2026-09-14T07:18:20Z	ukcount_court.py	4
2026-09-14T07:18:24Z	jaclass_court.py	4
2026-09-14T07:18:27Z	fipart_court.py	3
2026-09-14T07:18:31Z	personplace_court.py	4
2026-09-14T07:18:34Z	persondist_court.py	3
2026-09-14T07:18:39Z	huobj_court.py	4
2026-09-14T07:18:41Z	langcount_court.py	175
2026-09-14T07:18:42Z	propcompare_court.py	1
2026-09-14T07:18:43Z	refusalwhy_court.py	4
2026-09-14T07:18:43Z	price_court.py	1
2026-09-14T07:18:44Z	translate_court.py	1
2026-09-14T07:18:45Z	timeunits_court.py	1
2026-09-14T07:18:46Z	deacc_court.py	3
2026-09-14T07:18:49Z	svgender_court.py	3
2026-09-14T07:18:49Z	svamp_court.py	4
2026-09-14T07:18:51Z	measure_langs_court.py	1
2026-09-14T07:18:52Z	partial_guard.py	1
2026-09-14T07:18:52Z	langcount_court.py	179
2026-09-14T07:18:52Z	romgender_court.py	3
2026-09-14T07:18:53Z	propcompare_court.py	1
2026-09-14T07:18:55Z	price_court.py	2
2026-09-14T07:18:56Z	numnoun_court.py	3
2026-09-14T07:18:57Z	translate_court.py	2
2026-09-14T07:18:58Z	timeunits_court.py	1
2026-09-14T07:19:00Z	numplace_court.py	4
2026-09-14T07:19:03Z	svamp_court.py	5
2026-09-14T07:19:04Z	deplur_court.py	4
2026-09-14T07:19:04Z	measure_langs_court.py	1
2026-09-14T07:19:05Z	half_law.py	1
2026-09-14T07:19:05Z	partial_guard.py	1
2026-09-14T07:19:40Z	unknown_name.py	35
2026-09-14T07:34:04Z	stale_world.py	864
2026-09-14T07:38:26Z	agree_traps.py	262
2026-09-14T07:38:28Z	wrong_sign.py	2
2026-09-14T07:38:30Z	debt_mark.py	2
2026-09-14T07:43:39Z	copula_band.py	309
2026-09-14T07:48:56Z	past_gender.py	317
2026-09-14T07:49:51Z	word_once.py	54
2026-09-14T07:51:14Z	article_sound.py	82
2026-09-14T07:51:38Z	elision.py	24
2026-09-14T07:51:40Z	class_name_honest.py	2
2026-09-14T07:51:43Z	worlds_unchanged.py	3
2026-09-14T07:51:45Z	threshold_census.py	2
2026-09-14T07:51:46Z	denominator_census.py	1
2026-09-14T07:51:48Z	ledger_mute.py	2
2026-09-14T07:58:26Z	refusal_reason.py	398
2026-09-14T08:02:17Z	house_skew.py	231
2026-09-14T08:04:45Z	house_promise.py	147
2026-09-14T08:17:18Z	court_split.py	753
2026-09-14T08:17:21Z	repeat_census.py	2
2026-09-14T08:20:04Z	definitions_reach.py	163
2026-09-14T08:20:07Z	copies_census.py	3
2026-09-14T08:20:08Z	sweep_self.py	1
2026-09-14T11:42:31Z	court_reach.py	12143
2026-09-14T11:42:37Z	holdout_key.py	6
2026-09-14T11:42:40Z	holdforms_court.py	3
2026-09-14T11:42:43Z	cmpframes_court.py	3
2026-09-14T11:42:46Z	sceneforms_court.py	3
2026-09-14T11:42:49Z	toolforms_court.py	3
2026-09-14T11:42:52Z	verifyforms_court.py	3
2026-09-14T11:42:56Z	planforms_court.py	3
2026-09-14T11:42:59Z	episodeforms_court.py	3
2026-09-14T11:43:02Z	summaryforms_court.py	3
2026-09-14T11:43:04Z	opforms_court.py	2
2026-09-14T11:43:05Z	readnum_court.py	1
2026-09-14T11:43:07Z	mandateforms_court.py	2
2026-09-14T11:43:09Z	personforms_court.py	2
2026-09-14T11:43:11Z	selfmodelforms_court.py	2
2026-09-14T11:43:13Z	signedworld_court.py	2
2026-09-14T11:43:14Z	beforetails_court.py	1
2026-09-14T11:43:15Z	discountroad_court.py	1
2026-09-14T11:43:20Z	nomention_court.py	5
2026-09-14T11:43:22Z	clockforms_court.py	2
2026-09-14T11:43:24Z	mixedunits_court.py	2
2026-09-14T11:43:26Z	dateforms_court.py	2
2026-09-14T11:43:27Z	clockwords_court.py	1
2026-09-14T11:43:29Z	speedforms_court.py	2
2026-09-14T11:43:30Z	roundforms_court.py	1
2026-09-14T11:43:31Z	orderforms_court.py	1
2026-09-14T11:43:32Z	quantforms_court.py	1
2026-09-14T11:43:33Z	roman_court.py	1
2026-09-14T11:43:34Z	place_court.py	1
2026-09-14T11:43:37Z	unitfrac_court.py	3
2026-09-14T11:43:38Z	enough_court.py	1
2026-09-14T11:43:40Z	numphrase_court.py	2
2026-09-14T11:43:41Z	kinbearer_court.py	1
2026-09-14T11:43:42Z	pronobject_court.py	1
2026-09-14T11:43:43Z	proform_court.py	1
2026-09-14T11:43:45Z	degrees_court.py	2
2026-09-14T11:43:47Z	actturn_court.py	2
2026-09-14T11:43:49Z	tempscale_court.py	2
2026-09-14T11:43:50Z	action_measure_court.py	1
2026-09-14T11:43:51Z	numberline_court.py	1
2026-09-14T11:43:52Z	countfacts_court.py	1
2026-09-14T11:43:53Z	letters_court.py	1
2026-09-14T11:45:48Z	langcount_court.py	115
2026-09-14T11:45:49Z	propcompare_court.py	1
2026-09-14T11:45:50Z	price_court.py	1
2026-09-14T11:45:51Z	translate_court.py	1
2026-09-14T11:45:52Z	timeunits_court.py	1
2026-09-14T11:45:54Z	svamp_court.py	2
2026-09-14T11:45:55Z	measure_langs_court.py	1
2026-09-14T11:45:56Z	partial_guard.py	1
2026-09-16T04:23:12Z	syllabus_court.py	64
2026-09-16T04:23:38Z	richness_court.py	26
2026-09-16T04:23:55Z	langpack_court.py	17
2026-09-16T04:23:56Z	langrule_court.py	1
2026-09-16T04:46:56Z	claims_court.py	1380
2026-09-16T04:47:03Z	program_court.py	7
2026-09-16T04:47:09Z	statistics_court.py	6
2026-09-16T04:47:15Z	proof_court.py	5
2026-09-16T04:47:19Z	machine_court.py	4
2026-09-16T04:47:34Z	episode_court.py	15
2026-09-16T04:47:41Z	copula_court.py	7
2026-09-16T04:47:54Z	markup_court.py	13
2026-09-16T04:48:20Z	langlayer_court.py	25
2026-09-16T04:48:21Z	langform_court.py	1
2026-09-16T04:48:22Z	gsm_census.py	1
2026-09-16T04:50:18Z	reproducible.py	116
2026-09-16T04:50:19Z	bash32_court.py	1
2026-09-16T04:50:23Z	empty_in_court.py	4
2026-09-16T04:50:25Z	lawfirst_court.py	2
2026-09-16T04:50:42Z	sign_intact.py	16
2026-09-16T04:51:36Z	property_named.py	54
2026-09-16T04:51:37Z	ladder_full.py	1
2026-09-16T04:51:48Z	name_crossed.py	11
2026-09-16T04:51:50Z	genre_measured.py	1
2026-09-16T04:51:54Z	second_copy.py	4
2026-09-16T04:51:55Z	margin_census.py	1
2026-09-16T04:51:56Z	reports_index.py	1
2026-09-16T04:51:57Z	law_atlas.py	1
2026-09-16T04:51:58Z	court_atlas.py	1
2026-09-16T04:52:13Z	genus_atlas.py	15
2026-09-16T04:52:14Z	permuted_fresh.py	1
2026-09-16T04:52:15Z	build_dated.py	1
2026-09-16T04:52:16Z	probe_present.py	1
2026-09-16T04:52:17Z	court_voice.py	1
2026-09-16T04:52:18Z	suite_guard.py	1
2026-09-16T04:52:19Z	forge_claim.py	1
2026-09-16T04:52:20Z	broken_law.py	1
2026-09-16T04:52:41Z	house_api.py	21
2026-09-16T04:52:43Z	json_hand.py	1
2026-09-16T04:52:44Z	suite_resume.py	1
2026-09-16T04:52:50Z	readme_court.py	6
2026-09-16T05:00:50Z	arith_debt.py	480
2026-09-16T05:00:51Z	twin_world.py	1
2026-09-16T05:00:54Z	orphan_world.py	2
2026-09-16T05:01:42Z	genus_shown.py	48
2026-09-16T05:01:43Z	oracle_named.py	1
2026-09-16T05:01:44Z	world_atlas.py	1
2026-09-16T05:01:46Z	trap_series.py	2
2026-09-16T05:07:22Z	house_selfcheck.py	336
2026-09-16T05:07:36Z	asked_uncounted.py	14
2026-09-16T05:07:39Z	refusal_only_word.py	3
2026-09-16T05:07:40Z	contrast_real.py	1
2026-09-16T05:07:42Z	genre_kinds.py	2
2026-09-16T05:09:07Z	refusal_house.py	85
2026-09-16T05:10:36Z	refusal_ground.py	89
2026-09-16T05:10:39Z	manifest_court.py	3
2026-09-16T05:45:42Z	arith_court.py	1434
2026-09-16T05:45:52Z	algo_court.py	10
2026-09-16T05:48:24Z	formula_court.py	152
2026-09-16T05:48:41Z	logic_court.py	17
2026-09-16T05:48:44Z	physics_court.py	3
2026-09-16T05:48:57Z	cyber_court.py	13
2026-09-16T05:49:14Z	agreement_court.py	17
2026-09-16T05:49:21Z	notation_court.py	7
2026-09-16T05:49:25Z	unit_court.py	4
2026-09-16T05:49:29Z	number_court.py	4
2026-09-16T05:49:37Z	inquiry_court.py	7
2026-09-16T05:49:39Z	surfaces_court.py	2
2026-09-16T05:49:42Z	markdown_court.py	3
2026-09-16T05:49:44Z	doctree_court.py	2
2026-09-16T05:49:51Z	rates_court.py	7
2026-09-16T05:49:57Z	formula_lang_court.py	6
2026-09-16T05:50:02Z	percent_court.py	5
2026-09-16T05:50:04Z	average_court.py	2
2026-09-16T05:50:16Z	equation_court.py	11
2026-09-16T05:50:20Z	dataformat_court.py	4
2026-09-16T05:50:38Z	everyday_court.py	18
2026-09-16T05:50:40Z	story_chain_court.py	2
2026-09-16T05:50:46Z	arith_court.py	1348
2026-09-16T05:50:48Z	age_court.py	8
2026-09-16T05:50:55Z	halves_court.py	7
2026-09-16T05:50:59Z	algo_court.py	13
2026-09-16T05:51:04Z	inquiry_de_fr_court.py	9
2026-09-16T05:51:06Z	ru_conversion_court.py	1
2026-09-16T05:51:08Z	selfmeasure_court.py	2
2026-09-16T05:51:10Z	ru_compare_court.py	2
2026-09-16T05:51:12Z	ru_story_court.py	2
2026-09-16T05:51:18Z	inquiry_es_it_court.py	5
2026-09-16T05:51:28Z	share_court.py	10
2026-09-16T05:51:35Z	compare_mult_court.py	7
2026-09-16T05:51:45Z	sequence_court.py	10
2026-09-16T05:51:54Z	geometry_court.py	9
2026-09-16T05:52:07Z	linalg_court.py	13
2026-09-16T05:52:12Z	calendar_court.py	5
2026-09-16T05:52:17Z	arith_court.py	1275
2026-09-16T05:52:25Z	speech_court.py	13
2026-09-16T05:52:31Z	algo_court.py	14
2026-09-16T05:53:06Z	rugram_court.py	41
2026-09-16T05:53:21Z	physlaw_court.py	15
2026-09-16T05:53:36Z	compsci_court.py	15
2026-09-16T05:53:40Z	case_court.py	4
2026-09-16T05:53:49Z	valence_court.py	9
2026-09-16T05:53:53Z	shadow_court.py	4
2026-09-16T05:55:04Z	formula_court.py	245
2026-09-16T05:55:17Z	logic_court.py	13
2026-09-16T05:55:23Z	physics_court.py	5
2026-09-16T05:55:34Z	cyber_court.py	11
2026-09-16T05:55:50Z	agreement_court.py	16
2026-09-16T05:56:02Z	notation_court.py	12
2026-09-16T05:56:09Z	unit_court.py	7
2026-09-16T05:56:15Z	number_court.py	6
2026-09-16T05:56:23Z	inquiry_court.py	8
2026-09-16T05:56:25Z	surfaces_court.py	2
2026-09-16T05:56:28Z	markdown_court.py	2
2026-09-16T05:56:30Z	doctree_court.py	2
2026-09-16T05:56:32Z	syllabus_court.py	159
2026-09-16T05:56:34Z	rates_court.py	4
2026-09-16T05:56:36Z	formula_court.py	245
2026-09-16T05:56:39Z	formula_lang_court.py	5
2026-09-16T05:56:43Z	percent_court.py	4
2026-09-16T05:56:46Z	average_court.py	2
2026-09-16T05:56:46Z	logic_court.py	10
2026-09-16T05:56:49Z	physics_court.py	3
2026-09-16T05:56:59Z	equation_court.py	13
2026-09-16T05:57:03Z	cyber_court.py	13
2026-09-16T05:57:06Z	dataformat_court.py	7
2026-09-16T05:57:19Z	everyday_court.py	13
2026-09-16T05:57:22Z	story_chain_court.py	2
2026-09-16T05:57:30Z	richness_court.py	58
2026-09-16T05:57:30Z	age_court.py	8
2026-09-16T05:57:37Z	halves_court.py	7
2026-09-16T05:57:43Z	inquiry_de_fr_court.py	6
2026-09-16T05:57:44Z	ru_conversion_court.py	1
2026-09-16T05:57:46Z	selfmeasure_court.py	2
2026-09-16T05:57:48Z	ru_compare_court.py	1
2026-09-16T05:57:49Z	ru_story_court.py	1
2026-09-16T05:57:55Z	inquiry_es_it_court.py	6
2026-09-16T05:57:59Z	langpack_court.py	29
2026-09-16T05:58:00Z	langrule_court.py	1
2026-09-16T05:58:04Z	share_court.py	9
2026-09-16T05:58:10Z	compare_mult_court.py	5
2026-09-16T05:58:17Z	sequence_court.py	7
2026-09-16T05:58:24Z	geometry_court.py	7
2026-09-16T05:58:26Z	arith_court.py	1056
2026-09-16T05:58:32Z	linalg_court.py	8
2026-09-16T05:58:34Z	algo_court.py	8
2026-09-16T05:58:36Z	calendar_court.py	4
2026-09-16T05:58:47Z	speech_court.py	11
2026-09-16T05:59:25Z	rugram_court.py	38
2026-09-16T05:59:34Z	physlaw_court.py	9
2026-09-16T05:59:43Z	compsci_court.py	9
2026-09-16T05:59:46Z	case_court.py	3
2026-09-16T05:59:52Z	valence_court.py	6
2026-09-16T05:59:56Z	shadow_court.py	4
2026-09-16T06:03:32Z	formula_court.py	298
2026-09-16T06:03:45Z	syllabus_court.py	228
2026-09-16T06:03:49Z	logic_court.py	16
2026-09-16T06:03:56Z	physics_court.py	6
2026-09-16T06:04:13Z	cyber_court.py	17
2026-09-16T06:04:34Z	agreement_court.py	21
2026-09-16T06:04:47Z	notation_court.py	13
2026-09-16T06:04:53Z	unit_court.py	6
2026-09-16T06:05:00Z	number_court.py	6
2026-09-16T06:05:13Z	inquiry_court.py	13
2026-09-16T06:05:16Z	surfaces_court.py	3
2026-09-16T06:05:21Z	markdown_court.py	5
2026-09-16T06:05:22Z	richness_court.py	96
2026-09-16T06:05:24Z	doctree_court.py	3
2026-09-16T06:05:32Z	rates_court.py	8
2026-09-16T06:05:42Z	formula_lang_court.py	10
2026-09-16T06:05:49Z	percent_court.py	7
2026-09-16T06:05:52Z	average_court.py	3
2026-09-16T06:06:08Z	equation_court.py	15
2026-09-16T06:06:12Z	langpack_court.py	49
2026-09-16T06:06:13Z	langrule_court.py	1
2026-09-16T06:06:13Z	dataformat_court.py	5
2026-09-16T06:06:27Z	everyday_court.py	13
2026-09-16T06:06:29Z	story_chain_court.py	2
2026-09-16T06:06:37Z	age_court.py	7
2026-09-16T06:06:43Z	halves_court.py	6
2026-09-16T06:06:52Z	inquiry_de_fr_court.py	8
2026-09-16T06:06:54Z	ru_conversion_court.py	2
2026-09-16T06:06:57Z	selfmeasure_court.py	3
2026-09-16T06:06:59Z	ru_compare_court.py	2
2026-09-16T06:07:02Z	ru_story_court.py	2
2026-09-16T06:07:10Z	inquiry_es_it_court.py	8
2026-09-16T06:07:20Z	share_court.py	10
2026-09-16T06:07:27Z	compare_mult_court.py	6
2026-09-16T06:07:36Z	sequence_court.py	9
2026-09-16T06:07:42Z	geometry_court.py	6
2026-09-16T06:07:49Z	linalg_court.py	7
2026-09-16T06:07:52Z	calendar_court.py	3
2026-09-16T06:07:58Z	speech_court.py	5
2026-09-16T06:08:16Z	rugram_court.py	18
2026-09-16T06:08:26Z	physlaw_court.py	10
2026-09-16T06:08:36Z	compsci_court.py	10
2026-09-16T06:08:40Z	case_court.py	3
2026-09-16T06:08:45Z	valence_court.py	5
2026-09-16T06:08:50Z	shadow_court.py	4
2026-09-16T06:10:09Z	arith_court.py	1124
2026-09-16T06:10:21Z	algo_court.py	11
2026-09-16T06:10:25Z	syllabus_court.py	95
2026-09-16T06:11:31Z	richness_court.py	65
2026-09-16T06:11:56Z	langpack_court.py	25
2026-09-16T06:11:57Z	langrule_court.py	1
2026-09-16T06:13:05Z	formula_court.py	164
2026-09-16T06:13:16Z	logic_court.py	11
2026-09-16T07:00:43Z	claims_court.py	3762
2026-09-16T07:01:00Z	program_court.py	17
2026-09-16T07:01:14Z	statistics_court.py	14
2026-09-16T07:01:28Z	proof_court.py	14
2026-09-16T07:01:38Z	machine_court.py	10
2026-09-16T07:02:24Z	episode_court.py	46
2026-09-16T07:02:44Z	copula_court.py	20
2026-09-16T07:03:08Z	markup_court.py	22
2026-09-16T07:05:39Z	langlayer_court.py	149
2026-09-16T07:05:46Z	langform_court.py	7
2026-09-16T07:05:49Z	gsm_census.py	2
2026-09-16T07:17:22Z	claims_court.py	4269
2026-09-16T07:17:49Z	program_court.py	27
2026-09-16T07:18:22Z	statistics_court.py	32
2026-09-16T07:18:43Z	proof_court.py	19
2026-09-16T07:19:02Z	machine_court.py	18
2026-09-16T07:20:28Z	episode_court.py	85
2026-09-16T07:20:56Z	copula_court.py	27
2026-09-16T07:21:23Z	markup_court.py	24
2026-09-16T07:22:56Z	langlayer_court.py	93
2026-09-16T07:23:01Z	langform_court.py	5
2026-09-16T07:23:02Z	gsm_census.py	1
2026-09-16T07:23:51Z	reproducible.py	1081
2026-09-16T07:23:52Z	bash32_court.py	1
2026-09-16T07:24:00Z	empty_in_court.py	8
2026-09-16T07:24:06Z	lawfirst_court.py	6
2026-09-16T07:24:38Z	sign_intact.py	32
2026-09-16T07:27:19Z	property_named.py	161
2026-09-16T07:27:20Z	ladder_full.py	1
2026-09-16T07:27:48Z	name_crossed.py	28
2026-09-16T07:27:49Z	genre_measured.py	1
2026-09-16T07:27:59Z	second_copy.py	10
2026-09-16T07:28:00Z	margin_census.py	1
2026-09-16T07:28:02Z	reports_index.py	1
2026-09-16T07:28:04Z	law_atlas.py	2
2026-09-16T07:28:05Z	court_atlas.py	1
2026-09-16T07:31:52Z	genus_atlas.py	227
2026-09-16T07:31:56Z	permuted_fresh.py	4
2026-09-16T07:31:57Z	build_dated.py	1
2026-09-16T07:31:58Z	claims_court.py	4801
2026-09-16T07:31:58Z	probe_present.py	1
2026-09-16T07:32:01Z	court_voice.py	3
2026-09-16T07:32:02Z	suite_guard.py	1
2026-09-16T07:32:04Z	forge_claim.py	1
2026-09-16T07:32:05Z	broken_law.py	1
2026-09-16T07:32:21Z	program_court.py	23
2026-09-16T07:32:43Z	statistics_court.py	22
2026-09-16T07:33:06Z	proof_court.py	22
2026-09-16T07:33:23Z	machine_court.py	17
2026-09-16T07:33:33Z	reproducible.py	631
2026-09-16T07:33:34Z	bash32_court.py	1
2026-09-16T07:33:46Z	empty_in_court.py	12
2026-09-16T07:33:54Z	lawfirst_court.py	8
2026-09-16T07:34:25Z	episode_court.py	62
2026-09-16T07:34:46Z	copula_court.py	21
2026-09-16T07:34:48Z	sign_intact.py	53
2026-09-16T07:35:04Z	markup_court.py	18
2026-09-16T07:36:01Z	house_api.py	236
2026-09-16T07:36:02Z	langlayer_court.py	58
2026-09-16T07:36:02Z	json_hand.py	1
2026-09-16T07:36:04Z	suite_resume.py	2
2026-09-16T07:36:05Z	langform_court.py	3
2026-09-16T07:36:06Z	gsm_census.py	1
2026-09-16T07:36:19Z	readme_court.py	15
2026-09-16T07:36:59Z	property_named.py	131
2026-09-16T07:37:00Z	ladder_full.py	1
2026-09-16T07:37:24Z	name_crossed.py	24
2026-09-16T07:37:25Z	genre_measured.py	1
2026-09-16T07:37:35Z	second_copy.py	10
2026-09-16T07:37:36Z	margin_census.py	1
2026-09-16T07:37:37Z	reports_index.py	1
2026-09-16T07:37:39Z	law_atlas.py	2
2026-09-16T07:37:40Z	court_atlas.py	1
2026-09-16T07:40:12Z	genus_atlas.py	151
2026-09-16T07:40:14Z	permuted_fresh.py	2
2026-09-16T07:40:15Z	build_dated.py	1
2026-09-16T07:40:17Z	probe_present.py	1
2026-09-16T07:40:19Z	court_voice.py	2
2026-09-16T07:40:20Z	suite_guard.py	1
2026-09-16T07:40:21Z	forge_claim.py	1
2026-09-16T07:40:23Z	broken_law.py	2
2026-09-16T07:42:38Z	house_api.py	135
2026-09-16T07:42:39Z	json_hand.py	1
2026-09-16T07:42:41Z	suite_resume.py	2
2026-09-16T07:42:57Z	readme_court.py	15
2026-09-16T07:43:17Z	reproducible.py	431
2026-09-16T07:43:18Z	bash32_court.py	1
2026-09-16T07:43:23Z	empty_in_court.py	5
2026-09-16T07:43:26Z	lawfirst_court.py	3
2026-09-16T07:43:46Z	sign_intact.py	20
2026-09-16T07:45:49Z	property_named.py	123
2026-09-16T07:45:50Z	ladder_full.py	1
2026-09-16T07:46:10Z	name_crossed.py	20
2026-09-16T07:46:11Z	genre_measured.py	1
2026-09-16T07:46:17Z	second_copy.py	6
2026-09-16T07:46:18Z	margin_census.py	1
2026-09-16T07:46:19Z	reports_index.py	1
2026-09-16T07:46:21Z	law_atlas.py	2
2026-09-16T07:46:23Z	court_atlas.py	1
2026-09-16T07:47:52Z	genus_atlas.py	89
2026-09-16T07:47:55Z	permuted_fresh.py	3
2026-09-16T07:47:56Z	build_dated.py	1
2026-09-16T07:47:57Z	probe_present.py	1
2026-09-16T07:47:59Z	court_voice.py	2
2026-09-16T07:48:00Z	suite_guard.py	1
2026-09-16T07:48:02Z	forge_claim.py	1
2026-09-16T07:48:03Z	broken_law.py	1
2026-09-16T07:49:19Z	house_api.py	76
2026-09-16T07:49:20Z	json_hand.py	1
2026-09-16T07:49:22Z	suite_resume.py	2
2026-09-16T07:49:30Z	readme_court.py	8
2026-09-16T07:52:03Z	arith_debt.py	944
2026-09-16T07:52:04Z	twin_world.py	1
2026-09-16T07:52:08Z	orphan_world.py	4
2026-09-16T07:53:40Z	genus_shown.py	92
2026-09-16T07:53:42Z	oracle_named.py	1
2026-09-16T07:53:43Z	world_atlas.py	1
2026-09-16T07:53:45Z	trap_series.py	2
2026-09-16T07:55:26Z	arith_debt.py	749
2026-09-16T07:55:27Z	twin_world.py	1
2026-09-16T07:55:30Z	orphan_world.py	3
2026-09-16T07:56:34Z	genus_shown.py	64
2026-09-16T07:56:35Z	oracle_named.py	1
2026-09-16T07:56:36Z	world_atlas.py	1
2026-09-16T07:56:38Z	trap_series.py	2
2026-09-16T07:59:09Z	house_selfcheck.py	323
2026-09-16T07:59:18Z	asked_uncounted.py	9
2026-09-16T07:59:20Z	refusal_only_word.py	2
2026-09-16T07:59:21Z	contrast_real.py	1
2026-09-16T07:59:22Z	genre_kinds.py	1
2026-09-16T07:59:52Z	arith_debt.py	622
2026-09-16T07:59:53Z	twin_world.py	1
2026-09-16T07:59:55Z	orphan_world.py	2
2026-09-16T08:00:12Z	refusal_house.py	50
2026-09-16T08:00:57Z	genus_shown.py	62
2026-09-16T08:00:58Z	oracle_named.py	1
2026-09-16T08:00:59Z	world_atlas.py	1
2026-09-16T08:01:01Z	trap_series.py	2
2026-09-16T08:01:21Z	refusal_ground.py	69
2026-09-16T08:01:23Z	manifest_court.py	2
2026-09-16T08:01:48Z	house_selfcheck.py	309
2026-09-16T08:02:01Z	asked_uncounted.py	12
2026-09-16T08:02:03Z	refusal_only_word.py	2
2026-09-16T08:02:04Z	contrast_real.py	1
2026-09-16T08:02:05Z	genre_kinds.py	1
2026-09-16T08:03:24Z	refusal_house.py	79
2026-09-16T08:04:49Z	refusal_ground.py	85
2026-09-16T08:04:52Z	manifest_court.py	3
2026-09-16T08:07:03Z	house_selfcheck.py	362
2026-09-16T08:07:12Z	asked_uncounted.py	9
2026-09-16T08:07:14Z	refusal_only_word.py	2
2026-09-16T08:07:15Z	contrast_real.py	1
2026-09-16T08:07:16Z	genre_kinds.py	1
2026-09-16T08:08:42Z	refusal_house.py	86
2026-09-16T08:10:23Z	refusal_ground.py	101
2026-09-16T08:10:26Z	manifest_court.py	3
2026-09-16T10:29:39Z	prose_court.py	8896
2026-09-16T10:29:48Z	mutants.py	9
2026-09-16T10:29:51Z	lexicon_reach.py	3
2026-09-16T10:29:55Z	inquiry_pt_nl_court.py	4
2026-09-16T10:29:59Z	inquiry_pl_tr_court.py	4
2026-09-16T10:30:04Z	metalang_court.py	5
2026-09-16T10:30:05Z	glyph_court.py	1
2026-09-16T10:30:06Z	space_court.py	1
2026-09-16T10:30:07Z	stenogram_court.py	1
2026-09-16T10:30:08Z	mathspaces_court.py	1
2026-09-16T10:30:09Z	gsmforms_court.py	1
2026-09-16T10:30:25Z	definitions_court.py	16
2026-09-16T10:30:26Z	pronoun_court.py	1
2026-09-16T10:30:27Z	money_court.py	1
2026-09-16T10:30:28Z	holes_court.py	1
2026-09-16T10:30:29Z	money_langs_court.py	1
2026-09-16T10:30:30Z	geometry_langs_court.py	1
2026-09-16T10:30:31Z	units_langs_court.py	1
2026-09-16T10:30:33Z	stats_langs_court.py	2
2026-09-16T10:30:34Z	calendar_langs_court.py	1
2026-09-16T10:30:35Z	sequences_langs_court.py	1
2026-09-16T10:30:36Z	compare_langs_court.py	1
2026-09-16T10:30:37Z	share_langs_court.py	1
2026-09-16T10:30:40Z	physics_langs_court.py	2
2026-09-16T10:30:45Z	relation_court.py	5
2026-09-16T10:32:02Z	prose_court.py	8830
2026-09-16T10:32:07Z	mutants.py	5
2026-09-16T10:32:09Z	lexicon_reach.py	2
2026-09-16T10:32:13Z	inquiry_pt_nl_court.py	4
2026-09-16T10:32:16Z	inquiry_pl_tr_court.py	3
2026-09-16T10:32:20Z	metalang_court.py	4
2026-09-16T10:32:21Z	glyph_court.py	1
2026-09-16T10:32:22Z	space_court.py	1
2026-09-16T10:32:23Z	stenogram_court.py	1
2026-09-16T10:32:24Z	mathspaces_court.py	1
2026-09-16T10:32:26Z	gsmforms_court.py	1
2026-09-16T10:32:41Z	definitions_court.py	15
2026-09-16T10:32:42Z	pronoun_court.py	1
2026-09-16T10:32:43Z	money_court.py	1
2026-09-16T10:32:44Z	holes_court.py	1
2026-09-16T10:32:45Z	money_langs_court.py	1
2026-09-16T10:32:46Z	geometry_langs_court.py	1
2026-09-16T10:32:47Z	units_langs_court.py	1
2026-09-16T10:32:48Z	stats_langs_court.py	1
2026-09-16T10:32:49Z	calendar_langs_court.py	1
2026-09-16T10:32:50Z	sequences_langs_court.py	1
2026-09-16T10:32:51Z	compare_langs_court.py	1
2026-09-16T10:32:52Z	share_langs_court.py	1
2026-09-16T10:32:53Z	physics_langs_court.py	1
2026-09-16T10:32:58Z	relation_court.py	5
2026-09-16T10:37:12Z	prose_court.py	8806
2026-09-16T10:37:19Z	mutants.py	7
2026-09-16T10:37:21Z	lexicon_reach.py	2
2026-09-16T10:37:26Z	inquiry_pt_nl_court.py	5
2026-09-16T10:37:32Z	inquiry_pl_tr_court.py	5
2026-09-16T10:37:37Z	metalang_court.py	5
2026-09-16T10:37:38Z	glyph_court.py	1
2026-09-16T10:37:39Z	space_court.py	1
2026-09-16T10:37:40Z	stenogram_court.py	1
2026-09-16T10:37:41Z	mathspaces_court.py	1
2026-09-16T10:37:42Z	gsmforms_court.py	1
2026-09-16T10:38:01Z	definitions_court.py	19
2026-09-16T10:38:02Z	pronoun_court.py	1
2026-09-16T10:38:03Z	money_court.py	1
2026-09-16T10:38:04Z	holes_court.py	1
2026-09-16T10:38:05Z	money_langs_court.py	1
2026-09-16T10:38:06Z	geometry_langs_court.py	1
2026-09-16T10:38:07Z	units_langs_court.py	1
2026-09-16T10:38:08Z	stats_langs_court.py	1
2026-09-16T10:38:10Z	calendar_langs_court.py	2
2026-09-16T10:38:11Z	sequences_langs_court.py	1
2026-09-16T10:38:12Z	compare_langs_court.py	1
2026-09-16T10:38:13Z	share_langs_court.py	1
2026-09-16T10:38:14Z	physics_langs_court.py	1
2026-09-16T10:38:20Z	relation_court.py	6
2026-09-16T11:01:10Z	court_mutants.py	1825
2026-09-16T11:01:16Z	panel_court.py	6
2026-09-16T11:01:21Z	concept_reach.py	5
2026-09-16T11:03:48Z	court_mutants.py	1849
2026-09-16T11:03:54Z	panel_court.py	5
2026-09-16T11:03:58Z	concept_reach.py	4
2026-09-16T11:08:39Z	court_mutants.py	1819
2026-09-16T11:08:45Z	panel_court.py	6
2026-09-16T11:08:49Z	concept_reach.py	4
2026-09-16T11:11:21Z	ask_reach.py	600
2026-09-16T11:11:23Z	band_reach.py	2
2026-09-16T11:11:25Z	biblio_reach.py	2
2026-09-16T11:11:30Z	ruverbs_court.py	5
2026-09-16T11:11:52Z	script_court.py	22
2026-09-16T11:14:41Z	ask_reach.py	643
2026-09-16T11:14:50Z	band_reach.py	8
2026-09-16T11:14:55Z	biblio_reach.py	5
2026-09-16T11:15:12Z	ruverbs_court.py	16
2026-09-16T11:16:40Z	script_court.py	88
2026-09-16T11:30:59Z	ask_reach.py	1330
2026-09-16T11:31:04Z	band_reach.py	5
2026-09-16T11:31:08Z	biblio_reach.py	4
2026-09-16T11:31:20Z	ruverbs_court.py	12
2026-09-16T11:31:54Z	script_court.py	34
2026-09-16T11:34:28Z	word_mutants.py	1356
2026-09-16T11:46:12Z	word_mutants.py	1771
2026-09-16T12:03:01Z	word_mutants.py	1867
2026-09-16T12:03:57Z	verdict_cover.py	1768
2026-09-16T12:09:27Z	verdict_cover.py	1395
2026-09-16T12:17:44Z	verdict_cover.py	883
2026-09-16T12:18:19Z	sentence_cover.py	862
2026-09-16T12:18:47Z	bench_leak.py	28
2026-09-16T12:22:49Z	sentence_cover.py	801
2026-09-16T12:23:22Z	bench_leak.py	33
2026-09-16T12:30:26Z	shelf_court.py	699
2026-09-16T12:33:05Z	sentence_cover.py	921
2026-09-16T12:33:24Z	bench_leak.py	19
2026-09-16T12:34:04Z	shelf_court.py	641
2026-09-16T12:41:13Z	shelf_court.py	468
2026-09-16T12:46:15Z	ask_width.py	948
2026-09-16T12:46:19Z	notationvar_court.py	4
2026-09-16T12:48:52Z	ask_width.py	888
2026-09-16T12:48:57Z	notationvar_court.py	5
2026-09-16T12:49:06Z	prosetree_court.py	167
2026-09-16T12:49:09Z	longdiv_court.py	2
2026-09-16T12:51:27Z	prosetree_court.py	150
2026-09-16T12:51:29Z	longdiv_court.py	1
2026-09-16T12:52:55Z	form_census.py	226
2026-09-16T12:53:40Z	ask_width.py	747
2026-09-16T12:53:44Z	notationvar_court.py	4
2026-09-16T12:53:52Z	houses_census.py	57
2026-09-16T12:55:00Z	form_census.py	211
2026-09-16T12:55:56Z	houses_census.py	56
2026-09-16T12:55:57Z	prosetree_court.py	133
2026-09-16T12:55:58Z	longdiv_court.py	1
2026-09-16T12:56:07Z	mass_census.py	135
2026-09-16T12:56:10Z	verbthings_court.py	2
2026-09-16T12:58:33Z	mass_census.py	157
2026-09-16T12:58:35Z	verbthings_court.py	2
2026-09-16T12:59:53Z	form_census.py	235
2026-09-16T13:00:49Z	houses_census.py	56
2026-09-16T13:03:16Z	mass_census.py	147
2026-09-16T13:03:18Z	verbthings_court.py	2
2026-09-16T14:27:51Z	coverage.py	5501
2026-09-16T14:27:52Z	behavior_court.py	1
2026-09-16T14:27:53Z	topics_court.py	1
2026-09-16T14:27:54Z	nature_court.py	1
2026-09-16T14:27:55Z	links_court.py	1
2026-09-16T14:27:56Z	scale_court.py	1
2026-09-16T14:27:57Z	opposites_court.py	1
2026-09-16T14:27:59Z	roles_court.py	1
2026-09-16T14:28:00Z	joints_court.py	1
2026-09-16T14:28:01Z	dialogue_court.py	1
2026-09-16T14:28:02Z	worldfacts_court.py	1
2026-09-16T14:28:03Z	infer_court.py	1
2026-09-16T14:28:05Z	circle_probe.py	2
2026-09-16T14:28:06Z	agree_probe.py	1
2026-09-16T14:28:07Z	shelf_declare.py	1
2026-09-16T14:30:17Z	coverage.py	5502
2026-09-16T14:30:18Z	behavior_court.py	1
2026-09-16T14:30:19Z	topics_court.py	1
2026-09-16T14:30:20Z	nature_court.py	1
2026-09-16T14:30:21Z	links_court.py	1
2026-09-16T14:30:23Z	scale_court.py	1
2026-09-16T14:30:24Z	opposites_court.py	1
2026-09-16T14:30:25Z	roles_court.py	1
2026-09-16T14:30:27Z	joints_court.py	2
2026-09-16T14:30:28Z	dialogue_court.py	1
2026-09-16T14:30:29Z	worldfacts_court.py	1
2026-09-16T14:30:30Z	infer_court.py	1
2026-09-16T14:30:32Z	circle_probe.py	2
2026-09-16T14:30:33Z	agree_probe.py	1
2026-09-16T14:30:34Z	shelf_declare.py	1
2026-09-16T14:34:52Z	coverage.py	5494
2026-09-16T14:34:53Z	behavior_court.py	1
2026-09-16T14:34:54Z	topics_court.py	1
2026-09-16T14:34:55Z	nature_court.py	1
2026-09-16T14:34:56Z	links_court.py	1
2026-09-16T14:34:57Z	scale_court.py	1
2026-09-16T14:34:58Z	opposites_court.py	1
2026-09-16T14:34:59Z	roles_court.py	1
2026-09-16T14:35:01Z	joints_court.py	1
2026-09-16T14:35:02Z	dialogue_court.py	1
2026-09-16T14:35:03Z	worldfacts_court.py	1
2026-09-16T14:35:04Z	infer_court.py	1
2026-09-16T14:35:06Z	circle_probe.py	2
2026-09-16T14:35:07Z	agree_probe.py	1
2026-09-16T14:35:08Z	shelf_declare.py	1
2026-09-16T14:38:09Z	house_reach.py	602
2026-09-16T14:38:12Z	head_census.py	3
2026-09-16T14:39:15Z	form_matrix.py	63
2026-09-16T14:39:16Z	disj_court.py	1
2026-09-16T14:39:17Z	indu_court.py	1
2026-09-16T14:39:18Z	houseshows_court.py	1
2026-09-16T14:39:20Z	article_court.py	2
2026-09-16T14:39:23Z	rowframe_court.py	3
2026-09-16T14:39:26Z	opchoice_court.py	3
2026-09-16T14:39:28Z	chance_court.py	2
2026-09-16T14:39:29Z	lever_court.py	1
2026-09-16T14:39:31Z	zerodiv_court.py	2
2026-09-16T14:39:32Z	bound_court.py	1
2026-09-16T14:39:33Z	prec_court.py	1
2026-09-16T14:39:35Z	estim_court.py	2
2026-09-16T14:39:36Z	both_court.py	1
2026-09-16T14:39:38Z	likely_court.py	1
2026-09-16T14:39:39Z	sameshare_court.py	1
2026-09-16T14:39:41Z	factor_court.py	2
2026-09-16T14:39:42Z	amend_court.py	1
2026-09-16T14:39:44Z	divrule_court.py	2
2026-09-16T14:39:46Z	reduce_court.py	2
2026-09-16T14:39:48Z	cmpshare_court.py	2
2026-09-16T14:39:51Z	wholeshare_court.py	3
2026-09-16T14:39:53Z	addshare_court.py	2
2026-09-16T14:39:55Z	mulshare_court.py	2
2026-09-16T14:39:57Z	divshare_court.py	2
2026-09-16T14:39:59Z	neg_court.py	2
2026-09-16T14:40:02Z	signrul_court.py	3
2026-09-16T14:40:04Z	opslaw_court.py	2
2026-09-16T14:40:07Z	signadd_court.py	3
2026-09-16T14:40:09Z	pow_court.py	2
2026-09-16T14:40:11Z	dec_court.py	2
2026-09-16T14:40:13Z	abs_court.py	2
2026-09-16T14:40:18Z	handy_court.py	4
2026-09-16T14:40:21Z	prop_court.py	3
2026-09-16T14:40:24Z	rem_court.py	3
2026-09-16T14:40:24Z	house_reach.py	590
2026-09-16T14:40:26Z	parity_court.py	2
2026-09-16T14:40:26Z	head_census.py	2
2026-09-16T14:40:28Z	pctchange_court.py	2
2026-09-16T14:40:31Z	pctdiff_court.py	3
2026-09-16T14:40:34Z	mapscale_court.py	3
2026-09-16T14:40:37Z	divsense_court.py	3
2026-09-16T14:40:41Z	plaus_court.py	4
2026-09-16T14:40:44Z	point_court.py	3
2026-09-16T14:40:47Z	need_court.py	3
2026-09-16T14:40:51Z	inverse_court.py	4
2026-09-16T14:40:54Z	ceilfloor_court.py	3
2026-09-16T14:40:58Z	unitcmp_court.py	3
2026-09-16T14:41:02Z	placeval_court.py	4
2026-09-16T14:41:06Z	digitlen_court.py	4
2026-09-16T14:41:07Z	nesuf_court.py	1
2026-09-16T14:41:10Z	numlabel_court.py	3
2026-09-16T14:41:12Z	onestep_court.py	2
2026-09-16T14:41:14Z	closure_court.py	2
2026-09-16T14:41:16Z	dist_court.py	2
2026-09-16T14:41:18Z	primewalk_court.py	2
2026-09-16T14:41:20Z	orderlaw_court.py	2
2026-09-16T14:41:22Z	gender_court.py	2
2026-09-16T14:41:23Z	measureprec_court.py	1
2026-09-16T14:41:25Z	chancetrap_court.py	2
2026-09-16T14:41:25Z	form_matrix.py	59
2026-09-16T14:41:26Z	ratetrap_court.py	1
2026-09-16T14:41:26Z	disj_court.py	1
2026-09-16T14:41:27Z	negquant_court.py	1
2026-09-16T14:41:27Z	indu_court.py	1
2026-09-16T14:41:28Z	measuregrow_court.py	1
2026-09-16T14:41:28Z	houseshows_court.py	1
2026-09-16T14:41:29Z	dim_court.py	1
2026-09-16T14:41:30Z	fence_court.py	1
2026-09-16T14:41:30Z	article_court.py	2
2026-09-16T14:41:31Z	measure_court.py	1
2026-09-16T14:41:32Z	turn_court.py	1
2026-09-16T14:41:33Z	overlap_court.py	1
2026-09-16T14:41:33Z	rowframe_court.py	3
2026-09-16T14:41:34Z	wmean_court.py	1
2026-09-16T14:41:35Z	cond_court.py	1
2026-09-16T14:41:36Z	numline_court.py	1
2026-09-16T14:41:36Z	opchoice_court.py	3
2026-09-16T14:41:37Z	squnit_court.py	1
2026-09-16T14:41:37Z	chance_court.py	1
2026-09-16T14:41:38Z	pctbase_court.py	1
2026-09-16T14:41:39Z	leap_court.py	1
2026-09-16T14:41:39Z	lever_court.py	2
2026-09-16T14:41:40Z	tzone_court.py	1
2026-09-16T14:41:41Z	median_court.py	1
2026-09-16T14:41:41Z	zerodiv_court.py	2
2026-09-16T14:41:42Z	angle_court.py	1
2026-09-16T14:41:42Z	bound_court.py	1
2026-09-16T14:41:43Z	homo_court.py	1
2026-09-16T14:41:43Z	prec_court.py	1
2026-09-16T14:41:44Z	direct_court.py	1
2026-09-16T14:41:44Z	estim_court.py	1
2026-09-16T14:41:46Z	analog_court.py	2
2026-09-16T14:41:46Z	both_court.py	1
2026-09-16T14:41:47Z	reply_court.py	1
2026-09-16T14:41:47Z	likely_court.py	1
2026-09-16T14:41:48Z	sameshare_court.py	1
2026-09-16T14:41:50Z	factor_court.py	2
2026-09-16T14:41:51Z	amend_court.py	1
2026-09-16T14:41:53Z	divrule_court.py	2
2026-09-16T14:41:55Z	reduce_court.py	2
2026-09-16T14:41:57Z	cmpshare_court.py	2
2026-09-16T14:42:01Z	wholeshare_court.py	4
2026-09-16T14:42:04Z	addshare_court.py	3
2026-09-16T14:42:07Z	mulshare_court.py	3
2026-09-16T14:42:10Z	divshare_court.py	3
2026-09-16T14:42:13Z	neg_court.py	3
2026-09-16T14:42:16Z	signrul_court.py	3
2026-09-16T14:42:20Z	opslaw_court.py	4
2026-09-16T14:42:23Z	signadd_court.py	3
2026-09-16T14:42:26Z	pow_court.py	3
2026-09-16T14:42:28Z	dec_court.py	2
2026-09-16T14:42:30Z	abs_court.py	2
2026-09-16T14:42:34Z	handy_court.py	4
2026-09-16T14:42:37Z	prop_court.py	3
2026-09-16T14:42:40Z	rem_court.py	3
2026-09-16T14:42:42Z	parity_court.py	2
2026-09-16T14:42:44Z	pctchange_court.py	2
2026-09-16T14:42:47Z	pctdiff_court.py	3
2026-09-16T14:42:50Z	mapscale_court.py	3
2026-09-16T14:42:53Z	divsense_court.py	3
2026-09-16T14:42:57Z	plaus_court.py	4
2026-09-16T14:43:00Z	point_court.py	3
2026-09-16T14:43:04Z	need_court.py	3
2026-09-16T14:43:08Z	inverse_court.py	4
2026-09-16T14:43:12Z	ceilfloor_court.py	4
2026-09-16T14:43:16Z	unitcmp_court.py	4
2026-09-16T14:43:20Z	placeval_court.py	4
2026-09-16T14:43:25Z	digitlen_court.py	5
2026-09-16T14:43:26Z	nesuf_court.py	1
2026-09-16T14:43:29Z	numlabel_court.py	3
2026-09-16T14:43:31Z	onestep_court.py	2
2026-09-16T14:43:33Z	closure_court.py	2
2026-09-16T14:43:36Z	dist_court.py	3
2026-09-16T14:43:38Z	primewalk_court.py	2
2026-09-16T14:43:40Z	orderlaw_court.py	2
2026-09-16T14:43:42Z	gender_court.py	2
2026-09-16T14:43:44Z	measureprec_court.py	2
2026-09-16T14:43:45Z	chancetrap_court.py	1
2026-09-16T14:43:46Z	ratetrap_court.py	1
2026-09-16T14:43:48Z	negquant_court.py	2
2026-09-16T14:43:50Z	measuregrow_court.py	2
2026-09-16T14:43:51Z	dim_court.py	1
2026-09-16T14:43:53Z	fence_court.py	2
2026-09-16T14:43:55Z	measure_court.py	2
2026-09-16T14:43:58Z	turn_court.py	2
2026-09-16T14:44:00Z	overlap_court.py	2
2026-09-16T14:44:01Z	wmean_court.py	1
2026-09-16T14:44:02Z	cond_court.py	1
2026-09-16T14:44:04Z	numline_court.py	2
2026-09-16T14:44:04Z	register_pairs.py	137
2026-09-16T14:44:06Z	squnit_court.py	2
2026-09-16T14:44:08Z	pctbase_court.py	2
2026-09-16T14:44:10Z	leap_court.py	2
2026-09-16T14:44:12Z	tzone_court.py	2
2026-09-16T14:44:14Z	median_court.py	2
2026-09-16T14:44:17Z	angle_court.py	2
2026-09-16T14:44:19Z	homo_court.py	2
2026-09-16T14:44:21Z	direct_court.py	2
2026-09-16T14:44:22Z	analog_court.py	1
2026-09-16T14:44:23Z	reply_court.py	1
2026-09-16T14:45:10Z	register_purity.py	66
2026-09-16T14:45:16Z	house_reach.py	608
2026-09-16T14:45:18Z	head_census.py	2
2026-09-16T14:46:07Z	prefix_traps.py	57
2026-09-16T14:46:18Z	form_matrix.py	60
2026-09-16T14:46:19Z	disj_court.py	1
2026-09-16T14:46:20Z	indu_court.py	1
2026-09-16T14:46:21Z	houseshows_court.py	1
2026-09-16T14:46:24Z	article_court.py	2
2026-09-16T14:46:28Z	rowframe_court.py	4
2026-09-16T14:46:32Z	opchoice_court.py	4
2026-09-16T14:46:34Z	chance_court.py	2
2026-09-16T14:46:36Z	lever_court.py	2
2026-09-16T14:46:39Z	zerodiv_court.py	3
2026-09-16T14:46:41Z	bound_court.py	2
2026-09-16T14:46:42Z	register_pairs.py	139
2026-09-16T14:46:43Z	prec_court.py	2
2026-09-16T14:46:45Z	estim_court.py	2
2026-09-16T14:46:48Z	both_court.py	2
2026-09-16T14:46:50Z	likely_court.py	2
2026-09-16T14:46:52Z	sameshare_court.py	2
2026-09-16T14:46:55Z	factor_court.py	3
2026-09-16T14:46:57Z	amend_court.py	2
2026-09-16T14:47:00Z	divrule_court.py	3
2026-09-16T14:47:04Z	reduce_court.py	4
2026-09-16T14:47:07Z	cmpshare_court.py	3
2026-09-16T14:47:11Z	wholeshare_court.py	4
2026-09-16T14:47:13Z	addshare_court.py	2
2026-09-16T14:47:16Z	mulshare_court.py	3
2026-09-16T14:47:19Z	sign_traps.py	72
2026-09-16T14:47:19Z	divshare_court.py	3
2026-09-16T14:47:20Z	strat_slice.py	1
2026-09-16T14:47:22Z	neg_court.py	3
2026-09-16T14:47:26Z	signrul_court.py	4
2026-09-16T14:47:29Z	opslaw_court.py	3
2026-09-16T14:47:33Z	signadd_court.py	4
2026-09-16T14:47:36Z	pow_court.py	3
2026-09-16T14:47:39Z	dec_court.py	3
2026-09-16T14:47:43Z	abs_court.py	4
2026-09-16T14:47:48Z	handy_court.py	5
2026-09-16T14:47:50Z	register_purity.py	68
2026-09-16T14:47:51Z	prop_court.py	3
2026-09-16T14:47:55Z	rem_court.py	4
2026-09-16T14:47:57Z	parity_court.py	2
2026-09-16T14:47:59Z	pctchange_court.py	2
2026-09-16T14:48:02Z	pctdiff_court.py	3
2026-09-16T14:48:05Z	mapscale_court.py	3
2026-09-16T14:48:08Z	divsense_court.py	3
2026-09-16T14:48:12Z	plaus_court.py	4
2026-09-16T14:48:15Z	point_court.py	3
2026-09-16T14:48:17Z	need_court.py	2
2026-09-16T14:48:20Z	inverse_court.py	3
2026-09-16T14:48:23Z	ceilfloor_court.py	3
2026-09-16T14:48:27Z	unitcmp_court.py	3
2026-09-16T14:48:31Z	placeval_court.py	4
2026-09-16T14:48:35Z	digitlen_court.py	4
2026-09-16T14:48:36Z	nesuf_court.py	1
2026-09-16T14:48:39Z	numlabel_court.py	3
2026-09-16T14:48:41Z	onestep_court.py	2
2026-09-16T14:48:43Z	closure_court.py	2
2026-09-16T14:48:45Z	dist_court.py	2
2026-09-16T14:48:46Z	primewalk_court.py	1
2026-09-16T14:48:47Z	orderlaw_court.py	1
2026-09-16T14:48:47Z	prefix_traps.py	56
2026-09-16T14:48:49Z	gender_court.py	2
2026-09-16T14:48:50Z	measureprec_court.py	1
2026-09-16T14:48:51Z	chancetrap_court.py	1
2026-09-16T14:48:52Z	ratetrap_court.py	1
2026-09-16T14:48:53Z	negquant_court.py	1
2026-09-16T14:48:55Z	measuregrow_court.py	1
2026-09-16T14:48:56Z	dim_court.py	1
2026-09-16T14:48:57Z	fence_court.py	1
2026-09-16T14:48:58Z	measure_court.py	1
2026-09-16T14:49:00Z	turn_court.py	2
2026-09-16T14:49:01Z	overlap_court.py	1
2026-09-16T14:49:02Z	wmean_court.py	1
2026-09-16T14:49:03Z	cond_court.py	1
2026-09-16T14:49:04Z	numline_court.py	1
2026-09-16T14:49:06Z	squnit_court.py	2
2026-09-16T14:49:07Z	pctbase_court.py	1
2026-09-16T14:49:08Z	leap_court.py	1
2026-09-16T14:49:09Z	tzone_court.py	1
2026-09-16T14:49:10Z	median_court.py	1
2026-09-16T14:49:11Z	angle_court.py	1
2026-09-16T14:49:12Z	homo_court.py	1
2026-09-16T14:49:14Z	direct_court.py	2
2026-09-16T14:49:15Z	analog_court.py	1
2026-09-16T14:49:16Z	reply_court.py	1
2026-09-16T14:49:48Z	sign_traps.py	61
2026-09-16T14:49:49Z	strat_slice.py	1
2026-09-16T14:51:31Z	register_pairs.py	135
2026-09-16T14:52:27Z	register_purity.py	56
2026-09-16T14:53:22Z	prefix_traps.py	55
2026-09-16T14:54:16Z	house_rejects.py	416
2026-09-16T14:54:17Z	sign_traps.py	55
2026-09-16T14:54:17Z	root_passport.py	1
2026-09-16T14:54:18Z	strat_slice.py	1
2026-09-16T14:54:18Z	pack_singular_risk.py	1
2026-09-16T14:54:20Z	cell_shown.py	1
2026-09-16T14:54:24Z	idle_word.py	4
2026-09-16T14:54:25Z	form_unshown.py	1
2026-09-16T14:54:28Z	one_singular.py	3
2026-09-16T14:54:29Z	template_word.py	1
2026-09-16T14:54:30Z	signless_census.py	1
2026-09-16T14:55:34Z	operator_share.py	64
2026-09-16T14:55:42Z	key_support.py	8
2026-09-16T14:57:15Z	house_mutant.py	93
2026-09-16T14:57:22Z	house_rejects.py	453
2026-09-16T14:57:24Z	root_passport.py	2
2026-09-16T14:57:25Z	pack_singular_risk.py	1
2026-09-16T14:57:26Z	cell_shown.py	1
2026-09-16T14:57:32Z	idle_word.py	6
2026-09-16T14:57:33Z	form_unshown.py	1
2026-09-16T14:57:36Z	one_singular.py	3
2026-09-16T14:57:37Z	template_word.py	1
2026-09-16T14:57:38Z	signless_census.py	1
2026-09-16T14:58:38Z	operator_share.py	60
2026-09-16T14:58:44Z	key_support.py	6
2026-09-16T14:59:44Z	house_mutant.py	60
2026-09-16T15:02:15Z	house_rejects.py	477
2026-09-16T15:02:16Z	root_passport.py	1
2026-09-16T15:02:17Z	pack_singular_risk.py	1
2026-09-16T15:02:19Z	cell_shown.py	2
2026-09-16T15:02:26Z	idle_word.py	7
2026-09-16T15:02:28Z	form_unshown.py	2
2026-09-16T15:02:31Z	one_singular.py	3
2026-09-16T15:02:32Z	template_word.py	1
2026-09-16T15:02:33Z	signless_census.py	1
2026-09-16T15:03:28Z	operator_share.py	55
2026-09-16T15:03:34Z	key_support.py	6
2026-09-16T15:04:36Z	house_mutant.py	62
2026-09-16T16:36:21Z	court_catch.py	5946
2026-09-16T16:36:28Z	agree_skew.py	7
2026-09-16T16:37:47Z	twogender.py	79
2026-09-16T16:37:48Z	countlaw_court.py	1
2026-09-16T16:37:49Z	elision_court.py	1
2026-09-16T16:37:51Z	soundarticle_court.py	2
2026-09-16T16:37:52Z	plcopula_court.py	1
2026-09-16T16:37:54Z	hay_court.py	2
2026-09-16T16:37:56Z	serestar_court.py	2
2026-09-16T16:37:59Z	dosupport_court.py	2
2026-09-16T16:38:01Z	fuseprep_court.py	2
2026-09-16T16:38:03Z	nlarticle_court.py	2
2026-09-16T16:38:05Z	decase_court.py	2
2026-09-16T16:38:06Z	swclass_court.py	1
2026-09-16T16:38:07Z	idredup_court.py	1
2026-09-16T16:38:09Z	zhclass_court.py	2
2026-09-16T16:38:11Z	trharm_court.py	2
2026-09-16T16:38:13Z	viclass_court.py	2
2026-09-16T16:38:15Z	koparticle_court.py	2
2026-09-16T16:38:21Z	corpusword_court.py	6
2026-09-16T16:38:23Z	ukcount_court.py	2
2026-09-16T16:38:25Z	jaclass_court.py	2
2026-09-16T16:38:28Z	fipart_court.py	2
2026-09-16T16:38:30Z	personplace_court.py	2
2026-09-16T16:38:31Z	persondist_court.py	1
2026-09-16T16:38:33Z	huobj_court.py	2
2026-09-16T16:38:35Z	refusalwhy_court.py	2
2026-09-16T16:38:37Z	deacc_court.py	2
2026-09-16T16:38:38Z	svgender_court.py	1
2026-09-16T16:38:40Z	romgender_court.py	2
2026-09-16T16:38:41Z	numnoun_court.py	1
2026-09-16T16:38:42Z	numplace_court.py	1
2026-09-16T16:38:44Z	deplur_court.py	2
2026-09-16T16:38:45Z	half_law.py	1
2026-09-16T16:38:59Z	unknown_name.py	14
2026-09-16T16:39:01Z	court_catch.py	5957
2026-09-16T16:39:10Z	agree_skew.py	9
2026-09-16T16:40:43Z	twogender.py	93
2026-09-16T16:40:45Z	countlaw_court.py	2
2026-09-16T16:40:47Z	elision_court.py	2
2026-09-16T16:40:50Z	soundarticle_court.py	3
2026-09-16T16:40:52Z	plcopula_court.py	2
2026-09-16T16:40:54Z	hay_court.py	2
2026-09-16T16:40:56Z	serestar_court.py	2
2026-09-16T16:40:58Z	dosupport_court.py	2
2026-09-16T16:41:00Z	fuseprep_court.py	2
2026-09-16T16:41:02Z	nlarticle_court.py	2
2026-09-16T16:41:04Z	decase_court.py	2
2026-09-16T16:41:07Z	swclass_court.py	3
2026-09-16T16:41:09Z	idredup_court.py	2
2026-09-16T16:41:11Z	zhclass_court.py	2
2026-09-16T16:41:13Z	trharm_court.py	2
2026-09-16T16:41:15Z	viclass_court.py	2
2026-09-16T16:41:17Z	koparticle_court.py	2
2026-09-16T16:41:25Z	corpusword_court.py	8
2026-09-16T16:41:27Z	ukcount_court.py	2
2026-09-16T16:41:29Z	jaclass_court.py	2
2026-09-16T16:41:31Z	fipart_court.py	2
2026-09-16T16:41:34Z	personplace_court.py	2
2026-09-16T16:41:36Z	persondist_court.py	2
2026-09-16T16:41:38Z	huobj_court.py	2
2026-09-16T16:41:40Z	refusalwhy_court.py	2
2026-09-16T16:41:42Z	deacc_court.py	2
2026-09-16T16:41:44Z	svgender_court.py	2
2026-09-16T16:41:46Z	romgender_court.py	2
2026-09-16T16:41:48Z	numnoun_court.py	2
2026-09-16T16:41:50Z	numplace_court.py	2
2026-09-16T16:41:54Z	deplur_court.py	3
2026-09-16T16:41:55Z	half_law.py	1
2026-09-16T16:42:08Z	unknown_name.py	13
2026-09-16T16:46:01Z	court_catch.py	6085
2026-09-16T16:46:11Z	agree_skew.py	10
2026-09-16T16:47:40Z	twogender.py	89
2026-09-16T16:47:41Z	countlaw_court.py	1
2026-09-16T16:47:42Z	elision_court.py	1
2026-09-16T16:47:44Z	soundarticle_court.py	2
2026-09-16T16:47:45Z	plcopula_court.py	1
2026-09-16T16:47:47Z	hay_court.py	2
2026-09-16T16:47:49Z	serestar_court.py	2
2026-09-16T16:47:51Z	dosupport_court.py	2
2026-09-16T16:47:53Z	fuseprep_court.py	2
2026-09-16T16:47:55Z	nlarticle_court.py	2
2026-09-16T16:47:57Z	decase_court.py	1
2026-09-16T16:47:58Z	swclass_court.py	1
2026-09-16T16:47:59Z	idredup_court.py	1
2026-09-16T16:48:01Z	zhclass_court.py	2
2026-09-16T16:48:03Z	trharm_court.py	2
2026-09-16T16:48:05Z	viclass_court.py	2
2026-09-16T16:48:07Z	koparticle_court.py	2
2026-09-16T16:48:14Z	corpusword_court.py	7
2026-09-16T16:48:16Z	ukcount_court.py	2
2026-09-16T16:48:18Z	jaclass_court.py	2
2026-09-16T16:48:20Z	fipart_court.py	2
2026-09-16T16:48:23Z	personplace_court.py	3
2026-09-16T16:48:25Z	persondist_court.py	2
2026-09-16T16:48:27Z	huobj_court.py	2
2026-09-16T16:48:29Z	refusalwhy_court.py	2
2026-09-16T16:48:31Z	deacc_court.py	2
2026-09-16T16:48:33Z	svgender_court.py	2
2026-09-16T16:48:35Z	romgender_court.py	2
2026-09-16T16:48:37Z	numnoun_court.py	2
2026-09-16T16:48:39Z	numplace_court.py	2
2026-09-16T16:48:41Z	deplur_court.py	2
2026-09-16T16:48:42Z	half_law.py	1
2026-09-16T16:48:57Z	unknown_name.py	14
2026-09-16T16:52:21Z	stale_world.py	802
2026-09-16T16:55:40Z	stale_world.py	812
2026-09-16T16:56:27Z	agree_traps.py	246
2026-09-16T16:56:28Z	wrong_sign.py	1
2026-09-16T16:56:29Z	debt_mark.py	1
2026-09-16T16:58:20Z	copula_band.py	111
2026-09-16T16:59:07Z	agree_traps.py	207
2026-09-16T16:59:08Z	wrong_sign.py	1
2026-09-16T16:59:09Z	debt_mark.py	1
2026-09-16T16:59:36Z	past_gender.py	76
2026-09-16T16:59:47Z	word_once.py	11
2026-09-16T17:00:02Z	article_sound.py	14
2026-09-16T17:00:06Z	elision.py	4
2026-09-16T17:00:07Z	class_name_honest.py	1
2026-09-16T17:00:09Z	worlds_unchanged.py	1
2026-09-16T17:00:10Z	threshold_census.py	1
2026-09-16T17:00:11Z	denominator_census.py	1
2026-09-16T17:00:12Z	ledger_mute.py	1
2026-09-16T17:01:20Z	copula_band.py	131
2026-09-16T17:01:36Z	refusal_reason.py	84
2026-09-16T17:14:01Z	arith_court.py	694
2026-09-16T17:14:07Z	algo_court.py	6
2026-09-16T17:15:57Z	formula_court.py	110
2026-09-16T17:16:04Z	logic_court.py	7
2026-09-16T17:16:06Z	physics_court.py	2
2026-09-16T17:16:11Z	cyber_court.py	5
2026-09-16T17:16:17Z	agreement_court.py	6
2026-09-16T17:16:21Z	notation_court.py	4
2026-09-16T17:16:23Z	unit_court.py	2
2026-09-16T17:16:25Z	number_court.py	2
2026-09-16T17:16:29Z	inquiry_court.py	4
2026-09-16T17:16:30Z	surfaces_court.py	1
2026-09-16T17:16:32Z	markdown_court.py	2
2026-09-16T17:16:33Z	doctree_court.py	1
2026-09-16T17:16:36Z	rates_court.py	3
2026-09-16T17:16:40Z	formula_lang_court.py	4
2026-09-16T17:16:43Z	percent_court.py	3
2026-09-16T17:16:45Z	average_court.py	2
2026-09-16T17:16:50Z	equation_court.py	5
2026-09-16T17:16:52Z	dataformat_court.py	2
2026-09-16T17:16:58Z	everyday_court.py	6
2026-09-16T17:16:59Z	story_chain_court.py	1
2026-09-16T17:17:02Z	age_court.py	3
2026-09-16T17:17:04Z	halves_court.py	2
2026-09-16T17:17:07Z	inquiry_de_fr_court.py	3
2026-09-16T17:17:08Z	ru_conversion_court.py	1
2026-09-16T17:17:09Z	selfmeasure_court.py	1
2026-09-16T17:17:10Z	ru_compare_court.py	1
2026-09-16T17:17:11Z	ru_story_court.py	1
2026-09-16T17:17:14Z	inquiry_es_it_court.py	3
2026-09-16T17:17:19Z	share_court.py	5
2026-09-16T17:17:22Z	compare_mult_court.py	3
2026-09-16T17:17:26Z	sequence_court.py	4
2026-09-16T17:17:30Z	geometry_court.py	4
2026-09-16T17:17:36Z	linalg_court.py	5
2026-09-16T17:17:38Z	calendar_court.py	2
2026-09-16T17:17:42Z	speech_court.py	4
2026-09-16T17:17:53Z	rugram_court.py	11
2026-09-16T17:17:57Z	physlaw_court.py	4
2026-09-16T17:18:01Z	compsci_court.py	4
2026-09-16T17:18:02Z	case_court.py	1
2026-09-16T17:18:05Z	valence_court.py	3
2026-09-16T17:18:07Z	shadow_court.py	2
2026-09-16T17:19:36Z	syllabus_court.py	89
2026-09-16T17:20:08Z	richness_court.py	32
2026-09-16T17:20:29Z	langpack_court.py	21
2026-09-16T17:20:30Z	langrule_court.py	1
2026-09-16T17:36:18Z	claims_court.py	948
2026-09-16T17:36:22Z	program_court.py	4
2026-09-16T17:36:27Z	statistics_court.py	5
2026-09-16T17:36:31Z	proof_court.py	4
2026-09-16T17:36:34Z	machine_court.py	3
2026-09-16T17:36:45Z	episode_court.py	11
2026-09-16T17:36:49Z	copula_court.py	4
2026-09-16T17:36:53Z	markup_court.py	4
2026-09-16T17:37:12Z	langlayer_court.py	19
2026-09-16T17:37:13Z	langform_court.py	1
2026-09-16T17:37:14Z	gsm_census.py	1
2026-09-16T17:39:43Z	reproducible.py	149
2026-09-16T17:39:44Z	bash32_court.py	1
2026-09-16T17:39:47Z	empty_in_court.py	3
2026-09-16T17:39:50Z	lawfirst_court.py	2
2026-09-16T17:40:00Z	sign_intact.py	10
2026-09-16T17:40:40Z	property_named.py	40
2026-09-16T17:40:41Z	ladder_full.py	1
2026-09-16T17:40:49Z	name_crossed.py	8
2026-09-16T17:40:50Z	genre_measured.py	1
2026-09-16T17:40:53Z	second_copy.py	3
2026-09-16T17:40:54Z	margin_census.py	1
2026-09-16T17:40:55Z	reports_index.py	1
2026-09-16T17:40:56Z	law_atlas.py	1
2026-09-16T17:40:57Z	court_atlas.py	1
2026-09-16T17:41:44Z	genus_atlas.py	46
2026-09-16T17:41:45Z	permuted_fresh.py	1
2026-09-16T17:41:46Z	build_dated.py	1
2026-09-16T17:41:47Z	probe_present.py	1
2026-09-16T17:41:48Z	court_voice.py	1
2026-09-16T17:41:49Z	suite_guard.py	1
2026-09-16T17:41:51Z	forge_claim.py	1
2026-09-16T17:41:52Z	broken_law.py	1
2026-09-16T17:42:38Z	house_api.py	46
2026-09-16T17:42:39Z	json_hand.py	1
2026-09-16T17:42:40Z	suite_resume.py	1
2026-09-16T17:42:45Z	readme_court.py	5
2026-09-16T17:49:31Z	arith_debt.py	406
2026-09-16T17:49:32Z	twin_world.py	1
2026-09-16T17:49:34Z	orphan_world.py	2
2026-09-16T17:50:16Z	genus_shown.py	42
2026-09-16T17:50:17Z	oracle_named.py	1
2026-09-16T17:50:18Z	world_atlas.py	1
2026-09-16T17:50:20Z	trap_series.py	2
2026-09-16T17:53:45Z	house_selfcheck.py	205
2026-09-16T17:53:53Z	asked_uncounted.py	8
2026-09-16T17:53:55Z	refusal_only_word.py	2
2026-09-16T17:53:57Z	contrast_real.py	1
2026-09-16T17:53:58Z	genre_kinds.py	1
2026-09-16T17:54:39Z	refusal_house.py	41
2026-09-16T17:55:27Z	refusal_ground.py	48
2026-09-16T17:55:29Z	manifest_court.py	2
2026-09-16T18:15:57Z	prose_court.py	1228
2026-09-16T18:16:02Z	mutants.py	5
2026-09-16T18:16:04Z	lexicon_reach.py	2
2026-09-16T18:16:07Z	inquiry_pt_nl_court.py	3
2026-09-16T18:16:10Z	inquiry_pl_tr_court.py	3
2026-09-16T18:16:13Z	metalang_court.py	3
2026-09-16T18:16:14Z	glyph_court.py	1
2026-09-16T18:16:15Z	space_court.py	1
2026-09-16T18:16:16Z	stenogram_court.py	1
2026-09-16T18:16:17Z	mathspaces_court.py	1
2026-09-16T18:16:18Z	gsmforms_court.py	1
2026-09-16T18:16:30Z	definitions_court.py	12
2026-09-16T18:16:32Z	pronoun_court.py	1
2026-09-16T18:16:33Z	money_court.py	1
2026-09-16T18:16:34Z	holes_court.py	1
2026-09-16T18:16:35Z	money_langs_court.py	1
2026-09-16T18:16:36Z	geometry_langs_court.py	1
2026-09-16T18:16:37Z	units_langs_court.py	1
2026-09-16T18:16:38Z	stats_langs_court.py	1
2026-09-16T18:16:39Z	calendar_langs_court.py	1
2026-09-16T18:16:40Z	sequences_langs_court.py	1
2026-09-16T18:16:41Z	compare_langs_court.py	1
2026-09-16T18:16:42Z	share_langs_court.py	1
2026-09-16T18:16:43Z	physics_langs_court.py	1
2026-09-16T18:16:47Z	relation_court.py	4
2026-09-16T18:38:59Z	court_mutants.py	1332
2026-09-16T18:39:03Z	panel_court.py	4
2026-09-16T18:39:06Z	concept_reach.py	3
2026-09-16T18:46:19Z	ask_reach.py	433
2026-09-16T18:46:21Z	band_reach.py	2
2026-09-16T18:46:22Z	biblio_reach.py	1
2026-09-16T18:46:26Z	ruverbs_court.py	4
2026-09-16T18:46:39Z	script_court.py	13
2026-09-16T18:52:41Z	word_mutants.py	362
2026-09-16T18:58:18Z	verdict_cover.py	337
2026-09-16T19:03:51Z	sentence_cover.py	332
2026-09-16T19:04:01Z	bench_leak.py	10
2026-09-16T19:07:50Z	shelf_court.py	229
2026-09-16T19:15:40Z	ask_width.py	470
2026-09-16T19:15:44Z	notationvar_court.py	4
2026-09-16T19:17:34Z	prosetree_court.py	110
2026-09-16T19:17:35Z	longdiv_court.py	1
2026-09-16T19:20:23Z	form_census.py	168
2026-09-16T19:21:04Z	houses_census.py	41
2026-09-16T19:22:55Z	mass_census.py	111
2026-09-16T19:22:57Z	verbthings_court.py	2
2026-09-16T19:33:49Z	coverage.py	652
2026-09-16T19:33:50Z	behavior_court.py	1
2026-09-16T19:33:51Z	topics_court.py	1
2026-09-16T19:33:52Z	nature_court.py	1
2026-09-16T19:33:53Z	links_court.py	1
2026-09-16T19:33:54Z	scale_court.py	1
2026-09-16T19:33:56Z	opposites_court.py	1
2026-09-16T19:33:57Z	roles_court.py	1
2026-09-16T19:33:58Z	joints_court.py	1
2026-09-16T19:33:59Z	dialogue_court.py	1
2026-09-16T19:34:00Z	worldfacts_court.py	1
2026-09-16T19:34:01Z	infer_court.py	1
2026-09-16T19:34:03Z	circle_probe.py	2
2026-09-16T19:34:04Z	agree_probe.py	1
2026-09-16T19:34:05Z	shelf_declare.py	1
2026-09-16T19:41:27Z	house_reach.py	442
2026-09-16T19:41:29Z	head_census.py	2
2026-09-16T19:42:12Z	form_matrix.py	43
2026-09-16T19:42:13Z	disj_court.py	1
2026-09-16T19:42:14Z	indu_court.py	1
2026-09-16T19:42:15Z	houseshows_court.py	1
2026-09-16T19:42:17Z	article_court.py	2
2026-09-16T19:42:19Z	rowframe_court.py	2
2026-09-16T19:42:21Z	opchoice_court.py	2
2026-09-16T19:42:22Z	chance_court.py	1
2026-09-16T19:42:23Z	lever_court.py	1
2026-09-16T19:42:25Z	zerodiv_court.py	2
2026-09-16T19:42:26Z	bound_court.py	1
2026-09-16T19:42:27Z	prec_court.py	1
2026-09-16T19:42:28Z	estim_court.py	1
2026-09-16T19:42:29Z	both_court.py	1
2026-09-16T19:42:31Z	likely_court.py	1
2026-09-16T19:42:32Z	sameshare_court.py	1
2026-09-16T19:42:34Z	factor_court.py	2
2026-09-16T19:42:35Z	amend_court.py	1
2026-09-16T19:42:37Z	divrule_court.py	2
2026-09-16T19:42:39Z	reduce_court.py	2
2026-09-16T19:42:41Z	cmpshare_court.py	2
2026-09-16T19:42:44Z	wholeshare_court.py	3
2026-09-16T19:42:46Z	addshare_court.py	2
2026-09-16T19:42:48Z	mulshare_court.py	2
2026-09-16T19:42:50Z	divshare_court.py	2
2026-09-16T19:42:52Z	neg_court.py	2
2026-09-16T19:42:55Z	signrul_court.py	3
2026-09-16T19:42:58Z	opslaw_court.py	2
2026-09-16T19:43:01Z	signadd_court.py	3
2026-09-16T19:43:03Z	pow_court.py	2
2026-09-16T19:43:05Z	dec_court.py	2
2026-09-16T19:43:07Z	abs_court.py	2
2026-09-16T19:43:10Z	handy_court.py	3
2026-09-16T19:43:12Z	prop_court.py	2
2026-09-16T19:43:15Z	rem_court.py	3
2026-09-16T19:43:17Z	parity_court.py	2
2026-09-16T19:43:19Z	pctchange_court.py	2
2026-09-16T19:43:21Z	pctdiff_court.py	2
2026-09-16T19:43:23Z	mapscale_court.py	2
2026-09-16T19:43:25Z	divsense_court.py	2
2026-09-16T19:43:28Z	plaus_court.py	3
2026-09-16T19:43:31Z	point_court.py	2
2026-09-16T19:43:33Z	need_court.py	2
2026-09-16T19:43:36Z	inverse_court.py	3
2026-09-16T19:43:39Z	ceilfloor_court.py	3
2026-09-16T19:43:42Z	unitcmp_court.py	3
2026-09-16T19:43:45Z	placeval_court.py	3
2026-09-16T19:43:48Z	digitlen_court.py	3
2026-09-16T19:43:49Z	nesuf_court.py	1
2026-09-16T19:43:52Z	numlabel_court.py	3
2026-09-16T19:43:54Z	onestep_court.py	2
2026-09-16T19:43:56Z	closure_court.py	2
2026-09-16T19:43:58Z	dist_court.py	2
2026-09-16T19:43:59Z	primewalk_court.py	1
2026-09-16T19:44:00Z	orderlaw_court.py	1
2026-09-16T19:44:02Z	gender_court.py	1
2026-09-16T19:44:03Z	measureprec_court.py	1
2026-09-16T19:44:04Z	chancetrap_court.py	1
2026-09-16T19:44:05Z	ratetrap_court.py	1
2026-09-16T19:44:06Z	negquant_court.py	1
2026-09-16T19:44:07Z	measuregrow_court.py	1
2026-09-16T19:44:08Z	dim_court.py	1
2026-09-16T19:44:09Z	fence_court.py	1
2026-09-16T19:44:10Z	measure_court.py	1
2026-09-16T19:44:11Z	turn_court.py	1
2026-09-16T19:44:12Z	overlap_court.py	1
2026-09-16T19:44:13Z	wmean_court.py	1
2026-09-16T19:44:14Z	cond_court.py	1
2026-09-16T19:44:15Z	numline_court.py	1
2026-09-16T19:44:16Z	squnit_court.py	1
2026-09-16T19:44:17Z	pctbase_court.py	1
2026-09-16T19:44:18Z	leap_court.py	1
2026-09-16T19:44:20Z	tzone_court.py	1
2026-09-16T19:44:21Z	median_court.py	1
2026-09-16T19:44:22Z	angle_court.py	1
2026-09-16T19:44:23Z	homo_court.py	1
2026-09-16T19:44:24Z	direct_court.py	1
2026-09-16T19:44:25Z	analog_court.py	1
2026-09-16T19:44:26Z	reply_court.py	1
2026-09-16T19:46:03Z	register_pairs.py	97
2026-09-16T19:46:44Z	register_purity.py	41
2026-09-16T19:47:26Z	prefix_traps.py	41
2026-09-16T19:48:06Z	sign_traps.py	40
2026-09-16T19:48:07Z	strat_slice.py	1
2026-09-16T19:53:19Z	house_rejects.py	312
2026-09-16T19:53:20Z	root_passport.py	1
2026-09-16T19:53:21Z	pack_singular_risk.py	1
2026-09-16T19:53:23Z	cell_shown.py	1
2026-09-16T19:53:26Z	idle_word.py	3
2026-09-16T19:53:27Z	form_unshown.py	1
2026-09-16T19:53:29Z	one_singular.py	2
2026-09-16T19:53:30Z	template_word.py	1
2026-09-16T19:53:32Z	signless_census.py	1
2026-09-16T19:54:21Z	operator_share.py	49
2026-09-16T19:54:26Z	key_support.py	5
2026-09-16T19:55:07Z	house_mutant.py	41
2026-09-16T20:24:36Z	court_catch.py	1769
2026-09-16T20:24:41Z	agree_skew.py	5
2026-09-16T20:25:30Z	twogender.py	49
2026-09-16T20:25:31Z	countlaw_court.py	1
2026-09-16T20:25:32Z	elision_court.py	1
2026-09-16T20:25:33Z	soundarticle_court.py	1
2026-09-16T20:25:34Z	plcopula_court.py	1
2026-09-16T20:25:35Z	hay_court.py	1
2026-09-16T20:25:37Z	serestar_court.py	1
2026-09-16T20:25:38Z	dosupport_court.py	1
2026-09-16T20:25:39Z	fuseprep_court.py	1
2026-09-16T20:25:40Z	nlarticle_court.py	1
2026-09-16T20:25:41Z	decase_court.py	1
2026-09-16T20:25:42Z	swclass_court.py	1
2026-09-16T20:25:43Z	idredup_court.py	1
2026-09-16T20:25:44Z	zhclass_court.py	1
2026-09-16T20:25:45Z	trharm_court.py	1
2026-09-16T20:25:46Z	viclass_court.py	1
2026-09-16T20:25:47Z	koparticle_court.py	1
2026-09-16T20:25:51Z	corpusword_court.py	4
2026-09-16T20:25:52Z	ukcount_court.py	1
2026-09-16T20:25:53Z	jaclass_court.py	1
2026-09-16T20:25:54Z	fipart_court.py	1
2026-09-16T20:25:55Z	personplace_court.py	1
2026-09-16T20:25:57Z	persondist_court.py	1
2026-09-16T20:25:58Z	huobj_court.py	1
2026-09-16T20:25:59Z	refusalwhy_court.py	1
2026-09-16T20:26:00Z	deacc_court.py	1
2026-09-16T20:26:01Z	svgender_court.py	1
2026-09-16T20:26:02Z	romgender_court.py	1
2026-09-16T20:26:03Z	numnoun_court.py	1
2026-09-16T20:26:04Z	numplace_court.py	1
2026-09-16T20:26:06Z	deplur_court.py	2
2026-09-16T20:26:07Z	half_law.py	1
2026-09-16T20:26:14Z	unknown_name.py	7
2026-09-16T20:33:10Z	stale_world.py	416
2026-09-16T20:35:16Z	agree_traps.py	126
2026-09-16T20:35:17Z	wrong_sign.py	1
2026-09-16T20:35:18Z	debt_mark.py	1
2026-09-16T20:36:29Z	copula_band.py	71
2026-09-16T20:37:13Z	past_gender.py	44
2026-09-16T20:37:19Z	word_once.py	6
2026-09-16T20:37:26Z	article_sound.py	7
2026-09-16T20:37:28Z	elision.py	2
2026-09-16T20:37:29Z	class_name_honest.py	1
2026-09-16T20:37:36Z	stale_call.py	6
2026-09-16T20:37:37Z	worlds_unchanged.py	1
2026-09-16T20:37:38Z	threshold_census.py	1
2026-09-16T20:37:39Z	denominator_census.py	1
2026-09-16T20:37:40Z	ledger_mute.py	1
2026-09-16T20:38:19Z	refusal_reason.py	39
2026-09-16T20:39:00Z	house_skew.py	40
2026-09-16T20:39:41Z	house_promise.py	40
2026-09-16T20:44:59Z	court_split.py	318
2026-09-16T20:45:00Z	repeat_census.py	1
2026-09-16T20:45:41Z	definitions_reach.py	41
2026-09-16T20:45:42Z	copies_census.py	1
2026-09-16T20:45:43Z	sweep_self.py	1
2026-09-16T20:55:44Z	court_reach.py	601
2026-09-16T20:55:49Z	holdout_key.py	5
2026-09-16T20:55:51Z	holdforms_court.py	2
2026-09-16T20:55:53Z	cmpframes_court.py	2
2026-09-16T20:55:55Z	sceneforms_court.py	2
2026-09-16T20:55:57Z	toolforms_court.py	2
2026-09-16T20:55:59Z	verifyforms_court.py	2
2026-09-16T20:56:01Z	planforms_court.py	2
2026-09-16T20:56:03Z	episodeforms_court.py	2
2026-09-16T20:56:06Z	summaryforms_court.py	3
2026-09-16T20:56:08Z	opforms_court.py	2
2026-09-16T20:56:10Z	readnum_court.py	1
2026-09-16T20:56:12Z	mandateforms_court.py	2
2026-09-16T20:56:14Z	personforms_court.py	2
2026-09-16T20:56:16Z	selfmodelforms_court.py	2
2026-09-16T20:56:18Z	signedworld_court.py	2
2026-09-16T20:56:19Z	beforetails_court.py	1
2026-09-16T20:56:20Z	discountroad_court.py	1
2026-09-16T20:56:23Z	nomention_court.py	3
2026-09-16T20:56:25Z	clockforms_court.py	2
2026-09-16T20:56:27Z	mixedunits_court.py	2
2026-09-16T20:56:29Z	dateforms_court.py	2
2026-09-16T20:56:30Z	clockwords_court.py	1
2026-09-16T20:56:32Z	speedforms_court.py	2
2026-09-16T20:56:33Z	roundforms_court.py	1
2026-09-16T20:56:35Z	orderforms_court.py	1
2026-09-16T20:56:36Z	quantforms_court.py	1
2026-09-16T20:56:37Z	roman_court.py	1
2026-09-16T20:56:38Z	place_court.py	1
2026-09-16T20:56:40Z	unitfrac_court.py	2
2026-09-16T20:56:41Z	enough_court.py	1
2026-09-16T20:56:42Z	numphrase_court.py	1
2026-09-16T20:56:43Z	kinbearer_court.py	1
2026-09-16T20:56:44Z	pronobject_court.py	1
2026-09-16T20:56:45Z	proform_court.py	1
2026-09-16T20:56:47Z	degrees_court.py	2
2026-09-16T20:56:49Z	actturn_court.py	2
2026-09-16T20:56:50Z	tempscale_court.py	1
2026-09-16T20:56:51Z	action_measure_court.py	1
2026-09-16T20:56:52Z	numberline_court.py	1
2026-09-16T20:56:53Z	countfacts_court.py	1
2026-09-16T20:56:55Z	letters_court.py	1
2026-09-16T20:57:58Z	langcount_court.py	63
2026-09-16T20:57:59Z	propcompare_court.py	1
2026-09-16T20:58:00Z	price_court.py	1
2026-09-16T20:58:01Z	translate_court.py	1
2026-09-16T20:58:02Z	timeunits_court.py	1
2026-09-16T20:58:05Z	svamp_court.py	3
2026-09-16T20:58:06Z	measure_langs_court.py	1
2026-09-16T20:58:08Z	goal_court.py	2
2026-09-16T20:58:10Z	equalshare_court.py	2
2026-09-16T20:58:11Z	dyck_court.py	1
2026-09-16T20:58:12Z	boolexpr_court.py	1
2026-09-16T20:58:13Z	alphaorder_court.py	1
2026-09-16T20:58:14Z	handover_court.py	1
2026-09-16T20:58:15Z	nestcalc_court.py	1
2026-09-16T20:58:16Z	drop_court.py	1
2026-09-16T20:58:17Z	bicond_court.py	1
2026-09-16T20:58:18Z	grid_court.py	1
2026-09-16T20:58:19Z	roundneed_court.py	1
2026-09-16T20:58:20Z	datecmp_court.py	1
2026-09-16T20:58:21Z	letterwork_court.py	1
2026-09-16T20:58:22Z	whodwells_court.py	1
2026-09-16T20:58:24Z	pctchain_court.py	1
2026-09-16T20:58:25Z	roadpath_court.py	1
2026-09-16T20:58:26Z	cooccur_court.py	1
2026-09-16T20:59:06Z	frames_apart.py	40
2026-09-16T20:59:47Z	genus_shapes.py	41
2026-09-16T20:59:54Z	plants_read.py	7
2026-09-16T21:00:51Z	zero_probe.py	57
2026-09-16T21:00:52Z	partial_guard.py	1
2026-09-20T14:02:39Z	arith_court.py	880
2026-09-20T14:02:50Z	algo_court.py	11
2026-09-20T14:05:31Z	formula_court.py	161
2026-09-20T14:05:51Z	logic_court.py	19
2026-09-20T14:05:58Z	physics_court.py	6
2026-09-20T14:06:08Z	cyber_court.py	10
2026-09-20T14:06:20Z	agreement_court.py	12
2026-09-20T14:06:28Z	notation_court.py	8
2026-09-20T14:06:34Z	unit_court.py	6
2026-09-20T14:06:38Z	number_court.py	4
2026-09-20T14:06:46Z	inquiry_court.py	8
2026-09-20T14:06:48Z	surfaces_court.py	2
2026-09-20T14:06:51Z	markdown_court.py	3
2026-09-20T14:06:53Z	doctree_court.py	2
2026-09-20T14:06:59Z	rates_court.py	5
2026-09-20T14:07:04Z	formula_lang_court.py	5
2026-09-20T14:07:10Z	percent_court.py	6
2026-09-20T14:07:14Z	average_court.py	3
2026-09-20T14:07:22Z	equation_court.py	8
2026-09-20T14:07:27Z	dataformat_court.py	4
2026-09-20T14:07:36Z	everyday_court.py	9
2026-09-20T14:07:37Z	story_chain_court.py	1
2026-09-20T14:07:42Z	age_court.py	5
2026-09-20T14:07:46Z	halves_court.py	4
2026-09-20T14:07:51Z	inquiry_de_fr_court.py	5
2026-09-20T14:07:52Z	ru_conversion_court.py	1
2026-09-20T14:07:54Z	selfmeasure_court.py	2
2026-09-20T14:07:55Z	ru_compare_court.py	1
2026-09-20T14:07:57Z	ru_story_court.py	1
2026-09-20T14:08:02Z	inquiry_es_it_court.py	5
2026-09-20T14:08:10Z	share_court.py	8
2026-09-20T14:08:15Z	compare_mult_court.py	5
2026-09-20T14:08:22Z	sequence_court.py	6
2026-09-20T14:08:28Z	geometry_court.py	6
2026-09-20T14:08:34Z	linalg_court.py	6
2026-09-20T14:08:37Z	calendar_court.py	3
2026-09-20T14:08:44Z	speech_court.py	7
2026-09-20T14:09:01Z	rugram_court.py	17
2026-09-20T14:09:10Z	physlaw_court.py	9
2026-09-20T14:09:19Z	compsci_court.py	9
2026-09-20T14:09:21Z	case_court.py	2
2026-09-20T14:09:27Z	valence_court.py	5
2026-09-20T14:09:31Z	shadow_court.py	4
2026-09-20T14:11:10Z	syllabus_court.py	99
2026-09-20T14:12:03Z	richness_court.py	53
2026-09-20T14:12:30Z	langpack_court.py	27
2026-09-20T14:12:31Z	langrule_court.py	1
2026-09-20T14:41:21Z	claims_court.py	1730
2026-09-20T14:41:29Z	program_court.py	8
2026-09-20T14:41:36Z	statistics_court.py	7
2026-09-20T14:41:42Z	proof_court.py	6
2026-09-20T14:41:46Z	machine_court.py	4
2026-09-20T14:42:01Z	episode_court.py	15
2026-09-20T14:42:08Z	copula_court.py	6
2026-09-20T14:42:13Z	markup_court.py	5
2026-09-20T14:42:39Z	langlayer_court.py	26
2026-09-20T14:42:41Z	langform_court.py	2
2026-09-20T14:42:42Z	gsm_census.py	1
2026-09-20T14:47:51Z	reproducible.py	309
2026-09-20T14:47:52Z	bash32_court.py	1
2026-09-20T14:47:56Z	empty_in_court.py	4
2026-09-20T14:47:59Z	lawfirst_court.py	3
2026-09-20T14:48:15Z	sign_intact.py	16
2026-09-20T14:49:11Z	property_named.py	56
2026-09-20T14:49:12Z	ladder_full.py	1
2026-09-20T14:49:24Z	name_crossed.py	12
2026-09-20T14:49:25Z	genre_measured.py	1
2026-09-20T14:49:31Z	second_copy.py	6
2026-09-20T14:49:34Z	margin_census.py	2
2026-09-20T14:49:36Z	reports_index.py	2
2026-09-20T14:49:39Z	law_atlas.py	2
2026-09-20T14:49:40Z	court_atlas.py	1
2026-09-20T14:51:09Z	genus_atlas.py	88
2026-09-20T14:51:13Z	permuted_fresh.py	3
2026-09-20T14:51:15Z	build_dated.py	2
2026-09-20T14:51:17Z	probe_present.py	1
2026-09-20T14:51:19Z	court_voice.py	2
2026-09-20T14:51:20Z	suite_guard.py	1
2026-09-20T14:51:23Z	forge_claim.py	2
2026-09-20T14:51:25Z	broken_law.py	2
2026-09-20T14:53:13Z	house_api.py	108
2026-09-20T14:53:14Z	json_hand.py	1
2026-09-20T14:53:16Z	suite_resume.py	2
2026-09-20T14:53:25Z	readme_court.py	8
2026-09-20T15:03:56Z	arith_debt.py	631
2026-09-20T15:03:57Z	twin_world.py	1
2026-09-20T15:04:01Z	orphan_world.py	4
2026-09-20T15:05:24Z	genus_shown.py	83
2026-09-20T15:05:25Z	oracle_named.py	1
2026-09-20T15:05:26Z	world_atlas.py	1
2026-09-20T15:05:29Z	trap_series.py	3
2026-09-20T15:11:23Z	house_selfcheck.py	354
2026-09-20T15:11:44Z	asked_uncounted.py	20
2026-09-20T15:11:55Z	refusal_only_word.py	11
2026-09-20T15:11:58Z	contrast_real.py	3
2026-09-20T15:12:04Z	genre_kinds.py	5
2026-09-20T15:15:29Z	refusal_house.py	204
2026-09-20T15:18:59Z	refusal_ground.py	210
2026-09-20T15:19:05Z	manifest_court.py	6
2026-09-20T16:15:20Z	arith_court.py	255
2026-09-20T16:15:24Z	algo_court.py	4
2026-09-20T16:16:41Z	formula_court.py	81
2026-09-20T16:15:26Z	logic_court.py	6
2026-09-20T16:16:43Z	physics_court.py	2
2026-09-20T16:16:45Z	cyber_court.py	4
2026-09-20T16:16:47Z	agreement_court.py	6
2026-09-20T16:16:51Z	notation_court.py	4
2026-09-20T16:16:49Z	unit_court.py	2
2026-09-20T16:16:49Z	number_court.py	2
2026-09-20T16:16:55Z	inquiry_court.py	4
2026-09-20T16:16:53Z	surfaces_court.py	2
2026-09-20T16:16:53Z	markdown_court.py	2
2026-09-20T16:16:56Z	doctree_court.py	1
2026-09-20T16:16:58Z	rates_court.py	3
2026-09-20T16:16:59Z	formula_lang_court.py	4
2026-09-20T16:17:03Z	percent_court.py	3
2026-09-20T16:17:01Z	average_court.py	1
2026-09-20T16:17:05Z	equation_court.py	5
2026-09-20T16:17:07Z	dataformat_court.py	2
2026-09-20T16:17:11Z	everyday_court.py	6
2026-09-20T16:17:06Z	story_chain_court.py	1
2026-09-20T16:17:14Z	age_court.py	3
2026-09-20T16:17:14Z	halves_court.py	3
2026-09-20T16:17:15Z	inquiry_de_fr_court.py	4
2026-09-20T16:17:16Z	ru_conversion_court.py	1
2026-09-20T16:17:16Z	selfmeasure_court.py	1
2026-09-20T16:17:16Z	ru_compare_court.py	1
2026-09-20T16:17:17Z	ru_story_court.py	1
2026-09-20T16:17:21Z	inquiry_es_it_court.py	5
2026-09-20T16:17:23Z	share_court.py	7
2026-09-20T16:17:26Z	compare_mult_court.py	3
2026-09-20T16:17:27Z	sequence_court.py	4
2026-09-20T16:17:27Z	geometry_court.py	4
2026-09-20T16:17:31Z	linalg_court.py	4
2026-09-20T16:17:29Z	calendar_court.py	2
2026-09-20T16:17:31Z	speech_court.py	4
2026-09-20T16:17:42Z	rugram_court.py	11
2026-09-20T16:17:35Z	physlaw_court.py	4
2026-09-20T16:17:35Z	compsci_court.py	4
2026-09-20T16:17:43Z	case_court.py	1
2026-09-20T16:17:45Z	valence_court.py	3
2026-09-20T16:17:44Z	shadow_court.py	2
2026-09-20T16:18:45Z	syllabus_court.py	60
2026-09-20T16:18:10Z	richness_court.py	25
2026-09-20T16:18:02Z	langpack_court.py	17
2026-09-20T16:18:46Z	langrule_court.py	1
2026-09-20T16:34:31Z	claims_court.py	946
2026-09-20T16:18:50Z	program_court.py	5
2026-09-20T16:34:36Z	statistics_court.py	5
2026-09-20T16:34:35Z	proof_court.py	4
2026-09-20T16:34:34Z	machine_court.py	3
2026-09-20T16:34:47Z	episode_court.py	11
2026-09-20T16:34:40Z	copula_court.py	4
2026-09-20T16:34:40Z	markup_court.py	4
2026-09-20T16:35:10Z	langlayer_court.py	23
2026-09-20T16:34:48Z	langform_court.py	1
2026-09-20T16:34:48Z	gsm_census.py	1
2026-09-20T16:37:46Z	reproducible.py	156
2026-09-20T16:37:47Z	bash32_court.py	1
2026-09-20T16:37:49Z	empty_in_court.py	3
2026-09-20T16:37:48Z	lawfirst_court.py	2
2026-09-20T16:38:00Z	sign_intact.py	11
2026-09-20T16:38:32Z	property_named.py	43
2026-09-20T16:37:50Z	ladder_full.py	1
2026-09-20T16:38:40Z	name_crossed.py	8
2026-09-20T16:38:33Z	genre_measured.py	1
2026-09-20T16:38:35Z	second_copy.py	3
2026-09-20T16:38:41Z	margin_census.py	1
2026-09-20T16:38:41Z	reports_index.py	1
2026-09-20T16:38:41Z	law_atlas.py	1
2026-09-20T16:38:42Z	court_atlas.py	1
2026-09-20T16:39:31Z	genus_atlas.py	50
2026-09-20T16:38:42Z	permuted_fresh.py	1
2026-09-20T16:39:32Z	build_dated.py	1
2026-09-20T16:39:32Z	probe_present.py	1
2026-09-20T16:39:32Z	court_voice.py	1
2026-09-20T16:39:33Z	suite_guard.py	1
2026-09-20T16:39:33Z	forge_claim.py	1
2026-09-20T16:39:33Z	broken_law.py	1
2026-09-20T16:40:23Z	house_api.py	50
2026-09-20T16:39:34Z	json_hand.py	1
2026-09-20T16:39:34Z	suite_resume.py	1
2026-09-20T16:40:28Z	readme_court.py	5
2026-09-20T16:47:24Z	arith_debt.py	421
2026-09-20T16:40:24Z	twin_world.py	1
2026-09-20T16:47:26Z	orphan_world.py	2
2026-09-20T16:48:10Z	genus_shown.py	46
2026-09-20T16:47:25Z	oracle_named.py	1
2026-09-20T16:48:11Z	world_atlas.py	1
2026-09-20T16:48:12Z	trap_series.py	2
2026-09-20T16:52:10Z	house_selfcheck.py	240
2026-09-20T16:52:19Z	asked_uncounted.py	9
2026-09-20T16:52:12Z	refusal_only_word.py	2
2026-09-20T16:52:11Z	contrast_real.py	1
2026-09-20T16:52:20Z	genre_kinds.py	1
2026-09-20T16:53:07Z	refusal_house.py	48
2026-09-20T16:53:15Z	refusal_ground.py	56
2026-09-20T16:53:17Z	manifest_court.py	2
2026-09-20T17:14:02Z	arith_court.py	595
2026-09-20T17:14:07Z	algo_court.py	5
2026-09-20T17:17:00Z	formula_court.py	172
2026-09-20T17:17:19Z	logic_court.py	18
2026-09-20T17:17:24Z	physics_court.py	5
2026-09-20T17:17:32Z	cyber_court.py	7
2026-09-20T17:17:40Z	agreement_court.py	8
2026-09-20T17:17:45Z	notation_court.py	5
2026-09-20T17:17:48Z	unit_court.py	3
2026-09-20T17:17:51Z	number_court.py	3
2026-09-20T17:17:56Z	inquiry_court.py	5
2026-09-20T17:17:58Z	surfaces_court.py	2
2026-09-20T17:18:01Z	markdown_court.py	2
2026-09-20T17:18:03Z	doctree_court.py	2
2026-09-20T17:18:07Z	rates_court.py	4
2026-09-20T17:18:11Z	formula_lang_court.py	4
2026-09-20T17:18:15Z	percent_court.py	4
2026-09-20T17:18:16Z	average_court.py	1
2026-09-20T17:18:22Z	equation_court.py	6
2026-09-20T17:18:25Z	dataformat_court.py	3
2026-09-20T17:18:32Z	everyday_court.py	7
2026-09-20T17:18:33Z	story_chain_court.py	1
2026-09-20T17:18:36Z	age_court.py	3
2026-09-20T17:18:39Z	halves_court.py	3
2026-09-20T17:18:43Z	inquiry_de_fr_court.py	4
2026-09-20T17:18:44Z	ru_conversion_court.py	1
2026-09-20T17:18:45Z	selfmeasure_court.py	1
2026-09-20T17:18:46Z	ru_compare_court.py	1
2026-09-20T17:18:47Z	ru_story_court.py	1
2026-09-20T17:18:51Z	inquiry_es_it_court.py	4
2026-09-20T17:18:57Z	share_court.py	6
2026-09-20T17:19:01Z	compare_mult_court.py	4
2026-09-20T17:19:07Z	sequence_court.py	6
2026-09-20T17:19:14Z	geometry_court.py	7
2026-09-20T17:19:22Z	linalg_court.py	8
2026-09-20T17:19:25Z	calendar_court.py	3
2026-09-20T17:19:31Z	speech_court.py	6
2026-09-20T17:19:48Z	rugram_court.py	17
2026-09-20T17:19:54Z	physlaw_court.py	6
2026-09-20T17:20:02Z	compsci_court.py	8
2026-09-20T17:20:04Z	case_court.py	2
2026-09-20T17:20:09Z	valence_court.py	5
2026-09-20T17:20:13Z	shadow_court.py	4
2026-09-20T17:21:47Z	syllabus_court.py	93
2026-09-20T17:22:22Z	richness_court.py	35
2026-09-20T17:22:45Z	langpack_court.py	23
2026-09-20T17:22:46Z	langrule_court.py	1
2026-09-20T17:44:19Z	claims_court.py	1293
2026-09-20T17:44:24Z	program_court.py	5
2026-09-20T17:44:29Z	statistics_court.py	5
2026-09-20T17:44:33Z	proof_court.py	4
2026-09-20T17:44:36Z	machine_court.py	3
2026-09-20T17:44:48Z	episode_court.py	12
2026-09-20T17:44:53Z	copula_court.py	5
2026-09-20T17:44:57Z	markup_court.py	4
2026-09-20T17:45:26Z	langlayer_court.py	29
2026-09-20T17:45:29Z	langform_court.py	3
2026-09-20T17:45:30Z	gsm_census.py	1
2026-09-20T17:49:36Z	reproducible.py	246
2026-09-20T17:49:37Z	bash32_court.py	1
2026-09-20T17:49:40Z	empty_in_court.py	3
2026-09-20T17:49:42Z	lawfirst_court.py	2
2026-09-20T17:49:55Z	sign_intact.py	13
2026-09-20T17:50:53Z	property_named.py	57
2026-09-20T17:50:55Z	ladder_full.py	2
2026-09-20T17:51:07Z	name_crossed.py	12
2026-09-20T17:51:08Z	genre_measured.py	1
2026-09-20T17:51:13Z	second_copy.py	5
2026-09-20T17:51:14Z	margin_census.py	1
2026-09-20T17:51:15Z	reports_index.py	1
2026-09-20T17:51:17Z	law_atlas.py	2
2026-09-20T17:51:20Z	court_atlas.py	2
2026-09-20T17:52:30Z	genus_atlas.py	70
2026-09-20T17:52:32Z	permuted_fresh.py	2
2026-09-20T17:52:33Z	build_dated.py	1
2026-09-20T17:52:35Z	probe_present.py	2
2026-09-20T17:52:36Z	court_voice.py	1
2026-09-20T17:52:37Z	suite_guard.py	1
2026-09-20T17:52:38Z	forge_claim.py	1
2026-09-20T17:52:39Z	broken_law.py	1
2026-09-20T17:53:29Z	house_api.py	50
2026-09-20T17:53:30Z	json_hand.py	1
2026-09-20T17:53:31Z	suite_resume.py	1
2026-09-20T17:53:36Z	readme_court.py	5
2026-09-20T18:00:36Z	arith_debt.py	420
2026-09-20T18:00:37Z	twin_world.py	1
2026-09-20T18:00:39Z	orphan_world.py	2
2026-09-20T18:01:27Z	genus_shown.py	48
2026-09-20T18:01:28Z	oracle_named.py	1
2026-09-20T18:01:29Z	world_atlas.py	1
2026-09-20T18:01:31Z	trap_series.py	2
2026-09-20T18:05:16Z	house_selfcheck.py	225
2026-09-20T18:05:25Z	asked_uncounted.py	9
2026-09-20T18:05:27Z	refusal_only_word.py	2
2026-09-20T18:05:28Z	contrast_real.py	1
2026-09-20T18:05:29Z	genre_kinds.py	1
2026-09-20T18:06:16Z	refusal_house.py	47
2026-09-20T18:07:09Z	refusal_ground.py	53
2026-09-20T18:07:11Z	manifest_court.py	2
2026-09-20T18:34:44Z	prose_court.py	1653
2026-09-20T18:34:52Z	mutants.py	8
2026-09-20T18:34:54Z	lexicon_reach.py	2
2026-09-20T18:34:57Z	inquiry_pt_nl_court.py	3
2026-09-20T18:35:02Z	inquiry_pl_tr_court.py	5
2026-09-20T18:35:06Z	metalang_court.py	4
2026-09-20T18:35:07Z	glyph_court.py	1
2026-09-20T18:35:08Z	space_court.py	1
2026-09-20T18:35:09Z	stenogram_court.py	1
2026-09-20T18:35:11Z	mathspaces_court.py	1
2026-09-20T18:35:13Z	gsmforms_court.py	2
2026-09-20T18:35:51Z	definitions_court.py	38
2026-09-20T18:35:52Z	pronoun_court.py	1
2026-09-20T18:35:53Z	money_court.py	1
2026-09-20T18:35:56Z	holes_court.py	3
2026-09-20T18:35:57Z	money_langs_court.py	1
2026-09-20T18:35:58Z	geometry_langs_court.py	1
2026-09-20T18:35:59Z	units_langs_court.py	1
2026-09-20T18:36:01Z	stats_langs_court.py	2
2026-09-20T18:36:02Z	calendar_langs_court.py	1
2026-09-20T18:36:03Z	sequences_langs_court.py	1
2026-09-20T18:36:04Z	compare_langs_court.py	1
2026-09-20T18:36:05Z	share_langs_court.py	1
2026-09-20T18:36:07Z	physics_langs_court.py	2
2026-09-20T18:36:21Z	relation_court.py	14
2026-09-20T19:02:43Z	court_mutants.py	1581
2026-09-20T19:02:48Z	panel_court.py	5
2026-09-20T19:02:52Z	concept_reach.py	4
2026-09-20T19:10:48Z	ask_reach.py	476
2026-09-20T19:10:50Z	band_reach.py	2
2026-09-20T19:10:51Z	biblio_reach.py	1
2026-09-20T19:10:55Z	ruverbs_court.py	4
2026-09-20T19:11:08Z	script_court.py	13
2026-09-20T19:17:39Z	word_mutants.py	391
2026-09-20T19:23:43Z	verdict_cover.py	364
2026-09-20T19:30:17Z	sentence_cover.py	394
2026-09-20T19:30:27Z	bench_leak.py	10
2026-09-20T19:34:42Z	shelf_court.py	255
2026-09-20T19:44:03Z	ask_width.py	561
2026-09-20T19:44:07Z	notationvar_court.py	4
2026-09-20T19:46:00Z	prosetree_court.py	113
2026-09-20T19:46:01Z	longdiv_court.py	1
2026-09-20T19:48:59Z	form_census.py	178
2026-09-20T19:49:45Z	houses_census.py	46
2026-09-20T19:51:42Z	mass_census.py	117
2026-09-20T19:51:44Z	verbthings_court.py	2
2026-09-20T20:13:53Z	coverage.py	1329
2026-09-20T20:13:54Z	behavior_court.py	1
2026-09-20T20:13:55Z	topics_court.py	1
2026-09-20T20:13:56Z	nature_court.py	1
2026-09-20T20:13:57Z	links_court.py	1
2026-09-20T20:13:58Z	scale_court.py	1
2026-09-20T20:13:59Z	opposites_court.py	1
2026-09-20T20:14:00Z	roles_court.py	1
2026-09-20T20:14:01Z	joints_court.py	1
2026-09-20T20:14:03Z	dialogue_court.py	1
2026-09-20T20:14:04Z	worldfacts_court.py	1
2026-09-20T20:14:05Z	infer_court.py	1
2026-09-20T20:14:07Z	circle_probe.py	2
2026-09-20T20:14:08Z	agree_probe.py	1
2026-09-20T20:14:09Z	shelf_declare.py	1
2026-09-20T20:22:37Z	house_reach.py	508
2026-09-20T20:22:39Z	head_census.py	2
2026-09-20T20:23:30Z	form_matrix.py	51
2026-09-20T20:23:31Z	disj_court.py	1
2026-09-20T20:23:32Z	indu_court.py	1
2026-09-20T20:23:33Z	houseshows_court.py	1
2026-09-20T20:23:35Z	article_court.py	2
2026-09-20T20:23:38Z	rowframe_court.py	3
2026-09-20T20:23:41Z	opchoice_court.py	3
2026-09-20T20:23:42Z	chance_court.py	1
2026-09-20T20:23:43Z	lever_court.py	1
2026-09-20T20:23:45Z	zerodiv_court.py	2
2026-09-20T20:23:46Z	bound_court.py	1
2026-09-20T20:23:48Z	prec_court.py	2
2026-09-20T20:23:49Z	estim_court.py	1
2026-09-20T20:23:50Z	both_court.py	1
2026-09-20T20:23:51Z	likely_court.py	1
2026-09-20T20:23:52Z	sameshare_court.py	1
2026-09-20T20:23:54Z	factor_court.py	2
2026-09-20T20:23:55Z	amend_court.py	1
2026-09-20T20:23:57Z	divrule_court.py	2
2026-09-20T20:23:59Z	reduce_court.py	2
2026-09-20T20:24:01Z	cmpshare_court.py	2
2026-09-20T20:24:04Z	wholeshare_court.py	3
2026-09-20T20:24:06Z	addshare_court.py	2
2026-09-20T20:24:08Z	mulshare_court.py	2
2026-09-20T20:24:11Z	divshare_court.py	2
2026-09-20T20:24:13Z	neg_court.py	2
2026-09-20T20:24:16Z	signrul_court.py	3
2026-09-20T20:24:18Z	opslaw_court.py	2
2026-09-20T20:24:21Z	signadd_court.py	3
2026-09-20T20:24:23Z	pow_court.py	2
2026-09-20T20:24:25Z	dec_court.py	2
2026-09-20T20:24:27Z	abs_court.py	2
2026-09-20T20:24:31Z	handy_court.py	4
2026-09-20T20:24:34Z	prop_court.py	3
2026-09-20T20:24:37Z	rem_court.py	3
2026-09-20T20:24:40Z	parity_court.py	2
2026-09-20T20:24:42Z	pctchange_court.py	2
2026-09-20T20:24:44Z	pctdiff_court.py	2
2026-09-20T20:24:47Z	mapscale_court.py	3
2026-09-20T20:24:50Z	divsense_court.py	3
2026-09-20T20:24:53Z	plaus_court.py	3
2026-09-20T20:24:55Z	point_court.py	2
2026-09-20T20:24:57Z	need_court.py	2
2026-09-20T20:25:00Z	inverse_court.py	3
2026-09-20T20:25:03Z	ceilfloor_court.py	3
2026-09-20T20:25:06Z	unitcmp_court.py	3
2026-09-20T20:25:09Z	placeval_court.py	3
2026-09-20T20:25:13Z	digitlen_court.py	3
2026-09-20T20:25:14Z	nesuf_court.py	1
2026-09-20T20:25:17Z	numlabel_court.py	3
2026-09-20T20:25:19Z	onestep_court.py	2
2026-09-20T20:25:21Z	closure_court.py	2
2026-09-20T20:25:23Z	dist_court.py	2
2026-09-20T20:25:24Z	primewalk_court.py	1
2026-09-20T20:25:25Z	orderlaw_court.py	1
2026-09-20T20:25:26Z	gender_court.py	1
2026-09-20T20:25:27Z	measureprec_court.py	1
2026-09-20T20:25:28Z	chancetrap_court.py	1
2026-09-20T20:25:29Z	ratetrap_court.py	1
2026-09-20T20:25:30Z	negquant_court.py	1
2026-09-20T20:25:31Z	measuregrow_court.py	1
2026-09-20T20:25:33Z	dim_court.py	1
2026-09-20T20:25:34Z	fence_court.py	1
2026-09-20T20:25:35Z	measure_court.py	1
2026-09-20T20:25:36Z	turn_court.py	1
2026-09-20T20:25:37Z	overlap_court.py	1
2026-09-20T20:25:38Z	wmean_court.py	1
2026-09-20T20:25:39Z	cond_court.py	1
2026-09-20T20:25:40Z	numline_court.py	1
2026-09-20T20:25:41Z	squnit_court.py	1
2026-09-20T20:25:42Z	pctbase_court.py	1
2026-09-20T20:25:43Z	leap_court.py	1
2026-09-20T20:25:44Z	tzone_court.py	1
2026-09-20T20:25:45Z	median_court.py	1
2026-09-20T20:25:46Z	angle_court.py	1
2026-09-20T20:25:47Z	homo_court.py	1
2026-09-20T20:25:48Z	direct_court.py	1
2026-09-20T20:25:50Z	analog_court.py	1
2026-09-20T20:25:51Z	reply_court.py	1
2026-09-20T20:27:49Z	register_pairs.py	118
2026-09-20T20:28:54Z	register_purity.py	65
2026-09-20T20:29:51Z	prefix_traps.py	57
2026-09-20T20:30:40Z	sign_traps.py	49
2026-09-20T20:30:41Z	strat_slice.py	1
2026-09-20T20:36:22Z	house_rejects.py	341
2026-09-20T20:36:24Z	root_passport.py	1
2026-09-20T20:36:25Z	pack_singular_risk.py	1
2026-09-20T20:36:26Z	cell_shown.py	1
2026-09-20T20:36:30Z	idle_word.py	4
2026-09-20T20:36:31Z	form_unshown.py	1
2026-09-20T20:36:33Z	one_singular.py	2
2026-09-20T20:36:34Z	template_word.py	1
2026-09-20T20:36:35Z	signless_census.py	1
2026-09-20T20:37:26Z	operator_share.py	51
2026-09-20T20:37:33Z	key_support.py	6
2026-09-20T20:38:21Z	house_mutant.py	48
2026-09-20T20:52:59Z	court_catch.py	878
2026-09-20T20:53:05Z	agree_skew.py	6
2026-09-20T20:54:03Z	twogender.py	58
2026-09-20T20:54:04Z	countlaw_court.py	1
2026-09-20T20:54:05Z	elision_court.py	1
2026-09-20T20:54:06Z	soundarticle_court.py	1
2026-09-20T20:54:07Z	plcopula_court.py	1
2026-09-20T20:54:08Z	hay_court.py	1
2026-09-20T20:54:09Z	serestar_court.py	1
2026-09-20T20:54:10Z	dosupport_court.py	1
2026-09-20T20:54:11Z	fuseprep_court.py	1
2026-09-20T20:54:12Z	nlarticle_court.py	1
2026-09-20T20:54:13Z	decase_court.py	1
2026-09-20T20:54:14Z	swclass_court.py	1
2026-09-20T20:54:15Z	idredup_court.py	1
2026-09-20T20:54:16Z	zhclass_court.py	1
2026-09-20T20:54:17Z	trharm_court.py	1
2026-09-20T20:54:18Z	viclass_court.py	1
2026-09-20T20:54:19Z	koparticle_court.py	1
2026-09-20T20:54:25Z	corpusword_court.py	6
2026-09-20T20:54:26Z	ukcount_court.py	1
2026-09-20T20:54:27Z	jaclass_court.py	1
2026-09-20T20:54:28Z	fipart_court.py	1
2026-09-20T20:54:29Z	personplace_court.py	1
2026-09-20T20:54:30Z	persondist_court.py	1
2026-09-20T20:54:32Z	huobj_court.py	2
2026-09-20T20:54:33Z	refusalwhy_court.py	1
2026-09-20T20:54:34Z	deacc_court.py	1
2026-09-20T20:54:35Z	svgender_court.py	1
2026-09-20T20:54:36Z	romgender_court.py	1
2026-09-20T20:54:37Z	numnoun_court.py	1
2026-09-20T20:54:38Z	numplace_court.py	1
2026-09-20T20:54:40Z	deplur_court.py	2
2026-09-20T20:54:41Z	half_law.py	1
2026-09-20T20:54:50Z	unknown_name.py	8
2026-09-20T21:02:49Z	stale_world.py	479
2026-09-20T21:05:11Z	agree_traps.py	142
2026-09-20T21:05:12Z	wrong_sign.py	1
2026-09-20T21:05:13Z	debt_mark.py	1
2026-09-20T21:06:32Z	copula_band.py	79
2026-09-20T21:07:25Z	past_gender.py	53
2026-09-20T21:07:33Z	word_once.py	8
2026-09-20T21:07:42Z	article_sound.py	9
2026-09-20T21:07:44Z	elision.py	2
2026-09-20T21:07:45Z	class_name_honest.py	1
2026-09-20T21:08:36Z	genera_sidecar.py	51
2026-09-20T21:09:28Z	lang_sidecar.py	52
2026-09-20T21:09:35Z	stale_call.py	7
2026-09-20T21:09:36Z	worlds_unchanged.py	1
2026-09-20T21:09:38Z	threshold_census.py	2
2026-09-20T21:09:39Z	denominator_census.py	1
2026-09-20T21:09:40Z	ledger_mute.py	1
2026-09-20T21:10:28Z	refusal_reason.py	48
2026-09-20T21:11:17Z	house_skew.py	49
2026-09-20T21:12:03Z	house_promise.py	46
2026-09-20T21:18:27Z	court_split.py	384
2026-09-20T21:18:28Z	repeat_census.py	1
2026-09-20T21:19:17Z	definitions_reach.py	49
2026-09-20T21:19:18Z	copies_census.py	1
2026-09-20T21:19:19Z	sweep_self.py	1
2026-09-20T22:24:34Z	court_reach.py	3915
2026-09-20T22:24:39Z	holdout_key.py	5
2026-09-20T22:24:41Z	holdforms_court.py	2
2026-09-20T22:24:44Z	cmpframes_court.py	2
2026-09-20T22:24:46Z	sceneforms_court.py	2
2026-09-20T22:24:48Z	toolforms_court.py	2
2026-09-20T22:24:50Z	verifyforms_court.py	2
2026-09-20T22:24:52Z	planforms_court.py	2
2026-09-20T22:24:54Z	episodeforms_court.py	2
2026-09-20T22:24:57Z	summaryforms_court.py	3
2026-09-20T22:24:59Z	opforms_court.py	2
2026-09-20T22:25:00Z	readnum_court.py	1
2026-09-20T22:25:02Z	mandateforms_court.py	2
2026-09-20T22:25:05Z	personforms_court.py	3
2026-09-20T22:25:07Z	selfmodelforms_court.py	2
2026-09-20T22:25:09Z	signedworld_court.py	2
2026-09-20T22:25:10Z	beforetails_court.py	1
2026-09-20T22:25:12Z	discountroad_court.py	1
2026-09-20T22:25:19Z	nomention_court.py	7
2026-09-20T22:25:22Z	clockforms_court.py	3
2026-09-20T22:25:24Z	mixedunits_court.py	2
2026-09-20T22:25:26Z	dateforms_court.py	2
2026-09-20T22:25:27Z	clockwords_court.py	1
2026-09-20T22:25:29Z	speedforms_court.py	2
2026-09-20T22:25:30Z	roundforms_court.py	1
2026-09-20T22:25:32Z	orderforms_court.py	1
2026-09-20T22:25:33Z	quantforms_court.py	1
2026-09-20T22:25:34Z	roman_court.py	1
2026-09-20T22:25:35Z	place_court.py	1
2026-09-20T22:25:37Z	unitfrac_court.py	2
2026-09-20T22:25:38Z	enough_court.py	1
2026-09-20T22:25:40Z	numphrase_court.py	2
2026-09-20T22:25:41Z	kinbearer_court.py	1
2026-09-20T22:25:42Z	pronobject_court.py	1
2026-09-20T22:25:43Z	proform_court.py	1
2026-09-20T22:25:46Z	degrees_court.py	2
2026-09-20T22:25:48Z	actturn_court.py	2
2026-09-20T22:25:50Z	tempscale_court.py	2
2026-09-20T22:25:51Z	action_measure_court.py	1
2026-09-20T22:25:52Z	numberline_court.py	1
2026-09-20T22:25:53Z	countfacts_court.py	1
2026-09-20T22:25:54Z	letters_court.py	1
2026-09-20T22:27:42Z	langcount_court.py	108
2026-09-20T22:27:43Z	propcompare_court.py	1
2026-09-20T22:27:45Z	price_court.py	1
2026-09-20T22:27:46Z	translate_court.py	1
2026-09-20T22:27:47Z	timeunits_court.py	1
2026-09-20T22:27:51Z	svamp_court.py	4
2026-09-20T22:27:52Z	measure_langs_court.py	1
2026-09-20T22:27:58Z	goal_court.py	6
2026-09-20T22:28:02Z	equalshare_court.py	4
2026-09-20T22:28:03Z	dyck_court.py	1
2026-09-20T22:28:05Z	boolexpr_court.py	1
2026-09-20T22:28:06Z	alphaorder_court.py	1
2026-09-20T22:28:07Z	handover_court.py	1
2026-09-20T22:28:08Z	nestcalc_court.py	1
2026-09-20T22:28:09Z	drop_court.py	1
2026-09-20T22:28:10Z	bicond_court.py	1
2026-09-20T22:28:11Z	grid_court.py	1
2026-09-20T22:28:12Z	roundneed_court.py	1
2026-09-20T22:28:14Z	datecmp_court.py	1
2026-09-20T22:28:15Z	letterwork_court.py	1
2026-09-20T22:28:16Z	whodwells_court.py	1
2026-09-20T22:28:17Z	pctchain_court.py	1
2026-09-20T22:28:18Z	roadpath_court.py	1
2026-09-20T22:28:19Z	cooccur_court.py	1
2026-09-20T22:29:22Z	frames_apart.py	63
2026-09-20T22:30:21Z	genus_shapes.py	59
2026-09-20T22:30:30Z	plants_read.py	9
2026-09-20T22:31:32Z	zero_probe.py	62
2026-09-20T22:31:33Z	partial_guard.py	1
2026-09-21T05:14:17Z	arith_court.py	418
2026-09-21T05:14:22Z	algo_court.py	4
2026-09-21T05:15:39Z	formula_court.py	81
2026-09-21T05:15:45Z	logic_court.py	6
2026-09-21T05:15:41Z	physics_court.py	2
2026-09-21T05:15:49Z	cyber_court.py	4
2026-09-21T05:15:52Z	agreement_court.py	7
2026-09-21T05:15:56Z	notation_court.py	4
2026-09-21T05:15:54Z	unit_court.py	2
2026-09-21T05:15:58Z	number_court.py	2
2026-09-21T05:16:00Z	inquiry_court.py	4
2026-09-21T05:16:01Z	surfaces_court.py	1
2026-09-21T05:16:02Z	markdown_court.py	2
2026-09-21T05:16:03Z	doctree_court.py	1
2026-09-21T05:16:05Z	rates_court.py	3
2026-09-21T05:16:08Z	formula_lang_court.py	3
2026-09-21T05:16:08Z	percent_court.py	3
2026-09-21T05:16:09Z	average_court.py	1
2026-09-21T05:16:13Z	equation_court.py	5
2026-09-21T05:16:15Z	dataformat_court.py	2
2026-09-21T05:16:19Z	everyday_court.py	6
2026-09-21T05:16:20Z	story_chain_court.py	1
2026-09-21T05:16:22Z	age_court.py	3
2026-09-21T05:16:26Z	halves_court.py	4
2026-09-21T05:16:25Z	inquiry_de_fr_court.py	3
2026-09-21T05:16:27Z	ru_conversion_court.py	1
2026-09-21T05:16:27Z	selfmeasure_court.py	1
2026-09-21T05:16:28Z	ru_compare_court.py	1
2026-09-21T05:16:28Z	ru_story_court.py	1
2026-09-21T05:16:31Z	inquiry_es_it_court.py	3
2026-09-21T05:16:33Z	share_court.py	5
2026-09-21T05:16:36Z	compare_mult_court.py	3
2026-09-21T05:16:37Z	sequence_court.py	4
2026-09-21T05:16:41Z	geometry_court.py	4
2026-09-21T05:16:41Z	linalg_court.py	4
2026-09-21T05:16:43Z	calendar_court.py	2
2026-09-21T05:16:45Z	speech_court.py	4
2026-09-21T05:16:56Z	rugram_court.py	11
2026-09-21T05:16:49Z	physlaw_court.py	4
2026-09-21T05:17:00Z	compsci_court.py	4
2026-09-21T05:16:57Z	case_court.py	1
2026-09-21T05:17:04Z	valence_court.py	4
2026-09-21T05:17:03Z	shadow_court.py	3
2026-09-21T05:18:02Z	syllabus_court.py	58
2026-09-21T05:17:28Z	richness_court.py	24
2026-09-21T05:18:19Z	langpack_court.py	17
2026-09-21T05:18:03Z	langrule_court.py	1
2026-09-21T05:22:49Z	claims_court.py	269
2026-09-21T05:18:24Z	program_court.py	4
2026-09-21T05:22:54Z	statistics_court.py	5
2026-09-21T05:22:53Z	proof_court.py	4
2026-09-21T05:22:58Z	machine_court.py	4
2026-09-21T05:23:08Z	episode_court.py	14
2026-09-21T05:23:12Z	copula_court.py	4
2026-09-21T05:23:12Z	markup_court.py	4
2026-09-21T05:23:31Z	langlayer_court.py	19
2026-09-21T05:23:13Z	langform_court.py	1
2026-09-21T05:23:32Z	gsm_census.py	1
2026-09-21T05:26:19Z	reproducible.py	167
2026-09-21T05:26:20Z	bash32_court.py	1
2026-09-21T05:26:22Z	empty_in_court.py	3
2026-09-21T05:26:24Z	lawfirst_court.py	2
2026-09-21T05:26:33Z	sign_intact.py	11
2026-09-21T05:27:16Z	property_named.py	42
2026-09-21T05:26:35Z	ladder_full.py	1
2026-09-21T05:27:25Z	name_crossed.py	9
2026-09-21T05:27:17Z	genre_measured.py	1
2026-09-21T05:27:29Z	second_copy.py	4
2026-09-21T05:27:26Z	margin_census.py	1
2026-09-21T05:27:30Z	reports_index.py	1
2026-09-21T05:27:30Z	law_atlas.py	1
2026-09-21T05:27:31Z	court_atlas.py	1
2026-09-21T05:28:21Z	genus_atlas.py	51
2026-09-21T05:28:22Z	permuted_fresh.py	1
2026-09-21T05:28:22Z	build_dated.py	1
2026-09-21T05:28:23Z	probe_present.py	1
2026-09-21T05:28:23Z	court_voice.py	1
2026-09-21T05:28:24Z	suite_guard.py	1
2026-09-21T05:28:24Z	forge_claim.py	1
2026-09-21T05:28:26Z	broken_law.py	1
2026-09-21T05:29:13Z	house_api.py	48
2026-09-21T05:29:14Z	json_hand.py	1
2026-09-21T05:29:14Z	suite_resume.py	1
2026-09-21T05:29:19Z	readme_court.py	5
2026-09-21T05:36:11Z	arith_debt.py	417
2026-09-21T05:36:12Z	twin_world.py	1
2026-09-21T05:36:13Z	orphan_world.py	2
2026-09-21T05:36:59Z	genus_shown.py	46
2026-09-21T05:36:14Z	oracle_named.py	1
2026-09-21T05:37:00Z	world_atlas.py	1
2026-09-21T05:37:01Z	trap_series.py	2
2026-09-21T05:40:37Z	house_selfcheck.py	216
2026-09-21T05:37:09Z	asked_uncounted.py	8
2026-09-21T05:40:39Z	refusal_only_word.py	2
2026-09-21T05:40:38Z	contrast_real.py	1
2026-09-21T05:40:40Z	genre_kinds.py	1
2026-09-21T05:41:24Z	refusal_house.py	45
2026-09-21T05:42:18Z	refusal_ground.py	53
2026-09-21T05:41:27Z	manifest_court.py	2
