# ЖИВЫЕ ЗАДАЧИ — числа вариантов, найденные поиском `python3 tools/livemath.py --собрать`.
# Столбцы: номер задачи источника (datasets/sources/gsm8k/train.jsonl), номер варианта,
# значения входов в порядке возрастания исходных, через «;». Вариант 0 — сама задача — не пишется.
0	1	60
0	2	68
0	3	82
0	4	36
0	5	66
0	6	54
0	7	64
0	8	26
2	1	25;176
2	2	14;108
2	3	24;184
2	4	28;194
2	5	9;60
2	6	26;178
2	7	20;140
2	8	25;198
3	1	20;206
3	2	12;200
3	3	9;239
3	4	10;158
3	5	7;139
3	6	20;236
3	7	9;139
3	8	9;121
10	1	1281
10	2	1358
10	3	1225
10	4	728
10	5	749
10	6	1666
10	7	441
10	8	938
12	1	7;30
12	2	6;116
12	3	8;62
12	4	3;70
12	5	6;120
12	6	4;50
12	7	8;94
12	8	9;82
15	1	2.5;5;8;28;636;2533
15	2	3;8;9;40;741;1297
15	3	2.3;9;10;35;331;2902
15	4	3.4;4;5;22;781;2590
15	5	2.5;5;6;26;531;2940
15	6	3.8;4;5;34;727;1308
15	7	2.1;9;10;25;801;1542
15	8	3.5;5;10;38;833;3436
16	1	2;5;391;3165
16	2	3;6;234;3948
16	3	2;5;376;3360
16	4	2;5;299;4415
16	5	3;6;249;3438
16	6	4;7;320;4753
16	7	3;6;300;4740
16	8	2;5;155;2020
20	1	11;18;21
20	2	9;17;25
20	3	7;12;17
20	4	10;18;24
20	5	13;15;19
20	6	10;19;22
20	7	9;11;15
20	8	8;18;20
21	1	4;5;10;19
21	2	3;6;9;20
21	3	4;5;12;18
21	4	4;8;9;24
21	5	2;3;6;11
21	6	2;4;9;22
21	7	2;7;12;21
21	8	3;5;12;19
24	1	13;14;164
24	2	7;17;170
24	3	11;41;123
24	4	8;16;200
24	5	8;14;55
24	6	9;40;147
24	7	20;36;160
24	8	26;40;155
28	1	3;19
28	2	2;15
28	3	2;14
28	4	3;22
28	5	2;13
28	6	3;17
28	7	3;23
28	8	3;21
31	1	24;61
31	2	33;108
31	3	22;68
31	4	35;76
31	5	40;66
31	6	51;69
31	7	46;101
31	8	59;71
33	1	1;2;20;30
33	2	1;2;20;32
33	3	1;2;20;28
33	4	1;4;18;32
33	5	1;2;16;18
33	6	1;2;12;14
33	7	1;4;14;28
33	8	1;4;10;28
34	1	3205
34	2	3150
34	3	2383
34	4	3362
34	5	1359
34	6	1526
34	7	1381
34	8	1132
36	1	108
36	2	96
36	3	48
36	4	44
36	5	100
36	6	64
36	7	112
36	8	120
39	1	7;108
39	2	11;71
39	3	7;114
39	4	6;130
39	5	8;96
39	6	12;67
39	7	6;129
39	8	14;57
41	1	71;146
41	2	26;249
41	3	49;315
41	4	28;362
41	5	91;214
41	6	69;189
41	7	36;108
41	8	71;258
46	1	35
46	2	11
46	3	39
46	4	27
46	5	31
46	6	15
46	7	33
46	8	28
49	1	33
49	2	27
49	3	72
49	4	51
49	5	30
49	6	48
49	7	63
49	8	42
51	1	2;5;6;19;29
51	2	3;6;9;19;31
51	3	2;6;8;16;30
51	4	3;4;9;24;25
51	5	3;6;11;21;24
51	6	3;4;9;19;21
51	7	2;6;10;19;25
51	8	2;5;6;23;27
55	1	30;57;70
55	2	35;47;61
55	3	46;48;71
55	4	45;50;77
55	5	18;59;72
55	6	24;28;38
55	7	19;32;59
55	8	19;65;66
59	1	18;41;67
59	2	15;50;90
59	3	26;30;37
59	4	29;33;88
59	5	7;41;46
59	6	16;46;89
59	7	20;54;72
59	8	17;39;55
61	1	800
61	2	1750
61	3	1105
61	4	1080
61	5	545
61	6	1130
61	7	805
61	8	1250
63	1	8;25;32
63	2	19;36;54
63	3	13;27;30
63	4	9;32;33
63	5	13;36;40
63	6	9;24;27
63	7	24;36;52
63	8	23;37;51
65	1	7;13;58
65	2	14;21;49
65	3	15;28;50
65	4	10;17;35
65	5	12;23;45
65	6	16;21;65
65	7	10;17;43
65	8	10;22;41
69	1	6;13;25
69	2	4;9;17
69	3	7;13;16
69	4	2;11;15
69	5	8;13;21
69	6	3;10;28
69	7	6;8;19
69	8	5;11;18
70	1	54;136
70	2	15;35
70	3	54;122
70	4	52;106
70	5	36;74
70	6	24;64
70	7	53;113
70	8	41;85
72	1	2;6;12
72	2	2;4;7
72	3	3;7;12
72	4	4;6;7
72	5	5;6;12
72	6	2;4;8
72	7	3;7;9
72	8	2;6;10
74	1	3;16;97
74	2	3;31;161
74	3	6;24;138
74	4	9;20;87
74	5	5;45;205
74	6	8;35;154
74	7	5;13;185
74	8	12;33;176
76	1	97;212
76	2	94;331
76	3	55;118
76	4	72;205
76	5	67;188
76	6	73;338
76	7	38;209
76	8	66;368
77	1	3;5;180
77	2	2;7;141
77	3	5;6;93
77	4	5;8;132
77	5	3;8;65
77	6	3;7;154
77	7	2;6;150
77	8	4;5;189
78	1	1;2;18;26
78	2	1;2;20;21
78	3	1;3;10;20
78	4	1;2;20;25
78	5	1;3;18;39
78	6	1;2;18;31
78	7	1;5;8;31
78	8	1;2;20;34
79	1	6;80
79	2	11;49
79	3	13;40
79	4	18;64
79	5	15;36
79	6	8;50
79	7	9;27
79	8	14;37
80	1	5;6;41;70
80	2	5;6;26;50
80	3	3;10;48;96
80	4	5;6;50;70
80	5	3;8;69;84
80	6	3;10;27;48
80	7	3;10;45;84
80	8	3;4;36;84
82	1	25;67;75;486
82	2	31;69;85;735
82	3	34;41;62;897
82	4	17;51;60;508
82	5	27;75;91;928
82	6	18;33;44;801
82	7	27;40;49;997
82	8	16;61;66;482
84	1	7
84	2	16
84	3	17
84	4	14
84	5	19
84	6	12
84	7	5
84	8	18
88	1	155
88	2	82
88	3	105
88	4	170
88	5	127
88	6	88
88	7	81
88	8	168
93	1	3;13;1357
93	2	3;16;999
93	3	5;15;1375
93	4	3;12;1019
93	5	3;9;1031
93	6	4;9;758
93	7	4;9;781
93	8	5;12;690
94	1	3;24;288
94	2	5;16;656
94	3	4;20;465
94	4	4;12;267
94	5	4;12;771
94	6	3;21;343
94	7	4;28;742
94	8	4;12;396
96	1	1.6;2;8;12
96	2	1.5;3;8;14
96	3	2;4;5;26
96	4	1.2;2;3;20
96	5	1.5;3;7;23
96	6	1.3;4;7;20
96	7	2;3;4;29
96	8	2.4;4;6;21
97	1	2;7;12;13;20
97	2	3;7;8;12;24
97	3	3;4;7;8;20
97	4	3;9;10;15;20
97	5	5;6;11;12;21
97	6	3;6;7;9;18
97	7	3;8;9;10;24
97	8	6;7;12;15;24
98	1	6;9;10
98	2	7;9;10
98	3	7;8;9
98	4	5;8;9
98	5	3;4;5
98	6	5;6;7
98	7	8;9;10
98	8	5;7;8
101	1	4;5;12
101	2	3;5;11
101	3	2;4;12
101	4	4;5;8
101	5	2;5;6
101	6	3;4;9
101	7	3;4;5
101	8	4;5;6
104	1	4;7;13
104	2	3;4;10
104	3	2;3;6
104	4	3;6;19
104	5	2;8;12
104	6	3;7;18
104	7	4;5;7
104	8	2;7;16
105	1	39;119
105	2	62;205
105	3	55;222
105	4	22;73
105	5	63;161
105	6	22;72
105	7	79;101
105	8	78;80
106	1	2;11;12
106	2	3;12;33
106	3	2;9;14
106	4	4;14;32
106	5	2;14;22
106	6	4;15;40
106	7	4;7;20
106	8	2;10;12
110	1	2;25
110	2	2;61
110	3	2;44
110	4	2;20
110	5	2;18
110	6	2;60
110	7	2;36
110	8	2;23
112	1	102;218
112	2	196;404
112	3	213;692
112	4	98;610
112	5	231;700
112	6	85;376
112	7	94;434
112	8	219;510
115	1	1047
115	2	1398
115	3	837
115	4	1419
115	5	690
115	6	1443
115	7	1212
115	8	621
117	1	46;182
117	2	34;92
117	3	40;134
117	4	26;76
117	5	52;128
117	6	41;106
117	7	35;100
117	8	21;72
119	1	5;41;57
119	2	4;26;94
119	3	4;29;75
119	4	5;48;100
119	5	3;20;56
119	6	4;19;53
119	7	5;48;52
119	8	3;35;73
120	1	6;67;453
120	2	12;30;628
120	3	14;35;629
120	4	9;48;474
120	5	14;28;487
120	6	14;23;603
120	7	11;42;643
120	8	13;23;553
122	1	2;5;60
122	2	2;5;30
122	3	2;5;35
122	4	2;5;80
122	5	2;5;50
122	6	2;9;63
122	7	2;5;20
122	8	2;5;65
124	1	24
124	2	45
124	3	48
124	4	39
124	5	33
124	6	15
124	7	36
124	8	30
125	1	5;17;34
125	2	5;16;34
125	3	5;13;15
125	4	4;9;19
125	5	5;15;20
125	6	5;12;40
125	7	3;15;29
125	8	5;9;20
126	1	13
126	2	20
126	3	11
126	4	6
126	5	9
126	6	8
126	7	15
126	8	18
127	1	4;7
127	2	5;6
127	3	4;5
127	4	5;8
127	5	3;4
127	6	4;6
127	7	5;7
127	8	5;9
129	1	2;170
129	2	3;105
129	3	3;150
129	4	3;135
129	5	3;165
129	6	2;130
129	7	4;140
129	8	3;180
131	1	2;12;54
131	2	3;14;32
131	3	4;32;62
131	4	2;13;71
131	5	3;19;76
131	6	4;40;69
131	7	2;30;73
131	8	4;11;43
134	1	4;70;303
134	2	8;118;502
134	3	5;135;544
134	4	8;74;326
134	5	4;210;924
134	6	4;198;885
134	7	6;192;929
134	8	9;183;882
139	1	3;7
139	2	3;4
139	3	4;9
139	4	3;8
139	5	4;7
139	6	5;9
139	7	5;7
139	8	2;3
144	1	11;20;196
144	2	7;20;180
144	3	6;11;108
144	4	5;13;104
144	5	8;19;144
144	6	6;12;108
144	7	9;11;120
144	8	7;20;156
146	1	3;5;35
146	2	4;6;16
146	3	3;6;32
146	4	4;5;39
146	5	5;7;40
146	6	5;8;32
146	7	3;6;29
146	8	3;6;36
147	1	1;5;9;14
147	2	1;4;7;13
147	3	1;3;5;15
147	4	1;3;7;10
147	5	1;2;7;12
147	6	1;3;7;13
147	7	1;2;5;7
147	8	1;2;7;13
148	1	3;20;90
148	2	8;20;75
148	3	3;40;90
148	4	8;36;75
148	5	3;30;70
148	6	9;35;80
148	7	4;20;35
148	8	5;30;60
149	1	3;13
149	2	3;19
149	3	4;14
149	4	5;17
149	5	4;18
149	6	3;17
149	7	5;19
149	8	4;20
151	1	97;216
151	2	79;87
151	3	50;207
151	4	85;179
151	5	56;119
151	6	47;138
151	7	58;69
151	8	69;122
158	1	10;101
158	2	10;103
158	3	14;200
158	4	15;235
158	5	17;299
158	6	16;270
158	7	17;300
158	8	17;294
160	1	5;80;176;207
160	2	5;40;88;228
160	3	5;66;114;206
160	4	5;44;140;331
160	5	4;92;117;244
160	6	5;95;173;347
160	7	5;103;199;286
160	8	3;96;132;206
161	1	10;30
161	2	19;56
161	3	10;38
161	4	13;50
161	5	12;44
161	6	12;42
161	7	18;44
161	8	7;26
163	1	2;3;8;21;399
163	2	2;3;8;22;460
163	3	2;5;8;21;591
163	4	2;3;8;21;300
163	5	2;4;8;22;523
163	6	2;6;8;19;546
163	7	2;5;6;20;518
163	8	2;4;10;24;578
164	1	13;30
164	2	19;54
164	3	20;48
164	4	24;54
164	5	18;48
164	6	18;42
164	7	21;54
164	8	11;30
169	1	140
169	2	110
169	3	155
169	4	170
169	5	100
169	6	125
169	7	130
169	8	180
172	1	2;4;19
172	2	2;4;22
172	3	4;5;27
172	4	2;4;7
172	5	3;4;13
172	6	4;5;23
172	7	2;4;8
172	8	3;4;22
175	1	23;26;114
175	2	24;36;103
175	3	6;30;75
175	4	17;23;79
175	5	16;31;81
175	6	19;22;77
175	7	7;34;96
175	8	11;23;112
180	1	1560
180	2	928
180	3	1232
180	4	1704
180	5	1376
180	6	1280
180	7	1144
180	8	1440
182	1	3;32
182	2	3;52
182	3	3;56
182	4	3;60
182	5	3;36
182	6	3;80
182	7	3;44
182	8	3;68
183	1	5;13;27;150;293;423
183	2	4;11;39;147;338;449
183	3	3;10;14;151;156;284
183	4	3;14;15;120;140;434
183	5	4;11;24;142;247;427
183	6	6;16;28;108;341;523
183	7	3;13;15;142;180;318
183	8	2;15;36;139;351;569
186	1	19;21
186	2	14;18
186	3	5;12
186	4	7;19
186	5	6;16
186	6	14;21
186	7	12;22
186	8	5;22
188	1	4;6
188	2	3;4
188	3	4;7
188	4	2;7
188	5	3;5
188	6	3;8
188	7	2;5
188	8	2;6
196	1	10;37
196	2	7;24
196	3	12;34
196	4	5;20
196	5	8;30
196	6	9;24
196	7	8;33
196	8	6;43
200	1	4;9
200	2	4;8
200	3	4;6
200	4	3;7
200	5	3;9
200	6	3;4
200	7	5;7
200	8	5;9
202	1	10;350
202	2	25;136
202	3	20;295
202	4	30;170
202	5	20;260
202	6	20;370
202	7	40;240
202	8	20;125
204	1	7;19;119
204	2	11;22;141
204	3	5;10;104
204	4	6;24;97
204	5	3;6;129
204	6	6;21;66
204	7	10;18;140
204	8	4;22;120
205	1	3;22
205	2	4;58
205	3	3;44
205	4	3;40
205	5	3;38
205	6	4;22
205	7	4;56
205	8	5;40
206	1	1;9;292
206	2	1;3;90
206	3	1;5;198
206	4	1;9;237
206	5	1;5;260
206	6	1;9;283
206	7	1;3;255
206	8	1;5;272
208	1	2;37;730
208	2	2;35;729
208	3	2;37;475
208	4	2;47;644
208	5	3;40;749
208	6	2;25;562
208	7	2;43;593
208	8	2;39;795
209	1	31;64
209	2	40;64
209	3	53;66
209	4	35;52
209	5	23;46
209	6	55;91
209	7	19;34
209	8	43;59
219	1	8;21;85
219	2	12;28;118
219	3	8;34;134
219	4	6;30;93
219	5	6;36;114
219	6	8;15;51
219	7	8;30;82
219	8	6;33;117
222	1	4;202;594
222	2	6;170;392
222	3	8;210;626
222	4	4;94;366
222	5	2;136;350
222	6	6;200;698
222	7	4;212;664
222	8	3;223;538
224	1	3376
224	2	2736
224	3	4000
224	4	7552
224	5	4576
224	6	3936
224	7	6064
224	8	4448
230	1	31
230	2	18
230	3	12
230	4	32
230	5	23
230	6	17
230	7	24
230	8	29
231	1	14;78
231	2	10;54
231	3	15;63
231	4	14;54
231	5	9;51
231	6	13;72
231	7	13;66
231	8	7;33
233	1	2;9;15
233	2	3;7;25
233	3	5;6;26
233	4	2;5;10
233	5	2;8;10
233	6	5;7;28
233	7	2;5;29
233	8	2;9;29
236	1	5566;8654
236	2	5386;6818
236	3	5335;9439
236	4	5082;6234
236	5	5366;5894
236	6	4149;6581
236	7	3038;4022
236	8	2800;5040
240	1	9;10;35
240	2	8;9;26
240	3	10;11;28
240	4	10;11;34
240	5	12;13;14
240	6	12;13;30
240	7	12;13;26
240	8	10;11;24
241	1	90
241	2	138
241	3	66
241	4	108
241	5	144
241	6	114
241	7	120
241	8	48
245	1	12;28;54;138
245	2	8;25;40;208
245	3	8;16;18;268
245	4	8;25;29;267
245	5	13;24;60;214
245	6	22;30;56;250
245	7	11;19;33;85
245	8	15;22;45;243
248	1	0.15;20
248	2	0.4;25
248	3	0.46;25
248	4	0.25;20
248	5	0.14;25
248	6	0.4;15
248	7	0.3;35
248	8	0.35;20
251	1	0.8;2;4;10
251	2	0.6;2;5;10
251	3	0.8;5;7;15
251	4	0.7;4;6;10
251	5	0.5;4;5;12
251	6	0.9;3;7;10
251	7	0.5;2;4;20
251	8	0.5;2;8;18
252	1	5;68
252	2	3;39
252	3	2;66
252	4	5;22
252	5	2;71
252	6	5;61
252	7	3;64
252	8	5;74
253	1	1264
253	2	1136
253	3	952
253	4	704
253	5	1176
253	6	584
253	7	504
253	8	536
255	1	2;10;11
255	2	3;7;8
255	3	5;19;24
255	4	4;9;10
255	5	5;7;22
255	6	2;10;22
255	7	3;19;23
255	8	5;12;14
260	1	6;11
260	2	7;10
260	3	4;9
260	4	3;8
260	5	8;9
260	6	4;11
260	7	2;11
260	8	6;7
268	1	9;25;26
268	2	5;17;26
268	3	6;24;27
268	4	4;14;21
268	5	10;22;25
268	6	16;20;21
268	7	17;23;26
268	8	14;24;25
269	1	16;24;58
269	2	20;38;80
269	3	30;33;107
269	4	20;27;70
269	5	10;33;56
269	6	24;31;80
269	7	24;33;89
269	8	20;26;69
274	1	4;10;96
274	2	4;7;96
274	3	4;11;128
274	4	4;8;96
274	5	4;7;56
274	6	4;12;128
274	7	4;7;128
274	8	4;22;96
275	1	53330
275	2	58761
275	3	48421
275	4	49852
275	5	15212
275	6	57413
275	7	18575
275	8	24132
276	1	18;269
276	2	16;189
276	3	18;173
276	4	18;171
276	5	18;397
276	6	22;272
276	7	22;132
276	8	16;246
277	1	97;535
277	2	271;1597
277	3	189;977
277	4	115;679
277	5	261;1479
277	6	153;845
277	7	270;1458
277	8	229;1355
278	1	176;1332;2460
278	2	125;1885;2498
278	3	170;599;1579
278	4	113;1443;3278
278	5	194;919;4046
278	6	175;807;2901
278	7	76;569;1609
278	8	117;1811;2831
279	1	3;8;9
279	2	2;5;14
279	3	4;7;14
279	4	2;8;14
279	5	3;5;16
279	6	2;6;8
279	7	2;7;16
279	8	2;7;8
281	1	5728
281	2	6456
281	3	4632
281	4	5440
281	5	2500
281	6	2004
281	7	4888
281	8	6264
282	1	15;95
282	2	18;44
282	3	21;133
282	4	36;150
282	5	41;147
282	6	20;136
282	7	47;49
282	8	26;90
288	1	3;4;9;75
288	2	3;4;8;54
288	3	3;4;7;53
288	4	2;6;7;53
288	5	2;6;10;88
288	6	2;6;10;96
288	7	2;6;10;52
288	8	2;6;7;61
294	1	12;14;33;167
294	2	4;24;27;119
294	3	6;14;29;112
294	4	4;8;23;134
294	5	10;18;43;161
294	6	7;15;48;151
294	7	4;20;29;156
294	8	12;14;17;124
297	1	826
297	2	1036
297	3	602
297	4	672
297	5	2016
297	6	1120
297	7	1764
297	8	1022
303	1	3;10;15
303	2	2;10;13
303	3	3;12;14
303	4	4;16;18
303	5	2;15;24
303	6	4;20;21
303	7	3;8;12
303	8	2;10;16
305	1	6;10;18
305	2	5;10;17
305	3	4;6;8
305	4	7;8;19
305	5	6;13;18
305	6	4;11;20
305	7	9;14;17
305	8	8;10;20
307	1	4;18;91
307	2	7;16;218
307	3	6;13;185
307	4	3;27;188
307	5	2;17;195
307	6	4;12;107
307	7	7;29;196
307	8	3;29;84
308	1	4;28;1575
308	2	4;20;940
308	3	3;33;1012
308	4	2;18;1710
308	5	2;42;1764
308	6	2;20;1450
308	7	2;50;1500
308	8	3;27;819
309	1	8;11;38
309	2	7;10;28
309	3	5;13;45
309	4	5;9;42
309	5	3;9;29
309	6	4;13;34
309	7	4;9;37
309	8	4;11;40
312	1	105
312	2	48
312	3	111
312	4	99
312	5	51
312	6	93
312	7	114
312	8	42
313	1	114
313	2	78
313	3	44
313	4	38
313	5	36
313	6	68
313	7	66
313	8	46
315	1	186;440
315	2	156;564
315	3	107;569
315	4	172;574
315	5	165;411
315	6	172;355
315	7	137;305
315	8	171;582
316	1	20;380
316	2	25;152
316	3	25;192
316	4	24;300
316	5	20;415
316	6	20;390
316	7	10;250
316	8	16;350
317	1	4;13;18
317	2	4;19;23
317	3	5;10;18
317	4	4;16;21
317	5	5;10;23
317	6	5;15;22
317	7	4;18;23
317	8	4;11;21
318	1	29;37
318	2	35;70
318	3	52;67
318	4	54;89
318	5	45;69
318	6	24;100
318	7	25;91
318	8	30;84
321	1	14;25;552
321	2	16;75;1908
321	3	7;76;1225
321	4	12;33;1500
321	5	19;66;1590
321	6	14;75;1728
321	7	19;25;537
321	8	18;78;500
324	1	8;18
324	2	5;28
324	3	9;29
324	4	8;23
324	5	9;28
324	6	6;22
324	7	7;13
324	8	7;12
326	1	4;12;256
326	2	4;12;380
326	3	5;27;272
326	4	3;9;288
326	5	5;9;304
326	6	11;17;215
326	7	3;17;191
326	8	5;27;262
327	1	8;18;52
327	2	12;26;52
327	3	6;8;16
327	4	10;24;48
327	5	6;18;36
327	6	8;27;54
327	7	3;11;55
327	8	6;27;54
328	1	45
328	2	36
328	3	18
328	4	30
328	5	39
328	6	27
328	7	48
328	8	33
330	1	7;200
330	2	6;140
330	3	5;420
330	4	6;440
330	5	5;180
330	6	4;160
330	7	9;300
330	8	3;400
332	1	30;96970
332	2	20;106910
332	3	14;36000
332	4	15;33780
332	5	20;105440
332	6	35;52720
332	7	20;44130
332	8	30;46970
337	1	15;18;26
337	2	19;20;22
337	3	16;25;29
337	4	32;41;45
337	5	16;25;27
337	6	23;30;44
337	7	19;20;34
337	8	15;22;26
341	1	209;366
341	2	202;381
341	3	145;235
341	4	321;519
341	5	386;537
341	6	210;261
341	7	157;245
341	8	287;549
345	1	14;52;70
345	2	17;37;51
345	3	16;48;80
345	4	7;27;42
345	5	7;25;35
345	6	18;42;72
345	7	8;28;56
345	8	10;20;80
350	1	3;5;12
350	2	4;7;17
350	3	2;7;12
350	4	3;8;16
350	5	4;7;18
350	6	4;8;17
350	7	5;7;18
350	8	4;6;16
351	1	1;4;62
351	2	1;2;67
351	3	1;4;72
351	4	1;2;52
351	5	1;4;64
351	6	1;2;42
351	7	1;4;70
351	8	1;2;28
352	1	4;8;62
352	2	5;15;108
352	3	8;20;65
352	4	10;18;72
352	5	6;9;45
352	6	9;18;114
352	7	3;6;38
352	8	11;14;98
353	1	83;115;11798
353	2	75;255;25859
353	3	120;222;39350
353	4	167;193;32552
353	5	105;229;28055
353	6	124;238;34364
353	7	102;162;28356
353	8	137;159;34971
357	1	8;10
357	2	8;15
357	3	6;12
357	4	7;8
357	5	3;9
357	6	3;15
357	7	6;7
357	8	3;4
358	1	2;12;14;35
358	2	2;12;14;25
358	3	2;20;24;39
358	4	2;8;14;21
358	5	2;8;12;41
358	6	3;9;12;34
358	7	2;12;14;23
358	8	2;16;20;49
361	1	24;41
361	2	12;15
361	3	12;17
361	4	15;58
361	5	31;45
361	6	25;48
361	7	33;43
361	8	21;48
364	1	4;15
364	2	5;10
364	3	4;11
364	4	7;16
364	5	7;10
364	6	5;7
364	7	2;6
364	8	8;12
366	1	5;17;59
366	2	7;19;36
366	3	5;16;43
366	4	5;15;31
366	5	6;18;37
366	6	4;19;30
366	7	2;14;41
366	8	4;15;40
367	1	12;23787;38644;504180
367	2	5;36938;55967;616467
367	3	19;25274;38846;1723272
367	4	10;29314;43731;893957
367	5	5;19116;29904;1173538
367	6	12;17655;27097;1865549
367	7	19;17265;18948;1725805
367	8	9;36748;62033;1723682
371	1	28;33;89
371	2	25;41;216
371	3	8;29;69
371	4	17;60;196
371	5	19;36;131
371	6	21;48;153
371	7	29;55;229
371	8	22;48;180
372	1	11;29
372	2	28;52
372	3	23;37
372	4	22;58
372	5	17;33
372	6	12;58
372	7	33;37
372	8	37;53
374	1	67;94
374	2	77;100
374	3	61;84
374	4	28;46
374	5	52;60
374	6	65;70
374	7	52;92
374	8	63;64
376	1	7;19;35
376	2	6;13;29
376	3	3;8;33
376	4	2;6;16
376	5	6;20;29
376	6	4;14;31
376	7	2;9;32
376	8	3;9;19
380	1	2;58
380	2	3;15
380	3	4;60
380	4	2;60
380	5	3;57
380	6	2;42
380	7	2;40
380	8	3;45
381	1	433;814
381	2	273;482
381	3	316;410
381	4	478;524
381	5	433;820
381	6	207;260
381	7	374;478
381	8	514;528
382	1	12
382	2	5
382	3	14
382	4	7
382	5	13
382	6	15
382	7	9
382	8	8
383	1	2;3;78
383	2	2;4;36
383	3	3;6;120
383	4	2;3;93
383	5	3;5;45
383	6	3;6;78
383	7	3;5;100
383	8	2;3;96
384	1	12;23;49
384	2	19;39;83
384	3	6;15;35
384	4	10;36;81
384	5	9;36;72
384	6	6;38;74
384	7	13;39;68
384	8	7;31;46
388	1	5;371;989
388	2	3;365;917
388	3	3;331;628
388	4	4;509;1311
388	5	2;417;581
388	6	2;494;643
388	7	4;538;1255
388	8	2;584;942
389	1	8;29
389	2	7;25
389	3	6;15
389	4	3;29
389	5	4;12
389	6	5;28
389	7	6;27
389	8	3;13
390	1	2;3;16
390	2	4;5;32
390	3	2;5;12
390	4	2;4;11
390	5	2;5;22
390	6	3;5;18
390	7	2;5;10
390	8	2;5;24
392	1	22;36
392	2	8;37
392	3	7;16
392	4	16;37
392	5	22;52
392	6	15;25
392	7	10;58
392	8	25;33
394	1	4;5;9;48
394	2	3;4;8;43
394	3	4;7;9;49
394	4	3;4;8;25
394	5	4;7;9;50
394	6	2;5;7;30
394	7	3;7;8;47
394	8	2;5;7;45
400	1	9;33
400	2	15;17
400	3	11;36
400	4	12;26
400	5	14;28
400	6	10;33
400	7	14;39
400	8	11;29
401	1	20;53
401	2	16;43
401	3	15;41
401	4	19;56
401	5	22;63
401	6	24;66
401	7	22;62
401	8	14;44
403	1	3;4;48
403	2	3;4;56
403	3	3;6;18
403	4	3;6;42
403	5	3;7;42
403	6	3;4;52
403	7	3;4;40
403	8	3;5;35
407	1	5;69
407	2	4;38
407	3	3;25
407	4	5;65
407	5	4;20
407	6	3;73
407	7	4;72
407	8	5;71
408	1	108;217;917
408	2	71;278;1033
408	3	94;203;804
408	4	51;154;588
408	5	47;109;458
408	6	78;185;773
408	7	59;221;815
408	8	120;243;1043
409	1	4;6;63
409	2	3;5;46
409	3	5;7;80
409	4	3;6;55
409	5	2;4;33
409	6	2;6;51
409	7	4;7;60
409	8	4;6;59
411	1	2;9;16
411	2	2;9;12
411	3	3;6;14
411	4	3;6;10
411	5	3;6;15
411	6	4;7;16
411	7	3;6;12
411	8	4;7;12
412	1	13;15;132
412	2	21;40;456
412	3	15;23;295
412	4	23;42;335
412	5	28;29;286
412	6	16;23;247
412	7	21;37;373
412	8	19;27;340
413	1	19;64
413	2	17;64
413	3	10;36
413	4	14;50
413	5	19;65
413	6	15;55
413	7	18;71
413	8	9;34
414	1	2;444
414	2	2;176
414	3	2;412
414	4	2;184
414	5	2;268
414	6	2;416
414	7	3;153
414	8	2;320
416	1	6
416	2	11
416	3	20
416	4	13
416	5	18
416	6	15
416	7	8
416	8	9
419	1	5
419	2	12
419	3	19
419	4	14
419	5	17
419	6	16
419	7	7
419	8	13
420	1	17;21;54
420	2	13;22;48
420	3	15;18;45
420	4	14;22;57
420	5	17;28;43
420	6	12;27;50
420	7	16;20;46
420	8	7;24;46
423	1	2;3;12;13;101
423	2	3;6;7;17;101
423	3	2;6;8;21;99
423	4	4;5;10;16;87
423	5	2;3;8;16;83
423	6	3;6;9;13;86
423	7	3;8;9;20;107
423	8	4;5;12;14;87
425	1	742
425	2	556
425	3	504
425	4	686
425	5	662
425	6	743
425	7	744
425	8	416
426	1	80
426	2	89
426	3	34
426	4	67
426	5	60
426	6	33
426	7	62
426	8	71
427	1	7;319;3415;11591
427	2	3;499;1924;5772
427	3	4;507;3015;12912
427	4	4;423;1826;7551
427	5	4;255;1520;8229
427	6	4;513;3804;10020
427	7	3;319;1792;6661
427	8	8;256;2188;12983
428	1	19;65
428	2	29;96
428	3	38;82
428	4	35;65
428	5	12;40
428	6	13;39
428	7	28;82
428	8	26;45
433	1	2;11;104;128
433	2	5;11;61;111
433	3	4;10;128;146
433	4	2;5;67;106
433	5	3;15;62;135
433	6	5;11;145;154
433	7	8;13;50;74
433	8	3;6;76;88
435	1	163;429;832
435	2	86;453;827
435	3	113;430;750
435	4	82;306;527
435	5	100;230;471
435	6	97;449;669
435	7	134;391;821
435	8	98;458;945
438	1	4;8;9;31
438	2	5;7;12;46
438	3	4;8;9;39
438	4	3;4;7;27
438	5	5;9;10;40
438	6	2;6;9;29
438	7	4;5;8;28
438	8	4;5;12;36
440	1	5;6
440	2	2;5
440	3	3;7
440	4	4;9
440	5	3;8
440	6	2;3
440	7	2;6
440	8	4;5
446	1	6;8;10
446	2	4;8;10
446	3	7;8;17
446	4	12;13;19
446	5	7;10;12
446	6	10;16;17
446	7	7;12;14
446	8	3;13;19
447	1	2;36
447	2	6;54
447	3	3;63
447	4	4;64
447	5	3;57
447	6	5;40
447	7	2;42
447	8	5;50
448	1	17;54
448	2	12;16
448	3	7;34
448	4	8;38
448	5	24;27
448	6	21;43
448	7	14;36
448	8	18;56
451	1	24;50
451	2	26;60
451	3	26;72
451	4	14;36
451	5	16;44
451	6	27;63
451	7	31;69
451	8	12;32
453	1	12;29;57
453	2	8;21;47
453	3	12;33;51
453	4	10;14;54
453	5	12;13;29
453	6	6;12;48
453	7	6;9;31
453	8	6;11;53
457	1	3;54
457	2	4;72
457	3	3;72
457	4	4;24
457	5	3;18
457	6	2;30
457	7	2;42
457	8	4;56
458	1	3;15
458	2	5;13
458	3	3;16
458	4	4;7
458	5	5;12
458	6	4;8
458	7	5;10
458	8	3;14
459	1	7;2535
459	2	5;2217
459	3	5;3231
459	4	7;1267
459	5	4;1280
459	6	4;2497
459	7	6;1277
459	8	4;3383
465	1	4;20;28
465	2	5;9;27
465	3	3;8;12
465	4	3;11;13
465	5	3;19;23
465	6	3;15;17
465	7	4;17;25
465	8	3;18;20
471	1	2;9;12;13
471	2	2;5;11;13
471	3	2;9;13;15
471	4	3;6;13;14
471	5	2;5;8;9
471	6	3;6;11;12
471	7	3;6;13;16
471	8	3;6;12;14
472	1	2;9;10
472	2	3;7;9
472	3	6;11;15
472	4	4;6;9
472	5	4;10;11
472	6	7;12;16
472	7	5;11;14
472	8	3;5;7
475	1	41;49;77
475	2	35;42;70
475	3	37;39;58
475	4	26;43;78
475	5	32;43;69
475	6	33;45;71
475	7	16;34;80
475	8	45;55;78
477	1	28;283
477	2	23;230
477	3	14;242
477	4	12;246
477	5	36;283
477	6	19;327
477	7	30;317
477	8	14;196
478	1	7;92
478	2	4;141
478	3	5;200
478	4	6;149
478	5	3;176
478	6	2;149
478	7	7;118
478	8	4;167
480	1	20;5685
480	2	40;5270
480	3	15;7780
480	4	25;7756
480	5	50;4758
480	6	18;6750
480	7	44;3550
480	8	56;7325
481	1	12;14
481	2	5;8
481	3	10;18
481	4	6;11
481	5	11;14
481	6	10;24
481	7	7;9
481	8	16;24
484	1	9;20;46
484	2	8;25;47
484	3	15;21;47
484	4	8;12;38
484	5	8;14;46
484	6	6;13;39
484	7	6;23;43
484	8	12;20;34
485	1	5;15;50
485	2	3;11;21
485	3	7;11;56
485	4	2;16;26
485	5	5;15;45
485	6	2;16;20
485	7	6;14;48
485	8	4;14;32
490	1	70;83;296
490	2	33;64;178
490	3	31;73;200
490	4	75;84;264
490	5	43;78;237
490	6	51;72;199
490	7	69;74;235
490	8	50;79;224
491	1	6;7;11;16
491	2	2;11;14;17
491	3	2;3;6;21
491	4	3;4;5;12
491	5	8;11;13;20
491	6	2;3;6;11
491	7	4;5;6;8
491	8	5;12;14;18
493	1	33;100;978
493	2	88;149;251
493	3	47;170;360
493	4	49;193;260
493	5	52;177;695
493	6	55;197;943
493	7	58;104;847
493	8	97;139;855
494	1	8957;11130;24141
494	2	4581;12297;18552
494	3	5628;9340;17145
494	4	7877;9090;21636
494	5	8010;9642;19759
494	6	4021;7987;13565
494	7	10070;14499;24862
494	8	5329;12497;19657
496	1	17;45
496	2	16;36
496	3	7;29
496	4	10;16
496	5	5;29
496	6	12;40
496	7	19;49
496	8	14;56
499	1	1874
499	2	1657
499	3	1684
499	4	1262
499	5	2288
499	6	3535
499	7	1537
499	8	2652
500	1	29
500	2	20
500	3	41
500	4	26
500	5	38
500	6	32
500	7	17
500	8	35
501	1	6;16
501	2	6;24
501	3	5;20
501	4	6;18
501	5	7;21
501	6	4;16
501	7	6;26
501	8	7;28
503	1	89;317
503	2	65;145
503	3	121;257
503	4	175;343
503	5	138;226
503	6	166;212
503	7	51;299
503	8	97;197
507	1	12;14
507	2	24;34
507	3	15;24
507	4	23;38
507	5	9;14
507	6	29;38
507	7	17;26
507	8	13;18
510	1	2;12;14
510	2	5;8;12
510	3	3;5;17
510	4	2;7;11
510	5	2;12;20
510	6	2;9;13
510	7	4;8;18
510	8	5;7;15
511	1	9;19;26
511	2	16;21;25
511	3	9;14;21
511	4	16;21;23
511	5	14;16;18
511	6	13;22;27
511	7	5;7;10
511	8	12;21;25
514	1	10;174
514	2	7;71
514	3	14;50
514	4	12;60
514	5	5;115
514	6	18;184
514	7	16;52
514	8	10;110
515	1	6;53
515	2	12;25
515	3	12;62
515	4	7;17
515	5	4;49
515	6	8;22
515	7	7;53
515	8	4;52
516	1	12
516	2	37
516	3	27
516	4	38
516	5	26
516	6	13
516	7	40
516	8	36
519	1	4.53;6.47
519	2	6.62;10.38
519	3	1.98;9.02
519	4	1.86;3.14
519	5	2.2;4.8
519	6	2.69;4.31
519	7	6.56;10.44
519	8	6.97;10.03
521	1	2;4
521	2	3;7
521	3	4;8
521	4	3;5
521	5	2;10
521	6	3;11
521	7	3;9
521	8	2;8
522	1	9;27
522	2	7;35
522	3	8;40
522	4	7;21
522	5	4;12
522	6	6;18
522	7	7;28
522	8	6;30
524	1	30;119;437
524	2	35;146;329
524	3	16;127;329
524	4	21;115;625
524	5	16;194;512
524	6	25;215;505
524	7	17;145;579
524	8	21;131;667
527	1	14;36;51;101
527	2	14;21;57;159
527	3	15;16;44;107
527	4	18;24;35;110
527	5	20;21;58;67
527	6	7;24;39;67
527	7	16;35;38;79
527	8	24;30;31;102
528	1	5;6;34;257;527
528	2	5;6;20;199;235
528	3	4;7;31;226;347
528	4	5;6;39;200;555
528	5	3;8;30;297;543
528	6	3;7;18;173;450
528	7	3;5;36;233;372
528	8	2;6;29;198;254
532	1	2;9;13;71
532	2	2;5;14;39
532	3	2;9;15;51
532	4	2;9;11;42
532	5	4;7;21;88
532	6	2;5;13;45
532	7	3;6;22;70
532	8	2;9;14;51
534	1	28
534	2	38
534	3	33
534	4	26
534	5	25
534	6	40
534	7	22
534	8	37
536	1	5;36
536	2	13;44
536	3	5;28
536	4	5;49
536	5	7;40
536	6	7;32
536	7	7;33
536	8	11;46
537	1	1;9;18;89
537	2	1;9;18;31
537	3	1;9;18;85
537	4	1;9;18;109
537	5	1;9;18;51
537	6	1;9;18;76
537	7	1;9;18;42
537	8	1;9;18;63
538	1	25;5128
538	2	24;1800
538	3	10;5080
538	4	24;2250
538	5	20;1730
538	6	12;2350
538	7	21;2000
538	8	25;2652
539	1	386;511
539	2	334;432
539	3	318;408
539	4	173;597
539	5	180;365
539	6	121;483
539	7	299;517
539	8	329;428
541	1	6;20;24
541	2	8;21;24
541	3	6;7;14
541	4	6;12;36
541	5	6;10;12
541	6	8;18;36
541	7	8;20;40
541	8	3;18;27
542	1	2;9;18;24
542	2	3;6;11;20
542	3	2;5;6;8
542	4	2;9;10;24
542	5	2;5;6;10
542	6	3;6;11;19
542	7	2;9;18;20
542	8	3;6;11;24
546	1	36
546	2	22
546	3	29
546	4	40
546	5	33
546	6	19
546	7	28
546	8	16
548	1	6080
548	2	6731
548	3	8679
548	4	11157
548	5	9714
548	6	11558
548	7	7261
548	8	9237
550	1	278;606;4055
550	2	150;1745;5947
550	3	142;1455;3497
550	4	237;1699;5317
550	5	154;1074;4014
550	6	234;690;2121
550	7	337;1812;4770
550	8	205;1212;4733
551	1	11;22
551	2	7;35
551	3	9;27
551	4	4;12
551	5	10;40
551	6	9;36
551	7	7;28
551	8	8;16
555	1	4;32
555	2	5;32
555	3	4;18
555	4	3;24
555	5	4;13
555	6	3;16
555	7	4;31
555	8	3;44
557	1	8;36
557	2	8;12
557	3	12;28
557	4	8;21
557	5	12;26
557	6	12;20
557	7	12;18
557	8	10;27
558	1	1;2;8;13;265;732
558	2	1;2;12;17;178;278
558	3	1;4;6;15;108;665
558	4	1;2;10;17;184;732
558	5	1;2;4;9;383;925
558	6	1;2;8;15;104;813
558	7	1;4;8;17;320;812
558	8	1;2;12;17;375;934
560	1	0.95;31;40
560	2	0.7;14;50
560	3	0.75;28;96
560	4	0.7;40;43
560	5	0.5;38;72
560	6	0.88;12;50
560	7	0.56;43;75
560	8	0.95;40;79
564	1	23;74
564	2	60;136
564	3	67;186
564	4	56;162
564	5	56;136
564	6	44;152
564	7	40;126
564	8	26;96
568	1	8;20;6440;201600
568	2	6;27;8777;392960
568	3	8;29;8892;393936
568	4	8;18;13553;306610
568	5	4;16;11517;303020
568	6	4;31;7733;425114
568	7	4;11;15987;227128
568	8	8;20;14781;360396
569	1	2;3;6;9
569	2	2;5;7;9
569	3	2;3;5;9
569	4	4;5;6;7
569	5	2;3;7;9
569	6	2;4;7;9
569	7	2;4;6;9
569	8	2;3;8;9
575	1	5;200
575	2	5;72
575	3	5;76
575	4	3;228
575	5	5;160
575	6	4;151
575	7	3;100
575	8	5;180
576	1	14
576	2	16
576	3	18
576	4	10
576	5	17
576	6	13
576	7	11
576	8	12
577	1	4;6;13
577	2	3;7;16
577	3	4;8;20
577	4	3;4;13
577	5	4;6;15
577	6	5;6;10
577	7	3;6;7
577	8	4;5;11
579	1	8;11
579	2	7;13
579	3	5;11
579	4	4;13
579	5	6;12
579	6	7;10
579	7	6;9
579	8	5;8
580	1	11;12;19
580	2	11;18;21
580	3	6;8;10
580	4	15;18;20
580	5	6;10;16
580	6	9;16;19
580	7	13;14;22
580	8	6;8;22
582	1	12;136
582	2	33;153
582	3	31;139
582	4	20;132
582	5	37;167
582	6	26;126
582	7	22;142
582	8	15;161
585	1	14;24;1232
585	2	13;27;1404
585	3	5;32;1018
585	4	12;23;1252
585	5	11;48;1626
585	6	10;17;1473
585	7	16;18;1404
585	8	12;19;1559
586	1	8;15
586	2	11;21
586	3	13;19
586	4	8;10
586	5	12;24
586	6	4;12
586	7	12;13
586	8	15;22
588	1	11
588	2	14
588	3	12
588	4	15
588	5	7
588	6	10
588	7	16
588	8	9
590	1	44
590	2	33
590	3	18
590	4	49
590	5	43
590	6	12
590	7	41
590	8	47
592	1	2;19;31
592	2	5;16;58
592	3	4;32;45
592	4	7;25;52
592	5	9;30;52
592	6	8;22;57
592	7	9;13;16
592	8	2;23;29
594	1	3;6;9
594	2	2;3;8
594	3	4;5;13
594	4	3;8;10
594	5	2;4;10
594	6	3;6;7
594	7	2;7;10
594	8	4;5;7
597	1	5;38;68
597	2	4;40;52
597	3	3;35;36
597	4	4;32;52
597	5	4;57;72
597	6	3;43;66
597	7	3;42;52
597	8	5;60;78
603	1	52;57;118
603	2	45;75;159
603	3	40;76;117
603	4	58;70;152
603	5	43;73;135
603	6	55;56;130
603	7	32;51;91
603	8	20;32;62
605	1	14
605	2	25
605	3	36
605	4	32
605	5	40
605	6	21
605	7	31
605	8	23
608	1	4;16
608	2	3;11
608	3	4;6
608	4	3;16
608	5	4;19
608	6	4;15
608	7	2;21
608	8	4;18
611	1	1;68
611	2	1;32
611	3	1;52
611	4	1;76
611	5	1;24
611	6	1;44
611	7	1;48
611	8	1;60
614	1	22
614	2	51
614	3	48
614	4	31
614	5	36
614	6	41
614	7	52
614	8	63
615	1	3018;3547
615	2	1988;2897
615	3	2152;2734
615	4	1710;1924
615	5	2949;3244
615	6	3078;3550
615	7	3659;3704
615	8	1842;2485
619	1	7;10;15;24
619	2	4;12;14;23
619	3	6;11;14;17
619	4	6;11;16;20
619	5	6;9;12;15
619	6	5;10;11;22
619	7	4;9;14;24
619	8	9;12;17;19
624	1	28
624	2	37
624	3	36
624	4	45
624	5	46
624	6	47
624	7	12
624	8	38
625	1	13
625	2	10
625	3	21
625	4	16
625	5	7
625	6	24
625	7	11
625	8	8
627	1	1;8;11;264
627	2	1;8;12;252
627	3	1;4;9;162
627	4	1;2;10;240
627	5	1;5;6;276
627	6	1;3;4;168
627	7	1;5;6;126
627	8	1;5;9;171
629	1	9;12;15
629	2	5;6;15
629	3	6;9;34
629	4	7;10;14
629	5	9;10;33
629	6	7;10;48
629	7	8;11;14
629	8	9;10;27
630	1	39
630	2	41
630	3	59
630	4	62
630	5	37
630	6	42
630	7	49
630	8	66
632	1	56;521
632	2	31;201
632	3	25;241
632	4	30;237
632	5	64;250
632	6	58;436
632	7	35;586
632	8	56;234
633	1	8
633	2	5
633	3	9
633	4	10
633	5	11
633	6	3
633	7	12
633	8	4
635	1	11;16;24
635	2	9;12;15
635	3	3;5;15
635	4	5;10;11
635	5	10;17;19
635	6	4;16;19
635	7	13;19;23
635	8	7;14;26
637	1	7;38
637	2	10;34
637	3	7;44
637	4	10;26
637	5	8;22
637	6	4;44
637	7	9;22
637	8	6;16
640	1	7;14;35
640	2	3;6;47
640	3	5;20;53
640	4	3;6;54
640	5	5;20;55
640	6	4;8;35
640	7	6;12;28
640	8	5;15;50
643	1	6;976;1837
643	2	4;1732;3556
643	3	8;1320;1998
643	4	5;1029;2833
643	5	6;1723;2805
643	6	9;908;1268
643	7	8;1736;2305
643	8	5;1443;2403
644	1	21;1376896
644	2	11;1770075
644	3	24;2244472
644	4	25;745096
644	5	22;1841728
644	6	23;2227305
644	7	20;2068427
644	8	17;2315628
647	1	27;29;80
647	2	21;24;54
647	3	25;29;71
647	4	19;28;62
647	5	24;25;61
647	6	26;28;79
647	7	32;33;78
647	8	16;23;49
650	1	4;10;21;132
650	2	4;12;25;158
650	3	4;14;22;186
650	4	3;18;24;186
650	5	4;7;17;106
650	6	5;9;26;161
650	7	3;13;15;131
650	8	3;8;12;88
651	1	2;6;10;11
651	2	4;6;9;16
651	3	3;8;12;13
651	4	5;7;12;13
651	5	4;5;6;15
651	6	5;8;12;15
651	7	5;6;12;13
651	8	3;4;8;17
652	1	104
652	2	106
652	3	84
652	4	100
652	5	52
652	6	64
652	7	114
652	8	44
653	1	5;11
653	2	8;26
653	3	3;7
653	4	8;18
653	5	5;23
653	6	8;28
653	7	3;11
653	8	5;17
656	1	76
656	2	64
656	3	104
656	4	80
656	5	100
656	6	32
656	7	68
656	8	92
662	1	88
662	2	82
662	3	40
662	4	30
662	5	44
662	6	70
662	7	80
662	8	34
664	1	3;3.2;5
664	2	2;2.5;6
664	3	3;4.4;5
664	4	2;3.5;8
664	5	2;3.5;4
664	6	2;4.5;8
664	7	2;3.5;6
664	8	4;4.5;8
665	1	5;13;67
665	2	5;17;83
665	3	5;20;94
665	4	4;15;69
665	5	3;18;80
665	6	4;19;89
665	7	5;15;77
665	8	3;15;69
667	1	1;3;21
667	2	1;3;18
667	3	1;7;28
667	4	1;5;20
667	5	1;3;12
667	6	1;3;27
667	7	1;3;24
667	8	1;3;15
670	1	2;6;71
670	2	3;6;48
670	3	4;8;61
670	4	2;9;43
670	5	3;11;116
670	6	4;12;105
670	7	2;8;35
670	8	3;11;64
677	1	13;344;398
677	2	12;322;596
677	3	11;463;523
677	4	6;237;316
677	5	15;406;481
677	6	11;131;214
677	7	6;146;231
677	8	4;320;543
678	1	2;16;20
678	2	3;12;38
678	3	6;14;21
678	4	3;9;16
678	5	9;10;27
678	6	2;6;18
678	7	2;8;11
678	8	3;15;28
680	1	65;179;726
680	2	92;198;763
680	3	55;189;872
680	4	82;300;340
680	5	37;447;1113
680	6	40;450;823
680	7	35;265;456
680	8	26;352;801
681	1	4;28
681	2	3;57
681	3	2;18
681	4	2;22
681	5	4;60
681	6	3;45
681	7	2;52
681	8	2;32
682	1	13;17;213
682	2	14;23;272
682	3	12;17;170
682	4	16;17;204
682	5	17;27;259
682	6	17;29;275
682	7	19;25;273
682	8	12;13;168
685	1	8;1353
685	2	7;756
685	3	5;456
685	4	5;555
685	5	4;543
685	6	5;1167
685	7	4;1380
685	8	6;1398
690	1	1944
690	2	1268
690	3	2720
690	4	2862
690	5	1656
690	6	1562
690	7	4358
690	8	1312
694	1	8;83
694	2	9;88
694	3	8;57
694	4	8;58
694	5	9;68
694	6	6;118
694	7	8;133
694	8	8;127
696	1	6
696	2	9
696	3	10
696	4	16
696	5	4
696	6	14
696	7	15
696	8	11
702	1	10;85
702	2	5;95
702	3	10;98
702	4	7;107
702	5	12;101
702	6	11;83
702	7	5;51
702	8	7;51
705	1	71
705	2	39
705	3	63
705	4	31
705	5	52
705	6	77
705	7	29
705	8	94
706	1	50;65;155
706	2	41;75;156
706	3	58;67;157
706	4	31;88;149
706	5	27;87;140
706	6	63;67;185
706	7	43;47;101
706	8	22;60;100
708	1	12;125
708	2	10;184
708	3	12;85
708	4	8;105
708	5	10;84
708	6	14;228
708	7	10;224
708	8	10;188
710	1	5;130
710	2	7;126
710	3	6;119
710	4	7;44
710	5	7;85
710	6	3;126
710	7	4;40
710	8	5;72
711	1	282
711	2	354
711	3	231
711	4	156
711	5	291
711	6	306
711	7	123
711	8	210
715	1	1;3;6;27
715	2	1;5;8;39
715	3	1;3;6;49
715	4	1;3;6;23
715	5	1;5;10;33
715	6	1;3;6;35
715	7	1;5;8;45
715	8	1;5;8;15
718	1	15
718	2	14
718	3	23
718	4	24
718	5	22
718	6	16
718	7	20
718	8	9
719	1	20;60
719	2	20;94
719	3	20;92
719	4	20;67
719	5	20;63
719	6	20;37
719	7	20;61
719	8	20;62
721	1	238;251
721	2	579;980
721	3	474;976
721	4	298;611
721	5	439;482
721	6	221;919
721	7	155;878
721	8	438;716
725	1	10;17
725	2	21;44
725	3	20;53
725	4	13;30
725	5	23;45
725	6	12;27
725	7	26;54
725	8	28;51
726	1	16;45
726	2	14;29
726	3	17;42
726	4	13;34
726	5	7;20
726	6	6;13
726	7	12;31
726	8	17;38
727	1	2;5;8;17
727	2	2;6;9;16
727	3	5;7;10;36
727	4	3;9;12;32
727	5	2;7;12;25
727	6	4;7;10;37
727	7	3;5;12;26
727	8	2;6;7;17
730	1	3;16;401
730	2	4;21;730
730	3	2;33;537
730	4	5;31;989
730	5	5;29;992
730	6	2;38;781
730	7	4;15;530
730	8	3;23;656
737	1	4;4.9;6
737	2	2;2.5;8
737	3	4;4.5;8
737	4	4;4.7;6
737	5	3;4;8
737	6	2;3.3;8
737	7	3;4;7
737	8	4;4.5;6
738	1	11;176
738	2	9;69
738	3	6;111
738	4	15;105
738	5	12;162
738	6	15;180
738	7	13;178
738	8	14;179
740	1	16
740	2	20
740	3	22
740	4	18
740	5	10
740	6	8
740	7	24
740	8	14
741	1	5;8;59
741	2	7;9;65
741	3	3;7;37
741	4	3;6;72
741	5	4;8;49
741	6	3;6;30
741	7	3;9;75
741	8	3;8;25
743	1	4;5;9;14;19;749
743	2	3;4;8;15;30;658
743	3	2;3;7;25;39;353
743	4	2;3;7;29;45;495
743	5	3;4;8;25;46;769
743	6	2;3;7;16;37;755
743	7	2;3;7;13;27;780
743	8	2;3;7;30;57;570
746	1	4;30
746	2	2;60
746	3	3;65
746	4	4;82
746	5	2;96
746	6	3;89
746	7	4;70
746	8	3;81
747	1	800
747	2	653
747	3	526
747	4	926
747	5	419
747	6	768
747	7	586
747	8	970
748	1	37;53;105
748	2	42;54;122
748	3	26;93;139
748	4	19;42;62
748	5	17;38;60
748	6	38;53;99
748	7	38;40;85
748	8	26;57;99
756	1	32;61
756	2	38;44
756	3	20;71
756	4	28;50
756	5	36;41
756	6	32;56
756	7	48;67
756	8	36;48
757	1	2;17
757	2	2;24
757	3	2;22
757	4	2;21
757	5	2;23
757	6	2;16
757	7	2;11
757	8	2;18
758	1	5;9;35;51
758	2	4;7;35;50
758	3	3;8;24;27
758	4	5;9;26;38
758	5	5;9;28;42
758	6	4;8;31;39
758	7	5;6;29;37
758	8	4;5;36;37
766	1	5;7;31
766	2	6;10;35
766	3	6;7;29
766	4	4;5;16
766	5	5;11;55
766	6	4;7;33
766	7	6;16;54
766	8	7;12;50
769	1	7;25
769	2	5;39
769	3	3;29
769	4	8;30
769	5	9;59
769	6	2;40
769	7	7;49
769	8	4;54
772	1	43
772	2	104
772	3	121
772	4	70
772	5	51
772	6	80
772	7	81
772	8	106
774	1	53;54;95
774	2	42;59;60
774	3	52;78;84
774	4	45;60;73
774	5	52;65;76
774	6	19;29;35
774	7	53;70;93
774	8	38;57;60
775	1	2;3;17
775	2	2;3;5
775	3	4;5;10
775	4	2;5;8
775	5	3;8;9
775	6	3;6;16
775	7	5;8;17
775	8	2;4;16
779	1	3;8;36
779	2	2;13;39
779	3	4;17;33
779	4	3;16;40
779	5	2;9;21
779	6	3;8;28
779	7	2;9;29
779	8	4;17;40
780	1	3;5;16
780	2	2;4;16
780	3	4;5;19
780	4	3;4;23
780	5	4;5;14
780	6	2;3;23
780	7	3;4;6
780	8	4;5;12
781	1	3;36;75;87
781	2	5;26;61;65
781	3	5;66;105;148
781	4	4;37;44;66
781	5	4;43;126;165
781	6	3;81;100;188
781	7	5;52;55;137
781	8	3;82;105;148
782	1	4;5;35
782	2	4;6;42
782	3	3;8;80
782	4	3;6;48
782	5	4;7;77
782	6	4;5;100
782	7	4;6;66
782	8	2;3;87
783	1	3;5;16
783	2	2;5;9
783	3	3;5;8
783	4	3;5;6
783	5	3;5;11
783	6	2;5;14
783	7	3;4;15
783	8	4;5;14
784	1	6;72
784	2	6;54
784	3	4;42
784	4	6;100
784	5	4;66
784	6	5;38
784	7	6;76
784	8	4;40
785	1	2;3;33
785	2	4;6;42
785	3	4;6;24
785	4	5;9;27
785	5	4;5;45
785	6	5;8;40
785	7	4;7;21
785	8	4;6;48
787	1	1;2;4;6
787	2	1;2;3;7
787	3	1;2;4;8
787	4	1;4;5;8
787	5	1;2;5;7
787	6	1;2;3;8
787	7	1;2;4;5
787	8	1;2;3;6
790	1	1;2;30;36
790	2	1;2;26;38
790	3	1;2;12;69
790	4	1;2;21;60
790	5	1;2;27;70
790	6	1;4;21;28
790	7	1;2;22;69
790	8	1;2;38;52
793	1	7;56
793	2	8;52
793	3	8;40
793	4	4;32
793	5	7;34
793	6	5;30
793	7	4;58
793	8	7;44
794	1	13;23
794	2	31;59
794	3	18;60
794	4	24;58
794	5	21;39
794	6	26;42
794	7	31;67
794	8	33;49
796	1	4;6;8
796	2	3;8;20
796	3	4;9;13
796	4	4;5;13
796	5	4;7;15
796	6	4;10;18
796	7	3;5;9
796	8	3;9;19
799	1	1;4;5;7
799	2	1;2;4;7
799	3	1;2;4;5
799	4	1;2;5;8
799	5	1;2;5;6
799	6	1;4;5;6
799	7	1;2;3;5
799	8	1;2;5;7
805	1	2;10;16
805	2	3;9;12
805	3	2;10;12
805	4	2;10;14
805	5	2;8;14
805	6	3;9;15
805	7	3;7;15
805	8	2;12;14
809	1	1.5;41
809	2	2.5;42
809	3	2.5;59
809	4	1.5;53
809	5	1.5;56
809	6	1.5;34
809	7	2;45
809	8	2;44
810	1	10;21
810	2	14;27
810	3	14;36
810	4	15;36
810	5	14;30
810	6	10;27
810	7	9;18
810	8	13;30
812	1	7;12
812	2	21;40
812	3	13;16
812	4	21;30
812	5	19;30
812	6	11;14
812	7	23;24
812	8	21;36
823	1	10;82
823	2	9;95
823	3	12;120
823	4	9;73
823	5	10;86
823	6	23;139
823	7	16;132
823	8	23;141
824	1	15;29;30
824	2	18;26;41
824	3	18;31;52
824	4	21;37;50
824	5	24;31;38
824	6	15;24;31
824	7	15;28;51
824	8	18;31;58
826	1	4;38;100
826	2	2;20;94
826	3	3;26;35
826	4	4;19;36
826	5	3;21;63
826	6	4;24;44
826	7	4;31;92
826	8	3;16;71
827	1	16
827	2	25
827	3	17
827	4	15
827	5	28
827	6	35
827	7	18
827	8	29
828	1	4;10;20
828	2	2;12;18
828	3	3;11;19
828	4	2;8;14
828	5	4;6;12
828	6	3;9;19
828	7	4;8;16
828	8	4;10;12
829	1	3;5
829	2	5;7
829	3	5;9
829	4	7;8
829	5	5;6
829	6	2;3
829	7	6;9
829	8	6;7
831	1	20
831	2	24
831	3	14
831	4	8
831	5	19
831	6	11
831	7	23
831	8	22
833	1	27
833	2	10
833	3	33
833	4	16
833	5	31
833	6	26
833	7	21
833	8	32
834	1	7;9;21
834	2	8;10;21
834	3	11;19;33
834	4	12;24;38
834	5	9;24;40
834	6	12;15;33
834	7	10;13;28
834	8	11;19;34
836	1	121;397
836	2	55;295
836	3	122;411
836	4	89;293
836	5	128;394
836	6	99;311
836	7	64;246
836	8	95;415
838	1	3;10;14;29
838	2	3;11;15;19
838	3	5;18;28;40
838	4	4;13;21;34
838	5	3;11;17;23
838	6	3;10;16;23
838	7	5;17;19;38
838	8	5;16;18;37
841	1	6;19;375
841	2	12;21;297
841	3	8;9;153
841	4	7;18;300
841	5	7;22;348
841	6	18;27;255
841	7	12;27;273
841	8	5;10;270
842	1	1;7;16
842	2	1;2;11
842	3	1;8;14
842	4	1;8;13
842	5	1;3;6
842	6	1;3;12
842	7	1;6;15
842	8	1;2;10
843	1	11;39
843	2	13;45
843	3	10;38
843	4	16;44
843	5	14;54
843	6	19;59
843	7	12;48
843	8	12;44
845	1	8;20
845	2	9;20
845	3	9;12
845	4	7;15
845	5	6;15
845	6	9;15
845	7	8;12
845	8	7;10
851	1	9;26;46
851	2	11;13;97
851	3	13;23;120
851	4	12;19;89
851	5	14;27;85
851	6	17;40;96
851	7	14;39;45
851	8	19;21;74
852	1	80
852	2	85
852	3	98
852	4	87
852	5	68
852	6	97
852	7	86
852	8	49
854	1	9;20
854	2	13;20
854	3	11;12
854	4	14;23
854	5	19;22
854	6	10;28
854	7	7;25
854	8	6;25
855	1	450;655;866
855	2	384;394;679
855	3	529;641;1045
855	4	764;883;1492
855	5	700;982;1240
855	6	412;727;949
855	7	608;703;1052
855	8	619;647;808
856	1	2;5;193
856	2	2;4;171
856	3	2;5;141
856	4	2;4;112
856	5	2;5;157
856	6	2;4;160
856	7	2;4;111
856	8	2;4;142
862	1	8;93;520
862	2	9;110;630
862	3	6;131;720
862	4	8;85;512
862	5	6;159;600
862	6	6;227;1038
862	7	7;164;686
862	8	8;165;760
864	1	7;16;211
864	2	4;17;210
864	3	5;10;104
864	4	6;7;237
864	5	7;8;222
864	6	4;9;126
864	7	6;7;122
864	8	5;10;184
865	1	7;12
865	2	4;24
865	3	5;10
865	4	6;32
865	5	8;25
865	6	9;15
865	7	7;32
865	8	4;36
866	1	5;10;20
866	2	6;9;13
866	3	2;5;9
866	4	4;11;19
866	5	2;7;9
866	6	3;10;18
866	7	4;5;11
866	8	2;11;17
868	1	11
868	2	19
868	3	24
868	4	18
868	5	17
868	6	23
868	7	14
868	8	20
871	1	4;5;69;2663
871	2	3;5;36;2326
871	3	3;4;48;1866
871	4	2;4;51;2801
871	5	4;5;53;2695
871	6	4;5;57;2459
871	7	2;5;35;3713
871	8	4;5;73;3707
873	1	42;73;87;284
873	2	40;51;91;250
873	3	32;35;115;242
873	4	26;31;91;278
873	5	35;42;112;253
873	6	30;59;79;254
873	7	56;69;85;288
873	8	31;86;102;293
875	1	34;53
875	2	20;62
875	3	17;51
875	4	21;30
875	5	15;60
875	6	49;59
875	7	17;62
875	8	29;59
877	1	2;9;22;64
877	2	2;16;29;130
877	3	3;10;14;158
877	4	3;15;28;152
877	5	2;15;26;128
877	6	3;11;16;80
877	7	2;10;26;72
877	8	2;8;15;66
881	1	3;9;10
881	2	3;5;12
881	3	2;6;7
881	4	3;4;5
881	5	4;7;12
881	6	4;5;8
881	7	4;9;10
881	8	3;8;9
882	1	38
882	2	40
882	3	15
882	4	10
882	5	11
882	6	19
882	7	13
882	8	36
883	1	3;4;7;20;28
883	2	5;8;12;13;17
883	3	3;5;13;21;22
883	4	5;7;10;18;22
883	5	3;8;11;16;20
883	6	2;3;10;13;22
883	7	4;7;13;15;26
883	8	2;3;10;17;19
886	1	2;5;14;114
886	2	2;6;14;154
886	3	2;7;18;149
886	4	2;8;18;144
886	5	2;8;18;171
886	6	2;8;18;140
886	7	2;8;18;142
886	8	2;8;18;127
892	1	5;95;356
892	2	13;112;745
892	3	9;107;639
892	4	5;115;367
892	5	11;64;616
892	6	7;85;349
892	7	8;139;634
892	8	11;83;568
893	1	2;9;13;16;20
893	2	2;5;13;20;35
893	3	2;5;12;20;23
893	4	3;6;12;13;23
893	5	2;5;10;20;39
893	6	2;5;7;12;24
893	7	3;6;11;13;37
893	8	3;6;11;13;17
897	1	14
897	2	16
897	3	25
897	4	30
897	5	37
897	6	11
897	7	15
897	8	22
899	1	3;12;18
899	2	5;6;20
899	3	2;8;9
899	4	3;5;18
899	5	5;7;20
899	6	3;10;18
899	7	5;9;20
899	8	5;12;20
900	1	2;32;60;75
900	2	4;33;40;49
900	3	2;23;54;69
900	4	4;14;56;72
900	5	3;18;35;41
900	6	2;21;30;34
900	7	2;26;50;53
900	8	4;27;36;71
901	1	109;956
901	2	192;872
901	3	195;1084
901	4	147;496
901	5	240;1120
901	6	124;1070
901	7	227;1058
901	8	156;1114
903	1	4;7;10;11
903	2	2;3;8;12
903	3	4;5;7;11
903	4	4;7;9;12
903	5	2;6;11;14
903	6	3;6;11;13
903	7	2;4;9;11
903	8	4;5;12;13
905	1	8;33
905	2	14;47
905	3	7;36
905	4	7;23
905	5	16;44
905	6	15;45
905	7	15;46
905	8	15;53
911	1	3;5
911	2	4;6
911	3	2;6
911	4	3;7
911	5	4;5
911	6	2;3
911	7	2;5
911	8	2;8
914	1	58
914	2	52
914	3	38
914	4	74
914	5	62
914	6	72
914	7	76
914	8	78
915	1	43;101
915	2	68;81
915	3	71;91
915	4	47;118
915	5	46;77
915	6	36;43
915	7	54;82
915	8	60;77
918	1	2.5;12;20;25.5
918	2	6.5;8;20;21.5
918	3	6;9;11;37
918	4	2.5;12;20;22.3
918	5	2.5;12;20;28.7
918	6	8;11;15;27.8
918	7	4;9;15;22.2
918	8	8.3;10;18;26.5
919	1	93;876
919	2	28;850
919	3	31;854
919	4	94;673
919	5	81;739
919	6	80;798
919	7	75;375
919	8	38;518
920	1	2;5;6;185
920	2	3;6;11;191
920	3	4;7;20;173
920	4	2;5;6;166
920	5	3;6;11;179
920	6	2;9;18;168
920	7	2;5;6;138
920	8	3;6;11;94
923	1	3;8;23
923	2	7;10;46
923	3	10;16;58
923	4	6;12;69
923	5	7;13;40
923	6	7;8;28
923	7	6;13;75
923	8	7;11;45
924	1	12;45
924	2	9;40
924	3	12;55
924	4	15;44
924	5	8;30
924	6	15;28
924	7	5;36
924	8	12;35
925	1	5;8
925	2	6;9
925	3	4;9
925	4	5;9
925	5	4;8
925	6	3;8
925	7	3;6
925	8	7;9
927	1	12
927	2	10
927	3	24
927	4	28
927	5	26
927	6	14
927	7	18
927	8	16
928	1	21
928	2	12
928	3	15
928	4	27
928	5	30
928	6	33
928	7	36
928	8	24
930	1	20;23
930	2	28;41
930	3	31;44
930	4	17;19
930	5	10;38
930	6	11;59
930	7	31;59
930	8	14;20
931	1	15;23
931	2	11;25
931	3	10;34
931	4	5;29
931	5	6;24
931	6	11;29
931	7	4;36
931	8	10;18
934	1	10;48
934	2	29;51
934	3	39;45
934	4	34;70
934	5	25;55
934	6	26;72
934	7	25;35
934	8	40;47
936	1	36
936	2	22
936	3	20
936	4	26
936	5	14
936	6	24
936	7	10
936	8	12
940	1	106;275
940	2	101;310
940	3	161;360
940	4	176;346
940	5	180;341
940	6	171;343
940	7	175;346
940	8	190;364
941	1	2;4;60
941	2	2;5;117
941	3	2;5;146
941	4	2;3;93
941	5	3;5;115
941	6	3;5;81
941	7	2;4;104
941	8	2;4;152
944	1	4;16
944	2	7;17
944	3	6;8
944	4	5;17
944	5	3;5
944	6	9;17
944	7	4;10
944	8	7;9
947	1	4;15
947	2	4;21
947	3	5;30
947	4	3;23
947	5	4;19
947	6	3;22
947	7	4;34
947	8	3;38
948	1	4;7
948	2	2;6
948	3	3;7
948	4	3;6
948	5	4;5
948	6	3;8
948	7	2;8
948	8	2;5
949	1	42;66;289
949	2	51;75;169
949	3	20;80;328
949	4	21;112;259
949	5	36;64;161
949	6	47;54;204
949	7	50;102;269
949	8	57;103;439
950	1	3;12;31
950	2	5;10;26
950	3	3;12;23
950	4	3;12;32
950	5	3;12;38
950	6	5;10;24
950	7	5;10;11
950	8	3;12;39
951	1	9;14
951	2	10;23
951	3	11;15
951	4	12;20
951	5	7;20
951	6	8;20
951	7	5;17
951	8	6;24
952	1	84
952	2	41
952	3	90
952	4	71
952	5	100
952	6	49
952	7	26
952	8	31
954	1	5;6;39
954	2	4;11;59
954	3	4;20;60
954	4	3;13;24
954	5	5;18;78
954	6	3;8;41
954	7	2;9;37
954	8	3;14;50
955	1	2;11
955	2	3;20
955	3	8;13
955	4	5;18
955	5	6;15
955	6	7;8
955	7	4;9
955	8	9;14
956	1	48
956	2	40
956	3	128
956	4	120
956	5	72
956	6	104
956	7	112
956	8	88
957	1	78
957	2	108
957	3	43
957	4	67
957	5	45
957	6	57
957	7	102
957	8	87
958	1	19;52
958	2	12;61
958	3	15;44
958	4	11;26
958	5	27;51
958	6	14;50
958	7	23;69
958	8	20;36
965	1	4;49
965	2	7;133
965	3	4;103
965	4	5;98
965	5	5;35
965	6	4;61
965	7	8;128
965	8	4;124
967	1	2;3;135
967	2	5;7;133
967	3	4;6;81
967	4	3;5;105
967	5	2;3;108
967	6	2;3;141
967	7	5;7;84
967	8	4;6;93
968	1	16;21
968	2	26;30
968	3	50;57
968	4	30;39
968	5	46;54
968	6	24;27
968	7	48;51
968	8	36;42
970	1	40;187
970	2	41;219
970	3	25;119
970	4	26;300
970	5	38;336
970	6	31;303
970	7	63;275
970	8	34;338
971	1	4;36
971	2	6;39
971	3	6;36
971	4	7;36
971	5	6;33
971	6	7;33
971	7	4;42
971	8	4;45
973	1	2;5;95
973	2	2;5;105
973	3	2;5;90
973	4	2;5;45
973	5	2;9;126
973	6	2;5;40
973	7	2;9;90
973	8	2;5;65
977	1	7;11;22
977	2	2;6;16
977	3	3;11;21
977	4	2;9;22
977	5	8;15;16
977	6	6;8;11
977	7	7;21;25
977	8	2;16;19
978	1	212
978	2	76
978	3	82
978	4	74
978	5	168
978	6	174
978	7	86
978	8	170
980	1	6;13;15
980	2	3;22;30
980	3	6;11;20
980	4	5;9;30
980	5	5;8;28
980	6	8;17;26
980	7	3;6;8
980	8	4;17;23
984	1	2;190
984	2	4;100
984	3	3;333
984	4	2;228
984	5	3;330
984	6	4;348
984	7	3;327
984	8	3;102
987	1	3;18
987	2	9;31
987	3	2;27
987	4	7;37
987	5	4;32
987	6	5;38
987	7	3;27
987	8	3;38
988	1	3;6;20
988	2	2;3;18
988	3	3;4;20
988	4	2;4;24
988	5	4;6;18
988	6	4;6;15
988	7	2;5;20
988	8	5;6;12
990	1	7;8;19;20;31
990	2	10;13;16;19;71
990	3	3;4;17;19;61
990	4	6;15;16;18;88
990	5	10;11;16;20;69
990	6	8;13;16;17;111
990	7	6;13;20;21;93
990	8	3;14;15;16;110
995	1	5;26;38
995	2	9;14;40
995	3	5;30;42
995	4	5;18;26
995	5	6;25;47
995	6	7;18;38
995	7	8;19;47
995	8	6;15;27
998	1	0.1;1.5;56
998	2	0.1;1.4;52
998	3	0.1;1.6;114
998	4	0.1;1.3;30
998	5	0.1;1.6;105
998	6	0.1;1.6;93
998	7	0.1;2.6;120
998	8	0.1;1.7;40
999	1	4;5;23;29
999	2	3;5;19;44
999	3	3;5;22;60
999	4	4;5;21;41
999	5	6;8;30;83
999	6	2;3;26;47
999	7	8;10;16;45
999	8	7;9;34;80
1002	1	2;10;48
1002	2	4;13;72
1002	3	5;12;105
1002	4	2;9;48
1002	5	3;12;69
1002	6	3;10;87
1002	7	4;7;52
1002	8	4;5;80
1003	1	15;525;875
1003	2	12;672;1153
1003	3	35;795;905
1003	4	16;268;582
1003	5	20;744;951
1003	6	32;258;467
1003	7	20;709;1021
1003	8	29;482;918
1004	1	5;9;27
1004	2	9;11;19
1004	3	6;10;17
1004	4	5;9;29
1004	5	3;5;12
1004	6	11;13;23
1004	7	5;7;18
1004	8	8;10;26
1005	1	3;24
1005	2	5;34
1005	3	3;40
1005	4	7;20
1005	5	4;26
1005	6	4;12
1005	7	3;16
1005	8	4;36
1006	1	2;16
1006	2	3;17
1006	3	2;12
1006	4	3;5
1006	5	3;13
1006	6	2;20
1006	7	2;8
1006	8	3;9
1007	1	6;10
1007	2	4;12
1007	3	5;16
1007	4	5;14
1007	5	3;8
1007	6	3;9
1007	7	5;17
1007	8	5;11
1016	1	129
1016	2	66
1016	3	90
1016	4	69
1016	5	150
1016	6	63
1016	7	45
1016	8	60
1019	1	2;5;72;79;135
1019	2	2;12;36;143;163
1019	3	3;6;29;40;70
1019	4	8;10;71;137;185
1019	5	6;7;57;75;135
1019	6	2;13;50;111;151
1019	7	7;11;68;84;138
1019	8	6;11;64;107;163
1020	1	8;11;15
1020	2	6;9;13
1020	3	7;10;14
1020	4	9;12;16
1020	5	5;9;12
1020	6	7;9;14
1020	7	7;11;14
1020	8	9;11;16
1022	1	3;51
1022	2	3;45
1022	3	5;51
1022	4	6;36
1022	5	5;53
1022	6	8;60
1022	7	3;17
1022	8	5;19
1023	1	2;9;22
1023	2	3;6;17
1023	3	2;5;27
1023	4	3;6;29
1023	5	2;5;11
1023	6	2;9;31
1023	7	3;6;16
1023	8	2;5;10
1024	1	7;14;23
1024	2	7;10;23
1024	3	13;17;36
1024	4	6;11;29
1024	5	5;6;21
1024	6	8;17;30
1024	7	4;12;31
1024	8	11;17;35
1025	1	30;830
1025	2	20;680
1025	3	10;1020
1025	4	20;1235
1025	5	26;1000
1025	6	20;1045
1025	7	30;890
1025	8	25;780
1032	1	6;20
1032	2	10;18
1032	3	10;20
1032	4	8;19
1032	5	6;21
1032	6	6;17
1032	7	6;14
1032	8	8;13
1036	1	2;69
1036	2	2;96
1036	3	2;120
1036	4	2;78
1036	5	2;81
1036	6	2;93
1036	7	2;48
1036	8	2;63
1037	1	267;313;2264
1037	2	483;932;2342
1037	3	376;487;993
1037	4	376;514;1658
1037	5	233;315;772
1037	6	402;782;1300
1037	7	309;595;2323
1037	8	565;958;1724
1040	1	102
1040	2	68
1040	3	58
1040	4	112
1040	5	50
1040	6	108
1040	7	46
1040	8	124
1041	1	645
1041	2	930
1041	3	335
1041	4	845
1041	5	795
1041	6	630
1041	7	445
1041	8	370
1044	1	4;6223
1044	2	3;3927
1044	3	4;6306
1044	4	3;5989
1044	5	4;3461
1044	6	4;5297
1044	7	3;2510
1044	8	4;6886
1047	1	76
1047	2	156
1047	3	128
1047	4	124
1047	5	132
1047	6	168
1047	7	120
1047	8	88
1048	1	232;1790
1048	2	129;1073
1048	3	191;1451
1048	4	237;1769
1048	5	250;1888
1048	6	214;1697
1048	7	261;2004
1048	8	140;1084
1049	1	48;52
1049	2	149;168
1049	3	89;109
1049	4	100;144
1049	5	116;163
1049	6	134;144
1049	7	118;163
1049	8	108;119
1050	1	19;147
1050	2	16;146
1050	3	10;150
1050	4	15;146
1050	5	5;157
1050	6	5;177
1050	7	8;183
1050	8	14;166
1052	1	26;36
1052	2	22;34
1052	3	25;34
1052	4	23;32
1052	5	18;28
1052	6	26;33
1052	7	24;33
1052	8	19;29
1053	1	2;11
1053	2	3;20
1053	3	6;15
1053	4	5;18
1053	5	4;9
1053	6	2;19
1053	7	4;17
1053	8	3;12
1055	1	1788540
1055	2	1191912
1055	3	1075983
1055	4	3091398
1055	5	2169597
1055	6	3377814
1055	7	1397577
1055	8	1562193
1058	1	5;12;20;98
1058	2	5;11;20;38
1058	3	5;7;20;94
1058	4	7;10;14;56
1058	5	5;8;20;30
1058	6	5;11;20;74
1058	7	5;11;20;54
1058	8	7;12;14;84
1059	1	2;9;47
1059	2	3;8;44
1059	3	3;5;41
1059	4	5;6;38
1059	5	3;9;31
1059	6	3;7;33
1059	7	4;5;27
1059	8	5;8;48
1061	1	3;20
1061	2	3;16
1061	3	4;15
1061	4	5;18
1061	5	4;23
1061	6	5;20
1061	7	5;22
1061	8	5;12
1066	1	9;22;28;67
1066	2	9;25;32;71
1066	3	6;10;13;36
1066	4	5;13;16;39
1066	5	6;13;17;44
1066	6	8;29;35;78
1066	7	4;20;23;54
1066	8	5;19;20;59
1071	1	39
1071	2	29
1071	3	31
1071	4	25
1071	5	34
1071	6	47
1071	7	28
1071	8	38
1079	1	16;46;188;742
1079	2	10;42;224;573
1079	3	16;20;195;386
1079	4	9;49;210;501
1079	5	13;34;220;458
1079	6	10;36;164;391
1079	7	15;43;117;667
1079	8	8;43;212;424
1080	1	45
1080	2	86
1080	3	79
1080	4	40
1080	5	73
1080	6	52
1080	7	55
1080	8	98
1082	1	3;6;9
1082	2	4;7;10
1082	3	2;5;7
1082	4	2;5;6
1082	5	3;6;11
1082	6	2;5;10
1082	7	2;5;9
1082	8	3;6;10
1085	1	2;3;5
1085	2	4;5;8
1085	3	2;5;6
1085	4	3;4;7
1085	5	3;4;6
1085	6	2;5;7
1085	7	4;5;7
1085	8	2;5;8
1088	1	12
1088	2	8
1088	3	10
1088	4	9
1088	5	11
1088	6	15
1088	7	16
1088	8	14
1092	1	2;15
1092	2	2;21
1092	3	2;33
1092	4	2;27
1092	5	2;30
1092	6	2;18
1092	7	2;39
1092	8	2;42
1093	1	34;138
1093	2	41;185
1093	3	22;141
1093	4	31;176
1093	5	28;164
1093	6	25;87
1093	7	18;150
1093	8	31;230
1096	1	24;50
1096	2	29;43
1096	3	10;20
1096	4	7;17
1096	5	13;42
1096	6	7;51
1096	7	29;40
1096	8	22;23
1101	1	23
1101	2	10
1101	3	18
1101	4	17
1101	5	8
1101	6	13
1101	7	7
1101	8	24
1102	1	47;52
1102	2	63;124
1102	3	72;99
1102	4	53;67
1102	5	50;90
1102	6	52;87
1102	7	33;65
1102	8	41;78
1108	1	108
1108	2	120
1108	3	102
1108	4	90
1108	5	78
1108	6	66
1108	7	72
1108	8	48
1110	1	2;4;31
1110	2	5;7;30
1110	3	2;3;26
1110	4	4;8;33
1110	5	4;5;28
1110	6	2;7;18
1110	7	3;4;21
1110	8	3;9;46
1112	1	48
1112	2	84
1112	3	66
1112	4	24
1112	5	30
1112	6	60
1112	7	78
1112	8	36
1118	1	2;3;15
1118	2	2;3;20
1118	3	2;3;16
1118	4	2;3;18
1118	5	2;3;22
1118	6	2;3;21
1118	7	2;3;23
1118	8	2;3;9
1121	1	5;22;64
1121	2	7;20;60
1121	3	9;18;62
1121	4	7;22;49
1121	5	3;22;89
1121	6	9;18;88
1121	7	8;19;92
1121	8	7;21;94
1123	1	1;15;20
1123	2	1;13;23
1123	3	1;23;27
1123	4	1;13;16
1123	5	1;19;36
1123	6	1;22;31
1123	7	1;12;15
1123	8	1;16;31
1125	1	10;28
1125	2	4;34
1125	3	6;22
1125	4	12;38
1125	5	12;36
1125	6	8;18
1125	7	8;26
1125	8	8;22
1126	1	32;225
1126	2	56;199
1126	3	44;256
1126	4	80;258
1126	5	22;191
1126	6	76;250
1126	7	46;180
1126	8	24;126
1129	1	86
1129	2	91
1129	3	80
1129	4	77
1129	5	90
1129	6	59
1129	7	36
1129	8	29
1131	1	6;12
1131	2	2;8
1131	3	2;7
1131	4	6;7
1131	5	2;10
1131	6	2;4
1131	7	4;8
1131	8	4;13
1132	1	25;884
1132	2	25;1036
1132	3	24;725
1132	4	40;805
1132	5	40;775
1132	6	18;1350
1132	7	46;1700
1132	8	35;960
1136	1	4;12;226
1136	2	3;17;383
1136	3	3;10;472
1136	4	6;13;465
1136	5	7;22;438
1136	6	3;9;179
1136	7	2;10;492
1136	8	8;25;437
1138	1	13;22
1138	2	20;34
1138	3	6;19
1138	4	9;40
1138	5	8;40
1138	6	15;21
1138	7	18;34
1138	8	5;13
1145	1	143;338
1145	2	48;131
1145	3	65;180
1145	4	126;329
1145	5	179;370
1145	6	114;257
1145	7	72;179
1145	8	142;289
1149	1	3;5;6;9;16
1149	2	3;5;7;8;10
1149	3	3;7;9;10;14
1149	4	3;4;7;10;16
1149	5	4;6;8;9;14
1149	6	4;5;7;8;12
1149	7	4;5;8;9;13
1149	8	3;5;7;12;15
1150	1	3;5;27;44
1150	2	3;4;19;32
1150	3	2;3;19;44
1150	4	3;5;27;58
1150	5	3;4;33;46
1150	6	3;5;22;41
1150	7	3;5;21;24
1150	8	3;4;46;51
1152	1	17;37
1152	2	10;32
1152	3	17;29
1152	4	24;34
1152	5	15;27
1152	6	11;16
1152	7	16;39
1152	8	14;33
1156	1	1692
1156	2	1620
1156	3	1080
1156	4	1632
1156	5	1680
1156	6	1464
1156	7	1872
1156	8	1848
1158	1	7;8;20
1158	2	4;9;36
1158	3	6;15;35
1158	4	3;20;29
1158	5	8;13;20
1158	6	2;11;34
1158	7	7;16;40
1158	8	9;14;21
1160	1	4;17;24
1160	2	3;12;19
1160	3	4;9;16
1160	4	7;8;11
1160	5	7;16;19
1160	6	3;12;23
1160	7	8;13;20
1160	8	8;13;16
1163	1	10;20;27
1163	2	15;20;24
1163	3	5;12;18
1163	4	10;17;21
1163	5	12;20;25
1163	6	7;18;24
1163	7	5;16;24
1163	8	5;14;22
1164	1	1;2;43
1164	2	1;2;25
1164	3	1;2;70
1164	4	1;2;59
1164	5	1;2;41
1164	6	1;2;20
1164	7	1;2;56
1164	8	1;2;71
1165	1	9;16;29
1165	2	15;39;54
1165	3	4;18;64
1165	4	14;31;46
1165	5	9;23;65
1165	6	9;10;44
1165	7	8;16;34
1165	8	14;35;47
1166	1	7;137
1166	2	3;61
1166	3	8;124
1166	4	3;131
1166	5	10;104
1166	6	4;62
1166	7	7;125
1166	8	6;74
1168	1	38
1168	2	25
1168	3	24
1168	4	21
1168	5	23
1168	6	16
1168	7	10
1168	8	27
1169	1	42
1169	2	63
1169	3	44
1169	4	54
1169	5	68
1169	6	55
1169	7	59
1169	8	53
1171	1	50;108
1171	2	27;174
1171	3	50;114
1171	4	42;172
1171	5	39;50
1171	6	20;113
1171	7	21;107
1171	8	44;150
1172	1	36;340
1172	2	36;336
1172	3	28;356
1172	4	27;288
1172	5	23;396
1172	6	36;316
1172	7	24;212
1172	8	13;400
1177	1	5;13;32
1177	2	5;15;21
1177	3	7;14;35
1177	4	4;8;30
1177	5	5;9;23
1177	6	6;13;32
1177	7	4;5;15
1177	8	6;16;29
1178	1	4;6;51;141
1178	2	3;4;120;137
1178	3	4;6;159;161
1178	4	4;6;90;160
1178	5	2;3;48;118
1178	6	3;4;108;176
1178	7	3;4;120;190
1178	8	3;4;104;175
1179	1	4;80
1179	2	6;42
1179	3	6;78
1179	4	5;45
1179	5	7;63
1179	6	4;68
1179	7	4;64
1179	8	4;28
1181	1	4;7;20;24
1181	2	2;13;18;26
1181	3	2;7;14;18
1181	4	2;5;10;11
1181	5	3;5;7;11
1181	6	3;11;19;20
1181	7	2;4;10;11
1181	8	3;11;19;23
1183	1	110;177
1183	2	66;94
1183	3	74;135
1183	4	111;130
1183	5	83;123
1183	6	102;121
1183	7	105;160
1183	8	64;89
1184	1	4;5;6;32;48
1184	2	2;3;4;31;46
1184	3	3;4;5;21;47
1184	4	3;4;5;26;33
1184	5	2;5;7;39;42
1184	6	4;5;7;40;42
1184	7	3;4;8;40;49
1184	8	4;5;8;23;46
1185	1	4;6;120
1185	2	3;5;99
1185	3	4;6;56
1185	4	3;9;135
1185	5	3;6;120
1185	6	2;6;40
1185	7	3;7;57
1185	8	3;6;72
1186	1	5;6;99;469
1186	2	3;5;210;420
1186	3	4;6;105;381
1186	4	4;6;111;349
1186	5	2;9;142;208
1186	6	5;7;80;286
1186	7	4;5;142;260
1186	8	4;7;112;134
1188	1	3;12;24
1188	2	5;22;30
1188	3	6;27;38
1188	4	6;11;14
1188	5	4;25;30
1188	6	3;24;28
1188	7	2;15;20
1188	8	6;31;34
1190	1	3;10;28
1190	2	3;9;46
1190	3	3;4;60
1190	4	3;13;54
1190	5	3;6;36
1190	6	3;11;50
1190	7	3;6;20
1190	8	3;6;16
1192	1	3;186
1192	2	3;198
1192	3	3;234
1192	4	3;66
1192	5	3;240
1192	6	3;162
1192	7	3;180
1192	8	3;96
1196	1	24
1196	2	64
1196	3	44
1196	4	56
1196	5	72
1196	6	76
1196	7	32
1196	8	28
1197	1	8;14;61
1197	2	10;13;66
1197	3	7;12;48
1197	4	4;8;20
1197	5	8;12;67
1197	6	10;11;58
1197	7	8;16;72
1197	8	6;12;52
1198	1	285
1198	2	260
1198	3	220
1198	4	100
1198	5	150
1198	6	210
1198	7	180
1198	8	120
1200	1	3;6;11;21;28
1200	2	2;8;9;12;27
1200	3	2;6;11;18;26
1200	4	3;5;6;16;31
1200	5	5;7;20;29;30
1200	6	4;6;11;14;32
1200	7	5;7;20;21;37
1200	8	2;6;19;22;31
1201	1	13;55;117
1201	2	22;34;175
1201	3	24;54;156
1201	4	35;59;179
1201	5	23;46;144
1201	6	36;42;103
1201	7	38;47;180
1201	8	18;66;139
1204	1	15;17
1204	2	5;34
1204	3	10;36
1204	4	12;25
1204	5	8;21
1204	6	6;26
1204	7	9;27
1204	8	14;32
1207	1	4;13
1207	2	6;13
1207	3	5;13
1207	4	8;10
1207	5	3;4
1207	6	4;6
1207	7	8;9
1207	8	7;8
1212	1	8;39
1212	2	3;42
1212	3	3;33
1212	4	7;45
1212	5	4;29
1212	6	6;30
1212	7	3;35
1212	8	4;12
1216	1	15;18;21
1216	2	12;17;22
1216	3	7;8;17
1216	4	19;20;21
1216	5	22;23;24
1216	6	10;15;20
1216	7	6;15;24
1216	8	7;8;25
1217	1	3;5;13;17
1217	2	5;7;15;27
1217	3	5;6;8;10
1217	4	2;3;8;10
1217	5	2;3;14;16
1217	6	3;4;11;17
1217	7	4;5;9;21
1217	8	5;6;17;25
1219	1	3;5;9;15
1219	2	4;5;8;13
1219	3	4;5;12;16
1219	4	3;5;9;11
1219	5	4;5;12;13
1219	6	4;5;8;9
1219	7	2;4;10;13
1219	8	4;5;10;14
1220	1	787
1220	2	477
1220	3	415
1220	4	584
1220	5	1180
1220	6	859
1220	7	1121
1220	8	713
1221	1	3;4;8;9;15
1221	2	3;4;8;11;17
1221	3	2;3;7;10;12
1221	4	3;4;8;9;11
1221	5	2;3;7;8;10
1221	6	4;5;9;10;14
1221	7	3;5;8;11;13
1221	8	3;4;8;9;13
1223	1	2;5;23
1223	2	2;3;15
1223	3	2;3;23
1223	4	2;5;19
1223	5	3;4;20
1223	6	2;3;19
1223	7	2;5;15
1223	8	2;3;11
1225	1	18;30;45;53
1225	2	19;22;46;52
1225	3	25;30;48;58
1225	4	15;20;27;33
1225	5	15;17;20;30
1225	6	15;21;47;55
1225	7	18;25;35;37
1225	8	17;24;28;34
1228	1	15;655
1228	2	12;704
1228	3	21;259
1228	4	24;280
1228	5	15;320
1228	6	30;360
1228	7	24;384
1228	8	21;504
1235	1	4;5;12;40
1235	2	3;4;11;29
1235	3	4;5;8;35
1235	4	3;4;9;26
1235	5	3;5;13;38
1235	6	3;5;8;30
1235	7	3;5;12;34
1235	8	3;6;10;36
1241	1	4;10;3545
1241	2	3;12;4467
1241	3	2;12;1685
1241	4	4;11;5378
1241	5	3;4;3182
1241	6	2;14;4355
1241	7	4;6;3352
1241	8	4;5;5320
1243	1	3;9;1137
1243	2	4;6;1156
1243	3	3;13;693
1243	4	2;20;1034
1243	5	4;6;988
1243	6	2;20;352
1243	7	2;8;718
1243	8	4;18;524
1244	1	5;15
1244	2	4;18
1244	3	5;9
1244	4	4;8
1244	5	4;11
1244	6	5;6
1244	7	3;13
1244	8	2;20
1247	1	9;16;925
1247	2	6;9;360
1247	3	6;8;861
1247	4	6;9;345
1247	5	7;11;990
1247	6	7;10;289
1247	7	6;9;685
1247	8	6;10;368
1248	1	9;42
1248	2	7;48
1248	3	8;38
1248	4	5;12
1248	5	11;44
1248	6	6;40
1248	7	13;28
1248	8	18;48
1249	1	20;62;100
1249	2	13;55;117
1249	3	14;24;140
1249	4	19;35;114
1249	5	13;47;52
1249	6	27;55;81
1249	7	18;50;72
1249	8	17;87;136
1254	1	3;11;71
1254	2	4;8;64
1254	3	2;10;46
1254	4	3;9;67
1254	5	2;5;82
1254	6	3;11;31
1254	7	4;5;80
1254	8	2;4;42
1255	1	10;49
1255	2	5;22
1255	3	6;17
1255	4	9;28
1255	5	6;19
1255	6	5;18
1255	7	10;45
1255	8	7;38
1256	1	4;11;13;16
1256	2	4;5;7;12
1256	3	6;11;15;22
1256	4	8;15;16;24
1256	5	4;12;13;16
1256	6	7;10;13;23
1256	7	5;14;16;17
1256	8	7;10;12;23
1257	1	2232
1257	2	2155
1257	3	3048
1257	4	1154
1257	5	2407
1257	6	1819
1257	7	2120
1257	8	3234
1259	1	6
1259	2	11
1259	3	5
1259	4	12
1259	5	9
1259	6	10
1259	7	13
1259	8	8
1260	1	23;82
1260	2	21;115
1260	3	23;124
1260	4	17;65
1260	5	9;43
1260	6	13;40
1260	7	14;109
1260	8	6;70
1264	1	17;27;72
1264	2	20;41;149
1264	3	22;23;111
1264	4	14;36;79
1264	5	18;30;106
1264	6	11;19;193
1264	7	23;40;200
1264	8	18;38;110
1266	1	26
1266	2	28
1266	3	17
1266	4	38
1266	5	21
1266	6	40
1266	7	19
1266	8	31
1267	1	38;131;185;874;1533;2494
1267	2	82;151;157;718;1239;1821
1267	3	51;52;178;403;797;2554
1267	4	74;86;185;710;1227;2376
1267	5	96;159;177;890;1330;2757
1267	6	112;138;159;576;1109;1845
1267	7	94;116;207;800;1553;1870
1267	8	48;100;149;778;1107;1707
1269	1	13;28;37;67;73;85
1269	2	9;20;35;43;82;160
1269	3	8;15;56;70;84;135
1269	4	18;25;56;96;110;140
1269	5	13;24;45;95;102;150
1269	6	6;17;50;100;101;145
1269	7	18;19;52;84;115;132
1269	8	5;11;31;39;43;137
1272	1	4;700
1272	2	8;400
1272	3	10;880
1272	4	8;550
1272	5	5;440
1272	6	4;450
1272	7	10;950
1272	8	10;670
1275	1	10;16;28
1275	2	12;18;46
1275	3	10;25;30
1275	4	7;31;55
1275	5	12;18;52
1275	6	8;24;38
1275	7	10;35;46
1275	8	5;39;53
1277	1	2;5;110
1277	2	3;4;100
1277	3	2;3;90
1277	4	3;4;124
1277	5	3;5;105
1277	6	3;4;112
1277	7	4;7;119
1277	8	2;3;69
1280	1	40;73;1862
1280	2	22;94;1331
1280	3	40;112;2612
1280	4	16;129;1342
1280	5	33;45;1167
1280	6	10;90;709
1280	7	27;155;2459
1280	8	26;81;1970
1281	1	39836
1281	2	14083
1281	3	30187
1281	4	38273
1281	5	36985
1281	6	15001
1281	7	31607
1281	8	16818
1282	1	240
1282	2	80
1282	3	176
1282	4	160
1282	5	208
1282	6	96
1282	7	224
1282	8	112
1285	1	30
1285	2	24
1285	3	11
1285	4	29
1285	5	17
1285	6	38
1285	7	34
1285	8	16
1286	1	8
1286	2	24
1286	3	20
1286	4	10
1286	5	14
1286	6	6
1286	7	18
1286	8	16
1289	1	15;20;44;96
1289	2	11;38;51;93
1289	3	7;13;60;92
1289	4	10;20;40;96
1289	5	14;33;49;81
1289	6	10;14;16;86
1289	7	15;19;29;79
1289	8	7;18;20;92
1290	1	10
1290	2	7
1290	3	11
1290	4	4
1290	5	8
1290	6	5
1290	7	12
1290	8	9
1291	1	18;28;58
1291	2	8;48;58
1291	3	25;44;81
1291	4	16;26;50
1291	5	20;37;64
1291	6	15;25;49
1291	7	16;36;58
1291	8	14;17;32
1292	1	7;8;10;40
1292	2	8;9;10;37
1292	3	7;8;10;72
1292	4	8;9;10;45
1292	5	6;7;11;51
1292	6	7;8;11;80
1292	7	5;10;11;54
1292	8	5;6;11;46
1297	1	45
1297	2	75
1297	3	80
1297	4	65
1297	5	70
1297	6	30
1297	7	20
1297	8	35
1301	1	4;14;17
1301	2	4;8;11
1301	3	5;7;28
1301	4	4;10;25
1301	5	4;13;32
1301	6	2;4;31
1301	7	3;12;29
1301	8	5;15;39
1302	1	33;65
1302	2	35;36
1302	3	28;34
1302	4	34;65
1302	5	67;72
1302	6	46;91
1302	7	21;62
1302	8	27;45
1304	1	1;5;45;48;655
1304	2	1;4;61;62;713
1304	3	1;5;44;52;801
1304	4	1;5;61;62;518
1304	5	1;3;62;96;468
1304	6	1;5;52;98;704
1304	7	1;5;21;38;904
1304	8	1;3;35;68;478
1307	1	4;5;27
1307	2	3;5;19
1307	3	4;5;26
1307	4	3;4;23
1307	5	3;4;22
1307	6	3;5;18
1307	7	4;5;25
1307	8	3;4;14
1309	1	3;10;12
1309	2	2;13;14
1309	3	2;11;18
1309	4	2;12;22
1309	5	3;9;15
1309	6	2;11;16
1309	7	3;10;13
1309	8	3;8;17
1315	1	5;7;10
1315	2	6;12;13
1315	3	3;12;13
1315	4	6;11;13
1315	5	9;13;14
1315	6	7;9;13
1315	7	5;8;14
1315	8	4;9;10
1318	1	3;89;131
1318	2	2;94;132
1318	3	4;36;114
1318	4	3;117;135
1318	5	2;72;130
1318	6	3;59;109
1318	7	3;43;91
1318	8	4;36;92
1320	1	5;10;11;39
1320	2	6;12;15;42
1320	3	3;5;8;35
1320	4	7;12;13;25
1320	5	3;5;11;45
1320	6	7;9;10;17
1320	7	5;6;23;37
1320	8	5;7;23;47
1321	1	12;200
1321	2	10;150
1321	3	16;200
1321	4	8;275
1321	5	10;180
1321	6	10;120
1321	7	15;180
1321	8	12;300
1324	1	4;38
1324	2	5;85
1324	3	4;78
1324	4	4;42
1324	5	4;56
1324	6	4;74
1324	7	4;28
1324	8	4;82
1325	1	1970
1325	2	500
1325	3	1010
1325	4	1420
1325	5	1810
1325	6	590
1325	7	1850
1325	8	1180
1326	1	2;24;72
1326	2	2;20;51
1326	3	2;56;142
1326	4	3;36;111
1326	5	3;36;115
1326	6	5;40;106
1326	7	3;36;145
1326	8	2;34;46
1327	1	34;174
1327	2	38;296
1327	3	36;140
1327	4	17;354
1327	5	25;142
1327	6	28;262
1327	7	32;210
1327	8	12;324
1328	1	1;2;4;30
1328	2	1;2;4;12
1328	3	1;4;5;10
1328	4	1;4;7;14
1328	5	1;4;8;30
1328	6	1;4;8;36
1328	7	1;4;6;30
1328	8	1;2;5;35
1334	1	156;228;1842
1334	2	82;230;1848
1334	3	157;162;2635
1334	4	81;117;2394
1334	5	89;190;1653
1334	6	120;257;2717
1334	7	209;212;2611
1334	8	138;196;1582
1335	1	8
1335	2	7
1335	3	17
1335	4	21
1335	5	16
1335	6	10
1335	7	14
1335	8	6
1338	1	1;4;5;12
1338	2	1;2;5;23
1338	3	1;2;4;17
1338	4	1;4;5;21
1338	5	1;2;5;24
1338	6	1;2;4;15
1338	7	1;2;3;14
1338	8	1;4;5;13
1339	1	4;9;18
1339	2	2;3;8
1339	3	4;6;11
1339	4	2;7;20
1339	5	7;9;10
1339	6	2;4;13
1339	7	7;9;18
1339	8	6;8;9
1343	1	928;1932
1343	2	889;2149
1343	3	297;839
1343	4	651;1691
1343	5	923;2297
1343	6	900;2336
1343	7	667;1801
1343	8	352;910
1345	1	569;7448
1345	2	567;7739
1345	3	566;7184
1345	4	495;6513
1345	5	348;5971
1345	6	311;6281
1345	7	865;9077
1345	8	816;9034
1346	1	39;78
1346	2	20;35
1346	3	21;84
1346	4	19;76
1346	5	26;39
1346	6	38;57
1346	7	14;35
1346	8	38;95
1347	1	5;6
1347	2	5;8
1347	3	5;9
1347	4	4;6
1347	5	4;5
1347	6	3;4
1347	7	4;7
1347	8	5;7
1349	1	9;22;23
1349	2	7;16;21
1349	3	11;25;29
1349	4	8;21;22
1349	5	11;20;29
1349	6	11;14;19
1349	7	4;13;14
1349	8	5;22;23
1351	1	9;396
1351	2	11;176
1351	3	14;308
1351	4	12;168
1351	5	10;120
1351	6	6;216
1351	7	11;286
1351	8	6;258
1352	1	18
1352	2	15
1352	3	9
1352	4	11
1352	5	20
1352	6	13
1352	7	17
1352	8	16
1353	1	16;42
1353	2	25;48
1353	3	24;31
1353	4	21;44
1353	5	26;42
1353	6	20;21
1353	7	26;30
1353	8	26;48
1354	1	4;5;7;36
1354	2	3;6;12;27
1354	3	3;4;6;25
1354	4	2;8;10;18
1354	5	2;8;10;22
1354	6	2;5;7;26
1354	7	2;8;14;19
1354	8	4;5;19;28
1355	1	8;32
1355	2	5;74
1355	3	8;38
1355	4	7;27
1355	5	10;73
1355	6	11;23
1355	7	7;56
1355	8	10;78
1358	1	4;9;38
1358	2	3;16;47
1358	3	4;18;29
1358	4	3;17;34
1358	5	5;16;35
1358	6	3;14;33
1358	7	5;19;24
1358	8	3;18;33
1359	1	24;65
1359	2	22;50
1359	3	18;72
1359	4	11;33
1359	5	21;51
1359	6	17;66
1359	7	19;63
1359	8	16;65
1360	1	7;10
1360	2	6;23
1360	3	20;26
1360	4	13;23
1360	5	14;18
1360	6	21;27
1360	7	7;14
1360	8	14;15
1362	1	4;31;39
1362	2	6;36;50
1362	3	5;77;96
1362	4	6;51;67
1362	5	3;48;79
1362	6	8;72;86
1362	7	3;59;84
1362	8	6;70;82
1364	1	5;22;165;357;647
1364	2	4;7;163;169;492
1364	3	9;12;200;375;559
1364	4	8;17;122;326;536
1364	5	6;17;212;308;394
1364	6	7;22;81;210;465
1364	7	9;14;208;316;499
1364	8	3;20;127;145;305
1366	1	25
1366	2	18
1366	3	24
1366	4	26
1366	5	29
1366	6	35
1366	7	40
1366	8	38
1368	1	3;6
1368	2	4;6
1368	3	3;5
1368	4	4;7
1368	5	5;8
1368	6	5;7
1368	7	3;8
1368	8	3;7
1371	1	6334
1371	2	7170
1371	3	6636
1371	4	10984
1371	5	10862
1371	6	11196
1371	7	6452
1371	8	8980
1373	1	14245
1373	2	22360
1373	3	37450
1373	4	24205
1373	5	25925
1373	6	13705
1373	7	12325
1373	8	38495
1375	1	2;6;10;13;16;258
1375	2	2;11;13;20;24;516
1375	3	3;11;15;21;23;483
1375	4	2;7;13;20;21;414
1375	5	5;7;9;10;15;361
1375	6	2;10;20;24;26;461
1375	7	2;11;13;20;30;485
1375	8	2;12;18;21;29;421
1377	1	38;77
1377	2	40;55
1377	3	16;25
1377	4	30;69
1377	5	32;47
1377	6	48;51
1377	7	30;81
1377	8	24;87
1379	1	5;7;12;105
1379	2	3;9;10;80
1379	3	6;7;12;94
1379	4	3;7;12;119
1379	5	3;7;12;91
1379	6	6;9;10;74
1379	7	7;9;10;83
1379	8	8;9;10;71
1381	1	3;12;100
1381	2	2;27;125
1381	3	5;24;77
1381	4	2;27;202
1381	5	4;15;148
1381	6	2;23;63
1381	7	4;23;71
1381	8	5;26;97
1387	1	5;60;95
1387	2	3;25;44
1387	3	3;33;42
1387	4	3;64;71
1387	5	5;64;101
1387	6	5;29;56
1387	7	3;51;60
1387	8	5;24;61
1388	1	2;5;10;14
1388	2	3;4;7;14
1388	3	2;4;13;19
1388	4	3;4;7;24
1388	5	3;4;11;14
1388	6	2;5;6;13
1388	7	3;4;5;16
1388	8	3;4;5;6
1391	1	3;5;11;17
1391	2	2;4;16;24
1391	3	2;4;14;17
1391	4	3;5;15;18
1391	5	2;5;12;29
1391	6	2;4;18;19
1391	7	3;5;17;20
1391	8	3;5;11;26
1393	1	13;17;21;684
1393	2	12;20;44;932
1393	3	8;13;22;340
1393	4	12;14;46;798
1393	5	10;11;32;465
1393	6	12;24;34;835
1393	7	10;17;20;469
1393	8	6;19;38;438
1394	1	159
1394	2	160
1394	3	295
1394	4	264
1394	5	205
1394	6	110
1394	7	225
1394	8	280
1396	1	1.95;25;47;120;132
1396	2	2.76;30;37;106;155
1396	3	6.3;30;31;83;155
1396	4	3.3;14;15;121;127
1396	5	4;26;46;133;139
1396	6	2.8;20;33;121;161
1396	7	2.91;19;31;100;150
1396	8	2.3;22;25;118;151
1404	1	3;4;12
1404	2	2;7;11
1404	3	5;7;14
1404	4	3;5;6
1404	5	4;8;9
1404	6	2;8;17
1404	7	3;4;10
1404	8	4;6;9
1406	1	3;11;25
1406	2	2;11;50
1406	3	4;8;27
1406	4	3;10;22
1406	5	3;6;25
1406	6	5;15;45
1406	7	3;7;28
1406	8	4;16;38
1408	1	11;28
1408	2	19;48
1408	3	10;31
1408	4	15;51
1408	5	20;42
1408	6	18;33
1408	7	19;49
1408	8	12;29
1415	1	10;11
1415	2	3;6
1415	3	3;11
1415	4	9;11
1415	5	9;13
1415	6	10;13
1415	7	5;8
1415	8	8;11
1418	1	5;8;25;344
1418	2	4;10;25;257
1418	3	7;9;24;320
1418	4	4;8;18;179
1418	5	6;8;21;379
1418	6	5;14;37;382
1418	7	6;11;32;364
1418	8	5;7;31;310
1422	1	6;10;30
1422	2	4;12;16
1422	3	7;15;21
1422	4	3;6;20
1422	5	8;15;24
1422	6	4;8;16
1422	7	2;6;15
1422	8	3;5;20
1428	1	4;5;20;24
1428	2	4;6;10;12
1428	3	4;5;22;40
1428	4	5;7;15;30
1428	5	4;6;25;35
1428	6	5;8;19;34
1428	7	5;8;18;38
1428	8	4;6;16;31
1432	1	28922
1432	2	18646
1432	3	28044
1432	4	13484
1432	5	17020
1432	6	11142
1432	7	25878
1432	8	9594
1434	1	1;2;4;8;12
1434	2	1;2;5;6;10
1434	3	1;2;5;6;16
1434	4	1;4;5;7;8
1434	5	1;2;4;5;11
1434	6	1;2;3;4;13
1434	7	1;2;3;5;14
1434	8	1;2;3;5;12
1437	1	1;2;32;33
1437	2	1;3;26;62
1437	3	1;4;48;75
1437	4	1;5;32;70
1437	5	1;3;28;37
1437	6	1;2;32;64
1437	7	1;2;26;80
1437	8	1;5;18;51
1440	1	1;2;3;24;37
1440	2	1;2;3;8;14
1440	3	1;4;5;12;25
1440	4	1;4;5;10;21
1440	5	1;2;3;12;18
1440	6	1;4;5;16;34
1440	7	1;2;4;24;40
1440	8	1;2;4;22;39
1441	1	1.1;4;13
1441	2	2.3;5;7
1441	3	1.5;2;4
1441	4	2.8;3;5
1441	5	1.1;5;9
1441	6	2.3;4;9
1441	7	2;3;8
1441	8	2.3;5;8
1444	1	24
1444	2	40
1444	3	32
1444	4	26
1444	5	22
1444	6	18
1444	7	14
1444	8	16
1448	1	3;8;30
1448	2	3;6;50
1448	3	3;9;34
1448	4	3;4;40
1448	5	3;9;48
1448	6	3;7;48
1448	7	3;7;46
1448	8	3;8;42
1456	1	5;6;9;13
1456	2	3;5;6;8
1456	3	6;7;10;15
1456	4	2;5;8;9
1456	5	6;8;11;13
1456	6	2;8;11;14
1456	7	2;9;10;12
1456	8	6;7;8;11
1458	1	4;20;30
1458	2	3;11;28
1458	3	4;11;31
1458	4	2;9;33
1458	5	4;17;32
1458	6	3;7;16
1458	7	3;7;21
1458	8	3;7;36
1462	1	4;136
1462	2	2;188
1462	3	3;117
1462	4	2;68
1462	5	6;162
1462	6	4;128
1462	7	2;132
1462	8	5;85
1464	1	3816
1464	2	9215
1464	3	12335
1464	4	8211
1464	5	4492
1464	6	7981
1464	7	8673
1464	8	10097
1465	1	11;23
1465	2	11;22
1465	3	9;10
1465	4	9;18
1465	5	9;20
1465	6	10;18
1465	7	8;18
1465	8	16;23
1466	1	3;17;31
1466	2	4;10;18
1466	3	2;12;34
1466	4	3;5;55
1466	5	4;14;42
1466	6	2;8;34
1466	7	3;9;33
1466	8	3;5;51
1468	1	123;164
1468	2	132;173
1468	3	116;162
1468	4	131;165
1468	5	55;82
1468	6	72;97
1468	7	63;81
1468	8	53;79
1469	1	4;48
1469	2	3;15
1469	3	4;32
1469	4	5;45
1469	5	4;24
1469	6	3;27
1469	7	4;20
1469	8	5;35
1472	1	6;11;17
1472	2	8;11;13
1472	3	3;5;11
1472	4	4;7;19
1472	5	8;12;14
1472	6	4;6;18
1472	7	6;8;12
1472	8	5;8;14
1473	1	18;32
1473	2	19;24
1473	3	24;26
1473	4	15;26
1473	5	12;22
1473	6	7;13
1473	7	12;20
1473	8	25;27
1477	1	2;10;392
1477	2	2;10;423
1477	3	2;10;781
1477	4	2;6;783
1477	5	2;8;607
1477	6	2;10;974
1477	7	2;8;748
1477	8	2;10;876
1478	1	181;273;861
1478	2	151;354;966
1478	3	331;401;1313
1478	4	150;203;701
1478	5	259;433;1245
1478	6	279;463;1457
1478	7	287;432;1312
1478	8	129;350;874
1482	1	9
1482	2	12
1482	3	7
1482	4	15
1482	5	10
1482	6	13
1482	7	14
1482	8	16
1486	1	7;18
1486	2	4;15
1486	3	6;15
1486	4	3;8
1486	5	9;22
1486	6	2;25
1486	7	4;19
1486	8	5;18
1488	1	17
1488	2	16
1488	3	7
1488	4	5
1488	5	12
1488	6	19
1488	7	14
1488	8	9
1491	1	14;341
1491	2	18;431
1491	3	15;482
1491	4	10;348
1491	5	9;245
1491	6	19;504
1491	7	15;364
1491	8	8;277
1492	1	4;16
1492	2	4;12
1492	3	3;15
1492	4	4;9
1492	5	5;16
1492	6	3;7
1492	7	2;11
1492	8	2;9
1494	1	11;26
1494	2	11;24
1494	3	13;29
1494	4	8;20
1494	5	10;21
1494	6	10;26
1494	7	12;29
1494	8	12;28
1501	1	83645
1501	2	73554
1501	3	68943
1501	4	49160
1501	5	92494
1501	6	32914
1501	7	97432
1501	8	86114
1502	1	4;27
1502	2	4;24
1502	3	3;22
1502	4	3;25
1502	5	5;26
1502	6	3;21
1502	7	3;24
1502	8	4;22
1503	1	34
1503	2	22
1503	3	30
1503	4	18
1503	5	38
1503	6	40
1503	7	12
1503	8	24
1507	1	3;5;46
1507	2	4;5;54
1507	3	5;8;36
1507	4	4;6;76
1507	5	4;7;80
1507	6	5;7;58
1507	7	3;8;34
1507	8	5;8;20
1508	1	9;279
1508	2	7;474
1508	3	7;578
1508	4	5;426
1508	5	9;655
1508	6	7;365
1508	7	5;441
1508	8	7;502
1514	1	4;5
1514	2	5;14
1514	3	4;19
1514	4	5;16
1514	5	5;7
1514	6	5;20
1514	7	3;13
1514	8	4;17
1515	1	3;17;177
1515	2	8;10;194
1515	3	9;13;199
1515	4	2;12;190
1515	5	7;9;103
1515	6	5;17;247
1515	7	6;12;82
1515	8	3;9;281
1516	1	2;7;1971
1516	2	2;9;5423
1516	3	3;17;3900
1516	4	2;8;3230
1516	5	4;5;4680
1516	6	3;8;5368
1516	7	4;20;3570
1516	8	2;8;3755
1517	1	5;7;20
1517	2	2;7;17
1517	3	2;5;13
1517	4	5;6;18
1517	5	4;7;21
1517	6	3;5;14
1517	7	5;7;21
1517	8	3;7;19
1518	1	12;48
1518	2	24;116
1518	3	22;110
1518	4	14;84
1518	5	22;114
1518	6	24;156
1518	7	46;142
1518	8	40;156
1519	1	9;13;15;21
1519	2	7;9;15;17
1519	3	4;16;24;29
1519	4	10;14;18;25
1519	5	6;12;14;27
1519	6	11;19;25;29
1519	7	8;12;18;28
1519	8	8;16;20;26
1523	1	1;1110
1523	2	1;966
1523	3	1;1950
1523	4	1;1314
1523	5	1;2184
1523	6	1;786
1523	7	1;1614
1523	8	1;2244
1524	1	45
1524	2	80
1524	3	70
1524	4	41
1524	5	58
1524	6	35
1524	7	60
1524	8	39
1525	1	312
1525	2	360
1525	3	384
1525	4	336
1525	5	264
1525	6	176
1525	7	112
1525	8	400
1526	1	40
1526	2	29
1526	3	38
1526	4	11
1526	5	24
1526	6	33
1526	7	20
1526	8	27
1527	1	4;16
1527	2	4;17
1527	3	3;14
1527	4	3;19
1527	5	3;23
1527	6	3;8
1527	7	4;8
1527	8	3;10
1528	1	17;41;60
1528	2	19;50;83
1528	3	18;65;97
1528	4	12;33;55
1528	5	35;46;90
1528	6	22;64;99
1528	7	23;64;88
1528	8	30;39;75
1529	1	2205;9165
1529	2	1149;2519
1529	3	2572;9902
1529	4	3783;9483
1529	5	2656;5476
1529	6	1193;4053
1529	7	3300;9220
1529	8	2219;5599
1533	1	6
1533	2	13
1533	3	12
1533	4	11
1533	5	5
1533	6	9
1533	7	16
1533	8	10
1537	1	4
1537	2	9
1537	3	12
1537	4	13
1537	5	10
1537	6	3
1537	7	6
1537	8	8
1539	1	81;6550
1539	2	48;3900
1539	3	49;4720
1539	4	59;3380
1539	5	115;9050
1539	6	150;10030
1539	7	43;10190
1539	8	78;4620
1541	1	4;6;12
1541	2	5;6;15
1541	3	4;9;12
1541	4	15;16;24
1541	5	8;12;24
1541	6	14;15;21
1541	7	6;16;24
1541	8	6;7;21
1543	1	16
1543	2	24
1543	3	40
1543	4	30
1543	5	36
1543	6	32
1543	7	34
1543	8	28
1546	1	3;20;21;24
1546	2	4;18;28;33
1546	3	3;17;21;27
1546	4	3;11;12;36
1546	5	3;13;18;35
1546	6	3;11;18;36
1546	7	3;10;15;35
1546	8	3;9;24;27
1551	1	1;2;5
1551	2	1;4;7
1551	3	1;2;9
1551	4	1;4;9
1551	5	1;3;7
1551	6	1;4;5
1551	7	1;2;7
1551	8	1;5;9
1553	1	2;13;31
1553	2	2;13;30
1553	3	2;9;22
1553	4	2;7;19
1553	5	3;17;44
1553	6	2;14;27
1553	7	2;21;39
1553	8	3;21;43
1554	1	6;48;49
1554	2	3;24;52
1554	3	5;30;31
1554	4	3;24;42
1554	5	5;45;46
1554	6	4;28;59
1554	7	3;24;34
1554	8	4;28;41
1555	1	7;21;98
1555	2	5;10;40
1555	3	8;31;91
1555	4	6;21;69
1555	5	9;14;64
1555	6	5;30;92
1555	7	8;11;55
1555	8	5;30;60
1556	1	2;6;30
1556	2	3;5;29
1556	3	3;5;23
1556	4	2;6;24
1556	5	2;3;23
1556	6	2;7;31
1556	7	2;4;20
1556	8	2;4;24
1557	1	51;363
1557	2	19;148
1557	3	54;396
1557	4	38;270
1557	5	38;257
1557	6	47;288
1557	7	28;190
1557	8	26;177
1561	1	1;4;30;92
1561	2	1;6;24;78
1561	3	1;5;21;70
1561	4	1;6;19;78
1561	5	1;4;34;82
1561	6	1;7;11;42
1561	7	1;4;35;76
1561	8	1;4;17;50
1562	1	2;8;20
1562	2	5;20;40
1562	3	5;20;28
1562	4	3;13;39
1562	5	3;12;36
1562	6	4;18;54
1562	7	3;9;15
1562	8	3;15;45
1563	1	28;30
1563	2	27;102
1563	3	39;53
1563	4	58;76
1563	5	30;55
1563	6	25;112
1563	7	15;78
1563	8	36;54
1564	1	2;10;23;64;253
1564	2	2;9;19;62;225
1564	3	4;15;41;44;255
1564	4	3;14;16;43;232
1564	5	4;16;37;42;259
1564	6	3;11;12;51;204
1564	7	2;11;19;48;273
1564	8	3;11;20;66;276
1566	1	171;1458;2146
1566	2	69;1472;2015
1566	3	214;1325;1507
1566	4	65;1332;1549
1566	5	94;1169;1541
1566	6	69;1064;1242
1566	7	166;1121;1186
1566	8	61;972;1216
1568	1	7;32
1568	2	5;34
1568	3	7;53
1568	4	4;38
1568	5	7;39
1568	6	5;20
1568	7	7;40
1568	8	5;54
1571	1	7;20
1571	2	10;21
1571	3	5;27
1571	4	9;23
1571	5	8;13
1571	6	8;19
1571	7	11;29
1571	8	6;29
1572	1	2;5;7;9;20
1572	2	2;5;8;9;30
1572	3	2;3;4;5;11
1572	4	4;5;6;7;37
1572	5	4;5;6;7;34
1572	6	2;5;8;9;36
1572	7	2;3;4;5;40
1572	8	3;4;5;6;26
1574	1	27;47
1574	2	34;46
1574	3	30;32
1574	4	39;63
1574	5	40;58
1574	6	30;92
1574	7	31;91
1574	8	18;42
1576	1	6;4566
1576	2	5;8878
1576	3	3;11680
1576	4	3;6206
1576	5	6;3970
1576	6	3;3542
1576	7	3;3812
1576	8	4;4722
1580	1	12;13;23
1580	2	7;9;12
1580	3	12;21;23
1580	4	5;11;12
1580	5	7;19;24
1580	6	10;20;23
1580	7	11;12;16
1580	8	5;12;18
1582	1	14;19
1582	2	19;26
1582	3	12;26
1582	4	5;8
1582	5	7;24
1582	6	16;29
1582	7	17;19
1582	8	6;14
1584	1	14
1584	2	19
1584	3	12
1584	4	5
1584	5	7
1584	6	16
1584	7	17
1584	8	6
1589	1	9;16;36;115;182;491
1589	2	4;12;36;140;288;494
1589	3	7;14;26;126;365;403
1589	4	9;15;34;123;124;583
1589	5	3;16;21;81;195;390
1589	6	4;21;28;79;244;306
1589	7	2;14;27;124;318;507
1589	8	2;14;15;183;368;430
1591	1	5;2839;4063
1591	2	14;1124;5458
1591	3	14;1624;6818
1591	4	7;3137;6037
1591	5	15;3469;3913
1591	6	6;2228;2978
1591	7	11;2429;5061
1591	8	11;1133;2123
1592	1	1;3;24
1592	2	1;2;28
1592	3	1;2;10
1592	4	1;4;24
1592	5	1;2;20
1592	6	1;5;35
1592	7	1;3;30
1592	8	1;2;16
1594	1	33;146
1594	2	37;168
1594	3	29;135
1594	4	17;73
1594	5	30;147
1594	6	22;100
1594	7	36;149
1594	8	25;124
1596	1	4;387
1596	2	3;492
1596	3	2;577
1596	4	4;228
1596	5	3;779
1596	6	2;286
1596	7	4;540
1596	8	2;608
1598	1	38;351
1598	2	23;302
1598	3	10;580
1598	4	26;594
1598	5	24;627
1598	6	31;435
1598	7	19;637
1598	8	10;723
1601	1	3;6;107;472
1601	2	3;6;83;704
1601	3	3;6;59;670
1601	4	3;6;91;584
1601	5	3;6;67;492
1601	6	4;7;52;518
1601	7	3;6;75;506
1601	8	4;7;60;364
1602	1	344;1546;11419
1602	2	640;1676;12925
1602	3	833;1405;6434
1602	4	909;1691;7724
1602	5	959;1573;11922
1602	6	390;1361;10971
1602	7	531;1435;9532
1602	8	338;1247;7305
1603	1	2;23;34
1603	2	5;10;24
1603	3	4;15;35
1603	4	5;12;15
1603	5	5;9;12
1603	6	5;10;32
1603	7	3;12;26
1603	8	2;7;11
1605	1	5;9;155
1605	2	3;4;128
1605	3	5;9;74
1605	4	6;8;184
1605	5	3;4;164
1605	6	6;8;104
1605	7	6;9;101
1605	8	7;10;100
1606	1	20;356;454
1606	2	13;408;550
1606	3	6;240;310
1606	4	15;152;288
1606	5	9;152;210
1606	6	17;332;452
1606	7	17;344;412
1606	8	13;156;228
1621	1	21
1621	2	18
1621	3	25
1621	4	12
1621	5	19
1621	6	28
1621	7	7
1621	8	20
1622	1	4;7;14
1622	2	4;8;18
1622	3	3;7;21
1622	4	2;6;21
1622	5	3;4;20
1622	6	3;5;15
1622	7	3;6;22
1622	8	2;3;6
1623	1	3;4;40
1623	2	5;7;49
1623	3	4;5;110
1623	4	2;4;72
1623	5	2;3;69
1623	6	2;7;105
1623	7	2;7;77
1623	8	3;6;30
1626	1	4;8;19
1626	2	7;9;14
1626	3	5;10;12
1626	4	3;8;10
1626	5	2;11;17
1626	6	9;11;16
1626	7	4;5;11
1626	8	2;7;9
1627	1	2;4;30;40
1627	2	2;3;46;72
1627	3	2;4;46;54
1627	4	3;4;95;131
1627	5	2;5;70;112
1627	6	3;5;63;133
1627	7	4;5;100;124
1627	8	2;3;58;106
1629	1	5;26
1629	2	5;45
1629	3	9;95
1629	4	15;81
1629	5	13;75
1629	6	15;74
1629	7	11;55
1629	8	5;52
1632	1	3;13
1632	2	6;9
1632	3	2;7
1632	4	5;10
1632	5	5;9
1632	6	5;7
1632	7	8;9
1632	8	7;9
1634	1	2;29;107
1634	2	2;32;46
1634	3	2;36;46
1634	4	3;32;76
1634	5	2;26;58
1634	6	2;36;108
1634	7	4;23;125
1634	8	4;21;91
1639	1	2;14;82
1639	2	2;22;94
1639	3	3;9;51
1639	4	2;18;58
1639	5	2;12;38
1639	6	2;20;94
1639	7	4;12;100
1639	8	2;20;70
1640	1	436
1640	2	533
1640	3	360
1640	4	573
1640	5	462
1640	6	375
1640	7	592
1640	8	506
1646	1	7;9;198
1646	2	3;9;378
1646	3	3;11;264
1646	4	3;9;306
1646	5	3;13;208
1646	6	7;15;240
1646	7	5;7;140
1646	8	5;13;260
1648	1	11;31;45;74;155
1648	2	27;33;52;109;210
1648	3	13;37;58;115;222
1648	4	10;42;53;110;242
1648	5	11;30;58;95;173
1648	6	15;17;55;103;188
1648	7	13;22;28;65;157
1648	8	33;34;39;78;157
1649	1	720
1649	2	440
1649	3	560
1649	4	400
1649	5	960
1649	6	360
1649	7	800
1649	8	780
1652	1	11;32;42
1652	2	13;55;61
1652	3	7;30;36
1652	4	10;20;29
1652	5	12;24;33
1652	6	7;23;24
1652	7	16;50;62
1652	8	17;36;48
1653	1	2;10
1653	2	2;16
1653	3	3;13
1653	4	3;11
1653	5	4;16
1653	6	2;12
1653	7	3;15
1653	8	2;14
1654	1	110;368
1654	2	109;339
1654	3	200;366
1654	4	139;257
1654	5	142;288
1654	6	160;198
1654	7	215;395
1654	8	68;308
1655	1	5292
1655	2	3144
1655	3	5448
1655	4	3948
1655	5	4008
1655	6	3900
1655	7	1800
1655	8	2328
1657	1	2793
1657	2	2052
1657	3	1503
1657	4	2574
1657	5	2847
1657	6	1029
1657	7	1062
1657	8	2541
1658	1	4
1658	2	5
1658	3	9
1658	4	8
1658	5	11
1658	6	7
1658	7	10
1658	8	12
1659	1	40;510
1659	2	37;1000
1659	3	28;550
1659	4	25;764
1659	5	32;1050
1659	6	12;1175
1659	7	20;925
1659	8	30;1200
1660	1	21
1660	2	18
1660	3	23
1660	4	13
1660	5	15
1660	6	20
1660	7	28
1660	8	19
1663	1	1;6;192
1663	2	1;12;228
1663	3	1;10;110
1663	4	1;8;136
1663	5	1;6;222
1663	6	1;10;210
1663	7	1;10;200
1663	8	1;14;238
1668	1	5;55
1668	2	3;78
1668	3	7;91
1668	4	3;90
1668	5	3;57
1668	6	2;108
1668	7	5;120
1668	8	3;81
1669	1	42;101;391
1669	2	56;67;346
1669	3	36;67;248
1669	4	73;77;356
1669	5	32;86;287
1669	6	39;79;282
1669	7	31;40;303
1669	8	24;80;380
1670	1	3;68
1670	2	3;48
1670	3	4;80
1670	4	2;30
1670	5	4;40
1670	6	2;72
1670	7	5;72
1670	8	3;44
1674	1	1.5;14;26
1674	2	1.5;24;95
1674	3	1.5;22;62
1674	4	1.5;26;84
1674	5	1.5;20;96
1674	6	1.5;16;30
1674	7	1.5;32;58
1674	8	1.5;32;85
1675	1	10;81;739
1675	2	14;71;439
1675	3	14;97;674
1675	4	20;117;545
1675	5	38;99;519
1675	6	22;41;901
1675	7	15;48;399
1675	8	15;99;681
1679	1	30;930;3535
1679	2	18;912;1701
1679	3	14;615;3584
1679	4	17;706;1615
1679	5	22;1334;1969
1679	6	35;610;2247
1679	7	21;987;1751
1679	8	20;698;2000
1682	1	3;37;52517
1682	2	2;31;33786
1682	3	3;22;29606
1682	4	2;35;19058
1682	5	3;20;27565
1682	6	2;16;34301
1682	7	3;14;28860
1682	8	3;39;45782
1683	1	6;7
1683	2	4;6
1683	3	2;12
1683	4	3;11
1683	5	5;9
1683	6	7;9
1683	7	4;10
1683	8	5;8
1684	1	16;106
1684	2	17;108
1684	3	16;108
1684	4	17;110
1684	5	21;142
1684	6	27;172
1684	7	23;158
1684	8	23;142
1686	1	9
1686	2	8
1686	3	15
1686	4	18
1686	5	13
1686	6	20
1686	7	11
1686	8	6
1688	1	8.8;12.2
1688	2	16.1;17.9
1688	3	11;17
1688	4	15.6;18.4
1688	5	8.8;17.2
1688	6	7.9;11.1
1688	7	6;10
1688	8	15.9;18.1
1689	1	2;5;6940
1689	2	2;9;3726
1689	3	2;9;6516
1689	4	2;5;6660
1689	5	2;5;7040
1689	6	2;5;4180
1689	7	2;5;3850
1689	8	2;9;2142
1691	1	5;11
1691	2	4;10
1691	3	3;5
1691	4	5;10
1691	5	2;3
1691	6	4;7
1691	7	2;11
1691	8	4;5
1692	1	2;4;10;22
1692	2	4;7;21;42
1692	3	3;5;9;20
1692	4	3;5;10;45
1692	5	2;4;14;34
1692	6	4;5;14;30
1692	7	2;3;13;24
1692	8	4;8;16;44
1694	1	2;12;660;1154
1694	2	3;17;358;871
1694	3	4;10;708;856
1694	4	3;13;457;566
1694	5	2;20;542;966
1694	6	3;13;271;395
1694	7	3;9;641;815
1694	8	2;12;425;557
1695	1	4;10
1695	2	8;30
1695	3	2;10
1695	4	6;30
1695	5	6;20
1695	6	8;20
1695	7	4;40
1695	8	7;40
1696	1	142
1696	2	106
1696	3	130
1696	4	172
1696	5	122
1696	6	160
1696	7	92
1696	8	168
1697	1	10;31
1697	2	12;41
1697	3	12;39
1697	4	8;29
1697	5	8;25
1697	6	10;39
1697	7	8;33
1697	8	6;25
1699	1	12;147
1699	2	19;202
1699	3	14;167
1699	4	10;115
1699	5	20;197
1699	6	10;93
1699	7	17;194
1699	8	6;71
1700	1	20;19990;56880
1700	2	25;33384;35488
1700	3	12;14975;41282
1700	4	25;14036;29834
1700	5	20;15100;61676
1700	6	20;32715;57924
1700	7	24;27125;27924
1700	8	8;21475;33258
1701	1	8;176
1701	2	5;160
1701	3	5;210
1701	4	3;156
1701	5	4;192
1701	6	7;168
1701	7	4;176
1701	8	3;102
1702	1	3;4;100
1702	2	3;5;45
1702	3	3;5;60
1702	4	3;4;88
1702	5	2;3;93
1702	6	3;5;105
1702	7	3;4;48
1702	8	2;3;99
1709	1	302;453
1709	2	208;369
1709	3	264;459
1709	4	223;298
1709	5	314;391
1709	6	386;462
1709	7	253;426
1709	8	105;413
1713	1	6085;22619
1713	2	4128;39982
1713	3	4439;26813
1713	4	3010;28812
1713	5	2301;14623
1713	6	5380;13706
1713	7	5783;19773
1713	8	5366;33008
1714	1	396
1714	2	206
1714	3	644
1714	4	792
1714	5	468
1714	6	620
1714	7	312
1714	8	576
1715	1	2;5;7;36;65
1715	2	3;6;13;33;92
1715	3	2;5;9;16;49
1715	4	2;9;13;32;93
1715	5	2;5;9;32;65
1715	6	3;6;15;29;88
1715	7	2;5;8;24;61
1715	8	3;6;12;25;76
1716	1	5;9;42;197
1716	2	6;7;61;115
1716	3	6;7;56;123
1716	4	4;6;51;138
1716	5	5;7;52;179
1716	6	8;9;40;61
1716	7	7;9;102;181
1716	8	4;5;102;169
1718	1	4;9;23
1718	2	4;9;16
1718	3	4;13;25
1718	4	2;11;12
1718	5	5;8;24
1718	6	3;8;12
1718	7	4;11;17
1718	8	2;10;14
1720	1	392
1720	2	712
1720	3	640
1720	4	904
1720	5	528
1720	6	816
1720	7	540
1720	8	388
1721	1	4;92
1721	2	3;78
1721	3	9;108
1721	4	6;84
1721	5	5;90
1721	6	7;84
1721	7	7;91
1721	8	5;65
1723	1	42;274
1723	2	48;258
1723	3	48;250
1723	4	32;144
1723	5	34;286
1723	6	18;206
1723	7	42;94
1723	8	40;102
1728	1	2;8;90
1728	2	4;9;123
1728	3	3;7;129
1728	4	3;4;140
1728	5	4;5;102
1728	6	4;8;74
1728	7	3;8;54
1728	8	2;6;140
1733	1	3;6;38
1733	2	3;4;26
1733	3	3;7;40
1733	4	3;5;36
1733	5	4;5;38
1733	6	5;8;40
1733	7	4;5;32
1733	8	4;5;24
1734	1	5;25;77
1734	2	6;37;46
1734	3	7;31;45
1734	4	4;29;38
1734	5	9;33;64
1734	6	3;22;49
1734	7	8;31;60
1734	8	5;32;55
1738	1	17
1738	2	23
1738	3	7
1738	4	11
1738	5	10
1738	6	6
1738	7	19
1738	8	22
1739	1	15;75;495
1739	2	11;74;635
1739	3	5;146;581
1739	4	10;102;452
1739	5	9;108;675
1739	6	9;75;651
1739	7	6;200;506
1739	8	9;64;361
1740	1	296;885
1740	2	509;1315
1740	3	650;2952
1740	4	635;1940
1740	5	340;2197
1740	6	533;2859
1740	7	254;1595
1740	8	595;2851
1741	1	103
1741	2	290
1741	3	293
1741	4	96
1741	5	173
1741	6	128
1741	7	243
1741	8	158
1745	1	6;18;24
1745	2	13;20;25
1745	3	11;13;26
1745	4	5;8;16
1745	5	6;12;23
1745	6	9;16;28
1745	7	9;18;27
1745	8	6;8;24
1746	1	4;11;15;216;362
1746	2	3;11;12;229;627
1746	3	4;13;16;365;780
1746	4	4;14;15;308;644
1746	5	4;7;8;112;460
1746	6	4;14;19;298;426
1746	7	3;7;14;246;848
1746	8	4;9;12;351;575
1747	1	3;19;20
1747	2	4;24;25
1747	3	3;23;24
1747	4	2;14;15
1747	5	2;10;11
1747	6	4;20;21
1747	7	3;15;16
1747	8	2;18;19
1748	1	114
1748	2	36
1748	3	45
1748	4	105
1748	5	51
1748	6	96
1748	7	90
1748	8	63
1749	1	9;27;38;532;1505
1749	2	14;16;49;310;1865
1749	3	10;34;35;381;2470
1749	4	12;29;36;261;5678
1749	5	22;29;44;528;3801
1749	6	10;25;58;435;2899
1749	7	15;22;45;365;5720
1749	8	12;48;59;497;5250
1750	1	30;68;895;2590
1750	2	43;114;592;4651
1750	3	20;130;688;4464
1750	4	19;60;784;1819
1750	5	23;75;395;2721
1750	6	12;152;694;3514
1750	7	21;89;761;2169
1750	8	12;129;563;3122
1758	1	3;5;60
1758	2	3;6;73
1758	3	3;8;84
1758	4	4;5;59
1758	5	4;6;72
1758	6	4;7;81
1758	7	3;5;62
1758	8	4;8;88
1761	1	23;33;86
1761	2	15;24;62
1761	3	15;33;70
1761	4	6;34;49
1761	5	25;32;88
1761	6	17;31;72
1761	7	16;28;67
1761	8	6;38;65
1763	1	4;15
1763	2	3;15
1763	3	6;13
1763	4	5;13
1763	5	3;16
1763	6	3;19
1763	7	5;19
1763	8	6;16
1766	1	2;51
1766	2	1.9;70
1766	3	3.5;28
1766	4	4.4;40
1766	5	2.4;30
1766	6	3;49
1766	7	2.5;84
1766	8	4;59
1767	1	5;11;32
1767	2	3;13;38
1767	3	5;20;34
1767	4	3;9;28
1767	5	4;14;26
1767	6	3;11;31
1767	7	3;6;20
1767	8	3;9;27
1768	1	1;2;4;28
1768	2	1;2;4;29
1768	3	1;2;3;12
1768	4	1;2;5;28
1768	5	1;2;4;21
1768	6	1;4;5;36
1768	7	1;2;3;33
1768	8	1;2;4;30
1769	1	30;42
1769	2	12;20
1769	3	36;60
1769	4	30;56
1769	5	36;56
1769	6	18;26
1769	7	18;34
1769	8	24;44
1770	1	309;4880
1770	2	813;7728
1770	3	555;6148
1770	4	382;5972
1770	5	589;5924
1770	6	563;5092
1770	7	782;6856
1770	8	488;4844
1774	1	7;17
1774	2	4;18
1774	3	5;15
1774	4	3;25
1774	5	7;21
1774	6	4;14
1774	7	7;25
1774	8	6;24
1775	1	6
1775	2	21
1775	3	13
1775	4	10
1775	5	11
1775	6	15
1775	7	24
1775	8	7
1778	1	3;39;91
1778	2	2;49;81
1778	3	5;19;87
1778	4	5;24;98
1778	5	5;20;92
1778	6	3;17;39
1778	7	5;19;89
1778	8	3;21;57
1782	1	16
1782	2	5
1782	3	12
1782	4	11
1782	5	4
1782	6	13
1782	7	6
1782	8	17
1783	1	7;11
1783	2	5;13
1783	3	3;24
1783	4	5;9
1783	5	6;7
1783	6	5;11
1783	7	7;10
1783	8	7;9
1784	1	7;12;32
1784	2	4;7;19
1784	3	4;10;27
1784	4	5;6;20
1784	5	7;13;34
1784	6	2;4;11
1784	7	6;11;31
1784	8	6;7;21
1785	1	5;70
1785	2	3;156
1785	3	5;95
1785	4	4;176
1785	5	5;170
1785	6	4;88
1785	7	3;63
1785	8	4;152
1787	1	2;4;7;12
1787	2	2;6;8;9
1787	3	2;5;6;11
1787	4	4;5;8;11
1787	5	2;6;7;10
1787	6	4;6;9;12
1787	7	4;6;8;11
1787	8	4;7;8;9
1789	1	3;12;15;17
1789	2	4;15;20;25
1789	3	2;12;14;21
1789	4	2;6;10;12
1789	5	2;16;18;21
1789	6	3;11;19;23
1789	7	3;16;19;29
1789	8	4;15;16;23
1790	1	519
1790	2	211
1790	3	345
1790	4	417
1790	5	467
1790	6	416
1790	7	394
1790	8	192
1791	1	27;61
1791	2	18;44
1791	3	28;58
1791	4	26;62
1791	5	20;58
1791	6	32;72
1791	7	26;60
1791	8	24;56
1794	1	76
1794	2	72
1794	3	68
1794	4	20
1794	5	48
1794	6	52
1794	7	44
1794	8	80
1795	1	24;37
1795	2	29;38
1795	3	22;27
1795	4	21;28
1795	5	30;35
1795	6	28;31
1795	7	26;35
1795	8	28;37
1797	1	3;28;46
1797	2	5;27;96
1797	3	2;24;38
1797	4	4;11;31
1797	5	4;24;68
1797	6	5;25;89
1797	7	5;25;99
1797	8	4;23;35
1800	1	1;2;13
1800	2	1;4;25
1800	3	1;2;21
1800	4	1;4;33
1800	5	1;2;23
1800	6	1;4;27
1800	7	1;4;37
1800	8	1;2;37
1805	1	3;4;36
1805	2	5;6;30
1805	3	2;3;12
1805	4	2;3;21
1805	5	2;3;18
1805	6	2;3;15
1805	7	2;3;33
1805	8	4;5;15
1807	1	51
1807	2	30
1807	3	60
1807	4	33
1807	5	57
1807	6	36
1807	7	39
1807	8	66
1808	1	5;41;60
1808	2	5;47;53
1808	3	5;41;56
1808	4	5;35;39
1808	5	4;28;31
1808	6	4;34;45
1808	7	5;47;52
1808	8	4;46;60
1811	1	4;7;8;10
1811	2	4;9;12;16
1811	3	4;5;6;7
1811	4	4;9;12;15
1811	5	4;5;6;11
1811	6	3;6;11;13
1811	7	4;5;6;15
1811	8	3;9;12;14
1821	1	13;33
1821	2	17;42
1821	3	19;42
1821	4	16;30
1821	5	10;27
1821	6	17;39
1821	7	14;30
1821	8	15;33
1822	1	69;140
1822	2	122;170
1822	3	74;154
1822	4	69;170
1822	5	148;199
1822	6	159;173
1822	7	123;204
1822	8	119;157
1826	1	7;9
1826	2	8;10
1826	3	3;11
1826	4	7;13
1826	5	6;8
1826	6	5;11
1826	7	4;6
1826	8	5;9
1829	1	5;11;22;31
1829	2	6;16;31;50
1829	3	6;12;35;49
1829	4	7;11;35;53
1829	5	4;14;15;21
1829	6	7;15;37;51
1829	7	6;12;27;37
1829	8	6;8;27;39
1831	1	4;6;8;44;329
1831	2	4;7;21;136;477
1831	3	5;9;27;130;301
1831	4	4;8;11;108;213
1831	5	4;6;16;107;273
1831	6	4;9;21;40;534
1831	7	6;8;19;58;436
1831	8	4;5;21;42;341
1837	1	11;16
1837	2	8;15
1837	3	8;13
1837	4	6;11
1837	5	8;11
1837	6	7;12
1837	7	9;16
1837	8	9;12
1838	1	6;10;16
1838	2	5;13;33
1838	3	6;22;26
1838	4	4;19;31
1838	5	6;19;21
1838	6	13;15;19
1838	7	5;10;28
1838	8	3;19;25
1843	1	12;588
1843	2	18;531
1843	3	10;455
1843	4	18;225
1843	5	10;530
1843	6	12;330
1843	7	32;544
1843	8	14;343
1847	1	4;7;8
1847	2	5;6;9
1847	3	3;8;9
1847	4	4;8;9
1847	5	2;6;7
1847	6	2;4;5
1847	7	4;6;8
1847	8	3;6;9
1849	1	5;17
1849	2	6;23
1849	3	7;27
1849	4	4;14
1849	5	2;15
1849	6	3;10
1849	7	6;26
1849	8	4;27
1850	1	32;42;356
1850	2	23;33;213
1850	3	23;62;427
1850	4	22;44;302
1850	5	24;60;416
1850	6	30;50;436
1850	7	21;40;253
1850	8	11;69;251
1851	1	2;8;10
1851	2	4;11;28
1851	3	3;9;18
1851	4	2;15;22
1851	5	2;12;14
1851	6	2;12;16
1851	7	4;11;20
1851	8	3;11;15
1857	1	88;146
1857	2	45;62
1857	3	62;142
1857	4	95;135
1857	5	36;164
1857	6	46;62
1857	7	43;121
1857	8	56;176
1858	1	615141
1858	2	494082
1858	3	1126527
1858	4	313887
1858	5	955497
1858	6	501186
1858	7	947670
1858	8	615957
1859	1	6;18;105
1859	2	6;24;108
1859	3	6;36;128
1859	4	6;26;141
1859	5	5;33;121
1859	6	4;22;71
1859	7	5;27;156
1859	8	5;33;132
1861	1	504
1861	2	351
1861	3	513
1861	4	579
1861	5	420
1861	6	444
1861	7	417
1861	8	282
1862	1	2;6
1862	2	2;5
1862	3	4;8
1862	4	4;7
1862	5	4;6
1862	6	2;7
1862	7	3;8
1862	8	3;7
1864	1	2;9;10
1864	2	5;8;17
1864	3	3;5;14
1864	4	5;6;19
1864	5	5;7;12
1864	6	7;9;18
1864	7	3;4;5
1864	8	7;9;10
1866	1	5;6;98;108;187;1429
1866	2	2;6;60;78;246;528
1866	3	2;3;88;110;187;803
1866	4	2;7;67;70;175;833
1866	5	3;8;79;91;212;1095
1866	6	4;5;45;85;207;1152
1866	7	2;3;34;82;208;1011
1866	8	3;4;36;78;253;1113
1868	1	285;354;554;631;6887
1868	2	105;160;508;860;5518
1868	3	120;288;514;678;7746
1868	4	156;280;409;531;3882
1868	5	245;341;351;719;5731
1868	6	103;321;446;804;7852
1868	7	209;269;270;488;4292
1868	8	150;340;485;806;6621
1871	1	23;71
1871	2	16;34
1871	3	37;57
1871	4	20;28
1871	5	33;67
1871	6	48;94
1871	7	29;57
1871	8	34;80
1872	1	35;71;82
1872	2	29;69;81
1872	3	22;96;106
1872	4	22;67;102
1872	5	25;82;114
1872	6	17;40;41
1872	7	32;79;102
1872	8	21;76;108
1873	1	34;167
1873	2	29;138
1873	3	34;136
1873	4	24;138
1873	5	34;152
1873	6	35;156
1873	7	32;156
1873	8	23;122
1874	1	8;14;18;60
1874	2	7;17;18;73
1874	3	9;16;17;82
1874	4	7;10;14;58
1874	5	9;17;21;83
1874	6	7;17;20;81
1874	7	5;9;18;57
1874	8	5;9;18;61
1876	1	16;34;78;82
1876	2	5;27;41;71
1876	3	14;31;46;64
1876	4	18;28;60;84
1876	5	9;35;67;83
1876	6	10;34;78;80
1876	7	15;23;61;81
1876	8	19;21;47;93
1877	1	6;269
1877	2	5;520
1877	3	4;459
1877	4	7;426
1877	5	9;311
1877	6	8;278
1877	7	3;519
1877	8	6;528
1878	1	3;7;82
1878	2	3;6;93
1878	3	6;15;70
1878	4	3;14;49
1878	5	12;13;100
1878	6	8;13;106
1878	7	11;14;64
1878	8	6;8;71
1881	1	7;9;10
1881	2	2;8;10
1881	3	4;6;13
1881	4	8;9;12
1881	5	4;7;11
1881	6	2;8;9
1881	7	6;9;12
1881	8	6;7;10
1882	1	74;95
1882	2	89;141
1882	3	103;136
1882	4	100;105
1882	5	121;189
1882	6	44;73
1882	7	118;181
1882	8	81;138
1887	1	619;907
1887	2	378;819
1887	3	493;616
1887	4	515;544
1887	5	753;789
1887	6	620;930
1887	7	605;1057
1887	8	611;828
1888	1	7;28;286
1888	2	11;15;194
1888	3	14;17;325
1888	4	7;29;286
1888	5	8;26;379
1888	6	7;28;384
1888	7	11;18;350
1888	8	6;19;220
1889	1	2;8;141
1889	2	3;4;139
1889	3	2;3;86
1889	4	4;5;148
1889	5	3;8;148
1889	6	2;3;134
1889	7	3;7;73
1889	8	3;8;86
1891	1	116
1891	2	52
1891	3	172
1891	4	149
1891	5	57
1891	6	59
1891	7	64
1891	8	176
1892	1	7;10;67;71
1892	2	2;5;74;96
1892	3	6;15;38;49
1892	4	3;7;23;27
1892	5	4;15;24;61
1892	6	8;16;68;91
1892	7	5;12;69;86
1892	8	4;8;64;81
1895	1	72;98
1895	2	55;80
1895	3	63;70
1895	4	68;86
1895	5	27;40
1895	6	34;52
1895	7	51;54
1895	8	27;46
1897	1	2;506;1124
1897	2	3;367;769
1897	3	2;605;1747
1897	4	5;383;1033
1897	5	4;540;1512
1897	6	4;434;1702
1897	7	4;546;1114
1897	8	2;599;1537
1900	1	29;49
1900	2	33;40
1900	3	34;41
1900	4	40;50
1900	5	20;31
1900	6	31;41
1900	7	28;52
1900	8	27;28
1902	1	39;69
1902	2	51;57
1902	3	37;81
1902	4	43;63
1902	5	54;66
1902	6	57;71
1902	7	25;81
1902	8	52;74
1904	1	16;30;50
1904	2	10;18;52
1904	3	9;26;37
1904	4	9;15;39
1904	5	10;12;48
1904	6	12;40;56
1904	7	14;32;38
1904	8	10;34;46
1907	1	440
1907	2	360
1907	3	300
1907	4	380
1907	5	320
1907	6	260
1907	7	400
1907	8	220
1910	1	49
1910	2	140
1910	3	154
1910	4	83
1910	5	40
1910	6	61
1910	7	82
1910	8	111
1911	1	4;11;22
1911	2	7;24;47
1911	3	6;19;40
1911	4	5;18;39
1911	5	6;15;32
1911	6	4;21;46
1911	7	6;13;26
1911	8	6;13;28
1913	1	16;56
1913	2	18;81
1913	3	12;78
1913	4	16;104
1913	5	14;91
1913	6	16;88
1913	7	14;77
1913	8	12;54
1914	1	3;124;515
1914	2	2;89;465
1914	3	6;274;418
1914	4	7;136;256
1914	5	4;197;400
1914	6	8;174;340
1914	7	8;79;445
1914	8	5;194;583
1919	1	132302
1919	2	125891
1919	3	146353
1919	4	161172
1919	5	138230
1919	6	112492
1919	7	99474
1919	8	75266
1923	1	6;10
1923	2	7;8
1923	3	4;8
1923	4	2;4
1923	5	3;8
1923	6	8;11
1923	7	2;5
1923	8	3;9
1924	1	5;6;8;45
1924	2	4;6;7;58
1924	3	4;6;7;50
1924	4	5;7;8;33
1924	5	4;5;6;39
1924	6	4;6;7;32
1924	7	5;7;9;44
1924	8	5;6;8;33
1927	1	2;9;855
1927	2	2;9;327
1927	3	2;9;501
1927	4	2;9;708
1927	5	2;9;633
1927	6	2;9;951
1927	7	2;9;945
1927	8	2;9;405
1928	1	42;192
1928	2	72;86
1928	3	86;90
1928	4	80;143
1928	5	45;98
1928	6	42;159
1928	7	89;100
1928	8	31;99
1929	1	559
1929	2	375
1929	3	262
1929	4	410
1929	5	484
1929	6	576
1929	7	350
1929	8	179
1932	1	11;64;115
1932	2	14;30;68
1932	3	10;44;113
1932	4	9;75;82
1932	5	10;60;70
1932	6	13;55;92
1932	7	6;23;32
1932	8	13;56;82
1933	1	41;97
1933	2	56;212
1933	3	99;222
1933	4	36;195
1933	5	45;190
1933	6	134;183
1933	7	45;212
1933	8	94;116
1934	1	187;401
1934	2	273;433
1934	3	158;367
1934	4	213;251
1934	5	224;393
1934	6	345;360
1934	7	424;447
1934	8	176;355
1935	1	22;1352;4060
1935	2	30;1970;2920
1935	3	35;1524;4636
1935	4	23;772;5346
1935	5	38;1663;2517
1935	6	44;1918;4286
1935	7	60;2730;5130
1935	8	29;2203;4699
1939	1	7;68
1939	2	7;82
1939	3	8;74
1939	4	14;60
1939	5	8;64
1939	6	4;41
1939	7	16;74
1939	8	4;31
1945	1	22
1945	2	10
1945	3	11
1945	4	24
1945	5	37
1945	6	21
1945	7	23
1945	8	14
1946	1	2;5;284
1946	2	2;5;338
1946	3	2;3;366
1946	4	2;4;322
1946	5	2;4;283
1946	6	2;3;244
1946	7	2;4;229
1946	8	2;4;231
1948	1	3;8;47;70
1948	2	3;19;36;79
1948	3	3;11;32;70
1948	4	5;9;43;87
1948	5	2;15;22;57
1948	6	2;7;19;36
1948	7	2;19;46;95
1948	8	3;9;48;75
1954	1	8
1954	2	7
1954	3	16
1954	4	23
1954	5	15
1954	6	9
1954	7	13
1954	8	22
1956	1	2;9;16
1956	2	2;5;25
1956	3	2;9;23
1956	4	2;5;40
1956	5	2;9;29
1956	6	2;9;10
1956	7	2;5;39
1956	8	2;9;14
1959	1	3;4;16
1959	2	2;3;16
1959	3	3;5;21
1959	4	2;5;15
1959	5	3;4;15
1959	6	3;4;18
1959	7	4;5;17
1959	8	3;4;14
1960	1	18;28;94
1960	2	15;47;59
1960	3	8;58;100
1960	4	9;33;37
1960	5	11;23;95
1960	6	20;54;96
1960	7	13;33;89
1960	8	10;34;46
1962	1	4;15;18
1962	2	3;26;27
1962	3	4;21;52
1962	4	2;10;38
1962	5	3;12;21
1962	6	2;34;44
1962	7	4;37;48
1962	8	2;10;40
1972	1	11;154
1972	2	9;234
1972	3	7;77
1972	4	9;171
1972	5	5;235
1972	6	8;216
1972	7	7;154
1972	8	8;184
1974	1	4;7;10
1974	2	3;6;12
1974	3	2;9;16
1974	4	4;7;16
1974	5	3;6;7
1974	6	2;9;10
1974	7	3;6;9
1974	8	2;9;13
1977	1	2;5;21;37
1977	2	5;12;26;40
1977	3	4;11;16;17
1977	4	2;6;17;38
1977	5	2;5;18;27
1977	6	2;12;15;36
1977	7	2;5;7;13
1977	8	2;12;22;30
1978	1	14;16
1978	2	19;21
1978	3	12;18
1978	4	5;14
1978	5	7;19
1978	6	17;24
1978	7	6;7
1978	8	11;19
1979	1	20;65
1979	2	21;38
1979	3	16;38
1979	4	17;46
1979	5	10;68
1979	6	21;45
1979	7	35;56
1979	8	24;78
1980	1	3;4;12;23
1980	2	7;8;14;59
1980	3	4;7;17;38
1980	4	2;9;11;50
1980	5	3;4;20;39
1980	6	8;9;20;40
1980	7	7;8;10;55
1980	8	2;4;13;31
1981	1	4;6;11;12
1981	2	2;3;8;21
1981	3	5;8;9;13
1981	4	4;5;14;25
1981	5	4;5;14;24
1981	6	2;7;12;20
1981	7	2;9;10;15
1981	8	3;4;5;25
1982	1	4;5;8
1982	2	3;7;11
1982	3	4;5;12
1982	4	3;8;9
1982	5	2;7;10
1982	6	4;6;10
1982	7	3;6;9
1982	8	2;6;8
1984	1	476;1065;1701;2520
1984	2	270;1415;2152;3289
1984	3	202;1013;1554;1896
1984	4	250;1487;1807;2907
1984	5	350;853;2028;2538
1984	6	305;995;1106;1785
1984	7	635;1046;2170;3043
1984	8	337;1562;1744;2400
1985	1	2;28;234
1985	2	6;35;261
1985	3	8;41;429
1985	4	5;47;462
1985	5	7;27;380
1985	6	2;31;232
1985	7	4;34;420
1985	8	7;31;216
1989	1	29;55;79
1989	2	48;67;74
1989	3	49;68;72
1989	4	20;76;80
1989	5	24;61;84
1989	6	21;70;84
1989	7	27;44;48
1989	8	26;60;64
1992	1	1;270648
1992	2	1;320580
1992	3	1;338056
1992	4	1;216852
1992	5	1;221576
1992	6	1;383452
1992	7	1;160884
1992	8	1;179588
1993	1	2;20
1993	2	8;32
1993	3	3;24
1993	4	6;38
1993	5	5;25
1993	6	2;38
1993	7	9;23
1993	8	7;24
1995	1	22;118;374
1995	2	32;173;511
1995	3	32;93;249
1995	4	20;139;399
1995	5	32;154;450
1995	6	10;99;333
1995	7	37;132;383
1995	8	24;143;436
1998	1	8;15;111
1998	2	8;28;156
1998	3	7;38;192
1998	4	6;11;59
1998	5	9;32;158
1998	6	5;27;112
1998	7	7;16;93
1998	8	3;30;78
2004	1	10;99;110
2004	2	20;54;57
2004	3	16;77;81
2004	4	14;104;129
2004	5	8;96;110
2004	6	10;132;153
2004	7	18;119;128
2004	8	20;143;153
2005	1	36
2005	2	26
2005	3	28
2005	4	10
2005	5	16
2005	6	30
2005	7	14
2005	8	32
2006	1	5;72
2006	2	12;119
2006	3	19;55
2006	4	14;116
2006	5	17;71
2006	6	16;106
2006	7	7;93
2006	8	10;40
2007	1	3;11
2007	2	2;6
2007	3	2;13
2007	4	4;20
2007	5	2;15
2007	6	5;18
2007	7	4;8
2007	8	4;19
2008	1	40
2008	2	52
2008	3	104
2008	4	88
2008	5	92
2008	6	44
2008	7	32
2008	8	64
2012	1	20;41
2012	2	39;52
2012	3	16;39
2012	4	36;57
2012	5	13;27
2012	6	18;54
2012	7	16;57
2012	8	10;31
2013	1	198
2013	2	81
2013	3	75
2013	4	195
2013	5	144
2013	6	153
2013	7	126
2013	8	228
2016	1	5;18;60
2016	2	7;8;30
2016	3	5;10;52
2016	4	5;10;84
2016	5	7;16;70
2016	6	5;10;36
2016	7	9;14;40
2016	8	3;12;50
2018	1	5;19;26
2018	2	2;12;27
2018	3	4;16;17
2018	4	4;21;24
2018	5	2;13;29
2018	6	2;12;13
2018	7	5;14;26
2018	8	3;14;19
2019	1	57
2019	2	102
2019	3	54
2019	4	93
2019	5	66
2019	6	72
2019	7	48
2019	8	42
2021	1	331
2021	2	236
2021	3	203
2021	4	142
2021	5	100
2021	6	174
2021	7	101
2021	8	214
2023	1	6;19
2023	2	7;36
2023	3	4;17
2023	4	3;12
2023	5	5;34
2023	6	6;31
2023	7	3;28
2023	8	9;30
2024	1	13;38
2024	2	7;17
2024	3	26;39
2024	4	9;33
2024	5	12;35
2024	6	28;32
2024	7	10;32
2024	8	15;30
2026	1	120
2026	2	296
2026	3	244
2026	4	116
2026	5	178
2026	6	230
2026	7	222
2026	8	154
2030	1	2;4
2030	2	2;6
2030	3	3;4
2030	4	4.5;9
2030	5	2.5;3
2030	6	1.5;9
2030	7	2.5;7
2030	8	3.5;5
2031	1	41
2031	2	22
2031	3	63
2031	4	46
2031	5	69
2031	6	61
2031	7	43
2031	8	20
2034	1	7;10;17
2034	2	8;11;16
2034	3	4;7;12
2034	4	8;11;19
2034	5	10;12;15
2034	6	8;11;12
2034	7	10;13;19
2034	8	6;9;18
2035	1	9;30
2035	2	20;43
2035	3	23;50
2035	4	8;48
2035	5	21;64
2035	6	16;47
2035	7	24;33
2035	8	19;39
2037	1	31
2037	2	26
2037	3	30
2037	4	34
2037	5	40
2037	6	13
2037	7	23
2037	8	35
2038	1	3;4;20;44;100
2038	2	2;3;26;43;77
2038	3	3;5;14;24;56
2038	4	2;3;16;27;41
2038	5	2;4;27;47;57
2038	6	2;3;19;27;69
2038	7	4;5;12;41;59
2038	8	2;3;22;35;77
2042	1	476
2042	2	340
2042	3	500
2042	4	492
2042	5	596
2042	6	404
2042	7	432
2042	8	520
2043	1	11;12
2043	2	10;13
2043	3	9;11
2043	4	8;11
2043	5	10;12
2043	6	5;6
2043	7	8;10
2043	8	7;8
2044	1	3;15
2044	2	3;16
2044	3	2;14
2044	4	4;18
2044	5	2;17
2044	6	4;14
2044	7	3;19
2044	8	4;15
2045	1	8;19
2045	2	8;14
2045	3	16;17
2045	4	9;16
2045	5	6;13
2045	6	15;20
2045	7	11;20
2045	8	14;15
2046	1	11;28
2046	2	6;49
2046	3	13;38
2046	4	20;35
2046	5	18;47
2046	6	9;34
2046	7	8;49
2046	8	14;23
2047	1	108;301;695
2047	2	85;300;554
2047	3	72;270;284
2047	4	135;337;891
2047	5	82;288;478
2047	6	105;186;320
2047	7	43;373;815
2047	8	87;148;558
2048	1	4;122
2048	2	4;352
2048	3	4;115
2048	4	4;216
2048	5	3;192
2048	6	4;175
2048	7	4;215
2048	8	4;210
2051	1	8;14;92
2051	2	7;19;77
2051	3	8;15;65
2051	4	8;11;45
2051	5	8;10;68
2051	6	6;18;68
2051	7	6;11;49
2051	8	4;20;46
2053	1	4;35;283
2053	2	5;51;457
2053	3	7;36;400
2053	4	2;59;321
2053	5	4;30;298
2053	6	7;17;275
2053	7	2;16;304
2053	8	5;27;255
2057	1	2;58;112
2057	2	3;69;90
2057	3	2;66;74
2057	4	2;38;44
2057	5	2;38;62
2057	6	4;71;107
2057	7	4;59;99
2057	8	4;67;95
2058	1	4;5;12
2058	2	2;7;12
2058	3	4;6;12
2058	4	3;8;9
2058	5	2;3;4
2058	6	4;6;8
2058	7	3;5;11
2058	8	4;8;12
2061	1	74;163
2061	2	55;81
2061	3	68;149
2061	4	89;187
2061	5	79;153
2061	6	100;129
2061	7	69;120
2061	8	70;154
2063	1	3;5;11;34
2063	2	5;6;12;23
2063	3	5;8;15;32
2063	4	7;8;9;32
2063	5	7;9;15;28
2063	6	6;7;9;28
2063	7	4;9;14;39
2063	8	6;8;15;24
2064	1	758;6201
2064	2	1212;5991
2064	3	1761;7068
2064	4	1325;8522
2064	5	1810;4501
2064	6	1127;3979
2064	7	1571;8492
2064	8	1866;4400
2065	1	4;5;10;20
2065	2	4;9;13;17
2065	3	4;7;11;17
2065	4	3;4;8;21
2065	5	4;8;11;24
2065	6	3;4;5;13
2065	7	3;5;8;12
2065	8	4;9;11;18
2068	1	8;20;50;61
2068	2	3;12;38;53
2068	3	2;9;23;27
2068	4	4;16;34;41
2068	5	2;21;47;63
2068	6	7;15;45;69
2068	7	5;25;47;55
2068	8	5;16;54;66
2073	1	2;6;54
2073	2	3;11;62
2073	3	3;8;56
2073	4	4;11;71
2073	5	3;10;61
2073	6	2;3;71
2073	7	3;4;46
2073	8	3;7;67
2074	1	9;14;17;21
2074	2	6;7;18;25
2074	3	7;16;23;29
2074	4	3;12;16;21
2074	5	5;10;12;28
2074	6	2;19;24;26
2074	7	6;7;13;23
2074	8	2;11;21;25
2081	1	3;24
2081	2	2;14
2081	3	3;22
2081	4	2;15
2081	5	2;23
2081	6	2;24
2081	7	3;21
2081	8	2;12
2082	1	18;39;109
2082	2	14;30;82
2082	3	29;68;182
2082	4	25;51;133
2082	5	36;52;151
2082	6	14;32;81
2082	7	33;52;163
2082	8	26;68;182
2089	1	1314
2089	2	743
2089	3	890
2089	4	1207
2089	5	1048
2089	6	817
2089	7	1105
2089	8	1294
2090	1	5;15;48
2090	2	7;9;31
2090	3	2;10;54
2090	4	6;11;15
2090	5	5;26;36
2090	6	3;8;49
2090	7	5;12;45
2090	8	4;22;52
2091	1	12
2091	2	7
2091	3	9
2091	4	13
2091	5	10
2091	6	14
2091	7	16
2091	8	5
2093	1	12;144
2093	2	4;78
2093	3	10;144
2093	4	4;88
2093	5	8;56
2093	6	5;48
2093	7	10;140
2093	8	11;90
2094	1	4;11;30
2094	2	3;12;39
2094	3	2;5;14
2094	4	4;9;44
2094	5	3;5;11
2094	6	2;3;30
2094	7	4;11;26
2094	8	2;11;12
2095	1	67;102
2095	2	33;54
2095	3	65;114
2095	4	46;102
2095	5	46;108
2095	6	48;96
2095	7	68;114
2095	8	63;96
2100	1	3;12;79
2100	2	3;17;91
2100	3	3;13;71
2100	4	3;17;83
2100	5	2;10;42
2100	6	2;15;50
2100	7	2;15;54
2100	8	2;19;74
2104	1	1;5;7;9
2104	2	1;4;6;7
2104	3	1;5;8;9
2104	4	1;3;8;9
2104	5	1;4;6;9
2104	6	1;3;6;7
2104	7	1;4;5;7
2104	8	1;5;6;9
2105	1	9
2105	2	8
2105	3	15
2105	4	18
2105	5	13
2105	6	20
2105	7	11
2105	8	6
2108	1	3;8;26
2108	2	4;6;13
2108	3	4;8;15
2108	4	2;3;28
2108	5	2;6;26
2108	6	5;8;15
2108	7	2;3;11
2108	8	2;5;11
2112	1	9;27;33
2112	2	15;34;42
2112	3	11;13;21
2112	4	9;26;31
2112	5	14;44;52
2112	6	8;15;18
2112	7	11;23;24
2112	8	12;30;41
2113	1	36;51;64
2113	2	33;37;58
2113	3	20;39;57
2113	4	30;43;47
2113	5	12;16;39
2113	6	20;32;69
2113	7	21;45;59
2113	8	15;31;59
2114	1	3;47;86;470
2114	2	4;44;91;179
2114	3	6;28;65;189
2114	4	3;19;94;461
2114	5	4;30;63;187
2114	6	7;49;86;207
2114	7	5;23;88;207
2114	8	2;44;49;276
2116	1	20;240
2116	2	30;210
2116	3	26;234
2116	4	47;329
2116	5	24;336
2116	6	14;140
2116	7	49;343
2116	8	37;296
2118	1	114
2118	2	96
2118	3	126
2118	4	102
2118	5	36
2118	6	42
2118	7	138
2118	8	84
2120	1	4;14;50
2120	2	5;15;45
2120	3	5;18;129
2120	4	3;29;85
2120	5	3;17;133
2120	6	5;21;114
2120	7	5;28;131
2120	8	4;24;56
2122	1	1;3;39
2122	2	1;9;45
2122	3	1;7;53
2122	4	1;5;31
2122	5	1;3;61
2122	6	1;5;59
2122	7	1;7;45
2122	8	1;9;47
2125	1	2;12
2125	2	4;8
2125	3	4;13
2125	4	3;5
2125	5	4;10
2125	6	2;11
2125	7	3;10
2125	8	5;9
2126	1	62;74
2126	2	32;51
2126	3	47;57
2126	4	29;39
2126	5	43;88
2126	6	47;65
2126	7	47;66
2126	8	27;43
2128	1	19;57;219
2128	2	15;55;396
2128	3	16;64;292
2128	4	11;55;325
2128	5	7;30;210
2128	6	14;48;288
2128	7	10;36;342
2128	8	19;38;306
2136	1	15;36
2136	2	12;54
2136	3	10;26
2136	4	15;43
2136	5	22;55
2136	6	15;34
2136	7	17;51
2136	8	15;39
2137	1	71;180
2137	2	20;87
2137	3	66;81
2137	4	57;92
2137	5	25;120
2137	6	42;125
2137	7	64;102
2137	8	69;134
2140	1	2;8;473
2140	2	2;8;196
2140	3	2;8;394
2140	4	2;6;460
2140	5	2;8;576
2140	6	2;8;657
2140	7	2;8;610
2140	8	2;6;207
2143	1	5;21
2143	2	4;34
2143	3	3;20
2143	4	3;28
2143	5	3;14
2143	6	3;36
2143	7	4;27
2143	8	3;19
2148	1	5;10;49
2148	2	6;7;48
2148	3	7;16;53
2148	4	4;17;53
2148	5	9;14;40
2148	6	2;19;42
2148	7	3;12;33
2148	8	5;18;31
2151	1	1;5;6;56
2151	2	1;4;6;46
2151	3	1;3;4;34
2151	4	1;4;8;52
2151	5	1;3;6;42
2151	6	1;3;8;56
2151	7	1;4;6;54
2151	8	1;3;4;22
2152	1	2;4;48
2152	2	2;4;126
2152	3	2;4;120
2152	4	2;4;96
2152	5	2;3;90
2152	6	2;4;138
2152	7	2;4;66
2152	8	2;5;70
2158	1	2;218
2158	2	2;214
2158	3	5;185
2158	4	3;258
2158	5	4;196
2158	6	3;294
2158	7	4;108
2158	8	2;216
2159	1	24;115
2159	2	12;38
2159	3	27;79
2159	4	29;64
2159	5	31;71
2159	6	18;72
2159	7	27;125
2159	8	28;62
2164	1	30
2164	2	29
2164	3	39
2164	4	38
2164	5	37
2164	6	46
2164	7	26
2164	8	34
2165	1	16;210;396
2165	2	17;144;338
2165	3	23;228;514
2165	4	31;269;631
2165	5	23;222;480
2165	6	25;286;608
2165	7	25;255;581
2165	8	29;297;539
2172	1	16
2172	2	26
2172	3	22
2172	4	28
2172	5	18
2172	6	24
2172	7	30
2172	8	34
2173	1	22;27;127
2173	2	21;64;209
2173	3	24;87;153
2173	4	21;78;216
2173	5	27;62;127
2173	6	16;63;81
2173	7	13;22;134
2173	8	21;46;101
2175	1	1;3;31;56
2175	2	1;7;19;44
2175	3	1;3;26;28
2175	4	1;5;18;22
2175	5	1;3;21;24
2175	6	1;3;40;56
2175	7	1;3;33;36
2175	8	1;5;25;40
2180	1	524;2084
2180	2	310;2050
2180	3	660;2310
2180	4	616;1996
2180	5	574;2884
2180	6	418;2038
2180	7	313;883
2180	8	758;1808
2185	1	1450;2333;5182
2185	2	1850;2608;4202
2185	3	832;3203;5299
2185	4	1840;3358;4912
2185	5	1479;2265;2417
2185	6	1567;1715;3578
2185	7	1156;3280;4445
2185	8	1156;1625;2960
2192	1	17
2192	2	16
2192	3	7
2192	4	5
2192	5	12
2192	6	19
2192	7	14
2192	8	9
2193	1	22;59;191
2193	2	16;34;142
2193	3	14;60;130
2193	4	9;35;99
2193	5	9;18;90
2193	6	17;49;259
2193	7	20;60;286
2193	8	17;41;179
2194	1	5;6;19
2194	2	5;6;18
2194	3	2;8;21
2194	4	4;7;21
2194	5	3;7;14
2194	6	2;5;18
2194	7	2;6;17
2194	8	5;7;11
2195	1	17;116
2195	2	16;63
2195	3	7;159
2195	4	10;140
2195	5	5;78
2195	6	12;95
2195	7	19;125
2195	8	14;106
2197	1	19
2197	2	15
2197	3	9
2197	4	18
2197	5	14
2197	6	6
2197	7	24
2197	8	20
2199	1	50;382;1364
2199	2	60;360;1975
2199	3	45;103;3200
2199	4	50;256;2680
2199	5	30;243;1840
2199	6	40;213;1325
2199	7	50;167;2020
2199	8	50;393;1498
2200	1	7;13
2200	2	5;6
2200	3	8;13
2200	4	6;7
2200	5	7;11
2200	6	9;12
2200	7	9;13
2200	8	7;12
2201	1	13;76
2201	2	40;61
2201	3	11;26
2201	4	21;92
2201	5	29;89
2201	6	24;90
2201	7	17;47
2201	8	17;100
2203	1	2;8;26
2203	2	4;7;33
2203	3	5;6;24
2203	4	5;7;34
2203	5	3;6;25
2203	6	2;3;36
2203	7	3;7;33
2203	8	2;3;30
2205	1	4;40
2205	2	4;52
2205	3	3;60
2205	4	3;54
2205	5	3;18
2205	6	4;60
2205	7	4;20
2205	8	5;70
2207	1	2;39;60
2207	2	4;61;71
2207	3	2;34;44
2207	4	3;32;51
2207	5	3;29;60
2207	6	2;22;41
2207	7	3;25;59
2207	8	4;33;59
2209	1	37
2209	2	36
2209	3	15
2209	4	49
2209	5	17
2209	6	32
2209	7	53
2209	8	20
2212	1	24;1505
2212	2	36;1760
2212	3	18;1435
2212	4	40;1315
2212	5	28;1585
2212	6	42;1145
2212	7	22;1180
2212	8	28;1360
2217	1	30;1235
2217	2	15;1100
2217	3	40;545
2217	4	28;725
2217	5	25;1180
2217	6	25;672
2217	7	25;1150
2217	8	35;1200
2219	1	15;21;64;176
2219	2	24;36;58;225
2219	3	19;35;77;226
2219	4	8;42;45;161
2219	5	16;33;62;180
2219	6	9;25;58;168
2219	7	28;37;73;228
2219	8	14;27;35;132
2220	1	4;6;117
2220	2	4;6;57
2220	3	4;7;112
2220	4	5;9;36
2220	5	2;3;60
2220	6	4;5;100
2220	7	4;6;135
2220	8	4;6;87
2221	1	3;137
2221	2	3;280
2221	3	4;189
2221	4	3;224
2221	5	5;250
2221	6	4;175
2221	7	3;274
2221	8	4;143
2222	1	35
2222	2	72
2222	3	25
2222	4	30
2222	5	64
2222	6	70
2222	7	58
2222	8	39
2223	1	7;172
2223	2	9;104
2223	3	11;128
2223	4	15;140
2223	5	5;64
2223	6	12;172
2223	7	18;148
2223	8	9;152
2225	1	25;4760
2225	2	19;5100
2225	3	25;4852
2225	4	20;5240
2225	5	28;7050
2225	6	25;3116
2225	7	30;5810
2225	8	10;5140
2228	1	4;7
2228	2	3;7
2228	3	3;8
2228	4	5;7
2228	5	3;6
2228	6	4;8
2228	7	3;5
2228	8	5;8
2233	1	7;18;28
2233	2	7;16;26
2233	3	7;17;55
2233	4	3;10;58
2233	5	5;17;25
2233	6	11;35;53
2233	7	3;14;24
2233	8	12;13;41
2236	1	4;12;16
2236	2	2;8;10
2236	3	4;8;12
2236	4	2;8;14
2236	5	3;7;19
2236	6	4;12;20
2236	7	3;7;11
2236	8	2;6;18
2238	1	16;35;128
2238	2	8;40;105
2238	3	13;22;147
2238	4	14;15;62
2238	5	7;13;130
2238	6	14;18;138
2238	7	6;38;99
2238	8	24;34;140
2239	1	2;9;10;13
2239	2	2;9;17;27
2239	3	2;5;7;11
2239	4	2;5;13;26
2239	5	2;5;6;19
2239	6	2;9;23;28
2239	7	2;5;12;29
2239	8	2;9;15;24
2242	1	5;120
2242	2	4;108
2242	3	5;165
2242	4	6;126
2242	5	4;168
2242	6	4;60
2242	7	4;120
2242	8	4;144
2245	1	1;3;104
2245	2	1;7;195
2245	3	1;5;130
2245	4	1;3;166
2245	5	1;7;127
2245	6	1;5;66
2245	7	1;3;93
2245	8	1;9;133
2247	1	56;71
2247	2	61;84
2247	3	49;81
2247	4	54;74
2247	5	49;89
2247	6	59;108
2247	7	80;97
2247	8	40;58
2248	1	5;10;76
2248	2	6;12;34
2248	3	7;14;74
2248	4	2;10;65
2248	5	9;11;22
2248	6	2;4;22
2248	7	9;13;26
2248	8	6;7;63
2251	1	4;17;19;22
2251	2	3;10;13;19
2251	3	4;11;16;30
2251	4	4;7;21;28
2251	5	5;17;20;32
2251	6	5;13;24;26
2251	7	4;16;17;29
2251	8	4;10;18;23
2253	1	2;5;29
2253	2	2;4;18
2253	3	2;4;40
2253	4	3;5;39
2253	5	2;3;36
2253	6	2;4;32
2253	7	2;3;38
2253	8	3;4;36
2254	1	73
2254	2	76
2254	3	31
2254	4	70
2254	5	103
2254	6	28
2254	7	82
2254	8	97
2257	1	7232
2257	2	5552
2257	3	2032
2257	4	4912
2257	5	4320
2257	6	5152
2257	7	6064
2257	8	7696
2258	1	4;16
2258	2	4;19
2258	3	4;23
2258	4	5;19
2258	5	4;6
2258	6	5;7
2258	7	4;24
2258	8	4;10
2259	1	2;915
2259	2	2;657
2259	3	4;710
2259	4	3;616
2259	5	3;665
2259	6	2;428
2259	7	3;916
2259	8	3;331
2260	1	320
2260	2	220
2260	3	132
2260	4	100
2260	5	264
2260	6	352
2260	7	232
2260	8	228
2261	1	180
2261	2	95
2261	3	170
2261	4	130
2261	5	120
2261	6	160
2261	7	140
2261	8	190
2262	1	176
2262	2	248
2262	3	360
2262	4	308
2262	5	100
2262	6	140
2262	7	108
2262	8	236
2263	1	32;104
2263	2	20;49
2263	3	27;66
2263	4	36;110
2263	5	29;101
2263	6	15;84
2263	7	17;83
2263	8	37;100
2264	1	454;1300;2344
2264	2	519;1831;3195
2264	3	702;1034;1832
2264	4	878;1233;3244
2264	5	918;1473;3584
2264	6	518;1128;3494
2264	7	706;1729;2140
2264	8	908;970;1516
2266	1	6;38
2266	2	5;23
2266	3	4;32
2266	4	7;25
2266	5	8;46
2266	6	3;31
2266	7	6;22
2266	8	5;21
2271	1	156
2271	2	201
2271	3	297
2271	4	357
2271	5	225
2271	6	191
2271	7	266
2271	8	274
2273	1	6;99;510
2273	2	9;87;582
2273	3	9;106;825
2273	4	10;114;821
2273	5	7;93;505
2273	6	11;117;815
2273	7	9;105;445
2273	8	6;71;594
2274	1	2;35
2274	2	3;23
2274	3	4;16
2274	4	2;19
2274	5	3;29
2274	6	4;28
2274	7	2;28
2274	8	3;22
2281	1	3;8
2281	2	2;4
2281	3	3;6
2281	4	4;8
2281	5	5;6
2281	6	5;8
2281	7	4;6
2281	8	2;8
2284	1	169;247;623
2284	2	72;169;385
2284	3	70;235;415
2284	4	108;268;592
2284	5	73;215;482
2284	6	156;255;633
2284	7	105;222;535
2284	8	57;165;304
2285	1	4;76;164
2285	2	3;93;157
2285	3	2;30;101
2285	4	4;104;199
2285	5	2;42;129
2285	6	2;38;196
2285	7	2;58;138
2285	8	4;40;196
2286	1	9;83;443
2286	2	7;93;247
2286	3	12;30;246
2286	4	5;91;456
2286	5	7;37;219
2286	6	8;38;166
2286	7	7;49;322
2286	8	14;36;330
2290	1	2;15
2290	2	3;13
2290	3	4;10
2290	4	2;6
2290	5	3;10
2290	6	3;11
2290	7	4;15
2290	8	2;9
2294	1	11;13;16
2294	2	10;14;35
2294	3	13;28;37
2294	4	10;21;38
2294	5	7;25;26
2294	6	5;30;37
2294	7	5;15;16
2294	8	11;22;35
2295	1	5;149
2295	2	4;126
2295	3	4;76
2295	4	4;206
2295	5	4;106
2295	6	3;113
2295	7	4;244
2295	8	4;222
2296	1	3;8;9;11;20
2296	2	4;6;7;14;19
2296	3	5;6;8;11;24
2296	4	4;6;9;15;26
2296	5	5;7;9;11;24
2296	6	4;5;7;12;27
2296	7	3;4;9;12;18
2296	8	4;6;7;9;31
2297	1	2;92
2297	2	3;33
2297	3	4;86
2297	4	2;96
2297	5	3;61
2297	6	3;25
2297	7	4;38
2297	8	3;53
2301	1	5;10;44
2301	2	6;7;37
2301	3	7;8;78
2301	4	6;7;61
2301	5	6;7;29
2301	6	5;10;36
2301	7	7;8;38
2301	8	4;9;43
2309	1	5;6;16;37;41;1397
2309	2	4;6;7;16;23;1024
2309	3	9;10;18;39;63;1858
2309	4	6;7;14;21;49;1016
2309	5	7;9;10;26;31;1933
2309	6	9;11;12;28;55;931
2309	7	9;14;19;34;59;1441
2309	8	5;8;11;20;68;1307
2310	1	16;674
2310	2	35;360
2310	3	25;490
2310	4	30;404
2310	5	10;382
2310	6	26;208
2310	7	13;226
2310	8	27;482
2312	1	3;4;745;1964
2312	2	4;6;614;1872
2312	3	4;5;594;1115
2312	4	3;4;788;2336
2312	5	5;6;497;1068
2312	6	4;5;532;1700
2312	7	5;6;794;1446
2312	8	4;6;261;2034
2313	1	77
2313	2	33
2313	3	21
2313	4	80
2313	5	72
2313	6	39
2313	7	48
2313	8	31
2314	1	18;110
2314	2	35;71
2314	3	26;104
2314	4	29;87
2314	5	30;48
2314	6	29;125
2314	7	42;118
2314	8	33;71
2315	1	11;46
2315	2	6;33
2315	3	9;76
2315	4	8;63
2315	5	15;62
2315	6	12;71
2315	7	9;52
2315	8	8;35
2319	1	50;1544
2319	2	32;1025
2319	3	25;1144
2319	4	30;1020
2319	5	20;1155
2319	6	50;644
2319	7	35;600
2319	8	22;1700
2321	1	8;39
2321	2	3;25
2321	3	9;37
2321	4	4;10
2321	5	7;31
2321	6	6;17
2321	7	5;26
2321	8	8;13
2324	1	3;6;7
2324	2	6;7;8
2324	3	5;8;12
2324	4	6;9;13
2324	5	8;11;12
2324	6	6;11;13
2324	7	5;6;9
2324	8	4;7;8
2325	1	2;8;38
2325	2	2;6;48
2325	3	3;9;55
2325	4	3;9;71
2325	5	2;7;89
2325	6	2;4;38
2325	7	4;5;87
2325	8	4;6;64
2326	1	13;21
2326	2	22;33
2326	3	17;34
2326	4	17;28
2326	5	28;34
2326	6	16;18
2326	7	11;34
2326	8	18;19
2328	1	25
2328	2	71
2328	3	42
2328	4	73
2328	5	56
2328	6	34
2328	7	85
2328	8	93
2330	1	12;30;262
2330	2	15;18;142
2330	3	13;30;214
2330	4	10;30;203
2330	5	10;24;116
2330	6	10;24;170
2330	7	9;30;228
2330	8	12;30;189
2333	1	4;21
2333	2	4;30
2333	3	6;14
2333	4	3;20
2333	5	5;24
2333	6	3;24
2333	7	6;18
2333	8	3;28
2335	1	2;20
2335	2	2;15
2335	3	5;16
2335	4	5;14
2335	5	5;12
2335	6	4;20
2335	7	2;25
2335	8	5;18
2336	1	20;24;2620
2336	2	13;21;2054
2336	3	6;28;1044
2336	4	7;39;1456
2336	5	9;53;2889
2336	6	5;49;1860
2336	7	7;23;903
2336	8	10;30;1810
2339	1	11
2339	2	4
2339	3	3
2339	4	5
2339	5	8
2339	6	9
2339	7	12
2339	8	10
2340	1	8
2340	2	22
2340	3	29
2340	4	9
2340	5	32
2340	6	14
2340	7	12
2340	8	25
2341	1	12;18
2341	2	6;8
2341	3	4;6
2341	4	8;10
2341	5	12;20
2341	6	10;16
2341	7	10;18
2341	8	12;14
2343	1	6;52
2343	2	4;39
2343	3	9;79
2343	4	3;28
2343	5	5;73
2343	6	9;66
2343	7	3;59
2343	8	6;39
2347	1	2;3;5
2347	2	5;6;9
2347	3	4;6;10
2347	4	2;8;9
2347	5	5;8;9
2347	6	3;6;10
2347	7	3;5;7
2347	8	3;4;9
2348	1	24
2348	2	40
2348	3	28
2348	4	32
2348	5	36
2348	6	44
2348	7	52
2348	8	56
2350	1	46;81
2350	2	31;40
2350	3	37;59
2350	4	45;46
2350	5	28;48
2350	6	66;87
2350	7	68;81
2350	8	62;64
2351	1	8;9;14;54
2351	2	7;8;17;32
2351	3	3;4;22;52
2351	4	3;6;9;42
2351	5	3;5;8;60
2351	6	4;6;8;60
2351	7	4;5;7;40
2351	8	2;5;15;45
2354	1	2;5;19;94
2354	2	2;5;27;189
2354	3	2;9;38;159
2354	4	3;6;36;134
2354	5	2;5;32;137
2354	6	4;7;37;191
2354	7	3;6;26;92
2354	8	2;5;34;199
2357	1	3;4;140;1958
2357	2	3;4;179;1202
2357	3	3;4;65;1532
2357	4	3;4;181;1742
2357	5	3;4;65;1077
2357	6	3;4;126;826
2357	7	3;4;85;1056
2357	8	3;4;184;1873
2361	1	12
2361	2	19
2361	3	14
2361	4	17
2361	5	16
2361	6	7
2361	7	13
2361	8	20
2362	1	4;11
2362	2	2;5
2362	3	4;8
2362	4	3;4
2362	5	3;6
2362	6	4;9
2362	7	3;11
2362	8	2;6
2363	1	176
2363	2	84
2363	3	144
2363	4	116
2363	5	92
2363	6	120
2363	7	112
2363	8	68
2365	1	279;1917;6968
2365	2	432;4663;14508
2365	3	371;3502;9396
2365	4	366;5148;11194
2365	5	671;2697;7658
2365	6	451;2823;9262
2365	7	308;2059;7382
2365	8	277;5058;12228
2370	1	3;545
2370	2	3;539
2370	3	4;517
2370	4	3;550
2370	5	4;510
2370	6	4;498
2370	7	3;592
2370	8	4;402
2375	1	8;18
2375	2	2;15
2375	3	4;20
2375	4	4;13
2375	5	3;16
2375	6	3;17
2375	7	2;6
2375	8	3;13
2377	1	4;8;17;37
2377	2	5;6;13;28
2377	3	6;8;15;21
2377	4	8;11;17;30
2377	5	3;4;6;17
2377	6	6;8;21;31
2377	7	11;15;16;25
2377	8	7;11;12;23
2378	1	2;11;19;20;184;250
2378	2	5;11;14;38;180;199
2378	3	4;11;12;65;141;313
2378	4	4;5;7;39;103;126
2378	5	5;7;10;62;179;235
2378	6	3;13;14;35;115;359
2378	7	3;9;19;26;236;410
2378	8	3;7;13;40;101;224
2379	1	3;14;20;48
2379	2	4;10;14;52
2379	3	3;9;13;39
2379	4	3;9;11;59
2379	5	3;8;15;53
2379	6	4;9;14;52
2379	7	3;7;10;24
2379	8	3;9;17;41
2380	1	4;7;98
2380	2	2;13;167
2380	3	2;16;76
2380	4	5;7;170
2380	5	2;18;116
2380	6	3;25;235
2380	7	3;24;238
2380	8	2;14;139
2381	1	4;7;8
2381	2	4;7;12
2381	3	4;7;9
2381	4	4;5;7
2381	5	5;7;10
2381	6	3;6;10
2381	7	4;5;9
2381	8	3;7;12
2382	1	53;99
2382	2	40;60
2382	3	79;82
2382	4	90;118
2382	5	86;115
2382	6	47;81
2382	7	38;48
2382	8	48;90
2383	1	24
2383	2	44
2383	3	28
2383	4	52
2383	5	48
2383	6	60
2383	7	20
2383	8	64
2384	1	4;6;108
2384	2	2;4;48
2384	3	2;4;36
2384	4	2;4;72
2384	5	2;8;96
2384	6	3;5;55
2384	7	2;4;96
2384	8	2;4;76
2385	1	5
2385	2	12
2385	3	19
2385	4	14
2385	5	17
2385	6	16
2385	7	7
2385	8	13
2388	1	24;48;96
2388	2	28;64;70
2388	3	8;30;76
2388	4	17;69;85
2388	5	16;47;78
2388	6	19;62;71
2388	7	7;71;97
2388	8	16;68;78
2390	1	2;3;7;9
2390	2	2;4;7;9
2390	3	3;4;8;9
2390	4	3;5;8;9
2390	5	3;4;8;13
2390	6	2;5;7;9
2390	7	2;4;7;8
2390	8	2;3;7;12
2391	1	2;4;64
2391	2	2;3;78
2391	3	2;5;55
2391	4	2;4;56
2391	5	3;6;66
2391	6	2;5;65
2391	7	3;6;72
2391	8	2;4;60
2392	1	1.6;71;585;3096;5754
2392	2	1.4;96;1250;3582;8773
2392	3	1.5;91;680;3800;4735
2392	4	1.6;106;825;4471;8488
2392	5	1.6;55;1575;3213;4431
2392	6	1.9;117;1190;5036;5189
2392	7	1.3;116;800;4773;4792
2392	8	1.7;58;1580;4472;7342
2393	1	8;100;443
2393	2	8;77;356
2393	3	8.3;50;310
2393	4	7;76;337
2393	5	5.7;110;399
2393	6	7;53;198
2393	7	7;122;454
2393	8	5.4;105;295
2395	1	18;34
2395	2	64;103
2395	3	53;96
2395	4	55;89
2395	5	58;88
2395	6	64;97
2395	7	61;104
2395	8	55;108
2398	1	3;4;12
2398	2	3;9;24
2398	3	4;6;12
2398	4	2;8;14
2398	5	3;9;20
2398	6	2;6;15
2398	7	2;7;12
2398	8	2;8;16
2399	1	5;39
2399	2	8;48
2399	3	8;30
2399	4	7;45
2399	5	5;48
2399	6	9;45
2399	7	6;39
2399	8	4;42
2402	1	57
2402	2	27
2402	3	60
2402	4	72
2402	5	30
2402	6	69
2402	7	48
2402	8	45
2403	1	41;146
2403	2	27;431
2403	3	53;256
2403	4	23;449
2403	5	68;334
2403	6	72;211
2403	7	25;500
2403	8	48;261
2404	1	5;9
2404	2	5;7
2404	3	4;7
2404	4	4;6
2404	5	4;5
2404	6	5;8
2404	7	3;4
2404	8	5;6
2407	1	99
2407	2	96
2407	3	69
2407	4	105
2407	5	81
2407	6	123
2407	7	84
2407	8	102
2408	1	3.7;20;196
2408	2	3.8;20;190
2408	3	6.1;20;192
2408	4	2.2;10;138
2408	5	2.6;20;222
2408	6	4.1;20;194
2408	7	6.3;20;314
2408	8	6.1;20;130
2410	1	3;5;8
2410	2	2;6;7
2410	3	2;5;7
2410	4	3;7;8
2410	5	4;7;9
2410	6	3;6;8
2410	7	2;3;7
2410	8	4;5;9
2418	1	2;7;8;71
2418	2	2;5;9;127
2418	3	3;6;12;86
2418	4	5;7;12;100
2418	5	5;6;19;133
2418	6	3;7;10;78
2418	7	4;5;16;135
2418	8	3;6;10;115
2419	1	3;39;345
2419	2	2;26;270
2419	3	3;22;340
2419	4	2;34;226
2419	5	5;41;271
2419	6	4;44;321
2419	7	5;29;394
2419	8	3;46;359
2423	1	4;54;171
2423	2	4;66;185
2423	3	2;144;150
2423	4	4;58;127
2423	5	3;73;170
2423	6	3;45;81
2423	7	3;121;196
2423	8	4;162;176
2424	1	2;8;26;36
2424	2	3;9;40;51
2424	3	2;20;36;59
2424	4	2;8;27;38
2424	5	4;18;35;62
2424	6	3;17;26;55
2424	7	3;13;39;57
2424	8	2;16;18;42
2425	1	2;5;6
2425	2	2;5;13
2425	3	2;9;11
2425	4	2;9;13
2425	5	2;5;14
2425	6	2;9;15
2425	7	2;5;7
2425	8	2;9;16
2426	1	19886
2426	2	18145
2426	3	18486
2426	4	16098
2426	5	25036
2426	6	21022
2426	7	18884
2426	8	30726
2427	1	87;323
2427	2	168;222
2427	3	99;321
2427	4	138;200
2427	5	201;401
2427	6	93;187
2427	7	99;255
2427	8	198;302
2434	1	18;42
2434	2	8;71
2434	3	6;42
2434	4	20;61
2434	5	10;59
2434	6	20;76
2434	7	6;41
2434	8	8;29
2436	1	6810
2436	2	8625
2436	3	6200
2436	4	7195
2436	5	9150
2436	6	9465
2436	7	9100
2436	8	8690
2438	1	3;15
2438	2	5;16
2438	3	3;13
2438	4	4;7
2438	5	4;9
2438	6	4;13
2438	7	5;9
2438	8	5;7
2440	1	3;6;8;532
2440	2	2;6;21;756
2440	3	2;5;15;710
2440	4	3;6;15;462
2440	5	5;6;18;528
2440	6	5;8;19;216
2440	7	3;4;5;264
2440	8	3;5;13;390
2442	1	3;8
2442	2	2;9
2442	3	5;18
2442	4	2;20
2442	5	2;13
2442	6	2;6
2442	7	2;11
2442	8	4;16
2446	1	16;23;29
2446	2	5;16;20
2446	3	15;21;29
2446	4	8;17;27
2446	5	11;16;21
2446	6	6;20;26
2446	7	7;10;29
2446	8	10;17;27
2447	1	3;22
2447	2	5;18
2447	3	4;10
2447	4	5;22
2447	5	4;16
2447	6	3;10
2447	7	3;12
2447	8	3;26
2448	1	4;5;9;10;66
2448	2	2;6;13;21;94
2448	3	2;6;18;21;45
2448	4	4;7;20;21;51
2448	5	3;6;13;16;74
2448	6	3;6;9;16;38
2448	7	4;8;15;18;48
2448	8	5;6;17;18;34
2450	1	6;12;23
2450	2	5;20;40
2450	3	3;6;18
2450	4	7;14;24
2450	5	6;24;29
2450	6	6;12;26
2450	7	4;12;27
2450	8	5;10;37
2454	1	28;141
2454	2	33;126
2454	3	29;117
2454	4	16;84
2454	5	28;114
2454	6	23;120
2454	7	29;111
2454	8	19;87
2455	1	1;4;7;42
2455	2	1;2;9;27
2455	3	1;2;5;17
2455	4	1;4;7;27
2455	5	1;2;9;13
2455	6	1;2;5;45
2455	7	1;2;5;12
2455	8	1;2;9;15
2459	1	5;6;11
2459	2	3;7;11
2459	3	4;5;9
2459	4	3;6;10
2459	5	3;4;5
2459	6	4;6;9
2459	7	5;6;10
2459	8	4;5;8
2460	1	0.45
2460	2	0.65
2460	3	0.59
2460	4	0.58
2460	5	0.64
2460	6	0.34
2460	7	0.33
2460	8	0.75
2461	1	6;1264;24298
2461	2	3;741;34991
2461	3	6;821;13357
2461	4	11;1106;37710
2461	5	9;946;27202
2461	6	4;1209;36571
2461	7	4;1025;29231
2461	8	5;1213;23228
2462	1	2;4;9;32
2462	2	3;7;26;85
2462	3	2;12;27;96
2462	4	3;5;26;85
2462	5	2;4;23;68
2462	6	2;4;11;32
2462	7	2;8;25;96
2462	8	2;6;24;100
2466	1	22;63;282
2466	2	17;36;736
2466	3	26;109;270
2466	4	13;66;693
2466	5	23;29;268
2466	6	30;56;536
2466	7	13;109;374
2466	8	17;30;620
2468	1	7;12;45
2468	2	8;11;42
2468	3	6;9;34
2468	4	7;8;35
2468	5	7;10;43
2468	6	5;12;45
2468	7	8;9;38
2468	8	9;10;47
2470	1	16;31;43
2470	2	14;41;45
2470	3	19;29;30
2470	4	15;33;34
2470	5	27;31;32
2470	6	10;18;25
2470	7	14;26;33
2470	8	8;31;36
2471	1	2;72;405
2471	2	3;107;318
2471	3	4;186;379
2471	4	4;132;432
2471	5	2;163;177
2471	6	3;179;338
2471	7	3;192;287
2471	8	5;50;436
2476	1	5;93
2476	2	6;150
2476	3	7;77
2476	4	4;47
2476	5	9;123
2476	6	2;82
2476	7	3;92
2476	8	8;155
2477	1	16;24
2477	2	17;18
2477	3	8;24
2477	4	5;21
2477	5	7;19
2477	6	8;14
2477	7	8;23
2477	8	16;18
2480	1	3;12;43
2480	2	2;8;20
2480	3	4;9;56
2480	4	3;9;23
2480	5	2;17;50
2480	6	4;18;58
2480	7	2;6;44
2480	8	4;23;60
2481	1	13;702
2481	2	12;504
2481	3	4;1048
2481	4	12;936
2481	5	4;904
2481	6	5;640
2481	7	13;494
2481	8	8;1024
2483	1	13;29;64
2483	2	13;41;78
2483	3	6;24;41
2483	4	4;22;33
2483	5	9;43;68
2483	6	8;40;61
2483	7	16;46;87
2483	8	8;28;47
2484	1	2;6;19;20;29
2484	2	2;3;24;26;34
2484	3	2;6;11;13;16
2484	4	2;5;22;26;41
2484	5	3;8;33;35;41
2484	6	2;7;16;19;27
2484	7	4;7;20;25;44
2484	8	4;7;16;20;25
2488	1	11;24
2488	2	3;40
2488	3	4;16
2488	4	10;42
2488	5	9;20
2488	6	4;36
2488	7	9;38
2488	8	3;36
2489	1	20;29
2489	2	13;36
2489	3	8;12
2489	4	9;23
2489	5	15;38
2489	6	16;37
2489	7	17;34
2489	8	7;12
2492	1	10
2492	2	8
2492	3	6
2492	4	4
2492	5	11
2492	6	9
2492	7	3
2492	8	5
2499	1	539;703;3006
2499	2	550;714;3452
2499	3	287;801;2090
2499	4	950;990;4259
2499	5	961;995;3542
2499	6	544;632;3422
2499	7	484;922;2769
2499	8	789;1103;3154
2503	1	92;99
2503	2	69;92
2503	3	74;84
2503	4	51;90
2503	5	49;89
2503	6	88;109
2503	7	94;113
2503	8	59;61
2505	1	8;53;111
2505	2	8;65;133
2505	3	3;52;106
2505	4	4;45;91
2505	5	9;18;40
2505	6	8;49;105
2505	7	3;64;130
2505	8	8;57;115
2510	1	16;36;54;99;167
2510	2	6;12;46;99;120
2510	3	21;31;73;86;152
2510	4	14;15;59;96;127
2510	5	7;22;40;93;125
2510	6	8;31;63;64;121
2510	7	10;19;33;46;86
2510	8	14;16;40;97;139
2511	1	17
2511	2	22
2511	3	18
2511	4	14
2511	5	21
2511	6	23
2511	7	13
2511	8	16
2513	1	4;5;14
2513	2	4;6;29
2513	3	2;10;32
2513	4	5;7;29
2513	5	3;5;20
2513	6	4;6;14
2513	7	5;9;19
2513	8	4;8;18
2520	1	60;281;4720;11745
2520	2	16;665;1997;4824
2520	3	48;366;3637;7260
2520	4	40;212;4554;7377
2520	5	19;682;3195;8538
2520	6	30;414;3718;5937
2520	7	44;453;2375;3855
2520	8	19;540;1848;3570
2521	1	12;49;191
2521	2	15;38;222
2521	3	6;23;169
2521	4	11;42;150
2521	5	6;37;175
2521	6	16;35;199
2521	7	5;58;290
2521	8	6;25;295
2522	1	5;16;26
2522	2	4;20;28
2522	3	4;16;25
2522	4	4;26;42
2522	5	4;24;35
2522	6	3;20;33
2522	7	3;21;36
2522	8	5;16;29
2523	1	13996
2523	2	15926
2523	3	11714
2523	4	11098
2523	5	6938
2523	6	5090
2523	7	16786
2523	8	11798
2526	1	271
2526	2	273
2526	3	443
2526	4	392
2526	5	312
2526	6	604
2526	7	474
2526	8	371
2527	1	3;11;14;15
2527	2	4;7;12;16
2527	3	2;7;10;12
2527	4	2;11;12;13
2527	5	3;13;16;17
2527	6	4;11;12;20
2527	7	4;14;19;20
2527	8	4;7;14;18
2528	1	4;8;11
2528	2	4;8;9
2528	3	3;6;7
2528	4	5;9;12
2528	5	3;7;10
2528	6	4;9;12
2528	7	2;5;8
2528	8	4;6;7
2529	1	4;6;11
2529	2	5;7;20
2529	3	3;4;13
2529	4	4;8;9
2529	5	3;6;19
2529	6	4;7;12
2529	7	5;6;19
2529	8	3;9;10
2530	1	2;3;10
2530	2	2;5;15
2530	3	2;4;23
2530	4	3;4;17
2530	5	2;5;22
2530	6	2;4;15
2530	7	2;5;21
2530	8	3;5;17
2531	1	2;5;36200
2531	2	2;9;18882
2531	3	2;5;24070
2531	4	3;6;29358
2531	5	2;5;28310
2531	6	2;5;15020
2531	7	2;9;39600
2531	8	2;9;28674
2532	1	187;361;669
2532	2	157;415;577
2532	3	140;171;434
2532	4	127;505;696
2532	5	222;469;855
2532	6	146;194;411
2532	7	255;380;871
2532	8	189;199;537
2536	1	3;6;22
2536	2	8;11;45
2536	3	2;5;33
2536	4	7;8;60
2536	5	5;12;28
2536	6	3;4;24
2536	7	8;9;41
2536	8	4;7;37
2540	1	4285
2540	2	2922
2540	3	3716
2540	4	4948
2540	5	5051
2540	6	2172
2540	7	2454
2540	8	2382
2552	1	2;3;30
2552	2	3;5;33
2552	3	4;5;28
2552	4	2;4;30
2552	5	2;5;32
2552	6	2;4;38
2552	7	3;4;12
2552	8	2;4;33
2553	1	4;6
2553	2	3;9
2553	3	2;4
2553	4	2;10
2553	5	2;8
2553	6	3;7
2553	7	4;10
2553	8	4;8
2556	1	7;12;9128
2556	2	8;13;4665
2556	3	13;14;6703
2556	4	13;14;6551
2556	5	9;11;9659
2556	6	8;14;4239
2556	7	7;15;9241
2556	8	8;9;7419
2557	1	6;18;31
2557	2	5;20;22
2557	3	4;12;33
2557	4	2;12;37
2557	5	9;11;50
2557	6	8;19;35
2557	7	3;12;50
2557	8	5;14;52
2558	1	5;6;21;23
2558	2	5;6;19;20
2558	3	3;6;23;28
2558	4	4;8;23;29
2558	5	5;11;24;25
2558	6	4;11;16;25
2558	7	3;9;22;23
2558	8	4;8;17;27
2559	1	3169;3967
2559	2	1033;1383
2559	3	2673;2923
2559	4	2782;3646
2559	5	2955;3211
2559	6	1155;3791
2559	7	1403;1807
2559	8	2947;3595
2561	1	3;5;95
2561	2	3;9;45
2561	3	2;20;82
2561	4	2;16;74
2561	5	2;20;94
2561	6	2;20;106
2561	7	2;8;60
2561	8	3;5;101
2566	1	26
2566	2	76
2566	3	30
2566	4	70
2566	5	46
2566	6	56
2566	7	28
2566	8	40
2570	1	279
2570	2	297
2570	3	333
2570	4	324
2570	5	396
2570	6	369
2570	7	423
2570	8	207
2571	1	4;7
2571	2	2;5
2571	3	4;5
2571	4	5;8
2571	5	2;6
2571	6	3;7
2571	7	4;6
2571	8	5;6
2573	1	5;7;35
2573	2	4;6;21
2573	3	4;6;36
2573	4	3;4;12
2573	5	4;5;30
2573	6	5;7;21
2573	7	3;4;30
2573	8	3;5;35
2577	1	1;2;6
2577	2	1;2;7
2577	3	1;4;13
2577	4	1;2;15
2577	5	1;4;12
2577	6	1;4;10
2577	7	1;4;14
2577	8	1;2;12
2578	1	9;19
2578	2	9;27
2578	3	8;21
2578	4	5;25
2578	5	11;25
2578	6	4;24
2578	7	9;23
2578	8	12;27
2580	1	86
2580	2	102
2580	3	112
2580	4	156
2580	5	122
2580	6	78
2580	7	106
2580	8	82
2585	1	110
2585	2	160
2585	3	60
2585	4	135
2585	5	125
2585	6	130
2585	7	75
2585	8	65
2588	1	3;32
2588	2	3;34
2588	3	3;14
2588	4	3;12
2588	5	3;18
2588	6	3;28
2588	7	3;26
2588	8	3;38
2589	1	2;6;45;458
2589	2	3;12;39;828
2589	3	4;20;25;844
2589	4	5;12;45;780
2589	5	2;14;37;730
2589	6	4;20;25;792
2589	7	4;8;25;312
2589	8	2;8;19;228
2590	1	18;19
2590	2	12;37
2590	3	18;24
2590	4	27;34
2590	5	12;14
2590	6	24;27
2590	7	15;24
2590	8	12;28
2591	1	2;8;9
2591	2	2;4;5
2591	3	3;4;7
2591	4	3;6;8
2591	5	5;7;9
2591	6	2;3;7
2591	7	2;7;8
2591	8	5;8;9
2593	1	4;8
2593	2	4;20
2593	3	3;16
2593	4	4;13
2593	5	5;19
2593	6	4;10
2593	7	5;18
2593	8	5;7
2594	1	5;33
2594	2	2;24
2594	3	3;47
2594	4	2;38
2594	5	2;17
2594	6	3;28
2594	7	4;14
2594	8	4;39
2598	1	2;5;30
2598	2	2;3;48
2598	3	2;4;88
2598	4	2;3;30
2598	5	3;5;45
2598	6	2;3;54
2598	7	2;3;114
2598	8	2;4;48
2601	1	2551;3749
2601	2	1900;2995
2601	3	1606;6086
2601	4	3608;7912
2601	5	1253;5857
2601	6	2100;3419
2601	7	1311;5787
2601	8	2660;7487
2604	1	216;410;1396
2604	2	161;478;1384
2604	3	95;174;564
2604	4	138;387;1091
2604	5	160;398;1154
2604	6	170;196;744
2604	7	90;334;878
2604	8	233;427;1401
2606	1	4;6;7;51
2606	2	3;5;8;33
2606	3	2;4;5;68
2606	4	3;8;11;56
2606	5	4;6;9;63
2606	6	3;5;8;50
2606	7	3;8;11;55
2606	8	3;4;9;30
2607	1	12;398;782
2607	2	12;264;1158
2607	3	12;264;685
2607	4	16;363;765
2607	5	12;339;935
2607	6	16;163;789
2607	7	8;533;731
2607	8	16;370;815
2608	1	23;74
2608	2	16;35
2608	3	21;49
2608	4	26;30
2608	5	18;42
2608	6	30;91
2608	7	32;63
2608	8	16;26
2610	1	3;6;7;68
2610	2	5;6;8;72
2610	3	5;10;11;42
2610	4	4;6;7;78
2610	5	4;6;9;90
2610	6	4;6;8;32
2610	7	2;10;11;72
2610	8	5;10;11;36
2611	1	18;22
2611	2	10;18
2611	3	21;38
2611	4	21;26
2611	5	19;27
2611	6	12;18
2611	7	15;25
2611	8	21;30
2616	1	267;353;997
2616	2	176;339;1028
2616	3	294;318;992
2616	4	218;311;842
2616	5	235;244;783
2616	6	133;217;569
2616	7	172;236;712
2616	8	178;256;742
2619	1	12;17
2619	2	17;22
2619	3	9;24
2619	4	6;21
2619	5	12;22
2619	6	7;27
2619	7	9;14
2619	8	11;21
2621	1	8;12
2621	2	4;6
2621	3	4;5
2621	4	6;9
2621	5	5;6
2621	6	4;9
2621	7	6;8
2621	8	6;12
2622	1	4;29
2622	2	4;28
2622	3	4;10
2622	4	4;31
2622	5	4;25
2622	6	4;11
2622	7	4;20
2622	8	4;14
2623	1	2;6;12;16
2623	2	2;4;13;15
2623	3	3;9;12;18
2623	4	5;6;7;13
2623	5	3;13;15;17
2623	6	2;3;4;6
2623	7	3;4;10;13
2623	8	3;8;12;20
2624	1	25;44
2624	2	20;47
2624	3	25;48
2624	4	20;38
2624	5	25;56
2624	6	13;65
2624	7	24;60
2624	8	17;34
2629	1	26;39
2629	2	17;29
2629	3	19;22
2629	4	22;43
2629	5	37;47
2629	6	12;41
2629	7	31;44
2629	8	41;43
2633	1	8;78
2633	2	12;112
2633	3	12;96
2633	4	13;38
2633	5	14;102
2633	6	13;64
2633	7	9;38
2633	8	12;92
2635	1	1380
2635	2	2355
2635	3	1125
2635	4	1170
2635	5	2085
2635	6	2100
2635	7	1080
2635	8	1425
2636	1	14
2636	2	38
2636	3	36
2636	4	19
2636	5	23
2636	6	30
2636	7	15
2636	8	11
2637	1	2;4;14
2637	2	2;8;9
2637	3	2;3;16
2637	4	3;9;20
2637	5	2;5;8
2637	6	2;4;16
2637	7	4;7;24
2637	8	4;6;20
2639	1	20;31;41;109
2639	2	14;36;49;111
2639	3	14;28;51;97
2639	4	21;25;26;75
2639	5	12;24;49;88
2639	6	25;38;50;125
2639	7	22;24;59;125
2639	8	16;23;59;102
2641	1	10;36;216
2641	2	20;74;296
2641	3	11;23;87
2641	4	8;32;184
2641	5	12;45;298
2641	6	8;44;206
2641	7	14;39;216
2641	8	19;41;197
2642	1	12;73;92
2642	2	29;110;163
2642	3	26;116;163
2642	4	23;37;72
2642	5	29;102;150
2642	6	32;98;131
2642	7	45;52;140
2642	8	12;80;101
2644	1	3;23;154
2644	2	2;29;53
2644	3	2;25;89
2644	4	4;12;168
2644	5	2;40;132
2644	6	4;23;173
2644	7	2;19;83
2644	8	3;17;64
2646	1	4;19;29762
2646	2	3;10;35286
2646	3	2;13;37967
2646	4	4;15;12091
2646	5	3;6;26245
2646	6	2;21;24567
2646	7	4;19;12899
2646	8	4;15;21000
2649	1	2;17
2649	2	3;9
2649	3	2;14
2649	4	3;20
2649	5	4;17
2649	6	2;22
2649	7	3;7
2649	8	3;24
2650	1	47;86
2650	2	48;83
2650	3	61;66
2650	4	24;45
2650	5	40;62
2650	6	47;57
2650	7	43;84
2650	8	64;81
2651	1	2;12;18
2651	2	5;23;30
2651	3	3;13;21
2651	4	4;14;48
2651	5	5;15;65
2651	6	4;14;32
2651	7	2;24;46
2651	8	2;16;30
2652	1	5;18;26;294
2652	2	6;15;21;279
2652	3	4;9;20;167
2652	4	7;8;20;284
2652	5	6;7;15;191
2652	6	6;15;20;271
2652	7	7;8;19;276
2652	8	4;9;22;193
2654	1	19;109
2654	2	20;65
2654	3	15;65
2654	4	18;63
2654	5	18;83
2654	6	20;80
2654	7	16;66
2654	8	18;48
2657	1	3;5
2657	2	4;7
2657	3	2;7
2657	4	3;4
2657	5	2;11
2657	6	3;11
2657	7	3;8
2657	8	3;9
2661	1	17;36;188
2661	2	24;30;180
2661	3	19;20;206
2661	4	16;25;121
2661	5	32;33;176
2661	6	23;35;200
2661	7	18;36;180
2661	8	11;37;170
2662	1	3;5;9
2662	2	3;8;9
2662	3	2;7;8
2662	4	3;4;5
2662	5	3;4;7
2662	6	5;7;8
2662	7	3;4;8
2662	8	3;8;12
2663	1	16;41
2663	2	10;23
2663	3	15;36
2663	4	8;22
2663	5	16;40
2663	6	15;40
2663	7	11;26
2663	8	15;37
2664	1	3;17;40
2664	2	3;20;45
2664	3	3;12;31
2664	4	5;12;49
2664	5	2;23;27
2664	6	2;21;38
2664	7	3;16;41
2664	8	4;20;64
2669	1	6;37
2669	2	14;80
2669	3	8;54
2669	4	8;43
2669	5	5;26
2669	6	10;64
2669	7	11;68
2669	8	4;25
2670	1	815
2670	2	418
2670	3	359
2670	4	549
2670	5	494
2670	6	421
2670	7	333
2670	8	608
2673	1	7;37
2673	2	10;24
2673	3	17;39
2673	4	16;32
2673	5	14;44
2673	6	5;23
2673	7	12;26
2673	8	15;49
2674	1	2;6
2674	2	4;5
2674	3	2;4
2674	4	5;7
2674	5	4;9
2674	6	4;8
2674	7	2;3
2674	8	5;9
2675	1	63;598
2675	2	57;291
2675	3	33;465
2675	4	80;333
2675	5	103;376
2675	6	56;262
2675	7	68;254
2675	8	86;363
2676	1	234;540;886
2676	2	230;359;411
2676	3	142;564;810
2676	4	158;332;494
2676	5	320;538;658
2676	6	404;520;740
2676	7	354;618;920
2676	8	320;364;652
2678	1	56
2678	2	128
2678	3	120
2678	4	80
2678	5	64
2678	6	144
2678	7	136
2678	8	112
2679	1	105;167;172
2679	2	87;151;203
2679	3	109;205;211
2679	4	59;127;165
2679	5	62;114;133
2679	6	119;179;209
2679	7	68;104;134
2679	8	149;211;240
2682	1	10;37
2682	2	10;71
2682	3	6;137
2682	4	10;43
2682	5	9;56
2682	6	5;141
2682	7	7;100
2682	8	4;68
2683	1	6;14;16
2683	2	3;9;15
2683	3	6;12;13
2683	4	4;13;14
2683	5	8;15;17
2683	6	6;13;23
2683	7	6;16;18
2683	8	8;9;23
2691	1	7;31
2691	2	12;54
2691	3	6;28
2691	4	6;36
2691	5	14;58
2691	6	13;59
2691	7	12;52
2691	8	8;50
2697	1	14
2697	2	16
2697	3	13
2697	4	21
2697	5	18
2697	6	15
2697	7	10
2697	8	22
2698	1	3;5
2698	2	4;6
2698	3	5;6
2698	4	7;9
2698	5	7;8
2698	6	5;7
2698	7	3;4
2698	8	5;9
2699	1	17;39
2699	2	6;28
2699	3	9;53
2699	4	12;54
2699	5	13;43
2699	6	12;48
2699	7	11;33
2699	8	16;58
2701	1	2;26;318
2701	2	5;10;334
2701	3	4;40;319
2701	4	4;23;331
2701	5	5;28;328
2701	6	3;17;329
2701	7	5;23;324
2701	8	5;37;313
2703	1	4;5;12;16;20
2703	2	5;6;7;12;15
2703	3	4;5;6;13;15
2703	4	5;8;11;14;15
2703	5	4;5;13;14;16
2703	6	3;8;9;13;18
2703	7	3;8;9;11;19
2703	8	7;8;10;12;15
2704	1	7475
2704	2	5733
2704	3	7551
2704	4	7415
2704	5	6543
2704	6	7396
2704	7	3767
2704	8	6529
2705	1	30
2705	2	120
2705	3	80
2705	4	40
2705	5	50
2705	6	70
2705	7	90
2705	8	100
2706	1	20
2706	2	19
2706	3	16
2706	4	18
2706	5	12
2706	6	10
2706	7	17
2706	8	9
2708	1	20
2708	2	13
2708	3	6
2708	4	11
2708	5	8
2708	6	9
2708	7	18
2708	8	15
2709	1	37
2709	2	26
2709	3	12
2709	4	33
2709	5	15
2709	6	31
2709	7	23
2709	8	22
2710	1	2;5;7;10
2710	2	3;5;8;11
2710	3	4;5;9;12
2710	4	2;3;7;10
2710	5	3;5;8;9
2710	6	3;4;8;9
2710	7	2;3;7;8
2710	8	2;4;7;8
2711	1	2;6;28;47
2711	2	8;16;26;29
2711	3	2;6;14;39
2711	4	8;12;16;33
2711	5	2;6;18;32
2711	6	8;10;28;42
2711	7	2;8;30;31
2711	8	3;15;27;48
2712	1	5;18
2712	2	6;15
2712	3	7;8
2712	4	4;9
2712	5	3;20
2712	6	8;13
2712	7	6;7
2712	8	9;14
2713	1	2;8;15
2713	2	2;12;14
2713	3	3;5;9
2713	4	2;12;15
2713	5	3;5;8
2713	6	3;9;10
2713	7	2;8;11
2713	8	3;5;10
2714	1	16
2714	2	17
2714	3	7
2714	4	12
2714	5	5
2714	6	14
2714	7	19
2714	8	8
2715	1	7;14;21
2715	2	10;15;20
2715	3	4;6;8
2715	4	9;13;17
2715	5	8;9;10
2715	6	7;11;15
2715	7	9;12;15
2715	8	9;15;21
2716	1	10
2716	2	22
2716	3	11
2716	4	16
2716	5	13
2716	6	24
2716	7	21
2716	8	15
2719	1	2;3;5
2719	2	4;5;7
2719	3	2;5;6
2719	4	2;4;8
2719	5	3;5;7
2719	6	3;5;8
2719	7	2;5;8
2719	8	3;5;6
2723	1	92
2723	2	76
2723	3	40
2723	4	136
2723	5	144
2723	6	88
2723	7	56
2723	8	96
2724	1	4;8;12
2724	2	4;7;13
2724	3	7;8;10
2724	4	5;8;14
2724	5	6;8;14
2724	6	4;6;10
2724	7	5;8;12
2724	8	6;9;11
2727	1	4;26;228
2727	2	2;27;156
2727	3	6;11;270
2727	4	8;11;192
2727	5	3;32;345
2727	6	2;37;208
2727	7	6;12;282
2727	8	2;25;134
2729	1	4;6;11
2729	2	4;5;6
2729	3	3;8;9
2729	4	2;4;5
2729	5	5;7;12
2729	6	3;9;18
2729	7	2;3;8
2729	8	4;7;20
2730	1	2;3;312
2730	2	3;4;105
2730	3	2;6;224
2730	4	2;7;304
2730	5	2;3;192
2730	6	2;4;310
2730	7	2;5;348
2730	8	3;8;324
2731	1	21;51;167
2731	2	18;32;153
2731	3	28;38;159
2731	4	14;39;105
2731	5	13;46;180
2731	6	22;39;141
2731	7	27;37;178
2731	8	16;27;93
2732	1	2;3;4;9
2732	2	2;4;6;9
2732	3	2;5;6;9
2732	4	2;3;6;9
2732	5	2;4;8;9
2732	6	2;3;5;9
2732	7	2;5;8;9
2732	8	2;3;7;9
2734	1	3;5;9;10;18;28
2734	2	2;5;7;8;34;52
2734	3	4;5;12;15;25;57
2734	4	4;6;10;17;33;59
2734	5	3;6;11;16;22;58
2734	6	4;6;7;12;26;56
2734	7	3;5;9;10;32;48
2734	8	3;4;7;8;14;48
2736	1	3;13
2736	2	3;20
2736	3	4;19
2736	4	3;14
2736	5	3;15
2736	6	4;20
2736	7	4;16
2736	8	4;11
2739	1	2;9;4363
2739	2	2;5;2069
2739	3	2;9;2963
2739	4	2;5;1333
2739	5	2;9;3387
2739	6	2;5;2735
2739	7	2;5;3480
2739	8	2;9;4139
2745	1	2;34;78
2745	2	2;30;70
2745	3	3;20;75
2745	4	2;23;54
2745	5	3;15;51
2745	6	2;14;34
2745	7	3;28;91
2745	8	2;28;66
2746	1	9;14;45;231
2746	2	16;19;56;226
2746	3	15;37;50;244
2746	4	15;20;21;283
2746	5	29;34;59;113
2746	6	17;23;70;84
2746	7	27;31;42;206
2746	8	14;24;49;197
2747	1	29;60
2747	2	32;49
2747	3	19;68
2747	4	64;70
2747	5	35;55
2747	6	29;64
2747	7	32;59
2747	8	44;47
2749	1	5
2749	2	9
2749	3	11
2749	4	4
2749	5	13
2749	6	6
2749	7	16
2749	8	15
2750	1	9;577;10993
2750	2	8;761;13653
2750	3	8;302;5349
2750	4	5;974;13228
2750	5	8;676;10310
2750	6	5;1105;13787
2750	7	9;583;9941
2750	8	8;761;14266
2751	1	4;25
2751	2	3;23
2751	3	10;36
2751	4	6;36
2751	5	7;36
2751	6	7;40
2751	7	7;17
2751	8	6;23
2752	1	4485
2752	2	2625
2752	3	4860
2752	4	4185
2752	5	3825
2752	6	5070
2752	7	3105
2752	8	2895
2753	1	2;5;14;72
2753	2	4;5;13;78
2753	3	2;4;9;56
2753	4	2;4;7;92
2753	5	2;4;5;84
2753	6	3;4;6;85
2753	7	2;4;11;76
2753	8	2;3;14;84
2754	1	2;6;14
2754	2	2;5;20
2754	3	4;8;12
2754	4	2;11;24
2754	5	5;7;12
2754	6	2;6;13
2754	7	3;11;21
2754	8	2;9;12
2756	1	4;7;8;14;30
2756	2	2;5;12;20;42
2756	3	2;5;6;12;28
2756	4	2;5;10;20;43
2756	5	2;9;10;16;34
2756	6	2;5;6;12;44
2756	7	3;6;7;13;45
2756	8	3;6;7;13;32
2758	1	2;72
2758	2	3;117
2758	3	2;128
2758	4	2;120
2758	5	2;48
2758	6	2;116
2758	7	3;90
2758	8	2;112
2760	1	5;47
2760	2	6;63
2760	3	7;32
2760	4	4;48
2760	5	9;27
2760	6	3;48
2760	7	8;21
2760	8	5;25
2763	1	20;30
2763	2	19;37
2763	3	15;38
2763	4	26;49
2763	5	19;28
2763	6	10;39
2763	7	18;54
2763	8	21;23
2764	1	5;47;65;146
2764	2	7;25;39;106
2764	3	8;36;58;100
2764	4	5;55;61;130
2764	5	17;35;45;114
2764	6	17;45;47;112
2764	7	7;27;65;128
2764	8	14;34;56;96
2765	1	310
2765	2	300
2765	3	150
2765	4	260
2765	5	410
2765	6	280
2765	7	390
2765	8	250
2766	1	12;19;76
2766	2	8;15;59
2766	3	12;20;74
2766	4	9;26;93
2766	5	7;20;69
2766	6	5;16;55
2766	7	8;19;71
2766	8	8;24;86
2768	1	41;42
2768	2	32;36
2768	3	40;64
2768	4	36;48
2768	5	28;34
2768	6	45;50
2768	7	28;40
2768	8	20;22
2772	1	4;10;18;24
2772	2	2;5;9;11
2772	3	3;5;13;19
2772	4	3;10;12;20
2772	5	2;6;10;28
2772	6	2;10;16;18
2772	7	2;8;14;20
2772	8	5;10;12;22
2773	1	3;8;9;32
2773	2	3;8;9;16
2773	3	5;8;9;22
2773	4	3;4;13;16
2773	5	8;9;11;41
2773	6	2;5;13;47
2773	7	7;10;11;36
2773	8	4;5;9;37
2779	1	6
2779	2	4
2779	3	11
2779	4	8
2779	5	13
2779	6	9
2779	7	5
2779	8	10
2786	1	7;16
2786	2	5;17
2786	3	3;14
2786	4	4;19
2786	5	4;12
2786	6	4;18
2786	7	4;16
2786	8	3;12
2787	1	5;7;9
2787	2	6;8;16
2787	3	4;11;13
2787	4	2;7;13
2787	5	5;7;13
2787	6	4;6;10
2787	7	2;6;9
2787	8	3;5;7
2789	1	94;107;161;166
2789	2	56;81;89;94
2789	3	44;61;111;120
2789	4	39;44;84;105
2789	5	42;47;77;82
2789	6	36;59;119;176
2789	7	89;134;154;179
2789	8	84;98;167;176
2790	1	35;44
2790	2	31;78
2790	3	46;47
2790	4	20;27
2790	5	25;67
2790	6	48;71
2790	7	36;62
2790	8	31;61
2795	1	161;442
2795	2	190;529
2795	3	291;376
2795	4	179;278
2795	5	254;517
2795	6	191;220
2795	7	232;255
2795	8	117;306
2799	1	16;48;160
2799	2	10;38;98
2799	3	26;63;193
2799	4	19;39;172
2799	5	12;49;157
2799	6	17;33;101
2799	7	29;52;197
2799	8	11;53;108
2800	1	4;10;15
2800	2	2;6;25
2800	3	3;9;18
2800	4	4;10;12
2800	5	2;15;37
2800	6	3;21;29
2800	7	4;8;25
2800	8	4;13;32
2803	1	2;3;20
2803	2	3;5;37
2803	3	2;7;40
2803	4	2;4;22
2803	5	3;6;37
2803	6	2;3;14
2803	7	2;8;38
2803	8	2;6;29
2804	1	2;4;12
2804	2	2;6;12
2804	3	2;6;8
2804	4	2;5;6
2804	5	2;7;12
2804	6	2;6;10
2804	7	2;5;12
2804	8	2;8;12
2805	1	3;8;23
2805	2	3;7;21
2805	3	4;6;16
2805	4	2;3;17
2805	5	2;8;17
2805	6	5;9;18
2805	7	2;4;17
2805	8	4;7;17
2808	1	1;19
2808	2	1;14
2808	3	1;13
2808	4	1;17
2808	5	1;7
2808	6	1;16
2808	7	1;15
2808	8	1;6
2813	1	38;284
2813	2	100;490
2813	3	27;591
2813	4	87;525
2813	5	97;601
2813	6	39;333
2813	7	53;491
2813	8	63;417
2814	1	4;6;19;21
2814	2	3;16;21;23
2814	3	4;6;15;25
2814	4	5;8;13;31
2814	5	5;13;14;20
2814	6	2;8;23;27
2814	7	2;6;17;21
2814	8	2;6;9;33
2815	1	4;9
2815	2	4;8
2815	3	8;15
2815	4	5;18
2815	5	5;13
2815	6	4;20
2815	7	5;11
2815	8	3;17
2816	1	2;766
2816	2	6;1090
2816	3	7;906
2816	4	8;824
2816	5	6;796
2816	6	8;1016
2816	7	2;734
2816	8	5;755
2818	1	83;113;154
2818	2	135;142;154
2818	3	47;60;72
2818	4	50;152;155
2818	5	46;71;115
2818	6	75;145;168
2818	7	108;127;165
2818	8	65;104;154
2819	1	10;18
2819	2	27;38
2819	3	29;36
2819	4	14;18
2819	5	20;32
2819	6	20;36
2819	7	19;28
2819	8	27;30
2820	1	7;22
2820	2	10;29
2820	3	13;32
2820	4	11;19
2820	5	13;31
2820	6	9;28
2820	7	9;23
2820	8	8;30
2821	1	8;9
2821	2	8;10
2821	3	6;9
2821	4	8;14
2821	5	8;13
2821	6	8;12
2821	7	7;14
2821	8	6;12
2825	1	4;18;535
2825	2	3;9;649
2825	3	2;8;702
2825	4	4;6;632
2825	5	3;13;601
2825	6	2;20;717
2825	7	4;10;601
2825	8	2;12;899
2826	1	8;499.5;9814
2826	2	5;589.35;17867
2826	3	4;569;16638
2826	4	5;1176.75;12490
2826	5	8;927.25;6940
2826	6	5;623.6;14278
2826	7	8;352.75;17665
2826	8	8;791.5;15741
2827	1	22
2827	2	29
2827	3	34
2827	4	19
2827	5	15
2827	6	21
2827	7	16
2827	8	27
2828	1	24
2828	2	12
2828	3	36
2828	4	30
2828	5	15
2828	6	21
2828	7	27
2828	8	33
2830	1	2;8
2830	2	3;14
2830	3	4;18
2830	4	2;25
2830	5	3;26
2830	6	4;16
2830	7	2;20
2830	8	3;31
2831	1	3;36
2831	2	4;72
2831	3	4;40
2831	4	4;64
2831	5	3;48
2831	6	4;80
2831	7	5;60
2831	8	4;48
2832	1	7;19;110;645
2832	2	7;15;200;791
2832	3	12;17;171;652
2832	4	11;16;234;777
2832	5	4;18;239;618
2832	6	11;22;145;600
2832	7	11;22;139;378
2832	8	10;18;104;755
2834	1	42
2834	2	64
2834	3	59
2834	4	71
2834	5	69
2834	6	39
2834	7	53
2834	8	66
2836	1	2;32
2836	2	3;23
2836	3	4;20
2836	4	2;48
2836	5	3;17
2836	6	4;26
2836	7	3;15
2836	8	4;46
2837	1	4;6;13;28
2837	2	3;5;24;41
2837	3	3;12;23;24
2837	4	2;3;12;21
2837	5	2;6;11;20
2837	6	5;9;13;43
2837	7	5;6;22;44
2837	8	4;5;19;21
2838	1	4;1739;2414
2838	2	6;723;840
2838	3	8;1385;1457
2838	4	4;631;899
2838	5	6;1322;2101
2838	6	7;1010;2264
2838	7	8;1467;1546
2838	8	6;1021;1663
2839	1	3;90
2839	2	5;90
2839	3	10;86
2839	4	11;60
2839	5	8;46
2839	6	7;40
2839	7	11;76
2839	8	3;72
2842	1	3;9;24
2842	2	2;24;27
2842	3	7;16;23
2842	4	4;11;23
2842	5	5;9;19
2842	6	6;7;12
2842	7	5;7;30
2842	8	6;7;24
2843	1	15;106;338
2843	2	8;188;459
2843	3	14;136;511
2843	4	8;350;414
2843	5	14;361;624
2843	6	13;101;333
2843	7	14;385;567
2843	8	14;329;1196
2851	1	14
2851	2	23
2851	3	26
2851	4	8
2851	5	9
2851	6	19
2851	7	18
2851	8	11
2854	1	73;135
2854	2	52;106
2854	3	70;144
2854	4	65;139
2854	5	79;173
2854	6	44;90
2854	7	54;64
2854	8	46;92
2857	1	4;5;6;12
2857	2	3;5;6;9
2857	3	2;4;7;10
2857	4	3;5;8;11
2857	5	3;4;5;9
2857	6	2;5;8;10
2857	7	3;5;7;11
2857	8	3;4;7;11
2859	1	1;6;192
2859	2	1;12;167
2859	3	1;9;123
2859	4	1;6;181
2859	5	1;9;166
2859	6	1;6;187
2859	7	1;6;200
2859	8	1;7;186
2860	1	4;5;20
2860	2	5;10;24
2860	3	3;6;24
2860	4	5;6;24
2860	5	6;7;21
2860	6	3;4;20
2860	7	3;6;22
2860	8	5;8;24
2863	1	6;18;30
2863	2	20;27;40
2863	3	11;22;55
2863	4	6;19;42
2863	5	9;29;45
2863	6	6;24;54
2863	7	16;39;80
2863	8	12;29;72
2866	1	12;30
2866	2	10;42
2866	3	10;36
2866	4	12;40
2866	5	10;48
2866	6	4;30
2866	7	6;40
2866	8	12;50
2868	1	11;15;19
2868	2	10;15;16
2868	3	4;12;13
2868	4	7;8;14
2868	5	7;12;17
2868	6	10;12;19
2868	7	3;6;7
2868	8	12;13;16
2869	1	7;164
2869	2	5;204
2869	3	14;68
2869	4	17;236
2869	5	7;216
2869	6	12;84
2869	7	7;100
2869	8	10;84
2873	1	12;76
2873	2	8;52
2873	3	9;58
2873	4	10;64
2873	5	12;75
2873	6	10;63
2873	7	12;74
2873	8	12;73
2874	1	45;190
2874	2	51;178
2874	3	82;276
2874	4	77;276
2874	5	41;208
2874	6	60;300
2874	7	67;206
2874	8	75;230
2881	1	3;13;96
2881	2	3;4;50
2881	3	3;10;42
2881	4	3;9;66
2881	5	3;7;34
2881	6	3;9;74
2881	7	3;12;86
2881	8	3;6;96
2886	1	22;294
2886	2	24;208
2886	3	22;414
2886	4	36;470
2886	5	14;280
2886	6	30;178
2886	7	20;296
2886	8	34;178
2887	1	9;14;85
2887	2	15;30;77
2887	3	17;20;130
2887	4	13;27;81
2887	5	23;25;121
2887	6	11;31;120
2887	7	21;27;136
2887	8	21;26;110
2890	1	3;21;64
2890	2	3;15;45
2890	3	3;21;32
2890	4	3;15;48
2890	5	4;16;54
2890	6	5;15;43
2890	7	4;20;68
2890	8	3;21;89
2892	1	2;87;282
2892	2	2;83;240
2892	3	2;76;210
2892	4	4;58;256
2892	5	2;66;244
2892	6	2;114;236
2892	7	2;59;156
2892	8	2;67;226
2893	1	188
2893	2	201
2893	3	145
2893	4	116
2893	5	203
2893	6	268
2893	7	293
2893	8	182
2896	1	28;235
2896	2	40;240
2896	3	34;273
2896	4	18;142
2896	5	14;249
2896	6	24;79
2896	7	24;166
2896	8	26;116
2900	1	4;36
2900	2	2;97
2900	3	3;75
2900	4	4;89
2900	5	2;48
2900	6	3;32
2900	7	4;30
2900	8	2;109
2903	1	4;7
2903	2	11;13
2903	3	7;12
2903	4	10;15
2903	5	5;8
2903	6	7;13
2903	7	6;10
2903	8	3;5
2905	1	2;5;14
2905	2	3;5;22
2905	3	2;3;22
2905	4	2;3;24
2905	5	3;4;13
2905	6	3;4;18
2905	7	2;4;19
2905	8	3;5;24
2908	1	16;124;718
2908	2	18;69;365
2908	3	5;53;621
2908	4	12;125;781
2908	5	20;84;798
2908	6	15;155;627
2908	7	14;74;320
2908	8	9;181;721
2909	1	2;8;10;22
2909	2	3;11;14;22
2909	3	4;12;16;28
2909	4	2;12;13;25
2909	5	3;5;14;22
2909	6	2;12;13;29
2909	7	2;12;16;33
2909	8	4;8;15;17
2910	1	3;273;461
2910	2	2;332;368
2910	3	4;131;295
2910	4	6;151;315
2910	5	5;229;482
2910	6	3;165;281
2910	7	3;156;182
2910	8	2;149;512
2911	1	26
2911	2	28
2911	3	25
2911	4	35
2911	5	34
2911	6	23
2911	7	31
2911	8	18
2913	1	3;16
2913	2	5;16
2913	3	6;16
2913	4	3;14
2913	5	7;16
2913	6	5;14
2913	7	4;14
2913	8	6;14
2919	1	2;4;6;9
2919	2	2;4;8;9
2919	3	2;3;8;9
2919	4	2;5;6;9
2919	5	4;5;6;7
2919	6	2;3;6;9
2919	7	2;5;8;9
2919	8	2;5;7;9
2920	1	24
2920	2	48
2920	3	32
2920	4	72
2920	5	34
2920	6	35
2920	7	61
2920	8	27
2922	1	3;16
2922	2	8;20
2922	3	4;12
2922	4	5;16
2922	5	8;22
2922	6	3;12
2922	7	6;20
2922	8	5;14
2923	1	13;28
2923	2	20;24
2923	3	9;29
2923	4	8;19
2923	5	18;29
2923	6	12;19
2923	7	15;22
2923	8	16;26
2925	1	13;20;25
2925	2	11;35;63
2925	3	6;27;58
2925	4	9;32;65
2925	5	8;19;63
2925	6	15;35;71
2925	7	5;40;80
2925	8	12;27;77
2927	1	4607;102012
2927	2	5248;101556
2927	3	7595;118476
2927	4	6422;89340
2927	5	4347;81636
2927	6	7855;113772
2927	7	5068;91044
2927	8	3084;43356
2928	1	1;72
2928	2	1;27
2928	3	1;83
2928	4	1;79
2928	5	1;82
2928	6	1;80
2928	7	1;34
2928	8	1;59
2929	1	22;25;144
2929	2	15;16;151
2929	3	12;19;151
2929	4	18;27;141
2929	5	14;21;94
2929	6	17;28;104
2929	7	26;29;157
2929	8	7;8;63
2930	1	5;10;17
2930	2	6;7;10
2930	3	9;14;15
2930	4	7;8;12
2930	5	3;12;15
2930	6	6;7;12
2930	7	3;12;16
2930	8	7;8;17
2931	1	3;6;492
2931	2	2;5;835
2931	3	3;6;418
2931	4	2;5;925
2931	5	3;6;722
2931	6	2;9;594
2931	7	2;5;635
2931	8	4;7;931
2933	1	60;265;274
2933	2	84;416;419
2933	3	68;327;340
2933	4	54;119;128
2933	5	89;398;409
2933	6	80;329;355
2933	7	41;261;276
2933	8	93;249;272
2939	1	5;8
2939	2	4;5
2939	3	4;8
2939	4	5;6
2939	5	5;7
2939	6	4;6
2939	7	3;8
2939	8	3;6
2942	1	5;101.55
2942	2	5;250.95
2942	3	6;85
2942	4	4;261
2942	5	5;223.1
2942	6	2;110.5
2942	7	8;227.25
2942	8	8;149.5
2946	1	15;46
2946	2	5;18
2946	3	12;39
2946	4	13;41
2946	5	14;45
2946	6	13;46
2946	7	14;48
2946	8	10;33
2947	1	7;10;14
2947	2	4;16;27
2947	3	3;7;26
2947	4	4;8;27
2947	5	3;20;26
2947	6	2;10;17
2947	7	4;9;16
2947	8	5;13;16
2948	1	5
2948	2	6
2948	3	9
2948	4	13
2948	5	8
2948	6	11
2948	7	12
2948	8	10
2949	1	11;40;45
2949	2	31;36;39
2949	3	27;36;39
2949	4	25;30;45
2949	5	22;26;49
2949	6	26;37;42
2949	7	32;34;37
2949	8	12;42;45
2950	1	3;4;10;16
2950	2	4;6;12;18
2950	3	2;3;11;15
2950	4	2;10;12;20
2950	5	4;5;9;15
2950	6	8;9;11;27
2950	7	6;8;9;16
2950	8	3;7;8;17
2952	1	9;17;73
2952	2	4;12;28
2952	3	5;29;81
2952	4	4;16;44
2952	5	7;15;55
2952	6	4;28;44
2952	7	4;20;28
2952	8	4;16;32
2953	1	20
2953	2	22
2953	3	16
2953	4	10
2953	5	18
2953	6	8
2953	7	24
2953	8	14
2954	1	197;365;1898
2954	2	193;242;1436
2954	3	214;443;1936
2954	4	104;265;980
2954	5	202;353;1105
2954	6	162;302;1379
2954	7	181;360;1350
2954	8	168;358;1813
2957	1	2;9;10;16
2957	2	3;6;7;13
2957	3	2;5;8;12
2957	4	2;9;12;16
2957	5	4;7;10;14
2957	6	2;5;10;12
2957	7	4;7;12;14
2957	8	2;5;10;20
2958	1	600
2958	2	280
2958	3	240
2958	4	680
2958	5	340
2958	6	740
2958	7	700
2958	8	800
2961	1	372
2961	2	636
2961	3	384
2961	4	428
2961	5	788
2961	6	664
2961	7	676
2961	8	624
2964	1	7;8;9
2964	2	3;4;11
2964	3	3;6;11
2964	4	7;9;12
2964	5	6;8;11
2964	6	6;7;12
2964	7	3;5;10
2964	8	4;6;7
2968	1	2;7;3300
2968	2	2;8;2679
2968	3	3;6;4435
2968	4	4;7;5840
2968	5	4;6;4710
2968	6	2;5;5680
2968	7	3;4;5835
2968	8	2;4;4431
2973	1	3;8;108
2973	2	3;4;108
2973	3	3;5;105
2973	4	4;6;120
2973	5	4;6;88
2973	6	3;4;30
2973	7	3;4;102
2973	8	5;8;110
2976	1	7;12;28
2976	2	10;12;40
2976	3	15;17;45
2976	4	6;7;45
2976	5	8;12;30
2976	6	8;14;32
2976	7	14;18;42
2976	8	13;17;39
2977	1	22
2977	2	16
2977	3	10
2977	4	8
2977	5	18
2977	6	20
2977	7	14
2977	8	24
2980	1	16;106
2980	2	10;74
2980	3	17;119
2980	4	16;104
2980	5	17;127
2980	6	12;86
2980	7	19;127
2980	8	16;108
2982	1	2;7;117
2982	2	2;4;66
2982	3	2;5;98
2982	4	2;6;80
2982	5	3;4;63
2982	6	3;5;80
2982	7	2;3;95
2982	8	2;3;90
2986	1	3;550
2986	2	3;1150
2986	3	4;825
2986	4	5;990
2986	5	5;500
2986	6	5;710
2986	7	4;425
2986	8	4;1025
2991	1	3;12;196
2991	2	4;24;210
2991	3	4;18;189
2991	4	2;15;192
2991	5	3;12;159
2991	6	2;18;192
2991	7	2;32;206
2991	8	3;23;185
2994	1	16
2994	2	17
2994	3	7
2994	4	12
2994	5	5
2994	6	14
2994	7	19
2994	8	8
2996	1	7;294;491
2996	2	6;125;522
2996	3	8;149;514
2996	4	4;241;479
2996	5	7;370;381
2996	6	5;296;719
2996	7	3;103;784
2996	8	6;263;513
2997	1	68
2997	2	56
2997	3	200
2997	4	74
2997	5	152
2997	6	184
2997	7	54
2997	8	86
2998	1	1;3;12;38
2998	2	1;5;40;56
2998	3	1;3;36;50
2998	4	1;5;35;58
2998	5	1;4;20;28
2998	6	1;2;10;58
2998	7	1;3;15;40
2998	8	1;2;16;50
3003	1	12;51
3003	2	18;81
3003	3	13;72
3003	4	20;75
3003	5	15;78
3003	6	14;81
3003	7	12;63
3003	8	13;60
3005	1	587
3005	2	264
3005	3	455
3005	4	796
3005	5	359
3005	6	410
3005	7	355
3005	8	451
3007	1	87
3007	2	74
3007	3	45
3007	4	32
3007	5	55
3007	6	82
3007	7	61
3007	8	44
3008	1	20
3008	2	13
3008	3	6
3008	4	11
3008	5	8
3008	6	9
3008	7	18
3008	8	15
3009	1	52;3475
3009	2	50;2146
3009	3	60;1215
3009	4	75;3900
3009	5	50;2352
3009	6	95;2360
3009	7	80;1400
3009	8	95;1120
3011	1	5;12;60
3011	2	7;16;32
3011	3	4;12;41
3011	4	9;14;50
3011	5	2;13;29
3011	6	8;12;35
3011	7	5;9;32
3011	8	6;15;39
3013	1	5;18;27
3013	2	3;15;29
3013	3	4;8;12
3013	4	5;9;28
3013	5	5;11;18
3013	6	5;13;19
3013	7	2;7;8
3013	8	3;6;18
3019	1	3;11;13;19
3019	2	11;14;19;29
3019	3	9;14;15;33
3019	4	5;10;11;21
3019	5	8;13;16;26
3019	6	9;13;15;41
3019	7	7;14;19;45
3019	8	6;14;18;40
3020	1	25;41
3020	2	34;45
3020	3	40;65
3020	4	33;106
3020	5	10;153
3020	6	37;72
3020	7	12;149
3020	8	40;156
3024	1	8;9
3024	2	11;18
3024	3	9;15
3024	4	4;20
3024	5	12;13
3024	6	4;11
3024	7	13;16
3024	8	12;17
3033	1	155
3033	2	163
3033	3	103
3033	4	126
3033	5	341
3033	6	270
3033	7	166
3033	8	137
3034	1	9;19
3034	2	8;24
3034	3	3;23
3034	4	6;19
3034	5	5;11
3034	6	4;11
3034	7	7;15
3034	8	9;18
3037	1	40;725
3037	2	25;484
3037	3	38;600
3037	4	25;856
3037	5	40;695
3037	6	25;796
3037	7	31;900
3037	8	41;500
3038	1	7440
3038	2	6560
3038	3	4960
3038	4	5280
3038	5	4360
3038	6	2840
3038	7	4720
3038	8	2800
3041	1	155;243;591
3041	2	125;401;653
3041	3	133;250;541
3041	4	67;214;395
3041	5	90;362;730
3041	6	156;338;804
3041	7	206;445;870
3041	8	80;356;752
3042	1	18;373;833
3042	2	13;417;649
3042	3	13;483;778
3042	4	19;219;446
3042	5	9;169;704
3042	6	10;414;596
3042	7	16;234;774
3042	8	8;292;588
3043	1	3;18
3043	2	4;12
3043	3	3;22
3043	4	4;28
3043	5	3;8
3043	6	3;23
3043	7	5;22
3043	8	4;22
3044	1	2;4;18
3044	2	3;6;11
3044	3	2;8;18
3044	4	4;8;16
3044	5	2;6;18
3044	6	4;8;20
3044	7	3;6;15
3044	8	2;6;10
3047	1	4;5;20;33
3047	2	5;7;17;35
3047	3	2;6;8;30
3047	4	5;6;10;39
3047	5	4;8;20;35
3047	6	4;8;20;24
3047	7	2;3;14;39
3047	8	3;5;13;35
3049	1	21
3049	2	27
3049	3	32
3049	4	29
3049	5	39
3049	6	11
3049	7	40
3049	8	30
3052	1	7;48
3052	2	5;32
3052	3	3;36
3052	4	9;40
3052	5	7;46
3052	6	3;58
3052	7	9;48
3052	8	7;56
3053	1	7;30;269
3053	2	12;21;310
3053	3	10;27;296
3053	4	7;30;223
3053	5	8;21;182
3053	6	11;24;301
3053	7	7;42;319
3053	8	9;28;269
3056	1	2;18;31;834
3056	2	2;25;66;757
3056	3	3;12;32;748
3056	4	3;21;108;348
3056	5	2;23;94;394
3056	6	3;12;91;396
3056	7	2;11;113;510
3056	8	4;12;45;812
3058	1	4;10;19
3058	2	2;7;17
3058	3	6;8;13
3058	4	9;15;16
3058	5	2;13;17
3058	6	3;9;10
3058	7	7;10;14
3058	8	4;6;19
3061	1	6;8;17;32
3061	2	7;8;17;40
3061	3	6;9;10;18
3061	4	6;8;17;34
3061	5	5;9;18;23
3061	6	6;9;18;20
3061	7	3;4;13;42
3061	8	6;7;20;28
3064	1	60
3064	2	45
3064	3	25
3064	4	40
3064	5	15
3064	6	35
3064	7	50
3064	8	20
3066	1	84
3066	2	90
3066	3	28
3066	4	26
3066	5	88
3066	6	94
3066	7	72
3066	8	62
3069	1	11;26;29
3069	2	10;30;31
3069	3	8;21;27
3069	4	4;34;37
3069	5	10;30;37
3069	6	4;24;25
3069	7	8;33;38
3069	8	7;18;20
3070	1	34
3070	2	47
3070	3	38
3070	4	45
3070	5	29
3070	6	48
3070	7	35
3070	8	42
3072	1	12;23
3072	2	22;23
3072	3	20;32
3072	4	30;35
3072	5	12;20
3072	6	10;24
3072	7	24;37
3072	8	14;31
3076	1	19;24
3076	2	22;31
3076	3	31;37
3076	4	38;43
3076	5	13;18
3076	6	18;25
3076	7	29;41
3076	8	27;36
3077	1	222;507
3077	2	209;373
3077	3	102;490
3077	4	235;471
3077	5	216;588
3077	6	122;591
3077	7	180;402
3077	8	72;480
3084	1	5;96
3084	2	3;60
3084	3	8;91
3084	4	5;84
3084	5	5;56
3084	6	5;100
3084	7	3;104
3084	8	3;32
3086	1	5;12;12.4;94
3086	2	8;15;18.75;93
3086	3	2;5;19.76;55
3086	4	3;15;24.6;92
3086	5	5;9;23.6;94
3086	6	2;15;18.7;75
3086	7	5;10;25.66;42
3086	8	8;9;17.4;45
3088	1	58;522
3088	2	25;275
3088	3	35;560
3088	4	29;406
3088	5	26;221
3088	6	71;142
3088	7	70;175
3088	8	22;165
3090	1	8;143
3090	2	3;92
3090	3	9;97
3090	4	4;139
3090	5	7;136
3090	6	6;200
3090	7	5;79
3090	8	8;51
3091	1	19;43
3091	2	22;33
3091	3	22;25
3091	4	11;22
3091	5	17;44
3091	6	8;22
3091	7	21;41
3091	8	20;30
3092	1	7;15;17;23;40;75;275;768
3092	2	7;14;18;20;31;77;177;829
3092	3	5;10;11;17;67;74;265;794
3092	4	4;14;16;20;110;140;327;910
3092	5	7;11;12;28;63;104;319;1041
3092	6	8;9;14;16;54;121;283;985
3092	7	6;8;9;15;53;75;218;610
3092	8	7;14;19;25;66;113;348;756
3093	1	8;40
3093	2	3;33
3093	3	4;37
3093	4	7;39
3093	5	6;23
3093	6	5;11
3093	7	8;30
3093	8	3;11
3096	1	1.5;86
3096	2	1.5;56
3096	3	2.5;84
3096	4	2.5;54
3096	5	2.5;87
3096	6	2.5;67
3096	7	1.5;74
3096	8	2.5;83
3100	1	4;8;52
3100	2	3;4;92
3100	3	4;7;112
3100	4	5;8;112
3100	5	4;8;94
3100	6	4;5;70
3100	7	5;8;104
3100	8	3;5;105
3101	1	23;79;322
3101	2	33;59;165
3101	3	20;45;340
3101	4	46;73;276
3101	5	33;45;99
3101	6	58;71;232
3101	7	18;60;288
3101	8	60;71;240
3102	1	3;17;23
3102	2	4;10;39
3102	3	3;5;29
3102	4	2;12;19
3102	5	4;14;23
3102	6	3;9;20
3102	7	2;8;36
3102	8	4;14;35
3105	1	16
3105	2	15
3105	3	10
3105	4	9
3105	5	20
3105	6	11
3105	7	22
3105	8	25
3106	1	120;364;1132
3106	2	268;509;1711
3106	3	265;469;1674
3106	4	246;482;1324
3106	5	112;272;1421
3106	6	211;545;1629
3106	7	124;229;759
3106	8	256;314;1663
3107	1	2;19
3107	2	2;14
3107	3	2;38
3107	4	2;13
3107	5	2;37
3107	6	2;36
3107	7	2;25
3107	8	2;11
3108	1	2;4;8;9;175
3108	2	3;6;7;13;232
3108	3	2;3;8;9;124
3108	4	4;6;8;9;177
3108	5	2;4;5;8;98
3108	6	2;4;11;14;205
3108	7	3;5;10;14;214
3108	8	4;5;11;12;233
3110	1	4;11;14;15
3110	2	3;14;15;20
3110	3	5;13;17;21
3110	4	5;8;9;10
3110	5	5;9;12;14
3110	6	4;9;11;17
3110	7	3;15;16;20
3110	8	5;6;8;11
3112	1	26;155
3112	2	66;145
3112	3	63;163
3112	4	47;324
3112	5	65;142
3112	6	78;260
3112	7	51;234
3112	8	72;227
3115	1	432
3115	2	404
3115	3	684
3115	4	596
3115	5	764
3115	6	492
3115	7	652
3115	8	288
3120	1	2;6;223
3120	2	4;6;312
3120	3	2;4;219
3120	4	3;11;234
3120	5	4;8;358
3120	6	2;4;127
3120	7	3;11;108
3120	8	2;12;378
3123	1	6;10;75
3123	2	8;17;183
3123	3	5;19;120
3123	4	4;23;143
3123	5	8;14;192
3123	6	6;17;156
3123	7	5;20;128
3123	8	3;18;78
3127	1	19
3127	2	18
3127	3	8
3127	4	14
3127	5	20
3127	6	17
3127	7	16
3127	8	10
3128	1	14;38
3128	2	7;33
3128	3	10;43
3128	4	13;30
3128	5	12;25
3128	6	19;35
3128	7	10;18
3128	8	7;21
3129	1	4;12;121;186
3129	2	2;10;87;130
3129	3	3;9;116;146
3129	4	4;12;89;139
3129	5	3;7;58;67
3129	6	2;8;82;110
3129	7	3;11;54;76
3129	8	2;12;54;113
3130	1	6;8;114
3130	2	4;7;76
3130	3	6;8;91
3130	4	2;7;98
3130	5	2;10;119
3130	6	5;13;104
3130	7	7;8;81
3130	8	2;17;32
3131	1	8
3131	2	18
3131	3	32
3131	4	12
3131	5	24
3131	6	30
3131	7	28
3131	8	22
3135	1	2;5;13;36;37
3135	2	3;4;8;22;46
3135	3	4;9;15;27;39
3135	4	3;12;20;23;32
3135	5	5;9;13;20;25
3135	6	2;3;15;29;37
3135	7	3;7;19;21;41
3135	8	2;8;20;31;48
3146	1	140
3146	2	185
3146	3	60
3146	4	165
3146	5	70
3146	6	195
3146	7	220
3146	8	200
3147	1	3;4;13
3147	2	4;5;16
3147	3	2;5;18
3147	4	4;5;24
3147	5	3;5;15
3147	6	2;3;18
3147	7	2;3;14
3147	8	2;5;28
3154	1	4;5;6;19
3154	2	2;3;5;16
3154	3	3;5;8;17
3154	4	2;5;8;14
3154	5	3;4;8;14
3154	6	2;3;5;15
3154	7	2;5;6;8
3154	8	3;5;8;14
3161	1	2;3;8
3161	2	4;5;8
3161	3	2;3;6
3161	4	3;4;6
3161	5	2;4;8
3161	6	2;3;5
3161	7	3;5;7
3161	8	3;5;8
3164	1	426
3164	2	450
3164	3	232
3164	4	590
3164	5	332
3164	6	484
3164	7	190
3164	8	420
3165	1	37
3165	2	32
3165	3	23
3165	4	27
3165	5	28
3165	6	35
3165	7	38
3165	8	16
3166	1	3;60
3166	2	5;54
3166	3	7;46
3166	4	5;26
3166	5	9;42
3166	6	3;46
3166	7	5;32
3166	8	7;42
3167	1	9;29
3167	2	2;36
3167	3	3;30
3167	4	8;10
3167	5	5;40
3167	6	6;17
3167	7	7;16
3167	8	4;15
3168	1	3;4;8
3168	2	2;2.5;8
3168	3	3;4.4;5
3168	4	3;4.6;5
3168	5	2;3.5;6
3168	6	3;3.6;5
3168	7	3;4;7
3168	8	2;2.5;6
3170	1	2;4
3170	2	2;7
3170	3	2;9
3170	4	4;6
3170	5	4;5
3170	6	3;7
3170	7	3;4
3170	8	3;6
3175	1	3;6;19;21;3089
3175	2	3;6;19;21;1345
3175	3	2;5;14;20;1855
3175	4	2;9;18;28;3289
3175	5	2;5;14;24;1578
3175	6	2;5;14;16;1648
3175	7	3;6;19;25;1446
3175	8	3;6;19;25;2497
3178	1	3;9;381
3178	2	4;11;726
3178	3	3;8;723
3178	4	3;8;512
3178	5	3;7;346
3178	6	5;12;187
3178	7	2;12;273
3178	8	4;11;562
3179	1	499;834;3853
3179	2	509;712;3839
3179	3	644;1147;5037
3179	4	745;1199;5438
3179	5	644;760;4243
3179	6	774;783;4914
3179	7	617;1167;5168
3179	8	618;943;4642
3184	1	7;28
3184	2	8;31
3184	3	3;24
3184	4	4;31
3184	5	4;18
3184	6	6;29
3184	7	7;56
3184	8	4;25
3185	1	33;78;87
3185	2	29;57;73
3185	3	20;21;91
3185	4	10;56;68
3185	5	21;71;89
3185	6	27;29;88
3185	7	12;20;39
3185	8	36;53;92
3188	1	2;5;7
3188	2	3;4;7
3188	3	4;5;6
3188	4	4;5;8
3188	5	3;4;5
3188	6	2;3;5
3188	7	2;4;5
3188	8	3;4;6
3189	1	3;5;10
3189	2	2;5;13
3189	3	2;5;11
3189	4	2;5;12
3189	5	2;5;14
3189	6	5;6;9
3189	7	2;6;16
3189	8	2;3;10
3193	1	2;6;47
3193	2	2;8;66
3193	3	4;6;40
3193	4	2;5;30
3193	5	4;6;38
3193	6	2;7;79
3193	7	2;8;45
3193	8	3;4;70
3201	1	12;28;69
3201	2	14;22;188
3201	3	19;24;106
3201	4	16;20;146
3201	5	17;29;180
3201	6	10;30;199
3201	7	7;27;133
3201	8	13;28;143
3206	1	170;1412
3206	2	261;2379
3206	3	120;1173
3206	4	263;1779
3206	5	216;1264
3206	6	127;1008
3206	7	218;2040
3206	8	193;1240
3208	1	18;24
3208	2	21;26
3208	3	19;29
3208	4	17;27
3208	5	11;21
3208	6	30;35
3208	7	28;38
3208	8	30;39
3209	1	7;21;25;29
3209	2	5;11;12;32
3209	3	4;9;11;27
3209	4	3;14;17;35
3209	5	7;19;28;34
3209	6	5;7;26;34
3209	7	4;20;24;30
3209	8	8;10;22;38
3211	1	47
3211	2	28
3211	3	27
3211	4	26
3211	5	17
3211	6	24
3211	7	51
3211	8	16
3212	1	2;13;34
3212	2	2;17;36
3212	3	2;11;30
3212	4	3;12;22
3212	5	2;23;43
3212	6	4;21;27
3212	7	2;23;38
3212	8	4;23;40
3213	1	2;3;6;12
3213	2	4;6;7;11
3213	3	3;5;8;16
3213	4	8;9;12;14
3213	5	6;7;12;16
3213	6	5;8;9;15
3213	7	5;6;9;16
3213	8	3;4;11;15
3214	1	20;695
3214	2	28;750
3214	3	25;596
3214	4	24;550
3214	5	22;600
3214	6	44;275
3214	7	40;630
3214	8	40;395
3218	1	3;7
3218	2	2;7
3218	3	4;8
3218	4	6;9
3218	5	3;4
3218	6	2;5
3218	7	5;9
3218	8	3;9
3222	1	480
3222	2	576
3222	3	768
3222	4	776
3222	5	504
3222	6	320
3222	7	520
3222	8	512
3223	1	1;2;16932
3223	2	1;4;9155
3223	3	1;2;13305
3223	4	1;4;6000
3223	5	1;2;9303
3223	6	1;4;14850
3223	7	1;2;15303
3223	8	1;2;5937
3229	1	4;8;12
3229	2	5;6;9
3229	3	3;7;13
3229	4	4;6;11
3229	5	5;7;10
3229	6	4;8;11
3229	7	4;7;13
3229	8	5;7;13
3235	1	22;50;161
3235	2	23;26;99
3235	3	37;43;146
3235	4	37;59;160
3235	5	10;36;143
3235	6	12;25;158
3235	7	17;27;152
3235	8	12;17;166
3237	1	8;13
3237	2	15;22
3237	3	11;18
3237	4	14;15
3237	5	16;21
3237	6	8;9
3237	7	15;21
3237	8	13;17
3240	1	7;17;57
3240	2	5;27;34
3240	3	8;40;68
3240	4	6;18;34
3240	5	7;33;54
3240	6	5;30;77
3240	7	4;12;65
3240	8	7;25;42
3242	1	2;9;28
3242	2	2;5;20
3242	3	3;6;23
3242	4	2;9;19
3242	5	2;5;21
3242	6	2;9;22
3242	7	2;5;27
3242	8	3;6;21
3246	1	5;6;22
3246	2	3;8;17
3246	3	5;7;13
3246	4	6;8;22
3246	5	6;9;11
3246	6	3;4;17
3246	7	4;6;18
3246	8	8;9;15
3252	1	19;21;25
3252	2	12;13;18
3252	3	14;15;16
3252	4	5;9;13
3252	5	6;9;11
3252	6	15;22;29
3252	7	17;21;25
3252	8	9;24;26
3253	1	10;17
3253	2	11;18
3253	3	8;28
3253	4	8;24
3253	5	11;23
3253	6	11;28
3253	7	6;24
3253	8	6;23
3257	1	6;11;25;83
3257	2	4;14;37;73
3257	3	2;20;41;63
3257	4	6;8;19;43
3257	5	5;10;24;94
3257	6	9;15;42;70
3257	7	3;27;40;96
3257	8	8;11;21;53
3259	1	3;45;80
3259	2	5;33;56
3259	3	4;48;66
3259	4	4;49;66
3259	5	4;52;70
3259	6	3;48;66
3259	7	5;44;70
3259	8	3;56;84
3262	1	4;9
3262	2	5;9
3262	3	3;4
3262	4	2;9
3262	5	4;8
3262	6	3;9
3262	7	9;10
3262	8	7;9
3264	1	1.5;6;14
3264	2	2.1;10;28
3264	3	2.2;5;15
3264	4	2;6;16
3264	5	1.4;10;16
3264	6	1.6;5;10
3264	7	1.8;15;29
3264	8	2;10;26
3267	1	22;43;117
3267	2	16;43;111
3267	3	24;29;94
3267	4	14;33;90
3267	5	14;45;109
3267	6	14;49;118
3267	7	14;39;100
3267	8	12;44;110
3269	1	2;4;7
3269	2	4;7;9
3269	3	4;8;9
3269	4	2;6;7
3269	5	3;4;8
3269	6	3;5;8
3269	7	4;6;9
3269	8	2;3;7
3270	1	2;3;7;9;21
3270	2	2;3;6;9;18
3270	3	2;3;6;9;14
3270	4	2;4;5;9;13
3270	5	2;4;5;9;20
3270	6	2;5;7;9;22
3270	7	2;5;6;9;15
3270	8	2;4;5;9;11
3271	1	9;22
3271	2	3;11
3271	3	8;22
3271	4	5;19
3271	5	4;20
3271	6	5;24
3271	7	4;9
3271	8	3;16
3274	1	2;6;64
3274	2	4;6;105
3274	3	2;8;57
3274	4	3;15;110
3274	5	4;15;110
3274	6	2;8;74
3274	7	3;16;74
3274	8	4;7;109
3275	1	320
3275	2	736
3275	3	512
3275	4	784
3275	5	552
3275	6	440
3275	7	568
3275	8	272
3276	1	5;350
3276	2	7;250
3276	3	5;334
3276	4	4;344
3276	5	6;364
3276	6	6;164
3276	7	4;160
3276	8	3;214
3277	1	38;42
3277	2	16;20
3277	3	35;38
3277	4	35;40
3277	5	48;52
3277	6	41;44
3277	7	38;40
3277	8	22;26
3278	1	19;21
3278	2	5;7
3278	3	12;16
3278	4	7;21
3278	5	10;25
3278	6	17;22
3278	7	11;24
3278	8	6;12
3280	1	3;4;19
3280	2	2;5;14
3280	3	3;4;13
3280	4	2;3;20
3280	5	4;5;28
3280	6	3;4;23
3280	7	2;5;22
3280	8	3;4;27
3281	1	1;46
3281	2	1;38
3281	3	1;60
3281	4	1;34
3281	5	1;58
3281	6	1;54
3281	7	1;48
3281	8	1;42
3282	1	2;1846;2123
3282	2	3;2422;3436
3282	3	2;1738;2279
3282	4	3;2185;2448
3282	5	2;3331;3895
3282	6	2;1984;2827
3282	7	2;2802;2987
3282	8	2;2406;2979
3283	1	874;2904
3283	2	1656;4146
3283	3	519;2959
3283	4	946;3851
3283	5	1079;4144
3283	6	741;2526
3283	7	1578;3833
3283	8	1161;2791
3284	1	2;16
3284	2	3;20
3284	3	2;17
3284	4	2;15
3284	5	2;13
3284	6	3;16
3284	7	2;20
3284	8	2;11
3285	1	2;3;30;43
3285	2	2;3;28;33
3285	3	2;4;31;47
3285	4	3;4;31;36
3285	5	2;4;27;49
3285	6	2;5;17;37
3285	7	3;4;29;34
3285	8	2;4;31;49
3286	1	22;71
3286	2	26;95
3286	3	29;108
3286	4	17;67
3286	5	15;55
3286	6	14;87
3286	7	15;63
3286	8	13;30
3288	1	3;41;48
3288	2	2;34;36
3288	3	2;42;46
3288	4	2;48;58
3288	5	2;30;44
3288	6	2;28;36
3288	7	2;28;57
3288	8	2;36;52
3289	1	8;9;11;37;38
3289	2	3;4;12;47;66
3289	3	6;7;15;45;59
3289	4	5;8;10;62;76
3289	5	3;7;10;56;66
3289	6	4;12;13;42;60
3289	7	6;9;15;22;46
3289	8	4;11;15;20;70
3290	1	16;44
3290	2	29;58
3290	3	17;34
3290	4	21;42
3290	5	12;27
3290	6	22;55
3290	7	24;36
3290	8	17;51
3291	1	32;555;777
3291	2	38;569;770
3291	3	26;289;414
3291	4	24;273;513
3291	5	26;449;632
3291	6	58;251;466
3291	7	24;313;443
3291	8	22;551;694
3292	1	147
3292	2	216
3292	3	144
3292	4	102
3292	5	201
3292	6	234
3292	7	252
3292	8	186
3293	1	42;58;167;168
3293	2	83;89;146;147
3293	3	77;83;126;135
3293	4	45;63;140;145
3293	5	53;120;147;164
3293	6	57;74;95;112
3293	7	50;99;150;175
3293	8	74;111;122;123
3294	1	168
3294	2	128
3294	3	132
3294	4	252
3294	5	212
3294	6	192
3294	7	296
3294	8	380
3295	1	8;20
3295	2	7;18
3295	3	5;14
3295	4	12;28
3295	5	3;10
3295	6	10;24
3295	7	9;22
3295	8	11;26
3296	1	2;80
3296	2	2;48
3296	3	3;97
3296	4	2;44
3296	5	2;92
3296	6	2;68
3296	7	3;93
3296	8	2;100
3297	1	18;51;267
3297	2	20;65;222
3297	3	23;48;191
3297	4	24;54;209
3297	5	43;57;202
3297	6	32;66;223
3297	7	20;50;227
3297	8	17;34;219
3300	1	12
3300	2	5
3300	3	13
3300	4	11
3300	5	10
3300	6	7
3300	7	14
3300	8	6
3302	1	40
3302	2	47
3302	3	56
3302	4	43
3302	5	54
3302	6	25
3302	7	44
3302	8	27
3305	1	5;7;14;181
3305	2	4;7;19;133
3305	3	4;6;33;271
3305	4	4;5;27;180
3305	5	4;7;23;105
3305	6	4;6;16;285
3305	7	4;5;15;134
3305	8	3;4;37;156
3308	1	4;8
3308	2	4;7
3308	3	3;11
3308	4	5;11
3308	5	2;10
3308	6	4;11
3308	7	2;8
3308	8	4;10
3312	1	7;8;12338
3312	2	5;6;16388
3312	3	6;7;29369
3312	4	6;9;14150
3312	5	5;8;29823
3312	6	4;6;11808
3312	7	4;7;23385
3312	8	7;9;22392
3315	1	8;25;263
3315	2	9;30;302
3315	3	4;29;147
3315	4	7;100;330
3315	5	6;67;253
3315	6	5;54;174
3315	7	3;32;282
3315	8	8;49;323
3316	1	20;25;60
3316	2	18;28;78
3316	3	8;36;48
3316	4	14;32;58
3316	5	12;27;100
3316	6	14;36;86
3316	7	16;19;68
3316	8	10;40;58
3325	1	3;12
3325	2	3;10
3325	3	5;17
3325	4	7;16
3325	5	7;19
3325	6	6;14
3325	7	4;15
3325	8	8;18
3328	1	3;20;23
3328	2	3;10;13
3328	3	3;21;25
3328	4	3;23;28
3328	5	3;22;26
3328	6	3;18;21
3328	7	3;22;25
3328	8	3;16;20
3330	1	40;51
3330	2	49;60
3330	3	52;63
3330	4	57;76
3330	5	50;73
3330	6	39;60
3330	7	66;67
3330	8	57;65
3333	1	2;11;20;36
3333	2	4;5;9;30
3333	3	2;4;22;32
3333	4	3;8;23;45
3333	5	2;11;22;26
3333	6	3;8;17;55
3333	7	4;12;24;36
3333	8	2;14;22;48
3336	1	6;18
3336	2	9;24
3336	3	12;27
3336	4	5;14
3336	5	8;28
3336	6	5;19
3336	7	10;22
3336	8	7;26
3338	1	9;21
3338	2	10;33
3338	3	19;33
3338	4	8;30
3338	5	9;30
3338	6	26;35
3338	7	18;39
3338	8	13;28
3340	1	35;162
3340	2	15;64
3340	3	37;165
3340	4	18;81
3340	5	28;113
3340	6	26;108
3340	7	32;159
3340	8	38;155
3341	1	2516;9454
3341	2	1645;6568
3341	3	3185;9514
3341	4	2538;5192
3341	5	1163;6874
3341	6	2745;6176
3341	7	1119;2536
3341	8	1060;7188
3342	1	3.5;88
3342	2	1.5;46
3342	3	1.2;115
3342	4	2.5;92
3342	5	2.4;90
3342	6	4.4;90
3342	7	1.7;50
3342	8	1.2;110
3343	1	40;43;59;94
3343	2	11;33;36;41
3343	3	21;25;33;34
3343	4	16;31;49;50
3343	5	12;30;35;99
3343	6	19;47;67;77
3343	7	10;26;32;90
3343	8	18;35;47;96
3345	1	10
3345	2	13
3345	3	12
3345	4	15
3345	5	16
3345	6	6
3345	7	14
3345	8	4
3347	1	3;4;7
3347	2	1.3;4;5
3347	3	2.25;3;12
3347	4	1.2;2;5
3347	5	1.5;4;5
3347	6	1.6;4;15
3347	7	2.1;4;15
3347	8	1.3;4;15
3348	1	6;7;48
3348	2	5;10;17
3348	3	4;17;38
3348	4	7;16;35
3348	5	2;19;44
3348	6	9;14;39
3348	7	3;12;19
3348	8	2;11;32
3351	1	10;30;34
3351	2	10;20;54
3351	3	12;36;38
3351	4	8;24;32
3351	5	12;24;32
3351	6	6;30;32
3351	7	5;20;55
3351	8	20;40;44
3354	1	3;4448;13070
3354	2	11;4615;31730
3354	3	6;3892;24940
3354	4	7;5143;35222
3354	5	9;2978;23147
3354	6	6;3867;21297
3354	7	11;3409;24430
3354	8	5;3557;12252
3356	1	4;11;95
3356	2	2;27;143
3356	3	4;20;124
3356	4	2;14;106
3356	5	2;28;122
3356	6	3;16;160
3356	7	3;33;141
3356	8	2;11;83
3357	1	7;140
3357	2	8;176
3357	3	3;180
3357	4	6;168
3357	5	3;78
3357	6	3;66
3357	7	3;192
3357	8	4;128
3358	1	3;12
3358	2	5;14
3358	3	4;16
3358	4	3;20
3358	5	4;14
3358	6	5;12
3358	7	5;18
3358	8	3;8
3360	1	4;8;11
3360	2	4;9;12
3360	3	3;7;8
3360	4	5;8;9
3360	5	4;7;8
3360	6	2;6;7
3360	7	7;8;11
3360	8	6;7;10
3366	1	36;57;71;129
3366	2	40;58;66;123
3366	3	24;40;54;94
3366	4	23;24;84;153
3366	5	35;42;54;129
3366	6	14;25;41;115
3366	7	27;31;75;112
3366	8	29;36;82;139
3367	1	7;10;247;376
3367	2	6;12;202;230
3367	3	3;5;309;397
3367	4	8;12;180;274
3367	5	2;9;268;319
3367	6	5;9;267;409
3367	7	5;8;351;408
3367	8	3;7;160;207
3368	1	12;58
3368	2	5;95
3368	3	8;44
3368	4	12;70
3368	5	7;71
3368	6	8;96
3368	7	6;74
3368	8	11;87
3374	1	233;351
3374	2	280;412
3374	3	152;192
3374	4	289;571
3374	5	211;441
3374	6	323;385
3374	7	272;348
3374	8	366;514
3379	1	3;10;35
3379	2	5;10;42
3379	3	4;13;41
3379	4	3;14;44
3379	5	4;9;29
3379	6	4;9;31
3379	7	2;12;38
3379	8	5;7;19
3381	1	4;7;26;27
3381	2	5;7;18;28
3381	3	5;8;16;20
3381	4	5;7;11;22
3381	5	4;6;14;20
3381	6	5;7;15;31
3381	7	5;7;13;20
3381	8	4;6;24;32
3385	1	59;91;544;871
3385	2	48;139;875;1500
3385	3	39;91;728;853
3385	4	47;147;812;993
3385	5	83;132;939;1215
3385	6	51;115;749;1155
3385	7	77;177;523;791
3385	8	59;104;738;767
3387	1	3;253;817
3387	2	2;260;688
3387	3	4;446;1114
3387	4	3;329;399
3387	5	2;432;500
3387	6	4;322;1296
3387	7	3;261;507
3387	8	2;348;382
3394	1	18;86
3394	2	23;89
3394	3	31;111
3394	4	19;93
3394	5	21;94
3394	6	13;75
3394	7	25;104
3394	8	35;112
3399	1	20;23
3399	2	14;21
3399	3	12;19
3399	4	16;23
3399	5	14;25
3399	6	18;25
3399	7	14;17
3399	8	10;17
3401	1	3;10;11;25
3401	2	4;11;13;22
3401	3	6;9;11;16
3401	4	7;8;11;17
3401	5	8;9;13;18
3401	6	8;9;14;22
3401	7	3;4;6;21
3401	8	4;11;12;22
3406	1	11;12
3406	2	16;25
3406	3	14;21
3406	4	16;17
3406	5	15;22
3406	6	13;24
3406	7	11;20
3406	8	17;22
3410	1	509;1012
3410	2	578;799
3410	3	776;907
3410	4	331;419
3410	5	600;906
3410	6	372;672
3410	7	349;638
3410	8	447;678
3411	1	8;45;48;101
3411	2	6;30;39;78
3411	3	12;18;50;89
3411	4	6;21;36;137
3411	5	7;18;57;94
3411	6	6;21;30;129
3411	7	12;37;47;134
3411	8	9;30;52;143
3413	1	23;28
3413	2	11;28
3413	3	13;27
3413	4	12;31
3413	5	12;29
3413	6	14;25
3413	7	10;36
3413	8	24;33
3414	1	4;8
3414	2	3;5
3414	3	4;5
3414	4	4;7
3414	5	5;7
3414	6	5;8
3414	7	4;6
3414	8	5;6
3415	1	3;13;17
3415	2	3;11;16
3415	3	3;9;15
3415	4	3;16;17
3415	5	3;12;13
3415	6	3;16;19
3415	7	3;8;17
3415	8	3;12;16
3418	1	3;20;42;72
3418	2	8;13;19;65
3418	3	7;8;16;64
3418	4	6;15;19;95
3418	5	2;11;51;75
3418	6	7;8;56;84
3418	7	3;12;56;80
3418	8	3;20;46;68
3420	1	6;17;34
3420	2	8;26;28
3420	3	6;11;32
3420	4	7;25;27
3420	5	6;10;34
3420	6	5;14;24
3420	7	6;20;27
3420	8	5;17;23
3421	1	3;5;6
3421	2	3;5;7
3421	3	3;5;8
3421	4	2;5;7
3421	5	2;5;6
3421	6	4;5;6
3421	7	2;5;8
3421	8	2;4;7
3424	1	2;9;23
3424	2	3;6;18
3424	3	2;5;9
3424	4	4;7;19
3424	5	2;9;17
3424	6	2;9;15
3424	7	4;7;27
3424	8	3;6;25
3425	1	75;5452
3425	2	60;3590
3425	3	78;2750
3425	4	75;3060
3425	5	55;3520
3425	6	64;4775
3425	7	50;7060
3425	8	75;2288
3427	1	9
3427	2	13
3427	3	12
3427	4	10
3427	5	14
3427	6	11
3427	7	16
3427	8	7
3428	1	7;38
3428	2	11;24
3428	3	4;32
3428	4	3;32
3428	5	12;25
3428	6	11;28
3428	7	4;36
3428	8	4;48
3432	1	2;4;8;10
3432	2	2;5;8;10
3432	3	2;5;10;13
3432	4	3;5;9;10
3432	5	2;5;10;12
3432	6	2;5;10;11
3432	7	2;3;8;9
3432	8	2;4;8;11
3438	1	2;9
3438	2	4;8
3438	3	2;11
3438	4	5;6
3438	5	5;11
3438	6	4;13
3438	7	3;8
3438	8	3;14
3441	1	115
3441	2	106
3441	3	92
3441	4	84
3441	5	133
3441	6	136
3441	7	123
3441	8	110
3442	1	0.8;2.6;8
3442	2	0.4;2.8;4
3442	3	0.4;1.4;4
3442	4	0.4;1.4;6
3442	5	0.5;2.7;5
3442	6	0.8;1.2;4
3442	7	0.2;1.6;3
3442	8	0.8;1.6;8
3443	1	2;8;17;51
3443	2	3;6;31;37
3443	3	2;5;22;50
3443	4	2;3;16;56
3443	5	3;6;35;59
3443	6	3;4;17;55
3443	7	2;6;19;47
3443	8	2;4;29;33
3446	1	3;5;30
3446	2	4;6;75
3446	3	3;5;75
3446	4	5;7;49
3446	5	3;5;20
3446	6	5;7;63
3446	7	4;6;27
3446	8	3;5;60
3447	1	23;42
3447	2	11;15
3447	3	28;35
3447	4	10;42
3447	5	17;25
3447	6	18;43
3447	7	18;23
3447	8	24;45
3449	1	15;25;30
3449	2	9;20;31
3449	3	8;21;31
3449	4	6;15;34
3449	5	7;8;40
3449	6	10;18;36
3449	7	17;28;34
3449	8	7;10;33
3452	1	4;39
3452	2	3;30
3452	3	2;37
3452	4	3;34
3452	5	4;43
3452	6	3;54
3452	7	2;53
3452	8	3;26
3453	1	39;228
3453	2	30;81
3453	3	69;173
3453	4	84;158
3453	5	83;148
3453	6	86;97
3453	7	85;180
3453	8	48;240
3456	1	4;11;13;31
3456	2	9;12;14;37
3456	3	2;8;12;23
3456	4	9;13;14;44
3456	5	8;9;11;34
3456	6	5;8;9;23
3456	7	7;9;16;37
3456	8	7;12;13;35
3458	1	356
3458	2	269
3458	3	214
3458	4	427
3458	5	232
3458	6	217
3458	7	274
3458	8	127
3459	1	7;14
3459	2	7;19
3459	3	5;12
3459	4	3;5
3459	5	6;10
3459	6	5;7
3459	7	3;16
3459	8	4;17
3463	1	3;9;16
3463	2	2;8;17
3463	3	2;8;27
3463	4	4;25;39
3463	5	4;7;22
3463	6	4;26;32
3463	7	2;11;18
3463	8	3;25;27
3464	1	5
3464	2	12
3464	3	19
3464	4	14
3464	5	17
3464	6	16
3464	7	7
3464	8	13
3469	1	6
3469	2	11
3469	3	20
3469	4	13
3469	5	18
3469	6	15
3469	7	8
3469	8	9
3472	1	2;5;88
3472	2	4;5;56
3472	3	2;4;101
3472	4	3;4;120
3472	5	4;5;74
3472	6	2;4;39
3472	7	3;5;110
3472	8	3;4;86
3475	1	3;7;13
3475	2	3;4;21
3475	3	2;5;24
3475	4	7;9;17
3475	5	3;7;20
3475	6	6;9;22
3475	7	6;7;20
3475	8	5;8;20
3476	1	16
3476	2	7
3476	3	11
3476	4	5
3476	5	14
3476	6	13
3476	7	4
3476	8	10
3480	1	8;15;45
3480	2	4;33;52
3480	3	5;29;47
3480	4	8;32;35
3480	5	3;22;48
3480	6	3;11;18
3480	7	8;31;49
3480	8	2;17;24
3483	1	7;36
3483	2	9;32
3483	3	6;16
3483	4	5;14
3483	5	8;32
3483	6	6;18
3483	7	5;28
3483	8	7;24
3485	1	584;1502
3485	2	232;601
3485	3	180;616
3485	4	376;1056
3485	5	304;1265
3485	6	356;1488
3485	7	176;1217
3485	8	196;1174
3486	1	200;1277;3420
3486	2	345;1425;1979
3486	3	305;1989;3055
3486	4	255;2310;2386
3486	5	266;1332;1849
3486	6	109;844;3253
3486	7	253;1048;1887
3486	8	208;1851;2324
3487	1	2.4;3;8;60
3487	2	2.7;3;14;70
3487	3	1.8;3;12;50
3487	4	1.2;3;16;50
3487	5	2;3;16;48
3487	6	2.2;3;11;60
3487	7	1.3;3;15;60
3487	8	1.5;3;11;34
3488	1	28;79;127
3488	2	74;79;400
3488	3	28;77;129
3488	4	45;51;213
3488	5	52;73;338
3488	6	22;115;145
3488	7	55;81;207
3488	8	21;69;202
3489	1	2;4;146
3489	2	4;12;168
3489	3	3;9;93
3489	4	2;8;124
3489	5	4;12;243
3489	6	3;9;78
3489	7	2;6;126
3489	8	2;4;226
3490	1	2;107
3490	2	3;104
3490	3	4;88
3490	4	2;77
3490	5	4;65
3490	6	3;85
3490	7	4;100
3490	8	2;78
3493	1	6;10
3493	2	9;27
3493	3	12;22
3493	4	3;23
3493	5	4;16
3493	6	7;23
3493	7	6;20
3493	8	7;25
3494	1	9;46;98
3494	2	6;46;92
3494	3	4;41;47
3494	4	5;44;91
3494	5	12;33;159
3494	6	7;35;154
3494	7	9;37;107
3494	8	8;41;87
3495	1	33;57
3495	2	21;98
3495	3	25;91
3495	4	73;80
3495	5	45;65
3495	6	22;34
3495	7	65;75
3495	8	41;68
3496	1	10;30;32
3496	2	7;40;57
3496	3	16;37;58
3496	4	17;28;35
3496	5	14;22;28
3496	6	19;34;45
3496	7	12;35;58
3496	8	5;15;27
3497	1	14
3497	2	34
3497	3	40
3497	4	19
3497	5	26
3497	6	22
3497	7	38
3497	8	28
3498	1	55
3498	2	52
3498	3	26
3498	4	29
3498	5	22
3498	6	47
3498	7	39
3498	8	44
3499	1	8;14
3499	2	6;16
3499	3	10;28
3499	4	8;18
3499	5	10;36
3499	6	10;16
3499	7	6;20
3499	8	8;22
3503	1	15;18;27
3503	2	7;12;24
3503	3	10;12;37
3503	4	14;24;38
3503	5	16;18;19
3503	6	5;7;26
3503	7	10;13;39
3503	8	13;18;33
3504	1	2;326
3504	2	2;668
3504	3	2;332
3504	4	2;238
3504	5	2;258
3504	6	2;308
3504	7	2;602
3504	8	2;312
3511	1	3;5;37;46;228;941
3511	2	4;5;12;29;109;578
3511	3	3;4;18;34;104;507
3511	4	2;3;23;43;167;673
3511	5	2;4;17;49;253;780
3511	6	4;5;22;37;247;865
3511	7	3;5;24;28;250;716
3511	8	4;5;35;37;203;834
3521	1	7;492
3521	2	17;1195
3521	3	19;1224
3521	4	14;1425
3521	5	5;748
3521	6	12;1027
3521	7	15;939
3521	8	10;1542
3522	1	143;1517
3522	2	144;1862
3522	3	190;1923
3522	4	65;569
3522	5	105;1206
3522	6	193;634
3522	7	70;1162
3522	8	133;1222
3524	1	4;6;9
3524	2	4;5;9
3524	3	5;6;11
3524	4	4;6;10
3524	5	5;9;15
3524	6	5;9;11
3524	7	5;9;12
3524	8	5;9;14
3530	1	2;3;7
3530	2	4;7;9
3530	3	3;5;6
3530	4	2;6;8
3530	5	5;6;9
3530	6	3;8;9
3530	7	2;4;5
3530	8	2;7;9
3531	1	16;83;147
3531	2	13;56;98
3531	3	15;58;111
3531	4	6;73;136
3531	5	6;85;136
3531	6	6;61;100
3531	7	10;65;123
3531	8	5;60;98
3532	1	6;24
3532	2	6;36
3532	3	7;35
3532	4	8;38
3532	5	11;33
3532	6	5;25
3532	7	8;18
3532	8	8;34
3535	1	2;8;18
3535	2	2;5;26
3535	3	2;8;42
3535	4	2;8;28
3535	5	2;8;26
3535	6	2;7;24
3535	7	2;7;36
3535	8	2;4;32
3536	1	16;17
3536	2	4;13
3536	3	8;10
3536	4	15;17
3536	5	12;14
3536	6	6;17
3536	7	9;16
3536	8	10;11
3537	1	10;15;40
3537	2	6;20;30
3537	3	11;16;22
3537	4	11;12;22
3537	5	10;21;40
3537	6	6;15;18
3537	7	12;18;36
3537	8	13;23;26
3541	1	8;12;44
3541	2	13;18;47
3541	3	9;19;53
3541	4	9;17;19
3541	5	13;25;27
3541	6	15;20;55
3541	7	9;12;33
3541	8	9;18;45
3543	1	20
3543	2	13
3543	3	6
3543	4	11
3543	5	8
3543	6	9
3543	7	18
3543	8	15
3549	1	10;11
3549	2	10;26
3549	3	7;15
3549	4	5;28
3549	5	6;11
3549	6	13;16
3549	7	7;9
3549	8	9;26
3551	1	2;8;18
3551	2	2;8;28
3551	3	2;7;20
3551	4	3;4;24
3551	5	2;6;24
3551	6	3;7;24
3551	7	2;5;16
3551	8	2;5;24
3561	1	7;198
3561	2	6;160
3561	3	5;362
3561	4	6;598
3561	5	6;354
3561	6	6;570
3561	7	7;156
3561	8	6;360
3563	1	4;6
3563	2	5;11
3563	3	3;7
3563	4	8;14
3563	5	7;11
3563	6	3;19
3563	7	4;14
3563	8	4;8
3566	1	15;82
3566	2	11;60
3566	3	14;88
3566	4	12;77
3566	5	17;106
3566	6	16;83
3566	7	16;95
3566	8	18;105
3570	1	50;93
3570	2	138;141
3570	3	59;142
3570	4	89;158
3570	5	102;113
3570	6	59;124
3570	7	95;152
3570	8	42;149
3571	1	3;10;12
3571	2	2;7;13
3571	3	7;8;9
3571	4	3;8;13
3571	5	4;5;10
3571	6	2;5;13
3571	7	2;3;4
3571	8	3;8;12
3575	1	14;18
3575	2	16;20
3575	3	10;14
3575	4	20;24
3575	5	16;22
3575	6	10;16
3575	7	16;18
3575	8	18;20
3578	1	28;74
3578	2	31;67
3578	3	23;57
3578	4	34;86
3578	5	25;57
3578	6	36;76
3578	7	24;60
3578	8	23;61
3579	1	3;14;15
3579	2	3;5;10
3579	3	4;5;10
3579	4	5;13;17
3579	5	9;10;16
3579	6	5;9;12
3579	7	4;12;17
3579	8	3;7;14
3585	1	97;168;216
3585	2	56;115;143
3585	3	60;87;109
3585	4	42;145;163
3585	5	76;127;149
3585	6	28;51;73
3585	7	41;136;182
3585	8	32;147;211
3587	1	29;168
3587	2	28;168
3587	3	32;248
3587	4	40;256
3587	5	49;280
3587	6	26;152
3587	7	27;148
3587	8	28;204
3588	1	594
3588	2	1512
3588	3	783
3588	4	1161
3588	5	540
3588	6	1593
3588	7	459
3588	8	1188
3590	1	8;46;264
3590	2	15;89;503
3590	3	18;60;374
3590	4	6;49;274
3590	5	13;96;581
3590	6	11;124;707
3590	7	12;36;224
3590	8	16;104;596
3593	1	39
3593	2	57
3593	3	60
3593	4	24
3593	5	33
3593	6	36
3593	7	48
3593	8	42
3595	1	34;243;453
3595	2	68;317;322
3595	3	37;276;723
3595	4	66;281;468
3595	5	52;145;203
3595	6	89;197;583
3595	7	78;268;359
3595	8	75;132;381
3596	1	10
3596	2	11
3596	3	12
3596	4	7
3596	5	4
3596	6	5
3596	7	9
3596	8	8
3597	1	77;143;172
3597	2	102;117;192
3597	3	93;108;111
3597	4	43;123;160
3597	5	92;136;211
3597	6	101;156;230
3597	7	98;124;219
3597	8	79;140;198
3598	1	3;11;19
3598	2	5;8;15
3598	3	2;11;17
3598	4	5;9;17
3598	5	5;6;17
3598	6	5;11;29
3598	7	5;8;19
3598	8	5;9;16
3600	1	8;30
3600	2	7;29
3600	3	10;32
3600	4	9;29
3600	5	4;27
3600	6	7;28
3600	7	10;30
3600	8	10;29
3601	1	4;5;13
3601	2	3;4;8
3601	3	2;8;11
3601	4	4;6;15
3601	5	3;4;9
3601	6	4;7;14
3601	7	2;6;13
3601	8	2;5;14
3602	1	2;4;60
3602	2	4;5;90
3602	3	2;5;56
3602	4	2;4;84
3602	5	2;3;30
3602	6	4;5;108
3602	7	2;3;70
3602	8	3;4;105
3609	1	5;10;14
3609	2	6;7;19
3609	3	3;4;12
3609	4	2;3;5
3609	5	6;10;16
3609	6	7;9;17
3609	7	5;7;11
3609	8	8;9;19
3611	1	2;10;15
3611	2	4;8;13
3611	3	2;10;17
3611	4	3;7;14
3611	5	4;10;13
3611	6	2;8;9
3611	7	3;9;10
3611	8	2;6;7
3613	1	142;530
3613	2	463;1835
3613	3	192;738
3613	4	486;1200
3613	5	212;1582
3613	6	286;1304
3613	7	324;1386
3613	8	376;1226
3614	1	363;844
3614	2	356;945
3614	3	115;302
3614	4	214;454
3614	5	146;326
3614	6	128;958
3614	7	103;963
3614	8	351;737
3616	1	17;34;69
3616	2	16;38;76
3616	3	13;26;57
3616	4	7;16;35
3616	5	16;36;76
3616	6	10;24;46
3616	7	19;32;71
3616	8	10;34;62
3617	1	51
3617	2	108
3617	3	117
3617	4	75
3617	5	105
3617	6	96
3617	7	150
3617	8	69
3620	1	28
3620	2	29
3620	3	17
3620	4	24
3620	5	21
3620	6	20
3620	7	14
3620	8	27
3621	1	14;22;55;60
3621	2	17;26;31;35
3621	3	19;34;35;63
3621	4	15;38;45;58
3621	5	14;15;56;72
3621	6	16;37;46;49
3621	7	23;30;31;37
3621	8	13;22;45;49
3624	1	3;18;126
3624	2	3;7;57
3624	3	5;11;135
3624	4	3;12;135
3624	5	4;16;180
3624	6	2;15;72
3624	7	4;7;76
3624	8	3;17;141
3625	1	9;23
3625	2	13;38
3625	3	8;20
3625	4	11;26
3625	5	10;25
3625	6	11;25
3625	7	12;35
3625	8	9;21
3627	1	60
3627	2	129
3627	3	46
3627	4	107
3627	5	96
3627	6	85
3627	7	110
3627	8	111
3628	1	2;6;11
3628	2	3;6;13
3628	3	2;3;9
3628	4	2;4;11
3628	5	3;6;10
3628	6	2;6;13
3628	7	4;6;8
3628	8	2;5;8
3629	1	92
3629	2	108
3629	3	156
3629	4	68
3629	5	104
3629	6	148
3629	7	144
3629	8	52
3630	1	11;12
3630	2	6;8
3630	3	9;11
3630	4	3;5
3630	5	5;13
3630	6	8;13
3630	7	4;6
3630	8	7;9
3631	1	3;9
3631	2	5;7
3631	3	4;9
3631	4	5;9
3631	5	4;7
3631	6	3;7
3631	7	4;8
3631	8	4;6
3632	1	3;6;99
3632	2	2;5;54
3632	3	4;7;36
3632	4	2;9;94
3632	5	3;6;79
3632	6	2;5;34
3632	7	4;7;72
3632	8	3;6;91
3633	1	3;40
3633	2	4;32
3633	3	3;24
3633	4	2;25
3633	5	3;50
3633	6	3;20
3633	7	3;30
3633	8	2;20
3636	1	2;837;1690;3187
3636	2	2;681;1598;2803
3636	3	2;276;1558;2725
3636	4	2;367;1618;2925
3636	5	3;599;1503;4170
3636	6	3;269;1275;3372
3636	7	3;630;1603;4222
3636	8	2;536;886;1583
3641	1	6;8;26
3641	2	9;12;37
3641	3	7;8;27
3641	4	8;9;28
3641	5	7;11;35
3641	6	5;13;33
3641	7	4;9;24
3641	8	6;13;34
3642	1	36
3642	2	71
3642	3	70
3642	4	29
3642	5	24
3642	6	35
3642	7	42
3642	8	57
3643	1	3;6;16
3643	2	2;8;10
3643	3	2;13;20
3643	4	4;5;12
3643	5	3;12;20
3643	6	2;8;11
3643	7	4;10;18
3643	8	4;10;16
3644	1	3;186;806;911
3644	2	5;383;771;1020
3644	3	4;142;352;358
3644	4	4;287;561;665
3644	5	3;351;909;947
3644	6	4;466;708;943
3644	7	5;238;508;657
3644	8	3;302;638;789
3649	1	3;9;21;582
3649	2	4;26;43;626
3649	3	5;29;30;363
3649	4	4;16;67;816
3649	5	4;27;35;379
3649	6	2;16;77;699
3649	7	5;23;56;334
3649	8	2;7;47;712
3651	1	4;48
3651	2	3;47
3651	3	5;46
3651	4	4;42
3651	5	3;36
3651	6	7;45
3651	7	6;28
3651	8	6;40
3653	1	28;66
3653	2	21;53
3653	3	23;49
3653	4	26;63
3653	5	11;27
3653	6	24;50
3653	7	24;59
3653	8	25;53
3658	1	231;275
3658	2	241;286
3658	3	264;269
3658	4	261;278
3658	5	285;352
3658	6	210;253
3658	7	239;254
3658	8	247;285
3659	1	2;10;22
3659	2	2;5;7
3659	3	4;5;23
3659	4	2;7;13
3659	5	3;4;20
3659	6	2;8;20
3659	7	2;11;21
3659	8	2;7;19
3660	1	3;212
3660	2	8;370
3660	3	9;211
3660	4	2;181
3660	5	7;180
3660	6	4;180
3660	7	5;302
3660	8	6;388
3662	1	3;4;9;76
3662	2	2;8;18;83
3662	3	7;9;12;76
3662	4	4;13;14;69
3662	5	7;10;18;96
3662	6	4;13;17;77
3662	7	3;4;23;100
3662	8	2;10;14;91
3663	1	14;52;153
3663	2	19;37;132
3663	3	12;50;141
3663	4	5;31;80
3663	5	10;25;101
3663	6	7;21;128
3663	7	16;67;159
3663	8	17;42;186
3667	1	3;25;174
3667	2	8;28;183
3667	3	3;18;126
3667	4	4;29;180
3667	5	5;21;137
3667	6	7;17;114
3667	7	3;14;89
3667	8	7;28;195
3670	1	3;4;24
3670	2	2;4;20
3670	3	2;4;24
3670	4	2;4;22
3670	5	3;4;23
3670	6	3;4;22
3670	7	2;4;21
3670	8	2;3;13
3672	1	9;15;25
3672	2	7;8;37
3672	3	6;13;17
3672	4	6;20;24
3672	5	4;10;16
3672	6	13;14;24
3672	7	16;19;29
3672	8	11;16;20
3678	1	1;2;3;13
3678	2	1;2;7;25
3678	3	1;2;9;43
3678	4	1;2;9;45
3678	5	1;4;5;29
3678	6	1;2;7;33
3678	7	1;2;3;17
3678	8	1;2;3;19
3685	1	5;17;47
3685	2	7;30;92
3685	3	2;59;149
3685	4	5;28;134
3685	5	2;19;131
3685	6	2;16;152
3685	7	8;39;97
3685	8	2;33;103
3686	1	23862
3686	2	41442
3686	3	37455
3686	4	17451
3686	5	20016
3686	6	56760
3686	7	46164
3686	8	40884
3688	1	45
3688	2	38
3688	3	19
3688	4	32
3688	5	49
3688	6	22
3688	7	31
3688	8	56
3690	1	17
3690	2	16
3690	3	7
3690	4	5
3690	5	12
3690	6	19
3690	7	14
3690	8	9
3694	1	42
3694	2	102
3694	3	78
3694	4	108
3694	5	48
3694	6	54
3694	7	96
3694	8	114
3695	1	4;7;9;168
3695	2	3;5;7;103
3695	3	5;8;9;195
3695	4	2;5;8;98
3695	5	4;5;8;136
3695	6	2;8;9;164
3695	7	3;8;10;197
3695	8	4;7;9;181
3698	1	15;49
3698	2	8;52
3698	3	6;44
3698	4	20;52
3698	5	13;41
3698	6	10;54
3698	7	7;59
3698	8	9;31
3704	1	81;603
3704	2	28;511
3704	3	35;250
3704	4	86;489
3704	5	73;262
3704	6	56;576
3704	7	35;338
3704	8	34;442
3705	1	78;92
3705	2	68;88
3705	3	59;99
3705	4	58;90
3705	5	47;105
3705	6	26;52
3705	7	44;68
3705	8	89;107
3708	1	5;8;9.8;15
3708	2	3;8;14;15
3708	3	7;8;11;15
3708	4	7;8;9;15
3708	5	8;9;10;16
3708	6	3;6;10;13
3708	7	4;5;10.5;12
3708	8	5;6;12.2;13
3709	1	41;71;100
3709	2	27;105;108
3709	3	30;106;117
3709	4	35;62;74
3709	5	36;69;70
3709	6	33;81;99
3709	7	45;83;106
3709	8	16;98;101
3710	1	4;24;26
3710	2	5;26;35
3710	3	4;45;53
3710	4	4;43;46
3710	5	5;41;62
3710	6	4;51;56
3710	7	4;34;38
3710	8	4;48;56
3711	1	4;5;38
3711	2	3;6;38
3711	3	2;7;29
3711	4	2;5;24
3711	5	3;5;28
3711	6	3;6;34
3711	7	4;6;38
3711	8	2;6;27
3714	1	4;7;18;22;985;7544
3714	2	6;10;22;29;411;6863
3714	3	3;11;20;28;641;6483
3714	4	3;5;29;43;688;6781
3714	5	5;7;13;17;392;8425
3714	6	4;7;34;45;884;7065
3714	7	6;17;24;35;837;8001
3714	8	3;11;19;45;852;8638
3716	1	7;8;596
3716	2	4;9;774
3716	3	5;18;348
3716	4	6;15;590
3716	5	3;20;750
3716	6	8;13;332
3716	7	2;11;671
3716	8	7;16;658
3717	1	5;11
3717	2	4;12
3717	3	5;21
3717	4	5;35
3717	5	5;17
3717	6	4;30
3717	7	4;14
3717	8	4;22
3723	1	16
3723	2	51
3723	3	26
3723	4	43
3723	5	52
3723	6	17
3723	7	50
3723	8	29
3724	1	143;167
3724	2	123;167
3724	3	128;277
3724	4	98;247
3724	5	145;190
3724	6	108;267
3724	7	116;139
3724	8	66;129
3725	1	3;14;153
3725	2	4;17;172
3725	3	3;12;162
3725	4	2;16;94
3725	5	2;26;176
3725	6	2;11;128
3725	7	2;19;114
3725	8	2;28;132
3727	1	6;32
3727	2	5;46
3727	3	6;17
3727	4	2;35
3727	5	8;46
3727	6	3;15
3727	7	6;40
3727	8	3;48
3730	1	26;38
3730	2	20;36
3730	3	35;38
3730	4	25;30
3730	5	14;26
3730	6	24;36
3730	7	21;40
3730	8	25;36
3732	1	22;27;81
3732	2	22;23;73
3732	3	24;29;98
3732	4	9;23;62
3732	5	25;34;99
3732	6	24;36;104
3732	7	16;24;79
3732	8	14;23;66
3733	1	114;476
3733	2	66;346
3733	3	63;428
3733	4	30;220
3733	5	54;750
3733	6	30;764
3733	7	63;714
3733	8	69;296
3737	1	2.6;7;13
3737	2	4.4;8;11
3737	3	4;6;8
3737	4	6.3;7;9
3737	5	2;6;10
3737	6	2;4;8
3737	7	4;8;11
3737	8	1.8;7;9
3740	1	3;48
3740	2	3;124
3740	3	3;60
3740	4	3;112
3740	5	3;96
3740	6	3;68
3740	7	3;152
3740	8	3;52
3745	1	9;19;181
3745	2	3;35;122
3745	3	5;16;66
3745	4	3;25;88
3745	5	9;20;119
3745	6	7;29;155
3745	7	8;22;190
3745	8	9;39;183
3747	1	11;132
3747	2	12;141
3747	3	13;184
3747	4	14;159
3747	5	14;166
3747	6	5;69
3747	7	4;50
3747	8	12;148
3748	1	3;4;36
3748	2	2;4;44
3748	3	2;3;48
3748	4	2;5;40
3748	5	4;5;35
3748	6	2;3;30
3748	7	2;5;45
3748	8	2;3;12
3751	1	2.2;36
3751	2	1.5;19
3751	3	1.6;24
3751	4	1.8;59
3751	5	2.2;17
3751	6	2.1;21
3751	7	1.9;20
3751	8	1.5;29
3756	1	27
3756	2	18
3756	3	23
3756	4	26
3756	5	30
3756	6	22
3756	7	35
3756	8	34
3757	1	3;7;20
3757	2	3;8;22
3757	3	4;5;27
3757	4	3;9;24
3757	5	4;7;25
3757	6	4;6;22
3757	7	3;5;13
3757	8	4;9;31
3760	1	2;96
3760	2	2;88
3760	3	2;75
3760	4	3;46
3760	5	3;43
3760	6	2;77
3760	7	2;62
3760	8	2;60
3761	1	18
3761	2	7
3761	3	12
3761	4	21
3761	5	26
3761	6	27
3761	7	10
3761	8	11
3763	1	9;13;100
3763	2	7;18;75
3763	3	7;14;82
3763	4	7;8;38
3763	5	8;12;69
3763	6	4;14;31
3763	7	12;14;97
3763	8	10;11;67
3765	1	18;84
3765	2	15;73
3765	3	8;90
3765	4	9;39
3765	5	6;44
3765	6	11;85
3765	7	20;62
3765	8	13;51
3766	1	14;25
3766	2	17;34
3766	3	14;29
3766	4	7;30
3766	5	4;23
3766	6	11;26
3766	7	14;17
3766	8	5;16
3767	1	4;5;9
3767	2	2;3;9
3767	3	4;6;9
3767	4	3;5;6
3767	5	4;5;8
3767	6	4;6;8
3767	7	5;6;8
3767	8	3;5;8
3768	1	1;3;4;6
3768	2	1;8;10;18
3768	3	1;3;8;14
3768	4	1;4;12;14
3768	5	1;4;8;16
3768	6	1;4;10;14
3768	7	1;6;8;20
3768	8	1;3;6;10
3770	1	13;27;56;80
3770	2	7;16;27;40
3770	3	5;18;60;74
3770	4	11;25;56;72
3770	5	7;19;53;67
3770	6	3;13;53;65
3770	7	3;23;45;66
3770	8	7;15;36;47
3771	1	2;14;109
3771	2	5;36;113
3771	3	2;14;44
3771	4	5;37;59
3771	5	4;18;32
3771	6	3;27;50
3771	7	5;15;84
3771	8	5;34;91
3772	1	4;14;56
3772	2	3;5;51
3772	3	2;12;30
3772	4	4;10;36
3772	5	3;17;57
3772	6	4;6;24
3772	7	2;12;44
3772	8	3;5;33
3773	1	7;30;76;80
3773	2	4;53;54;57
3773	3	5;48;64;78
3773	4	9;44;46;50
3773	5	4;19;20;25
3773	6	3;16;36;44
3773	7	4;39;74;77
3773	8	9;36;50;66
3776	1	2;9;12
3776	2	3;5;11
3776	3	3;7;12
3776	4	2;9;13
3776	5	5;6;16
3776	6	5;9;13
3776	7	4;6;14
3776	8	4;8;13
3777	1	3;6;120
3777	2	4;6;108
3777	3	5;7;105
3777	4	3;8;112
3777	5	2;3;72
3777	6	2;3;36
3777	7	3;6;64
3777	8	3;8;72
3778	1	61;201;1217
3778	2	35;195;963
3778	3	63;324;1247
3778	4	72;280;1296
3778	5	26;317;1002
3778	6	67;278;951
3778	7	76;336;1196
3778	8	26;228;654
3779	1	4;5;14
3779	2	5;7;12
3779	3	5;8;17
3779	4	4;7;12
3779	5	5;6;19
3779	6	4;6;11
3779	7	5;9;18
3779	8	5;6;11
3781	1	189
3781	2	336
3781	3	213
3781	4	294
3781	5	312
3781	6	282
3781	7	153
3781	8	171
3784	1	8;9;14;32;81
3784	2	11;12;16;37;138
3784	3	3;10;14;85;110
3784	4	3;6;10;57;70
3784	5	6;13;15;30;63
3784	6	8;12;13;100;115
3784	7	3;5;7;81;98
3784	8	5;8;14;101;200
3785	1	133
3785	2	85
3785	3	124
3785	4	111
3785	5	114
3785	6	185
3785	7	97
3785	8	152
3786	1	16;23;38
3786	2	7;17;41
3786	3	7;21;36
3786	4	12;23;37
3786	5	19;25;39
3786	6	6;19;38
3786	7	8;19;31
3786	8	17;24;33
3791	1	388
3791	2	1088
3791	3	736
3791	4	1064
3791	5	1076
3791	6	380
3791	7	704
3791	8	660
3792	1	27;58;94
3792	2	21;50;84
3792	3	30;51;85
3792	4	35;58;110
3792	5	43;56;108
3792	6	25;44;92
3792	7	22;41;79
3792	8	37;60;98
3793	1	5;882;2378
3793	2	13;800;5440
3793	3	8;1408;5288
3793	4	16;1384;4840
3793	5	5;1383;4092
3793	6	8;1210;2534
3793	7	11;424;4130
3793	8	14;1556;4058
3794	1	3;11
3794	2	4;14
3794	3	4;10
3794	4	3;9
3794	5	4;16
3794	6	3;13
3794	7	3;7
3794	8	3;15
3796	1	4;7;54
3796	2	14;15;82
3796	3	10;12;147
3796	4	10;13;116
3796	5	6;9;132
3796	6	10;16;135
3796	7	15;17;66
3796	8	4;14;73
3798	1	5;1885;5428
3798	2	3;740;2772
3798	3	4;1513;4694
3798	4	3;709;7923
3798	5	4;1714;6746
3798	6	5;591;2311
3798	7	5;1155;7884
3798	8	5;1718;5843
3799	1	16
3799	2	32
3799	3	22
3799	4	26
3799	5	38
3799	6	24
3799	7	30
3799	8	28
3800	1	22;38
3800	2	22;109
3800	3	14;52
3800	4	49;69
3800	5	50;62
3800	6	36;71
3800	7	15;70
3800	8	20;95
3801	1	12;23;94
3801	2	5;30;198
3801	3	10;28;132
3801	4	16;37;112
3801	5	11;39;156
3801	6	18;31;196
3801	7	15;26;114
3801	8	8;20;62
3805	1	3;11;25;134
3805	2	2;12;24;93
3805	3	4;5;16;65
3805	4	5;12;29;70
3805	5	3;6;15;112
3805	6	7;13;34;50
3805	7	4;6;34;87
3805	8	2;9;33;137
3812	1	80
3812	2	82
3812	3	76
3812	4	48
3812	5	78
3812	6	52
3812	7	90
3812	8	36
3814	1	7;8;11
3814	2	2;9;13
3814	3	8;11;13
3814	4	3;6;11
3814	5	4;7;13
3814	6	7;10;16
3814	7	4;7;16
3814	8	5;12;15
3815	1	9;11;34;129
3815	2	6;12;22;128
3815	3	5;9;16;99
3815	4	10;14;26;140
3815	5	10;14;36;124
3815	6	6;16;20;82
3815	7	9;19;24;133
3815	8	10;12;32;116
3816	1	6;25;39
3816	2	5;16;32
3816	3	7;32;42
3816	4	9;38;52
3816	5	8;21;49
3816	6	3;23;54
3816	7	6;15;27
3816	8	5;33;56
3818	1	560
3818	2	1216
3818	3	1016
3818	4	648
3818	5	728
3818	6	824
3818	7	1152
3818	8	848
3819	1	4;5;86
3819	2	4;6;95
3819	3	3;7;88
3819	4	4;9;70
3819	5	2;4;61
3819	6	2;9;74
3819	7	4;6;91
3819	8	3;9;46
3823	1	2;256
3823	2	2;338
3823	3	2;366
3823	4	2;358
3823	5	2;166
3823	6	2;342
3823	7	2;186
3823	8	2;370
3824	1	180
3824	2	428
3824	3	222
3824	4	210
3824	5	448
3824	6	498
3824	7	526
3824	8	364
3825	1	5;6;19;66
3825	2	3;7;9;43
3825	3	6;8;20;68
3825	4	3;5;13;73
3825	5	2;7;10;27
3825	6	3;9;10;45
3825	7	4;8;20;68
3825	8	2;3;23;63
3827	1	10;46
3827	2	16;78
3827	3	24;106
3827	4	20;90
3827	5	20;88
3827	6	26;118
3827	7	14;62
3827	8	24;110
3830	1	36
3830	2	14
3830	3	24
3830	4	50
3830	5	44
3830	6	30
3830	7	28
3830	8	48
3832	1	15;119
3832	2	8;132
3832	3	14;128
3832	4	8;98
3832	5	8;90
3832	6	8;160
3832	7	16;168
3832	8	6;116
3834	1	7;25;31;56;99
3834	2	7;25;32;81;85
3834	3	13;25;30;61;103
3834	4	12;14;33;38;75
3834	5	6;24;27;28;77
3834	6	13;17;26;61;107
3834	7	11;15;20;43;103
3834	8	11;16;24;25;91
3835	1	3;7;16
3835	2	4;10;16
3835	3	2;8;10
3835	4	3;11;15
3835	5	2;6;15
3835	6	3;7;8
3835	7	4;12;13
3835	8	2;10;14
3838	1	2.5;12;25
3838	2	3.5;18;29
3838	3	2.5;8;20
3838	4	4.5;14;29
3838	5	2.5;18;29
3838	6	2.5;18;35
3838	7	3.5;20;35
3838	8	1.5;18;23
3840	1	40;64
3840	2	66;102
3840	3	38;62
3840	4	70;124
3840	5	64;117
3840	6	46;84
3840	7	58;113
3840	8	62;109
3845	1	2;13;74
3845	2	2;10;54
3845	3	2;9;42
3845	4	2;17;82
3845	5	2;8;42
3845	6	2;15;86
3845	7	2;11;58
3845	8	2;10;46
3851	1	1889;12422
3851	2	982;12222
3851	3	3081;8119
3851	4	2172;4649
3851	5	1649;5793
3851	6	1603;7702
3851	7	2134;8318
3851	8	1152;4161
3854	1	3;4;5
3854	2	2;8;10
3854	3	4;6;12
3854	4	2;3;4
3854	5	3;5;9
3854	6	4;7;8
3854	7	3;8;9
3854	8	2;5;12
3855	1	7;48;63;85
3855	2	5;36;58;136
3855	3	8;19;64;317
3855	4	3;24;56;306
3855	5	9;24;41;199
3855	6	7;38;55;158
3855	7	6;55;75;186
3855	8	4;25;50;304
3856	1	2;8;14;30
3856	2	2;9;22;38
3856	3	4;8;28;64
3856	4	2;9;18;33
3856	5	3;9;22;78
3856	6	3;6;21;55
3856	7	3;9;13;67
3856	8	4;6;18;59
3859	1	4
3859	2	11
3859	3	3
3859	4	8
3859	5	9
3859	6	10
3859	7	12
3859	8	5
3860	1	181
3860	2	115
3860	3	207
3860	4	159
3860	5	132
3860	6	206
3860	7	188
3860	8	179
3861	1	434;449
3861	2	351;630
3861	3	646;772
3861	4	407;439
3861	5	302;554
3861	6	495;745
3861	7	653;749
3861	8	433;532
3862	1	5;7;10;49;77
3862	2	5;6;8;16;48
3862	3	5;6;16;21;55
3862	4	2;3;10;48;68
3862	5	5;6;14;46;52
3862	6	5;6;16;27;97
3862	7	3;6;11;24;42
3862	8	3;4;11;42;98
3867	1	8;19
3867	2	7;14
3867	3	7;28
3867	4	7;12
3867	5	9;19
3867	6	9;15
3867	7	8;20
3867	8	9;18
3868	1	10;370
3868	2	20;405
3868	3	8;150
3868	4	10;160
3868	5	16;350
3868	6	15;140
3868	7	20;360
3868	8	10;140
3874	1	4;16
3874	2	4;15
3874	3	2;8
3874	4	4;11
3874	5	3;7
3874	6	4;7
3874	7	3;8
3874	8	4;6
3877	1	0.5;1;4.5
3877	2	0.3;1;6.7
3877	3	0.3;1;4.3
3877	4	0.7;1;8.7
3877	5	0.3;1;7.3
3877	6	0.5;1;7.5
3877	7	0.7;1;5.9
3877	8	0.5;1;5.5
3878	1	0.8;10;30
3878	2	0.5;6;19
3878	3	0.83;10;30
3878	4	0.32;16;25
3878	5	0.78;10;35
3878	6	0.44;16;25
3878	7	0.5;9;20
3878	8	0.89;5;20
3879	1	2;20
3879	2	3;18
3879	3	6;19
3879	4	4;27
3879	5	2;29
3879	6	3;20
3879	7	2;11
3879	8	4;17
3880	1	18;19
3880	2	13;18
3880	3	14;16
3880	4	17;18
3880	5	12;18
3880	6	13;15
3880	7	11;17
3880	8	11;16
3884	1	5;11;13;111
3884	2	4;16;20;105
3884	3	7;9;23;91
3884	4	3;9;23;110
3884	5	2;14;22;103
3884	6	7;13;23;107
3884	7	5;7;9;77
3884	8	6;16;18;93
3885	1	3;22;38
3885	2	5;7;32
3885	3	4;12;26
3885	4	5;6;27
3885	5	4;10;36
3885	6	3;15;29
3885	7	5;8;23
3885	8	3;20;31
3887	1	3;133
3887	2	4;126
3887	3	2;84
3887	4	4;98
3887	5	4;84
3887	6	4;112
3887	7	2;98
3887	8	3;91
3888	1	13;36
3888	2	39;45
3888	3	19;45
3888	4	35;50
3888	5	16;51
3888	6	22;42
3888	7	35;55
3888	8	19;32
3890	1	123
3890	2	114
3890	3	81
3890	4	42
3890	5	36
3890	6	84
3890	7	129
3890	8	108
3891	1	7;13;46;270
3891	2	10;14;29;231
3891	3	19;25;50;248
3891	4	11;21;65;230
3891	5	7;19;69;310
3891	6	14;18;48;216
3891	7	13;23;79;350
3891	8	10;24;25;379
3892	1	3;44
3892	2	4;73
3892	3	3;162
3892	4	8;120
3892	5	3;53
3892	6	7;82
3892	7	5;151
3892	8	6;124
3897	1	63
3897	2	86
3897	3	80
3897	4	87
3897	5	79
3897	6	50
3897	7	89
3897	8	74
3898	1	5;11;14
3898	2	4;12;26
3898	3	2;16;21
3898	4	2;28;40
3898	5	4;13;39
3898	6	5;9;30
3898	7	5;8;33
3898	8	3;11;15
3905	1	8
3905	2	9
3905	3	24
3905	4	22
3905	5	20
3905	6	7
3905	7	17
3905	8	13
3906	1	9;165
3906	2	10;153
3906	3	11;116
3906	4	8;53
3906	5	23;181
3906	6	30;77
3906	7	29;174
3906	8	12;99
3909	1	2;5;7;9
3909	2	2;4;6;9
3909	3	2;3;7;9
3909	4	2;5;8;9
3909	5	2;3;6;9
3909	6	2;4;5;9
3909	7	2;4;7;9
3909	8	2;5;6;9
3910	1	34
3910	2	35
3910	3	11
3910	4	17
3910	5	24
3910	6	30
3910	7	10
3910	8	37
3914	1	2;3;18
3914	2	2;4;6
3914	3	2;5;6
3914	4	4;5;8
3914	5	2;4;14
3914	6	4;5;20
3914	7	3;5;11
3914	8	4;5;16
3917	1	12;13
3917	2	10;14
3917	3	16;21
3917	4	17;21
3917	5	8;11
3917	6	9;16
3917	7	7;20
3917	8	17;22
3919	1	12;17
3919	2	10;11
3919	3	4;7
3919	4	10;17
3919	5	9;10
3919	6	12;13
3919	7	8;11
3919	8	11;12
3925	1	2;16;29
3925	2	3;13;27
3925	3	4;18;39
3925	4	3;13;24
3925	5	2;16;27
3925	6	4;6;15
3925	7	3;13;26
3925	8	4;18;38
3926	1	140;227;302
3926	2	276;418;588
3926	3	93;248;521
3926	4	220;250;536
3926	5	279;396;564
3926	6	106;172;347
3926	7	305;423;558
3926	8	146;155;220
3932	1	3;20
3932	2	2;40
3932	3	2;12
3932	4	3;36
3932	5	2;24
3932	6	4;16
3932	7	2;15
3932	8	3;18
3937	1	3;5;7
3937	2	4;5;6
3937	3	4;6;9
3937	4	3;7;8
3937	5	5;8;9
3937	6	5;7;9
3937	7	4;7;9
3937	8	4;8;9
3938	1	5;7
3938	2	4;5
3938	3	4;8
3938	4	2;11
3938	5	2;10
3938	6	3;11
3938	7	3;12
3938	8	2;7
3939	1	7;41
3939	2	10;22
3939	3	16;46
3939	4	14;52
3939	5	5;55
3939	6	12;26
3939	7	15;57
3939	8	18;58
3940	1	4;50
3940	2	4;35
3940	3	2;33
3940	4	4;49
3940	5	4;34
3940	6	2;38
3940	7	2;49
3940	8	2;46
3947	1	9
3947	2	10
3947	3	11
3947	4	12
3947	5	3
3947	6	4
3947	7	5
3947	8	8
3951	1	4;3570
3951	2	3;2321
3951	3	2;2902
3951	4	3;2165
3951	5	5;3599
3951	6	3;3657
3951	7	3;2492
3951	8	5;3215
3952	1	2;9;90
3952	2	2;12;120
3952	3	2;27;160
3952	4	2;12;86
3952	5	2;21;48
3952	6	2;18;148
3952	7	2;12;160
3952	8	2;27;84
3954	1	35;130;140;199
3954	2	67;103;110;130
3954	3	35;66;120;192
3954	4	36;93;133;203
3954	5	62;93;99;170
3954	6	50;53;74;149
3954	7	58;144;166;245
3954	8	37;65;109;116
3959	1	2;10;16
3959	2	2;8;10
3959	3	2;8;17
3959	4	2;8;22
3959	5	2;8;12
3959	6	2;8;19
3959	7	2;10;15
3959	8	2;10;24
3962	1	2;3;29
3962	2	2;3;17
3962	3	2;4;35
3962	4	2;4;23
3962	5	2;5;38
3962	6	2;3;32
3962	7	2;3;30
3962	8	2;4;28
3964	1	3;4;70
3964	2	2;5;110
3964	3	4;5;125
3964	4	4;5;60
3964	5	2;3;112
3964	6	4;5;100
3964	7	3;4;120
3964	8	3;5;135
3965	1	7;10;11;28
3965	2	9;10;15;22
3965	3	5;6;9;24
3965	4	5;6;7;18
3965	5	7;10;13;24
3965	6	9;10;11;28
3965	7	5;8;9;16
3965	8	7;8;9;18
3972	1	4;10;23;27
3972	2	5;10;16;27
3972	3	3;10;17;23
3972	4	2;12;16;17
3972	5	5;8;10;13
3972	6	2;3;19;26
3972	7	6;9;18;22
3972	8	8;10;13;29
3979	1	3;45
3979	2	5;40
3979	3	3;27
3979	4	4;68
3979	5	3;39
3979	6	5;50
3979	7	5;35
3979	8	4;64
3982	1	70
3982	2	121
3982	3	66
3982	4	103
3982	5	97
3982	6	98
3982	7	114
3982	8	82
3983	1	2;7;12;15
3983	2	2;5;6;10
3983	3	3;9;10;13
3983	4	3;7;8;12
3983	5	3;6;11;13
3983	6	5;8;9;14
3983	7	5;6;11;12
3983	8	2;4;5;9
3985	1	9;20
3985	2	10;36
3985	3	6;26
3985	4	6;24
3985	5	6;34
3985	6	12;36
3985	7	8;18
3985	8	6;40
3986	1	7;68
3986	2	8;66
3986	3	7;92
3986	4	6;37
3986	5	8;89
3986	6	5;30
3986	7	6;49
3986	8	6;34
3987	1	220
3987	2	334
3987	3	408
3987	4	306
3987	5	324
3987	6	414
3987	7	432
3987	8	212
3988	1	4814;49319
3988	2	7759;23364
3988	3	5637;50659
3988	4	4610;28856
3988	5	6365;46334
3988	6	6207;24521
3988	7	4607;43573
3988	8	6175;58524
3991	1	6;9
3991	2	6;8
3991	3	3;7
3991	4	5;6
3991	5	7;8
3991	6	8;9
3991	7	7;9
3991	8	4;6
3992	1	66
3992	2	120
3992	3	131
3992	4	113
3992	5	127
3992	6	112
3992	7	153
3992	8	85
3996	1	3;15;126
3996	2	3;6;84
3996	3	3;9;124
3996	4	4;8;135
3996	5	3;9;144
3996	6	4;5;81
3996	7	3;8;110
3996	8	4;8;75
3997	1	2;8;16
3997	2	3;9;10
3997	3	2;9;13
3997	4	3;11;13
3997	5	4;12;15
3997	6	3;10;16
3997	7	2;13;15
3997	8	4;9;14
3998	1	3;706
3998	2	3;562
3998	3	4;648
3998	4	4;338
3998	5	5;360
3998	6	4;770
3998	7	4;556
3998	8	4;536
4004	1	2;8;36
4004	2	3;6;18
4004	3	3;7;21
4004	4	4;8;38
4004	5	2;3;36
4004	6	2;4;22
4004	7	3;6;22
4004	8	2;4;28
4006	1	31
4006	2	32
4006	3	15
4006	4	12
4006	5	27
4006	6	21
4006	7	29
4006	8	22
4009	1	3;6;9;18
4009	2	4;7;11;23
4009	3	3;6;8;18
4009	4	2;9;12;25
4009	5	2;5;10;21
4009	6	2;5;14;21
4009	7	2;9;11;25
4009	8	4;7;9;11
4012	1	2;3;7
4012	2	2;4;7
4012	3	3;5;24
4012	4	2;4;15
4012	5	2;3;15
4012	6	3;4;24
4012	7	3;4;16
4012	8	3;5;20
4016	1	3;9;55
4016	2	2;8;55
4016	3	5;8;41
4016	4	3;5;39
4016	5	2;11;70
4016	6	4;8;48
4016	7	5;10;53
4016	8	3;7;46
4018	1	3.4;13
4018	2	2.84;11
4018	3	1.16;11
4018	4	3;12
4018	5	3.2;14
4018	6	2.84;12
4018	7	1.24;12
4018	8	3.16;11
4025	1	96
4025	2	144
4025	3	136
4025	4	128
4025	5	104
4025	6	88
4025	7	120
4025	8	80
4026	1	6;8;85
4026	2	5;24;63
4026	3	4;25;65
4026	4	7;28;97
4026	5	2;14;110
4026	6	9;13;109
4026	7	8;26;107
4026	8	3;17;87
4028	1	2;5;19
4028	2	2;10;22
4028	3	3;5;19
4028	4	2;16;20
4028	5	2;14;18
4028	6	2;7;23
4028	7	2;13;17
4028	8	2;4;10
4030	1	4;9;16
4030	2	2;13;14
4030	3	4;9;12
4030	4	2;7;10
4030	5	2;12;14
4030	6	4;13;16
4030	7	4;10;16
4030	8	4;14;16
4031	1	3;27;327
4031	2	3;17;258
4031	3	7;25;532
4031	4	2;18;420
4031	5	5;10;275
4031	6	2;26;294
4031	7	2;16;514
4031	8	4;15;284
4032	1	110
4032	2	60
4032	3	40
4032	4	140
4032	5	90
4032	6	80
4032	7	100
4032	8	120
4035	1	3;13
4035	2	2;8
4035	3	3;9
4035	4	4;18
4035	5	2;12
4035	6	3;17
4035	7	4;10
4035	8	4;14
4036	1	448
4036	2	544
4036	3	256
4036	4	608
4036	5	576
4036	6	384
4036	7	224
4036	8	192
4037	1	3;5;28
4037	2	3;7;21
4037	3	3;4;38
4037	4	3;4;35
4037	5	3;7;33
4037	6	2;7;39
4037	7	2;4;20
4037	8	4;5;25
4038	1	4;24
4038	2	7;15
4038	3	7;21
4038	4	4;21
4038	5	4;19
4038	6	3;15
4038	7	4;14
4038	8	5;24
4039	1	49
4039	2	38
4039	3	21
4039	4	52
4039	5	41
4039	6	22
4039	7	51
4039	8	60
4044	1	8;16;65;88
4044	2	20;26;44;71
4044	3	12;15;68;101
4044	4	9;11;64;101
4044	5	11;20;65;93
4044	6	11;18;46;73
4044	7	11;12;75;116
4044	8	10;23;76;101
4046	1	8;186;243
4046	2	15;99;363
4046	3	9;85;241
4046	4	6;158;320
4046	5	13;181;332
4046	6	8;108;146
4046	7	15;171;267
4046	8	5;225;260
4049	1	5;26;494
4049	2	14;70;583
4049	3	17;42;524
4049	4	7;57;612
4049	5	10;20;500
4049	6	13;55;709
4049	7	20;48;481
4049	8	13;74;544
4052	1	3;9;5202
4052	2	5;8;6080
4052	3	7;9;6300
4052	4	3;7;8036
4052	5	3;6;8226
4052	6	3;4;9604
4052	7	3;6;3496
4052	8	6;8;10680
4056	1	5;26;34
4056	2	8;36;44
4056	3	4;28;44
4056	4	9;26;34
4056	5	10;14;20
4056	6	5;35;49
4056	7	13;28;52
4056	8	9;15;17
4057	1	4;30
4057	2	5;29
4057	3	5;35
4057	4	3;35
4057	5	5;49
4057	6	3;17
4057	7	5;39
4057	8	5;21
4060	1	4;11;21
4060	2	8;12;18
4060	3	3;11;22
4060	4	4;6;10
4060	5	7;10;21
4060	6	8;15;24
4060	7	4;6;8
4060	8	7;9;12
4063	1	2;5;6;13
4063	2	5;8;9;12
4063	3	2;8;11;14
4063	4	2;8;9;12
4063	5	4;6;11;12
4063	6	4;5;8;9
4063	7	3;8;9;10
4063	8	3;5;12;17
4067	1	2;5;7;10
4067	2	3;5;8;12
4067	3	3;5;8;10
4067	4	2;3;7;13
4067	5	3;4;8;14
4067	6	4;5;9;14
4067	7	4;5;9;11
4067	8	3;4;8;12
4068	1	8;11
4068	2	6;14
4068	3	11;15
4068	4	6;11
4068	5	11;12
4068	6	10;14
4068	7	7;10
4068	8	6;13
4071	1	15;34;126
4071	2	18;25;81
4071	3	24;36;74
4071	4	32;53;109
4071	5	38;48;100
4071	6	39;57;105
4071	7	13;21;37
4071	8	18;28;124
4072	1	8;11;307;309
4072	2	6;10;553;602
4072	3	6;10;651;710
4072	4	9;16;586;743
4072	5	5;13;344;514
4072	6	5;9;401;429
4072	7	4;9;319;450
4072	8	3;13;213;605
4074	1	10;67;71;155
4074	2	24;51;118;204
4074	3	10;40;83;138
4074	4	11;83;124;223
4074	5	23;62;177;263
4074	6	14;79;186;291
4074	7	23;47;183;254
4074	8	14;76;167;260
4075	1	7;22;33
4075	2	7;24;35
4075	3	26;31;64
4075	4	19;20;44
4075	5	27;38;75
4075	6	19;31;69
4075	7	14;18;59
4075	8	19;21;77
4077	1	72;71328
4077	2	95;94591
4077	3	48;67963
4077	4	84;88928
4077	5	84;74367
4077	6	61;88142
4077	7	78;77387
4077	8	79;75690
4082	1	3;88
4082	2	3;80
4082	3	3;68
4082	4	2;72
4082	5	2;52
4082	6	2;84
4082	7	2;76
4082	8	2;64
4088	1	12;76
4088	2	28;32
4088	3	29;75
4088	4	29;50
4088	5	29;70
4088	6	19;50
4088	7	16;44
4088	8	35;46
4096	1	4;25
4096	2	4;29
4096	3	3;14
4096	4	3;17
4096	5	4;26
4096	6	2;7
4096	7	4;27
4096	8	3;13
4097	1	97;285
4097	2	152;455
4097	3	158;388
4097	4	68;256
4097	5	158;371
4097	6	137;443
4097	7	121;346
4097	8	138;355
4098	1	2;4;22
4098	2	2;4;18
4098	3	3;4;16
4098	4	3;4;32
4098	5	2;3;30
4098	6	2;4;32
4098	7	2;4;24
4098	8	3;4;40
4101	1	1.05;4;49;96
4101	2	1.97;4;33;42
4101	3	2;7;13;48
4101	4	1.4;7;40;75
4101	5	1.4;5;47;86
4101	6	1.5;8;35;80
4101	7	1.53;4;25;50
4101	8	1.24;5;27;78
4105	1	24
4105	2	19
4105	3	16
4105	4	25
4105	5	26
4105	6	21
4105	7	22
4105	8	27
4106	1	60
4106	2	49
4106	3	42
4106	4	83
4106	5	68
4106	6	73
4106	7	103
4106	8	44
4109	1	198
4109	2	360
4109	3	450
4109	4	240
4109	5	504
4109	6	408
4109	7	570
4109	8	222
4110	1	200;265;425
4110	2	66;98;458
4110	3	159;265;499
4110	4	88;286;816
4110	5	160;351;471
4110	6	90;148;846
4110	7	83;249;335
4110	8	170;241;601
4111	1	11;20;27;44
4111	2	13;32;33;42
4111	3	16;38;51;67
4111	4	13;29;30;72
4111	5	25;37;39;60
4111	6	9;23;28;56
4111	7	27;36;42;60
4111	8	23;45;49;56
4112	1	7;22
4112	2	8;20
4112	3	11;24
4112	4	8;38
4112	5	12;28
4112	6	7;20
4112	7	4;18
4112	8	4;28
4113	1	67
4113	2	77
4113	3	37
4113	4	44
4113	5	70
4113	6	22
4113	7	75
4113	8	50
4116	1	2;4;6
4116	2	3;5;8
4116	3	3;5;6
4116	4	4;5;7
4116	5	3;4;8
4116	6	2;5;7
4116	7	4;5;8
4116	8	2;5;6
4117	1	36
4117	2	31
4117	3	34
4117	4	25
4117	5	27
4117	6	35
4117	7	37
4117	8	33
4119	1	522
4119	2	621
4119	3	296
4119	4	235
4119	5	320
4119	6	489
4119	7	588
4119	8	375
4122	1	4;810
4122	2	4;885
4122	3	2;1410
4122	4	2;1560
4122	5	2;570
4122	6	2;1770
4122	7	4;750
4122	8	4;525
4124	1	2;3;8
4124	2	2;3;6
4124	3	3;4;5
4124	4	3;5;7
4124	5	3;4;6
4124	6	2;4;6
4124	7	2;5;7
4124	8	2;3;5
4129	1	4;8;13
4129	2	2;7;20
4129	3	5;9;14
4129	4	2;6;27
4129	5	4;8;9
4129	6	2;9;10
4129	7	5;7;28
4129	8	2;6;35
4130	1	5;95
4130	2	5;90
4130	3	2;34
4130	4	2;58
4130	5	4;112
4130	6	3;111
4130	7	5;45
4130	8	2;42
4133	1	4;5;20
4133	2	8;10;17
4133	3	5;6;21
4133	4	7;12;25
4133	5	5;8;35
4133	6	6;11;34
4133	7	7;12;33
4133	8	12;13;28
4137	1	1;2;23
4137	2	1;8;24
4137	3	1;8;12
4137	4	1;5;13
4137	5	1;6;19
4137	6	1;4;15
4137	7	1;2;6
4137	8	1;8;13
4138	1	15;19;44
4138	2	28;32;39
4138	3	22;33;36
4138	4	8;27;49
4138	5	8;17;19
4138	6	20;24;47
4138	7	8;22;25
4138	8	20;26;27
4140	1	350
4140	2	445
4140	3	145
4140	4	490
4140	5	230
4140	6	175
4140	7	425
4140	8	225
4141	1	4;12;27
4141	2	6;11;25
4141	3	3;12;26
4141	4	3;10;18
4141	5	4;11;23
4141	6	3;7;14
4141	7	7;13;30
4141	8	4;13;27
4144	1	2;5;45
4144	2	3;5;47
4144	3	3;4;49
4144	4	4;5;47
4144	5	2;3;50
4144	6	3;5;42
4144	7	3;5;50
4144	8	2;3;63
4147	1	10;23;1759
4147	2	7;32;1597
4147	3	14;15;2500
4147	4	12;13;3090
4147	5	5;16;4053
4147	6	15;20;2918
4147	7	6;9;4072
4147	8	11;16;5219
4149	1	9;15;21;80;94
4149	2	5;6;15;143;149
4149	3	5;15;23;48;59
4149	4	5;14;18;101;107
4149	5	5;10;24;149;157
4149	6	5;11;21;142;148
4149	7	14;16;20;123;138
4149	8	4;8;16;73;78
4153	1	2;8;35
4153	2	2;10;16
4153	3	2;12;31
4153	4	2;8;12
4153	5	2;8;21
4153	6	2;8;24
4153	7	2;10;25
4153	8	2;12;37
4155	1	11;27
4155	2	5;11
4155	3	12;26
4155	4	7;15
4155	5	9;25
4155	6	8;20
4155	7	10;26
4155	8	9;21
4160	1	8;36;41
4160	2	3;37;38
4160	3	9;23;36
4160	4	4;29;47
4160	5	6;13;57
4160	6	5;38;42
4160	7	8;21;53
4160	8	3;16;58
4161	1	25;52;395
4161	2	55;96;540
4161	3	70;90;531
4161	4	50;52;710
4161	5	40;90;476
4161	6	54;70;650
4161	7	90;96;725
4161	8	48;55;600
4166	1	8;13
4166	2	3;20
4166	3	2;11
4166	4	4;9
4166	5	7;8
4166	6	6;15
4166	7	5;18
4166	8	3;12
4168	1	8;26;148
4168	2	10;19;105
4168	3	11;26;117
4168	4	9;15;50
4168	5	9;15;40
4168	6	12;18;49
4168	7	8;17;102
4168	8	5;20;107
4171	1	2;3;6;13
4171	2	4;6;7;17
4171	3	2;4;7;17
4171	4	3;5;6;16
4171	5	4;7;12;13
4171	6	2;4;12;13
4171	7	3;8;13;16
4171	8	3;4;8;16
4172	1	5;10
4172	2	6;11
4172	3	4;15
4172	4	6;15
4172	5	7;17
4172	6	7;18
4172	7	7;20
4172	8	8;16
4174	1	5;7;10;4128
4174	2	4;6;12;3797
4174	3	3;7;9;5383
4174	4	5;8;11;5083
4174	5	3;8;10;3427
4174	6	4;5;10;3650
4174	7	4;8;13;4027
4174	8	3;6;13;2469
4181	1	5;110
4181	2	7;136
4181	3	4;82
4181	4	7;144
4181	5	3;59
4181	6	5;114
4181	7	8;154
4181	8	4;90
4187	1	14;1722
4187	2	7;2464
4187	3	5;2870
4187	4	16;5184
4187	5	11;2596
4187	6	11;3872
4187	7	9;5652
4187	8	5;5275
4189	1	3;18;25
4189	2	3;15;21
4189	3	3;9;18
4189	4	3;11;19
4189	5	3;13;20
4189	6	3;15;23
4189	7	3;17;23
4189	8	3;16;23
4190	1	240
4190	2	192
4190	3	256
4190	4	232
4190	5	176
4190	6	144
4190	7	128
4190	8	288
4192	1	4;5;9
4192	2	4;6;9
4192	3	3;5;8
4192	4	4;7;9
4192	5	2;6;7
4192	6	3;7;8
4192	7	2;3;7
4192	8	4;8;9
4193	1	2;8;9
4193	2	3;4;9
4193	3	2;4;7
4193	4	3;5;8
4193	5	2;5;6
4193	6	2;4;9
4193	7	3;7;9
4193	8	2;3;8
4195	1	7
4195	2	11
4195	3	12
4195	4	5
4195	5	13
4195	6	4
4195	7	10
4195	8	14
4196	1	60
4196	2	45
4196	3	59
4196	4	32
4196	5	37
4196	6	24
4196	7	41
4196	8	54
4197	1	4;9;34;44
4197	2	5;12;27;69
4197	3	5;10;40;61
4197	4	6;9;53;64
4197	5	5;7;26;42
4197	6	3;10;35;52
4197	7	6;10;41;69
4197	8	5;7;18;63
4198	1	7;10;15
4198	2	6;15;22
4198	3	8;16;19
4198	4	2;7;12
4198	5	7;11;12
4198	6	5;9;17
4198	7	4;8;18
4198	8	5;9;19
4199	1	8;167;322
4199	2	7;96;120
4199	3	8;160;286
4199	4	8;241;243
4199	5	8;170;319
4199	6	6;96;132
4199	7	8;273;329
4199	8	9;168;265
4200	1	105
4200	2	83
4200	3	30
4200	4	75
4200	5	68
4200	6	81
4200	7	89
4200	8	66
4202	1	2;16;26
4202	2	2;9;32
4202	3	2;20;30
4202	4	2;18;28
4202	5	2;14;28
4202	6	2;16;24
4202	7	2;22;26
4202	8	3;18;53
4205	1	304;524
4205	2	203;294
4205	3	332;535
4205	4	287;400
4205	5	200;296
4205	6	259;280
4205	7	112;274
4205	8	230;505
4208	1	9;130
4208	2	10;132
4208	3	15;162
4208	4	9;134
4208	5	15;98
4208	6	5;74
4208	7	19;178
4208	8	17;114
4211	1	8;12;35;52
4211	2	17;23;45;46
4211	3	9;18;36;47
4211	4	23;25;28;29
4211	5	14;17;35;36
4211	6	14;21;34;47
4211	7	13;36;45;46
4211	8	7;11;27;28
4212	1	231
4212	2	585
4212	3	790
4212	4	590
4212	5	352
4212	6	463
4212	7	422
4212	8	594
4216	1	8;14
4216	2	13;18
4216	3	9;16
4216	4	4;6
4216	5	12;18
4216	6	16;22
4216	7	14;20
4216	8	6;10
4219	1	3;397
4219	2	2;241
4219	3	4;259
4219	4	2;228
4219	5	4;319
4219	6	3;263
4219	7	2;271
4219	8	2;358
4220	1	2;6;8;14
4220	2	4;8;9;12
4220	3	2;5;9;13
4220	4	2;4;5;9
4220	5	2;3;5;9
4220	6	3;7;9;13
4220	7	3;5;6;11
4220	8	2;4;8;11
4221	1	11;13;54
4221	2	9;30;100
4221	3	8;19;96
4221	4	19;26;169
4221	5	18;25;143
4221	6	16;17;162
4221	7	11;26;84
4221	8	19;20;142
4225	1	6;12
4225	2	9;20
4225	3	6;15
4225	4	9;10
4225	5	8;12
4225	6	8;20
4225	7	7;12
4225	8	7;20
4226	1	2;3;12
4226	2	2;3;4
4226	3	3;13;15
4226	4	4;5;15
4226	5	2;6;12
4226	6	2;5;8
4226	7	3;9;15
4226	8	2;10;13
4227	1	2;3;4;16
4227	2	2;4;6;16
4227	3	3;4;5;17
4227	4	2;3;6;16
4227	5	2;4;5;12
4227	6	2;4;6;20
4227	7	2;4;7;20
4227	8	2;5;8;20
4229	1	8;110
4229	2	18;138
4229	3	11;125
4229	4	6;136
4229	5	16;82
4229	6	13;101
4229	7	11;71
4229	8	6;78
4230	1	4;98
4230	2	4;102
4230	3	3;98
4230	4	5;112
4230	5	3;122
4230	6	5;102
4230	7	5;117
4230	8	6;104
4235	1	82;94;493
4235	2	106;146;714
4235	3	111;149;515
4235	4	97;164;654
4235	5	102;178;790
4235	6	97;179;667
4235	7	106;196;587
4235	8	74;77;432
4239	1	1;3;6;8
4239	2	1;3;12;14
4239	3	1;5;12;14
4239	4	1;3;4;6
4239	5	1;2;8;10
4239	6	1;2;14;16
4239	7	1;2;12;14
4239	8	1;5;14;16
4244	1	8;9;15
4244	2	7;8;14
4244	3	9;12;16
4244	4	6;9;13
4244	5	7;12;14
4244	6	5;8;12
4244	7	5;10;12
4244	8	9;10;16
4246	1	7;14
4246	2	4;5
4246	3	4;12
4246	4	8;14
4246	5	5;11
4246	6	5;10
4246	7	8;13
4246	8	8;9
4249	1	1;2;150
4249	2	1;5;90
4249	3	1;4;156
4249	4	1;8;144
4249	5	1;5;60
4249	6	1;4;132
4249	7	1;4;60
4249	8	1;3;159
4254	1	9;99;100
4254	2	8;147;153
4254	3	20;180;182
4254	4	20;171;184
4254	5	6;53;54
4254	6	15;62;64
4254	7	11;168;173
4254	8	14;65;74
4256	1	1.5;5;136
4256	2	1.8;7;170
4256	3	2;3;79
4256	4	1.5;7;72
4256	5	2;8;112
4256	6	1.8;9;125
4256	7	2;9;87
4256	8	1.2;6;60
4257	1	5;22
4257	2	5;25
4257	3	4;19
4257	4	4;33
4257	5	3;32
4257	6	3;38
4257	7	4;39
4257	8	5;23
4260	1	9;78
4260	2	5;159
4260	3	6;147
4260	4	9;114
4260	5	9;48
4260	6	5;108
4260	7	6;153
4260	8	7;108
4262	1	5;10;11
4262	2	9;12;13
4262	3	7;10;13
4262	4	7;10;12
4262	5	5;8;11
4262	6	5;8;9
4262	7	9;10;11
4262	8	5;10;13
4263	1	5;40
4263	2	2;34
4263	3	4;44
4263	4	5;56
4263	5	2;27
4263	6	4;21
4263	7	3;52
4263	8	3;35
4265	1	8
4265	2	9
4265	3	18
4265	4	15
4265	5	20
4265	6	13
4265	7	11
4265	8	16
4270	1	1099
4270	2	948
4270	3	901
4270	4	559
4270	5	487
4270	6	771
4270	7	817
4270	8	639
4271	1	5;14;31
4271	2	12;24;59
4271	3	6;14;31
4271	4	8;29;53
4271	5	11;22;52
4271	6	4;15;29
4271	7	11;28;59
4271	8	12;21;53
4278	1	17;68
4278	2	16;64
4278	3	18;108
4278	4	39;117
4278	5	19;76
4278	6	13;39
4278	7	14;42
4278	8	18;72
4280	1	6;102
4280	2	12;204
4280	3	8;224
4280	4	13;247
4280	5	10;230
4280	6	3;261
4280	7	3;204
4280	8	6;228
4283	1	4;6;11;13
4283	2	2;3;10;13
4283	3	3;10;13;14
4283	4	4;6;10;14
4283	5	5;12;13;16
4283	6	2;6;9;11
4283	7	3;7;12;15
4283	8	2;7;10;15
4286	1	8;18;53
4286	2	18;58;139
4286	3	13;41;106
4286	4	16;40;147
4286	5	9;23;93
4286	6	18;20;145
4286	7	13;23;137
4286	8	6;48;115
4290	1	3;5;236;345
4290	2	2;5;130;205
4290	3	2;4;88;160
4290	4	2;3;213;297
4290	5	2;5;122;260
4290	6	2;3;130;141
4290	7	2;3;189;210
4290	8	2;3;165;213
4299	1	2;5;57
4299	2	2;5;49
4299	3	2;5;41
4299	4	2;5;44
4299	5	2;5;55
4299	6	2;5;52
4299	7	2;5;38
4299	8	2;5;51
4300	1	7;16;2852
4300	2	5;10;2580
4300	3	2;11;2470
4300	4	2;11;1105
4300	5	7;8;2775
4300	6	2;11;2873
4300	7	7;8;1230
4300	8	2;11;1469
4301	1	1;2;3;5
4301	2	1;2;4;6
4301	3	1;2;3;8
4301	4	1;4;5;7
4301	5	1;2;5;7
4301	6	1;2;4;5
4301	7	1;4;5;6
4301	8	1;2;4;8
4302	1	62;106
4302	2	60;76
4302	3	48;84
4302	4	75;84
4302	5	55;65
4302	6	38;115
4302	7	52;71
4302	8	57;94
4303	1	4;7;24
4303	2	3;9;15
4303	3	2;5;8
4303	4	2;8;14
4303	5	2;5;6
4303	6	2;7;10
4303	7	2;7;8
4303	8	3;6;12
4304	1	3;7;16;45
4304	2	9;10;16;39
4304	3	6;7;14;30
4304	4	7;12;21;43
4304	5	4;9;14;38
4304	6	4;8;19;48
4304	7	4;8;12;42
4304	8	7;11;14;41
4307	1	2;8;88;595
4307	2	3;4;76;459
4307	3	3;8;72;293
4307	4	3;4;136;767
4307	5	2;3;183;677
4307	6	2;4;190;549
4307	7	2;3;180;501
4307	8	3;4;68;441
4308	1	7;14
4308	2	6;24
4308	3	9;27
4308	4	6;18
4308	5	7;21
4308	6	8;16
4308	7	9;18
4308	8	8;24
4314	1	108
4314	2	60
4314	3	148
4314	4	140
4314	5	88
4314	6	56
4314	7	152
4314	8	64
4315	1	3;21;38
4315	2	4;14;17
4315	3	3;17;32
4315	4	3;13;35
4315	5	3;13;39
4315	6	2;20;26
4315	7	4;10;25
4315	8	4;26;28
4316	1	2015;18350;27987
4316	2	954;20920;28379
4316	3	1738;14268;31117
4316	4	1609;23006;28242
4316	5	2751;23689;31081
4316	6	2967;14040;25787
4316	7	2390;11469;27525
4316	8	1644;9370;10848
4318	1	4;6;10
4318	2	5;8;11
4318	3	3;5;8
4318	4	4;6;9
4318	5	4;7;11
4318	6	5;7;12
4318	7	3;5;7
4318	8	4;7;12
4321	1	3;41
4321	2	8;44
4321	3	9;44
4321	4	7;22
4321	5	4;40
4321	6	5;14
4321	7	6;39
4321	8	3;35
4325	1	8;24
4325	2	23;35
4325	3	20;54
4325	4	9;51
4325	5	8;38
4325	6	13;21
4325	7	12;20
4325	8	15;37
4327	1	2;26;35
4327	2	3;7;14
4327	3	4;14;29
4327	4	4;20;29
4327	5	2;12;22
4327	6	3;27;38
4327	7	2;18;30
4327	8	4;22;38
4328	1	2;4;9;22
4328	2	2;4;5;12
4328	3	2;3;4;10
4328	4	2;4;8;20
4328	5	3;4;16;23
4328	6	3;4;7;19
4328	7	4;5;14;22
4328	8	2;5;8;24
4332	1	7
4332	2	10
4332	3	11
4332	4	5
4332	5	4
4332	6	9
4332	7	8
4332	8	12
4333	1	8;27;43
4333	2	18;19;35
4333	3	6;13;15
4333	4	6;18;37
4333	5	16;23;29
4333	6	8;18;23
4333	7	6;25;45
4333	8	10;38;45
4335	1	6;40
4335	2	4;14
4335	3	7;28
4335	4	9;20
4335	5	8;20
4335	6	3;28
4335	7	3;24
4335	8	8;40
4336	1	2;58
4336	2	2;36
4336	3	2;56
4336	4	2;48
4336	5	2;50
4336	6	2;52
4336	7	2;22
4336	8	2;20
4337	1	2;7;20;32
4337	2	3;5;25;33
4337	3	4;7;38;88
4337	4	2;6;36;90
4337	5	2;7;24;94
4337	6	3;7;41;89
4337	7	2;7;24;100
4337	8	3;5;17;93
4338	1	7
4338	2	16
4338	3	17
4338	4	14
4338	5	19
4338	6	12
4338	7	5
4338	8	18
4342	1	20;40
4342	2	19;30
4342	3	7;11
4342	4	7;13
4342	5	22;38
4342	6	21;32
4342	7	14;23
4342	8	7;40
4343	1	3;24;57
4343	2	2;14;50
4343	3	2;24;30
4343	4	2;14;44
4343	5	3;7;53
4343	6	4;10;50
4343	7	3;15;57
4343	8	2;20;56
4344	1	9;11;35
4344	2	8;12;33
4344	3	10;12;84
4344	4	10;18;45
4344	5	17;20;84
4344	6	9;19;59
4344	7	10;22;76
4344	8	10;14;77
4350	1	123;958
4350	2	131;740
4350	3	133;964
4350	4	43;300
4350	5	116;917
4350	6	137;897
4350	7	103;747
4350	8	95;621
4352	1	6;7;12;18;24;32
4352	2	6;8;9;23;26;31
4352	3	7;8;9;27;36;49
4352	4	5;8;17;29;30;39
4352	5	5;9;10;20;28;32
4352	6	7;8;9;14;40;47
4352	7	6;8;9;27;37;41
4352	8	7;9;10;28;32;38
4353	1	46;50;57;146
4353	2	24;52;61;131
4353	3	17;41;60;117
4353	4	39;53;60;131
4353	5	23;37;44;83
4353	6	25;41;56;98
4353	7	17;27;60;96
4353	8	19;47;56;120
4354	1	24
4354	2	33
4354	3	15
4354	4	27
4354	5	18
4354	6	36
4354	7	30
4354	8	39
4355	1	35;92;150;656
4355	2	16;92;137;676
4355	3	10;74;109;560
4355	4	14;61;93;445
4355	5	16;86;119;596
4355	6	23;51;136;633
4355	7	20;88;145;680
4355	8	19;65;89;425
4365	1	76
4365	2	61
4365	3	38
4365	4	71
4365	5	64
4365	6	85
4365	7	70
4365	8	75
4366	1	2;1687
4366	2	5;3150
4366	3	2;2411
4366	4	5;3661
4366	5	3;1245
4366	6	2;2328
4366	7	3;3944
4366	8	3;2867
4367	1	94
4367	2	85
4367	3	35
4367	4	65
4367	5	68
4367	6	93
4367	7	55
4367	8	67
4368	1	20;97;355
4368	2	27;117;486
4368	3	14;92;397
4368	4	31;43;196
4368	5	15;43;202
4368	6	31;44;273
4368	7	16;93;317
4368	8	17;80;288
4369	1	11
4369	2	6
4369	3	13
4369	4	20
4369	5	15
4369	6	18
4369	7	9
4369	8	8
4373	1	66
4373	2	49
4373	3	94
4373	4	81
4373	5	60
4373	6	98
4373	7	70
4373	8	113
4374	1	1;24;48
4374	2	1;27;54
4374	3	1;9;36
4374	4	1;15;60
4374	5	1;26;52
4374	6	1;20;30
4374	7	1;20;40
4374	8	1;13;52
4377	1	6;15
4377	2	5;18
4377	3	8;13
4377	4	3;20
4377	5	2;11
4377	6	4;17
4377	7	7;16
4377	8	3;12
4379	1	19;22;31
4379	2	18;23;26
4379	3	13;17;25
4379	4	14;23;26
4379	5	20;22;24
4379	6	9;13;17
4379	7	17;21;25
4379	8	10;12;14
4380	1	18;27;3070
4380	2	7;10;4777
4380	3	11;18;4205
4380	4	5;8;2301
4380	5	13;18;3441
4380	6	15;18;3399
4380	7	5;8;4069
4380	8	18;21;4394
4386	1	4;8;9;57
4386	2	2;3;19;56
4386	3	5;8;22;57
4386	4	3;5;13;22
4386	5	4;6;9;35
4386	6	3;7;9;22
4386	7	4;5;11;34
4386	8	6;8;12;37
4387	1	6;26;1092
4387	2	5;15;525
4387	3	6;18;1445
4387	4	3;15;730
4387	5	5;16;1200
4387	6	4;11;1350
4387	7	3;19;1785
4387	8	4;28;1060
4390	1	93
4390	2	117
4390	3	114
4390	4	105
4390	5	30
4390	6	36
4390	7	120
4390	8	57
4391	1	67;273
4391	2	49;219
4391	3	19;90
4391	4	60;299
4391	5	61;295
4391	6	68;306
4391	7	24;116
4391	8	62;280
4392	1	431
4392	2	338
4392	3	265
4392	4	272
4392	5	427
4392	6	310
4392	7	405
4392	8	396
4395	1	34
4395	2	26
4395	3	32
4395	4	24
4395	5	38
4395	6	60
4395	7	20
4395	8	56
4397	1	3;4;204
4397	2	3;7;567
4397	3	3;6;576
4397	4	4;10;640
4397	5	2;4;376
4397	6	3;7;189
4397	7	2;4;320
4397	8	3;4;312
4398	1	68;218
4398	2	41;231
4398	3	66;112
4398	4	75;225
4398	5	32;142
4398	6	41;211
4398	7	58;92
4398	8	91;197
4402	1	4;46
4402	2	7;22
4402	3	6;22
4402	4	8;58
4402	5	8;26
4402	6	7;16
4402	7	7;48
4402	8	7;62
4404	1	19;31;137
4404	2	9;27;114
4404	3	15;30;108
4404	4	13;23;123
4404	5	14;32;124
4404	6	8;39;132
4404	7	26;32;195
4404	8	19;23;92
4405	1	530;585;1986
4405	2	323;548;1952
4405	3	286;557;1579
4405	4	151;572;1655
4405	5	360;680;1803
4405	6	161;296;1438
4405	7	233;405;1590
4405	8	265;365;1573
4406	1	5;16;18
4406	2	7;42;48
4406	3	4;39;57
4406	4	5;19;27
4406	5	7;38;42
4406	6	4;37;45
4406	7	4;48;60
4406	8	6;40;48
4407	1	6;7;16;509
4407	2	7;16;27;1753
4407	3	9;14;15;1860
4407	4	6;7;14;943
4407	5	6;7;21;1861
4407	6	5;10;29;1471
4407	7	5;10;15;1084
4407	8	6;7;11;806
4409	1	15;48
4409	2	10;46
4409	3	18;30
4409	4	16;45
4409	5	10;44
4409	6	14;30
4409	7	8;25
4409	8	16;40
4410	1	3;11;110
4410	2	9;10;50
4410	3	5;15;150
4410	4	4;11;154
4410	5	6;10;105
4410	6	8;10;120
4410	7	5;8;112
4410	8	4;8;74
4411	1	2;3;10;11
4411	2	2;3;8;12
4411	3	3;5;9;12
4411	4	2;6;10;13
4411	5	4;5;8;11
4411	6	2;3;6;9
4411	7	2;6;8;13
4411	8	4;5;8;10
4414	1	4;12
4414	2	4;5
4414	3	4;19
4414	4	5;16
4414	5	4;17
4414	6	4;8
4414	7	5;10
4414	8	4;13
4416	1	13;34;288
4416	2	10;28;368
4416	3	9;19;209
4416	4	10;54;370
4416	5	9;54;300
4416	6	10;56;324
4416	7	10;59;189
4416	8	11;43;353
4421	1	10;160
4421	2	12;176
4421	3	10;143
4421	4	10;153
4421	5	10;150
4421	6	10;137
4421	7	12;187
4421	8	8;113
4426	1	3;5;7
4426	2	2;3;5
4426	3	4;5;7
4426	4	2;5;6
4426	5	4;5;6
4426	6	2;5;7
4426	7	2;4;7
4426	8	3;4;5
4427	1	4;7;8;14
4427	2	2;6;8;9
4427	3	3;6;7;19
4427	4	2;4;9;14
4427	5	4;5;6;10
4427	6	2;6;8;13
4427	7	4;6;10;21
4427	8	4;6;8;12
4428	1	27
4428	2	62
4428	3	46
4428	4	59
4428	5	24
4428	6	48
4428	7	43
4428	8	63
4433	1	5;24;51
4433	2	11;14;18
4433	3	7;15;40
4433	4	17;23;53
4433	5	16;17;39
4433	6	6;10;13
4433	7	7;15;34
4433	8	12;22;23
4434	1	14;21;38
4434	2	24;31;78
4434	3	31;34;67
4434	4	21;33;74
4434	5	32;33;70
4434	6	24;44;91
4434	7	15;49;66
4434	8	16;18;49
4436	1	40;2540
4436	2	40;1460
4436	3	25;1192
4436	4	25;2132
4436	5	45;2280
4436	6	40;1790
4436	7	28;700
4436	8	25;2524
4437	1	7;9;360
4437	2	4;6;597
4437	3	3;5;360
4437	4	8;10;285
4437	5	8;10;180
4437	6	6;8;524
4437	7	6;9;264
4437	8	4;6;393
4440	1	3;177
4440	2	2;68
4440	3	3;105
4440	4	4;184
4440	5	3;189
4440	6	3;156
4440	7	2;176
4440	8	5;105
4441	1	23;24;193
4441	2	15;20;171
4441	3	15;17;152
4441	4	23;26;225
4441	5	22;28;169
4441	6	18;20;201
4441	7	10;24;209
4441	8	11;14;171
4444	1	843;1328
4444	2	721;1231
4444	3	1065;1546
4444	4	462;1590
4444	5	403;1038
4444	6	921;1487
4444	7	1528;1753
4444	8	994;1617
4445	1	10;18;39
4445	2	17;22;68
4445	3	12;15;79
4445	4	12;19;64
4445	5	16;17;40
4445	6	10;16;66
4445	7	10;18;69
4445	8	14;18;76
4446	1	1;4;22
4446	2	1;4;25
4446	3	1;5;28
4446	4	1;5;17
4446	5	1;3;26
4446	6	1;4;26
4446	7	1;4;37
4446	8	1;4;18
4448	1	7;16;19;273
4448	2	7;17;18;279
4448	3	5;15;22;245
4448	4	7;9;20;229
4448	5	7;21;22;231
4448	6	7;10;19;255
4448	7	7;14;16;255
4448	8	5;13;23;255
4449	1	12
4449	2	6
4449	3	5
4449	4	11
4449	5	9
4449	6	13
4449	7	14
4449	8	7
4451	1	2;6;42
4451	2	3;5;45
4451	3	5;10;49
4451	4	4;11;46
4451	5	5;8;27
4451	6	5;9;31
4451	7	4;5;36
4451	8	6;7;32
4454	1	9;24;50
4454	2	11;35;39
4454	3	7;38;52
4454	4	17;30;36
4454	5	12;22;51
4454	6	22;29;30
4454	7	15;40;59
4454	8	11;14;29
4461	1	22
4461	2	28
4461	3	26
4461	4	38
4461	5	32
4461	6	12
4461	7	10
4461	8	30
4463	1	58;59;90
4463	2	50;97;112
4463	3	28;85;102
4463	4	27;58;69
4463	5	52;81;84
4463	6	44;93;94
4463	7	52;101;120
4463	8	34;83;92
4464	1	4;67;1123;10618
4464	2	4;62;1454;12054
4464	3	5;72;1968;16441
4464	4	3;26;738;5904
4464	5	4;98;1187;13526
4464	6	4;30;2146;15726
4464	7	5;72;774;8446
4464	8	3;29;701;14063
4465	1	2;4;8;9
4465	2	2;4;5;9
4465	3	3;4;5;6
4465	4	4;5;6;7
4465	5	2;3;7;9
4465	6	2;3;8;9
4465	7	2;4;6;9
4465	8	2;3;4;9
4467	1	2;8;16
4467	2	2;10;16
4467	3	2;4;8
4467	4	2;4;12
4467	5	2;8;10
4467	6	2;4;10
4467	7	2;6;14
4467	8	2;4;14
4469	1	7.06;16.54;25
4469	2	7.71;20.59;60
4469	3	4.28;14.32;55
4469	4	11.6;13.9;26
4469	5	11.27;18.83;30
4469	6	4.95;9.79;50
4469	7	8.88;10.72;55
4469	8	8.4;14.6;58
4470	1	1863
4470	2	1494
4470	3	1643
4470	4	1891
4470	5	1768
4470	6	1757
4470	7	2141
4470	8	932
4473	1	5;17;18;23
4473	2	3;9;27;28
4473	3	5;9;31;40
4473	4	3;20;30;38
4473	5	5;19;31;36
4473	6	5;7;19;35
4473	7	5;8;18;22
4473	8	5;6;17;44
4474	1	8;1531
4474	2	3;1537
4474	3	4;637
4474	4	6;1919
4474	5	8;1422
4474	6	5;749
4474	7	6;1304
4474	8	7;1973
4475	1	12;33;36
4475	2	10;30;41
4475	3	19;28;31
4475	4	13;23;30
4475	5	6;33;36
4475	6	20;30;37
4475	7	17;26;29
4475	8	21;30;33
4476	1	4;63
4476	2	2;34
4476	3	3;65
4476	4	5;40
4476	5	2;91
4476	6	2;110
4476	7	2;77
4476	8	3;47
4481	1	21;131
4481	2	49;276
4481	3	43;278
4481	4	65;388
4481	5	28;156
4481	6	51;407
4481	7	41;241
4481	8	48;245
4483	1	1;7;12;148
4483	2	1;7;12;216
4483	3	1;6;10;224
4483	4	1;4;6;238
4483	5	1;4;6;108
4483	6	1;4;6;312
4483	7	1;5;8;280
4483	8	1;6;10;286
4487	1	2;20;250
4487	2	3;15;91
4487	3	2;14;246
4487	4	2;14;222
4487	5	3;21;121
4487	6	2;16;192
4487	7	4;20;286
4487	8	3;18;151
4489	1	5;37;53;82
4489	2	7;35;71;100
4489	3	3;21;66;80
4489	4	3;13;29;40
4489	5	6;37;52;59
4489	6	7;26;40;56
4489	7	4;29;62;89
4489	8	8;20;27;45
4491	1	4;5
4491	2	5;7
4491	3	5;9
4491	4	5;10
4491	5	4;6
4491	6	4;13
4491	7	3;6
4491	8	4;8
4492	1	2;4;6;17;165
4492	2	3;4;7;10;163
4492	3	2;5;6;21;151
4492	4	2;3;4;9;99
4492	5	2;3;12;25;196
4492	6	2;3;8;17;185
4492	7	2;3;8;17;163
4492	8	3;4;5;18;166
4496	1	14521;43736
4496	2	17807;57537
4496	3	8454;25204
4496	4	10582;33547
4496	5	10318;30513
4496	6	15927;53637
4496	7	11611;39196
4496	8	18341;49006
4498	1	5;42;265
4498	2	13;28;253
4498	3	9;21;71
4498	4	6;18;132
4498	5	6;27;225
4498	6	10;34;133
4498	7	10;23;113
4498	8	8;32;260
4501	1	12;38;72
4501	2	10;52;82
4501	3	16;34;68
4501	4	12;28;44
4501	5	16;52;80
4501	6	10;36;70
4501	7	6;18;78
4501	8	14;32;74
4503	1	4;13
4503	2	3;16
4503	3	2;15
4503	4	4;8
4503	5	3;15
4503	6	4;16
4503	7	3;7
4503	8	2;4
4506	1	3;5;35;62
4506	2	3;5;35;48
4506	3	2;3;18;64
4506	4	3;5;35;65
4506	5	2;3;30;40
4506	6	2;3;18;32
4506	7	2;3;18;58
4506	8	2;5;30;54
4509	1	2;6;18;40
4509	2	3;6;15;34
4509	3	4;7;8;40
4509	4	2;4;6;26
4509	5	3;7;11;25
4509	6	2;5;10;25
4509	7	4;6;8;28
4509	8	2;7;18;19
4519	1	4;12
4519	2	3;12
4519	3	3;7
4519	4	3;10
4519	5	4;11
4519	6	3;8
4519	7	4;10
4519	8	4;8
4520	1	108
4520	2	78
4520	3	90
4520	4	51
4520	5	33
4520	6	99
4520	7	96
4520	8	57
4522	1	3;15
4522	2	4;22
4522	3	4;21
4522	4	5;8
4522	5	4;9
4522	6	4;19
4522	7	4;14
4522	8	4;7
4524	1	5;18;66
4524	2	4;9;65
4524	3	5;10;80
4524	4	9;14;58
4524	5	3;12;60
4524	6	6;7;105
4524	7	4;17;119
4524	8	3;12;112
4527	1	64
4527	2	89
4527	3	82
4527	4	95
4527	5	84
4527	6	69
4527	7	38
4527	8	91
4529	1	5;6;99
4529	2	5;6;184
4529	3	5;6;182
4529	4	5;6;120
4529	5	5;6;119
4529	6	5;6;126
4529	7	5;6;95
4529	8	5;6;147
4530	1	8;12;76
4530	2	4;7;66
4530	3	6;8;42
4530	4	8;11;80
4530	5	4;9;72
4530	6	5;8;39
4530	7	6;10;28
4530	8	8;9;76
4531	1	2;4;15;19
4531	2	2;5;7;8
4531	3	2;5;9;21
4531	4	3;5;12;18
4531	5	2;4;5;6
4531	6	2;5;7;13
4531	7	3;5;10;15
4531	8	2;3;15;21
4532	1	1;5;12;55;150
4532	2	1;3;10;40;87
4532	3	1;6;8;60;120
4532	4	1;4;12;44;120
4532	5	1;3;18;54;141
4532	6	1;4;14;66;140
4532	7	1;4;10;46;144
4532	8	1;4;10;74;148
4533	1	130;386
4533	2	90;352
4533	3	50;128
4533	4	79;162
4533	5	124;302
4533	6	100;380
4533	7	77;160
4533	8	37;146
4535	1	46;52;58
4535	2	42;52;64
4535	3	28;30;48
4535	4	40;54;72
4535	5	22;24;40
4535	6	40;62;78
4535	7	44;50;54
4535	8	34;48;60
4536	1	4;9;12
4536	2	4;5;8
4536	3	4;6;12
4536	4	4;5;12
4536	5	4;7;12
4536	6	2;5;6
4536	7	2;6;10
4536	8	4;6;8
4537	1	3;95;509
4537	2	2;50;174
4537	3	3;53;233
4537	4	2;72;498
4537	5	2;70;498
4537	6	3;31;472
4537	7	3;99;420
4537	8	3;74;425
4541	1	11;37;182
4541	2	6;56;193
4541	3	13;21;179
4541	4	20;22;135
4541	5	15;21;124
4541	6	18;48;114
4541	7	9;31;161
4541	8	8;26;75
4542	1	25
4542	2	36
4542	3	28
4542	4	31
4542	5	18
4542	6	10
4542	7	37
4542	8	13
4543	1	479
4543	2	426
4543	3	645
4543	4	434
4543	5	499
4543	6	448
4543	7	599
4543	8	421
4544	1	30;33830
4544	2	25;22540
4544	3	40;28555
4544	4	10;53310
4544	5	10;59830
4544	6	25;44692
4544	7	11;59700
4544	8	10;50540
4545	1	5;6;19;30
4545	2	5;6;10;30
4545	3	2;3;15;39
4545	4	2;3;19;39
4545	5	3;4;9;20
4545	6	4;6;9;21
4545	7	4;5;11;25
4545	8	4;6;12;30
4546	1	6;14;37;1058
4546	2	6;19;32;1334
4546	3	4;15;29;959
4546	4	9;15;23;759
4546	5	7;8;33;1258
4546	6	5;8;37;1086
4546	7	8;12;34;1056
4546	8	6;14;35;1306
4547	1	6;1782
4547	2	4;900
4547	3	4;696
4547	4	5;1125
4547	5	5;765
4547	6	4;948
4547	7	4;792
4547	8	4;852
4549	1	59
4549	2	33
4549	3	49
4549	4	47
4549	5	20
4549	6	36
4549	7	60
4549	8	70
4551	1	4;8;22
4551	2	2;3;24
4551	3	4;8;36
4551	4	2;6;42
4551	5	4;8;40
4551	6	2;4;40
4551	7	4;6;18
4551	8	4;8;44
4552	1	8;16
4552	2	5;17
4552	3	5;14
4552	4	5;12
4552	5	4;15
4552	6	6;15
4552	7	5;18
4552	8	6;9
4561	1	16;19;49
4561	2	9;16;30
4561	3	4;7;13
4561	4	16;19;41
4561	5	11;12;26
4561	6	5;20;26
4561	7	15;16;38
4561	8	14;17;43
4565	1	17;22
4565	2	11;24
4565	3	19;22
4565	4	21;22
4565	5	11;26
4565	6	18;22
4565	7	8;22
4565	8	11;19
4566	1	3;4;10;17
4566	2	3;6;7;10
4566	3	5;7;10;13
4566	4	4;7;9;18
4566	5	3;4;5;8
4566	6	5;6;7;16
4566	7	3;8;10;17
4566	8	2;6;12;13
4571	1	9;78
4571	2	3;24
4571	3	5;38
4571	4	7;88
4571	5	9;90
4571	6	5;56
4571	7	7;54
4571	8	3;68
4574	1	3;7;15
4574	2	3;9;15
4574	3	2;8;18
4574	4	4;10;20
4574	5	3;7;11
4574	6	4;12;16
4574	7	4;12;20
4574	8	2;6;18
4576	1	2;9;57
4576	2	9;12;56
4576	3	3;4;58
4576	4	6;9;23
4576	5	5;10;42
4576	6	4;7;45
4576	7	7;12;52
4576	8	2;7;59
4577	1	2;4;5
4577	2	5;8;10
4577	3	5;13;15
4577	4	3;9;11
4577	5	4;6;9
4577	6	3;7;9
4577	7	5;12;13
4577	8	2;12;13
4578	1	2;470
4578	2	2;338
4578	3	2;516
4578	4	2;296
4578	5	2;530
4578	6	2;524
4578	7	2;329
4578	8	2;413
4579	1	4;18
4579	2	5;15
4579	3	5;14
4579	4	15;21
4579	5	6;22
4579	6	10;21
4579	7	9;19
4579	8	8;21
4580	1	35;37;116
4580	2	26;34;85
4580	3	47;66;195
4580	4	32;35;134
4580	5	45;64;166
4580	6	46;77;170
4580	7	25;31;87
4580	8	46;55;114
4581	1	4;180;2829
4581	2	5.71;100;4835
4581	3	7;244;2872
4581	4	3.25;152;4217
4581	5	2.14;400;5404
4581	6	2.65;260;1739
4581	7	6.46;300;3010
4581	8	4;363;5611
4586	1	25;684
4586	2	40;515
4586	3	32;350
4586	4	45;240
4586	5	24;750
4586	6	35;340
4586	7	26;650
4586	8	20;630
4594	1	3;12;28;183
4594	2	3;20;44;293
4594	3	4;17;31;210
4594	4	3;20;50;311
4594	5	4;17;55;350
4594	6	6;15;41;262
4594	7	8;13;47;270
4594	8	5;10;60;353
4595	1	3;146
4595	2	3;392
4595	3	2;362
4595	4	3;147
4595	5	5;380
4595	6	3;273
4595	7	2;139
4595	8	7;146
4599	1	30;150;428
4599	2	16;260;436
4599	3	33;135;473
4599	4	28;154;412
4599	5	39;171;273
4599	6	32;80;474
4599	7	16;224;260
4599	8	39;117;425
4600	1	9;14;28;1940
4600	2	7;16;22;1395
4600	3	4;9;37;801
4600	4	6;7;27;1125
4600	5	5;10;26;535
4600	6	5;10;36;1420
4600	7	3;12;34;828
4600	8	3;12;32;825
4608	1	13.3;15;322
4608	2	4.6;9;393
4608	3	7.4;11;400
4608	4	5.2;6;365
4608	5	12.1;13;326
4608	6	12.8;20;205
4608	7	8.2;10;255
4608	8	12.1;20;353
4609	1	75;143
4609	2	95;125
4609	3	162;180
4609	4	87;109
4609	5	61;67
4609	6	69;165
4609	7	76;164
4609	8	138;146
4611	1	1;3;35;223
4611	2	1;3;19;227
4611	3	1;4;31;213
4611	4	1;4;33;143
4611	5	1;5;37;283
4611	6	1;4;19;297
4611	7	1;3;20;145
4611	8	1;4;26;226
4613	1	3;21
4613	2	2;26
4613	3	3;35
4613	4	2;44
4613	5	2;20
4613	6	3;25
4613	7	2;40
4613	8	3;37
4614	1	61
4614	2	88
4614	3	51
4614	4	33
4614	5	68
4614	6	27
4614	7	78
4614	8	32
4615	1	3
4615	2	12
4615	3	8
4615	4	7
4615	5	10
4615	6	9
4615	7	4
4615	8	11
4616	1	3;4;15
4616	2	2;3;7
4616	3	3;5;23
4616	4	3;6;22
4616	5	2;8;19
4616	6	2;5;15
4616	7	2;8;21
4616	8	3;5;21
4618	1	4;14;29;36
4618	2	3;10;29;39
4618	3	2;7;26;29
4618	4	3;8;25;30
4618	5	4;9;20;23
4618	6	3;10;29;33
4618	7	2;13;23;27
4618	8	5;14;21;29
4619	1	4;15;38
4619	2	10;14;71
4619	3	7;15;84
4619	4	11;16;93
4619	5	4;16;39
4619	6	9;12;55
4619	7	4;17;42
4619	8	4;17;44
4623	1	2;8;9
4623	2	5;6;12
4623	3	4;5;12
4623	4	2;5;9
4623	5	4;5;11
4623	6	2;5;12
4623	7	2;6;8
4623	8	3;4;11
4624	1	2;1875
4624	2	4;1517
4624	3	2;1200
4624	4	4;1554
4624	5	2;2475
4624	6	3;3060
4624	7	2;3000
4624	8	2;2650
4628	1	12;60
4628	2	5;64
4628	3	14;79
4628	4	19;25
4628	5	16;29
4628	6	17;44
4628	7	10;71
4628	8	7;63
4632	1	9;13;27
4632	2	6;19;36
4632	3	10;35;50
4632	4	7;22;23
4632	5	10;27;56
4632	6	7;28;53
4632	7	8;32;44
4632	8	9;36;57
4634	1	261;5742
4634	2	373;7695
4634	3	512;3666
4634	4	157;3343
4634	5	220;5739
4634	6	459;7987
4634	7	172;8215
4634	8	331;5588
4636	1	25;29;33;47
4636	2	14;23;26;43
4636	3	18;20;24;28
4636	4	15;23;30;56
4636	5	14;29;33;60
4636	6	17;19;33;60
4636	7	13;26;28;48
4636	8	18;25;27;51
4637	1	2;3.25;84
4637	2	3;5.41;100
4637	3	3;4.5;102
4637	4	2;4.5;38
4637	5	4;4.25;79
4637	6	2;5;39
4637	7	2;4.5;101
4637	8	4;5.68;50
4640	1	16;18;49
4640	2	19;25;60
4640	3	10;18;31
4640	4	15;21;45
4640	5	5;19;22
4640	6	5;17;24
4640	7	10;26;32
4640	8	7;27;52
4641	1	2;7709;11594
4641	2	9;12686;17596
4641	3	5;10931;16571
4641	4	4;5927;5987
4641	5	6;6017;7564
4641	6	8;7827;12399
4641	7	6;8322;9750
4641	8	9;12318;16818
4642	1	46;64;141
4642	2	42;58;127
4642	3	48;67;116
4642	4	58;61;136
4642	5	31;32;85
4642	6	23;33;66
4642	7	40;58;127
4642	8	16;39;58
4645	1	21;44
4645	2	22;72
4645	3	21;87
4645	4	22;63
4645	5	22;81
4645	6	20;51
4645	7	21;99
4645	8	20;57
4646	1	3;5262
4646	2	4;5340
4646	3	9;5082
4646	4	7;3578
4646	5	5;4805
4646	6	9;3489
4646	7	7;4439
4646	8	7;3305
4647	1	5;19;80
4647	2	6;20;30
4647	3	4;25;96
4647	4	9;25;110
4647	5	2;25;33
4647	6	3;14;65
4647	7	5;19;71
4647	8	6;21;88
4651	1	11;114
4651	2	25;254
4651	3	19;210
4651	4	25;268
4651	5	21;250
4651	6	15;170
4651	7	19;192
4651	8	15;154
4652	1	8;21;37
4652	2	6;24;36
4652	3	5;27;37
4652	4	12;25;49
4652	5	13;20;46
4652	6	16;25;57
4652	7	4;9;17
4652	8	12;16;40
4655	1	10.4
4655	2	6.2
4655	3	11.3
4655	4	11.7
4655	5	14.9
4655	6	14.7
4655	7	10.7
4655	8	9.6
4656	1	1;4;7;18
4656	2	1;12;15;18
4656	3	1;6;11;22
4656	4	1;8;17;20
4656	5	1;4;11;28
4656	6	1;6;9;26
4656	7	1;8;11;22
4656	8	1;10;13;20
4657	1	3;54
4657	2	3;72
4657	3	4;112
4657	4	2;52
4657	5	3;135
4657	6	2;112
4657	7	3;198
4657	8	3;171
4658	1	1;7;294
4658	2	1;7;595
4658	3	1;7;511
4658	4	1;10;400
4658	5	1;11;352
4658	6	1;5;320
4658	7	1;12;240
4658	8	1;5;660
4665	1	124
4665	2	72
4665	3	148
4665	4	40
4665	5	160
4665	6	116
4665	7	132
4665	8	44
4666	1	29;36
4666	2	17;32
4666	3	20;24
4666	4	14;20
4666	5	7;12
4666	6	18;24
4666	7	16;28
4666	8	8;10
4670	1	54
4670	2	68
4670	3	76
4670	4	98
4670	5	118
4670	6	42
4670	7	104
4670	8	116
4671	1	9;21
4671	2	22;80
4671	3	8;30
4671	4	20;54
4671	5	12;80
4671	6	12;50
4671	7	17;75
4671	8	23;63
4674	1	7;8
4674	2	6;9
4674	3	8;11
4674	4	2;5
4674	5	7;10
4674	6	4;5
4674	7	6;11
4674	8	2;11
4678	1	30;294
4678	2	43;374
4678	3	40;348
4678	4	45;241
4678	5	36;156
4678	6	29;288
4678	7	42;366
4678	8	21;338
4679	1	57
4679	2	36
4679	3	54
4679	4	33
4679	5	30
4679	6	60
4679	7	66
4679	8	24
4680	1	1.5;5;8;9
4680	2	3.1;4;10;23
4680	3	3;5;8;11
4680	4	3.5;4;14;21
4680	5	2;4;14;24
4680	6	2.2;5;10;11
4680	7	1.5;5;8;10
4680	8	1.9;2;10;12
4685	1	4;5;16
4685	2	3;4;19
4685	3	2;5;14
4685	4	3;5;19
4685	5	2;5;18
4685	6	3;4;15
4685	7	2;3;14
4685	8	3;5;15
4688	1	468
4688	2	632
4688	3	860
4688	4	464
4688	5	556
4688	6	976
4688	7	848
4688	8	572
4689	1	8;10
4689	2	6;8
4689	3	6;10
4689	4	5;6
4689	5	2;3
4689	6	7;10
4689	7	7;11
4689	8	8;12
4690	1	24;84
4690	2	28;98
4690	3	39;78
4690	4	43;86
4690	5	20;70
4690	6	72;108
4690	7	25;100
4690	8	46;115
4691	1	4;7;12
4691	2	4;16;18
4691	3	6;7;11
4691	4	7;13;20
4691	5	7;9;16
4691	6	9;12;22
4691	7	12;14;18
4691	8	5;6;10
4697	1	5;7;12
4697	2	4;9;10
4697	3	4;8;17
4697	4	4;5;6
4697	5	3;6;11
4697	6	5;9;18
4697	7	3;8;9
4697	8	5;6;11
4698	1	4;7;153
4698	2	2;4;115
4698	3	2;3;85
4698	4	2;3;125
4698	5	2;3;200
4698	6	3;4;175
4698	7	2;4;140
4698	8	2;3;70
4699	1	34;36;119
4699	2	20;38;107
4699	3	24;43;117
4699	4	47;58;189
4699	5	46;54;190
4699	6	28;58;145
4699	7	18;47;118
4699	8	26;43;118
4700	1	3;36
4700	2	8;25
4700	3	9;42
4700	4	7;40
4700	5	4;41
4700	6	5;42
4700	7	6;31
4700	8	3;28
4702	1	4;17;24
4702	2	4;32;56
4702	3	4;14;56
4702	4	3;29;57
4702	5	3;11;34
4702	6	4;28;36
4702	7	4;10;42
4702	8	4;19;38
4703	1	74;293
4703	2	58;260
4703	3	76;300
4703	4	90;156
4703	5	122;136
4703	6	68;91
4703	7	66;147
4703	8	120;300
4709	1	16
4709	2	18
4709	3	50
4709	4	28
4709	5	44
4709	6	54
4709	7	34
4709	8	52
4713	1	3;160
4713	2	3;120
4713	3	4;130
4713	4	3;65
4713	5	4;105
4713	6	4;100
4713	7	3;110
4713	8	3;140
4717	1	22
4717	2	37
4717	3	12
4717	4	31
4717	5	26
4717	6	17
4717	7	40
4717	8	19
4719	1	4;8;78
4719	2	7;15;80
4719	3	7;9;54
4719	4	3;11;66
4719	5	6;13;70
4719	6	5;12;66
4719	7	7;14;76
4719	8	3;12;84
4721	1	5;29;89
4721	2	8;24;68
4721	3	7;19;107
4721	4	9;45;100
4721	5	3;35;107
4721	6	12;26;106
4721	7	9;19;67
4721	8	3;43;104
4722	1	2;5;11
4722	2	2;3;8
4722	3	2;4;11
4722	4	2;5;12
4722	5	2;4;13
4722	6	2;3;10
4722	7	2;5;13
4722	8	2;3;13
4723	1	3;291;346
4723	2	3;198;227
4723	3	5;197;205
4723	4	5;223;352
4723	5	3;280;283
4723	6	3;234;266
4723	7	4;297;368
4723	8	4;89;153
4725	1	12;36
4725	2	18;72
4725	3	9;54
4725	4	21;42
4725	5	13;39
4725	6	16;64
4725	7	9;45
4725	8	11;55
4726	1	11
4726	2	4
4726	3	10
4726	4	8
4726	5	9
4726	6	12
4726	7	13
4726	8	6
4727	1	2.2;60
4727	2	1.4;60
4727	3	2.3;80
4727	4	1.4;55
4727	5	1.3;70
4727	6	1.9;70
4727	7	1.5;64
4727	8	1.6;55
4728	1	21;46
4728	2	35;95
4728	3	26;84
4728	4	20;45
4728	5	22;35
4728	6	39;60
4728	7	29;69
4728	8	15;62
4729	1	5;10;14
4729	2	4;17;26
4729	3	2;19;20
4729	4	3;12;25
4729	5	6;15;27
4729	6	5;18;26
4729	7	2;11;20
4729	8	8;13;14
4733	1	6;18;21
4733	2	2;8;16
4733	3	2;9;27
4733	4	4;12;15
4733	5	3;9;18
4733	6	2;6;12
4733	7	5;15;27
4733	8	3;9;24
4734	1	4;20;23
4734	2	3;13;20
4734	3	3;15;18
4734	4	4;14;21
4734	5	4;19;22
4734	6	3;19;22
4734	7	5;14;25
4734	8	4;17;20
4735	1	2;14;65
4735	2	3;12;108
4735	3	5;18;105
4735	4	4;22;95
4735	5	2;20;84
4735	6	5;17;116
4735	7	4;16;92
4735	8	2;20;127
4736	1	15261
4736	2	15455
4736	3	13020
4736	4	16370
4736	5	14605
4736	6	4572
4736	7	9750
4736	8	7464
4740	1	3;4;16;34
4740	2	2;3;13;21
4740	3	2;4;9;24
4740	4	2;4;12;27
4740	5	3;4;8;11
4740	6	2;3;13;29
4740	7	4;5;13;31
4740	8	4;5;14;20
4741	1	7
4741	2	10
4741	3	8
4741	4	9
4741	5	11
4741	6	4
4741	7	5
4741	8	12
4743	1	13;22
4743	2	6;8
4743	3	9;17
4743	4	18;24
4743	5	15;20
4743	6	12;13
4743	7	5;7
4743	8	14;23
4745	1	5;35
4745	2	4;24
4745	3	7;23
4745	4	6;24
4745	5	6;30
4745	6	7;31
4745	7	12;36
4745	8	10;30
4748	1	6;27
4748	2	8;13
4748	3	6;18
4748	4	12;19
4748	5	6;24
4748	6	10;16
4748	7	8;18
4748	8	8;21
4749	1	19;66
4749	2	14;63
4749	3	5;64
4749	4	12;59
4749	5	7;24
4749	6	10;52
4749	7	17;54
4749	8	16;44
4751	1	79;97
4751	2	49;55
4751	3	25;35
4751	4	36;72
4751	5	60;72
4751	6	73;87
4751	7	89;95
4751	8	24;40
4753	1	4;20
4753	2	4;24
4753	3	8;32
4753	4	8;24
4753	5	7;28
4753	6	5;20
4753	7	6;22
4753	8	6;28
4755	1	34
4755	2	16
4755	3	10
4755	4	18
4755	5	30
4755	6	26
4755	7	14
4755	8	36
4760	1	39;296
4760	2	26;316
4760	3	13;300
4760	4	12;196
4760	5	21;160
4760	6	38;208
4760	7	40;232
4760	8	16;96
4761	1	2;3;25;102
4761	2	2;5;14;113
4761	3	4;5;21;145
4761	4	3;5;13;70
4761	5	3;5;15;80
4761	6	2;4;21;144
4761	7	4;5;20;147
4761	8	4;5;14;91
4763	1	3;11;15
4763	2	5;7;8
4763	3	4;10;14
4763	4	3;4;14
4763	5	3;4;16
4763	6	4;8;10
4763	7	5;8;10
4763	8	3;6;15
4764	1	16;50
4764	2	20;55
4764	3	25;76
4764	4	22;50
4764	5	12;50
4764	6	20;45
4764	7	15;80
4764	8	10;20
4765	1	15;59
4765	2	20;56
4765	3	38;58
4765	4	31;53
4765	5	43;57
4765	6	23;27
4765	7	47;49
4765	8	16;40
4768	1	34
4768	2	36
4768	3	28
4768	4	16
4768	5	10
4768	6	14
4768	7	12
4768	8	18
4769	1	16;20;29
4769	2	17;19;31
4769	3	17;25;31
4769	4	12;18;19
4769	5	18;27;32
4769	6	18;25;32
4769	7	18;23;32
4769	8	13;22;24
4772	1	5;7;20;29;49;65
4772	2	4;9;11;17;18;42
4772	3	3;6;18;37;57;83
4772	4	4;8;11;21;36;74
4772	5	7;9;14;45;49;79
4772	6	3;6;18;25;53;83
4772	7	3;5;18;25;53;83
4772	8	3;5;18;22;49;51
4773	1	3;6;21;33
4773	2	2;5;17;28
4773	3	2;9;21;24
4773	4	2;5;19;28
4773	5	4;7;15;26
4773	6	2;5;16;36
4773	7	2;5;15;28
4773	8	2;5;14;32
4775	1	4;6
4775	2	3;4
4775	3	4;7
4775	4	5;6
4775	5	3;7
4775	6	2;5
4775	7	2;6
4775	8	4;5
4776	1	538
4776	2	966
4776	3	633
4776	4	969
4776	5	860
4776	6	532
4776	7	780
4776	8	509
4778	1	27;500
4778	2	28;725
4778	3	25;464
4778	4	28;425
4778	5	26;600
4778	6	40;1050
4778	7	20;565
4778	8	22;550
4780	1	8;36;62
4780	2	6;27;72
4780	3	9;28;36
4780	4	6;23;70
4780	5	7;53;72
4780	6	10;42;60
4780	7	9;45;68
4780	8	8;35;70
4782	1	3;7
4782	2	5;11
4782	3	4;10
4782	4	4;11
4782	5	5;10
4782	6	4;8
4782	7	5;12
4782	8	3;8
4783	1	56;368
4783	2	58;174
4783	3	28;104
4783	4	74;370
4783	5	54;162
4783	6	54;108
4783	7	56;216
4783	8	70;250
4784	1	212
4784	2	144
4784	3	136
4784	4	248
4784	5	172
4784	6	188
4784	7	376
4784	8	160
4786	1	4;6;11;14
4786	2	4;8;11;14
4786	3	3;7;10;11
4786	4	4;6;9;14
4786	5	5;8;14;16
4786	6	4;6;8;10
4786	7	4;7;8;15
4786	8	2;9;14;17
4788	1	4;5;25
4788	2	3;7;35
4788	3	5;8;36
4788	4	3;4;40
4788	5	3;5;25
4788	6	3;6;30
4788	7	3;4;36
4788	8	3;4;12
4789	1	5;7
4789	2	2;8
4789	3	6;7
4789	4	3;6
4789	5	3;4
4789	6	4;7
4789	7	5;8
4789	8	4;6
4792	1	19;91
4792	2	14;59
4792	3	16;76
4792	4	8;39
4792	5	22;99
4792	6	20;99
4792	7	15;65
4792	8	23;98
4798	1	3;7;985;2864;28938
4798	2	8;10;788;1738;32768
4798	3	4;7;948;4363;44827
4798	4	3;4;2190;5291;39889
4798	5	7;10;791;3010;50740
4798	6	5;7;2245;4138;42657
4798	7	5;9;1696;4095;47538
4798	8	4;5;2823;4729;54520
4799	1	5;10;170
4799	2	5;10;126
4799	3	5;10;172
4799	4	5;10;106
4799	5	5;10;156
4799	6	5;10;192
4799	7	5;10;174
4799	8	5;10;164
4800	1	5;36;709
4800	2	12;29;637
4800	3	19;58;536
4800	4	14;76;390
4800	5	17;22;786
4800	6	16;58;420
4800	7	7;24;789
4800	8	10;50;335
4801	1	2.6;6;15
4801	2	2.8;7;10
4801	3	1.5;8;10
4801	4	2.5;3;14
4801	5	2.5;4;8
4801	6	2.4;6;15
4801	7	1.8;8;15
4801	8	1.4;4;5
4804	1	38;106
4804	2	34;186
4804	3	36;138
4804	4	26;54
4804	5	40;112
4804	6	20;158
4804	7	30;196
4804	8	26;150
4805	1	20
4805	2	48
4805	3	32
4805	4	28
4805	5	52
4805	6	24
4805	7	72
4805	8	36
4806	1	8;13
4806	2	3;20
4806	3	6;15
4806	4	5;18
4806	5	4;9
4806	6	7;8
4806	7	9;14
4806	8	6;7
4807	1	7;10
4807	2	5;9
4807	3	12;15
4807	4	10;17
4807	5	4;7
4807	6	8;13
4807	7	3;5
4807	8	13;16
4808	1	2.5;13
4808	2	2;13
4808	3	1.5;11
4808	4	2;9
4808	5	2;23
4808	6	2.5;15
4808	7	2;7
4808	8	2.5;17
4811	1	9;68
4811	2	23;168
4811	3	18;120
4811	4	14;100
4811	5	14;76
4811	6	33;200
4811	7	27;156
4811	8	37;184
4816	1	2;13
4816	2	3;19
4816	3	2;7
4816	4	4;21
4816	5	3;13
4816	6	2;17
4816	7	2;9
4816	8	2;15
4818	1	4;54
4818	2	8;60
4818	3	12;52
4818	4	4;52
4818	5	12;28
4818	6	10;52
4818	7	4;22
4818	8	6;24
4819	1	6;26;180
4819	2	5;27;176
4819	3	3;29;162
4819	4	7;19;141
4819	5	3;19;102
4819	6	6;17;117
4819	7	3;23;132
4819	8	7;17;114
4821	1	4;16;84
4821	2	3;23;81
4821	3	5;11;94
4821	4	5;15;77
4821	5	5;20;63
4821	6	3;13;73
4821	7	5;21;94
4821	8	2;12;64
4823	1	5;16
4823	2	4;10
4823	3	4;15
4823	4	5;30
4823	5	3;18
4823	6	4;24
4823	7	3;22
4823	8	4;18
4824	1	10;60
4824	2	14;76
4824	3	23;140
4824	4	21;140
4824	5	15;100
4824	6	23;176
4824	7	14;80
4824	8	23;148
4827	1	200
4827	2	660
4827	3	340
4827	4	700
4827	5	620
4827	6	220
4827	7	540
4827	8	600
4829	1	4;7;10
4829	2	4;9;18
4829	3	4;11;16
4829	4	4;6;19
4829	5	4;13;19
4829	6	4;8;13
4829	7	4;10;17
4829	8	4;10;14
4830	1	19
4830	2	14
4830	3	12
4830	4	7
4830	5	17
4830	6	16
4830	7	11
4830	8	9
4831	1	1;4;10
4831	2	1;2;16
4831	3	1;4;14
4831	4	1;2;12
4831	5	1;4;18
4831	6	1;2;8
4831	7	1;4;6
4831	8	1;2;20
4834	1	4;30;100
4834	2	6;18;44
4834	3	6;18;52
4834	4	4;18;32
4834	5	4;18;48
4834	6	4;18;28
4834	7	6;18;92
4834	8	4;18;96
4835	1	2;5;13
4835	2	2;3;9
4835	3	2;5;7
4835	4	2;3;11
4835	5	2;4;10
4835	6	2;3;5
4835	7	2;4;6
4835	8	2;4;8
4837	1	2;102
4837	2	2;117
4837	3	2;78
4837	4	2;93
4837	5	2;63
4837	6	2;111
4837	7	2;45
4837	8	2;69
4838	1	7;552;553
4838	2	7;476;632
4838	3	6;532;568
4838	4	6;558;577
4838	5	7;392;444
4838	6	5;254;351
4838	7	8;314;370
4838	8	4;552;605
4849	1	3;36
4849	2	3;28
4849	3	3;34
4849	4	3;20
4849	5	3;22
4849	6	3;38
4849	7	5;22
4849	8	4;28
4853	1	119
4853	2	70
4853	3	52
4853	4	112
4853	5	44
4853	6	117
4853	7	80
4853	8	92
4855	1	4;16
4855	2	4;10
4855	3	4;12
4855	4	4;14
4855	5	5;12
4855	6	3;12
4855	7	3;16
4855	8	5;16
4856	1	45
4856	2	48
4856	3	37
4856	4	67
4856	5	54
4856	6	28
4856	7	51
4856	8	41
4860	1	3;4;7;18;64
4860	2	3;5;23;33;100
4860	3	4;5;13;30;99
4860	4	2;3;21;33;45
4860	5	2;3;11;14;41
4860	6	4;5;10;29;75
4860	7	4;5;12;29;51
4860	8	4;5;18;24;91
4861	1	30
4861	2	16
4861	3	14
4861	4	36
4861	5	12
4861	6	28
4861	7	26
4861	8	22
4868	1	10;42
4868	2	5;16
4868	3	13;44
4868	4	10;36
4868	5	14;46
4868	6	10;56
4868	7	8;38
4868	8	8;42
4869	1	105
4869	2	104
4869	3	69
4869	4	76
4869	5	82
4869	6	66
4869	7	106
4869	8	56
4870	1	16;35;133
4870	2	18;40;95
4870	3	26;29;308
4870	4	50;56;287
4870	5	40;50;241
4870	6	14;53;324
4870	7	24;47;323
4870	8	26;43;114
4872	1	6;28
4872	2	6;24
4872	3	9;40
4872	4	8;15
4872	5	6;16
4872	6	9;24
4872	7	8;24
4872	8	8;21
4874	1	22;68
4874	2	21;65
4874	3	16;51
4874	4	13;45
4874	5	19;60
4874	6	16;55
4874	7	21;64
4874	8	13;42
4878	1	1;22;40
4878	2	1;34;50
4878	3	1;12;20
4878	4	1;30;56
4878	5	1;30;44
4878	6	1;22;36
4878	7	1;28;38
4878	8	1;16;26
4882	1	6;10;385
4882	2	4;5;810
4882	3	8;12;927
4882	4	4;5;570
4882	5	8;12;714
4882	6	8;12;759
4882	7	6;8;772
4882	8	7;12;588
4886	1	2;4;18
4886	2	3;4;19
4886	3	2;5;14
4886	4	3;5;19
4886	5	2;3;10
4886	6	2;4;14
4886	7	3;6;19
4886	8	2;6;14
4888	1	40;142
4888	2	62;242
4888	3	90;192
4888	4	80;178
4888	5	100;292
4888	6	40;140
4888	7	74;220
4888	8	52;126
4889	1	2;3;21
4889	2	2;3;24
4889	3	3;5;25
4889	4	2;3;9
4889	5	2;3;18
4889	6	3;5;10
4889	7	4;5;25
4889	8	3;4;24
4890	1	27;34;1923
4890	2	13;19;2452
4890	3	27;48;3294
4890	4	20;30;2920
4890	5	20;26;1540
4890	6	13;20;2282
4890	7	20;37;2871
4890	8	25;26;2292
4891	1	20;46;88
4891	2	17;32;41
4891	3	33;77;102
4891	4	12;54;102
4891	5	29;38;111
4891	6	12;61;95
4891	7	27;40;97
4891	8	19;23;111
4892	1	5281
4892	2	4941
4892	3	2717
4892	4	3834
4892	5	3360
4892	6	4110
4892	7	5082
4892	8	3270
4893	1	3;6;54
4893	2	5;7;77
4893	3	2;9;63
4893	4	5;8;28
4893	5	5;12;54
4893	6	5;9;63
4893	7	5;16;56
4893	8	5;10;65
4897	1	84
4897	2	74
4897	3	68
4897	4	78
4897	5	88
4897	6	98
4897	7	64
4897	8	92
4898	1	5;6;7
4898	2	2;4;8
4898	3	5;7;9
4898	4	4;6;8
4898	5	3;6;8
4898	6	2;3;6
4898	7	3;5;9
4898	8	5;7;8
4900	1	10;43
4900	2	12;30
4900	3	15;35
4900	4	16;35
4900	5	10;44
4900	6	10;39
4900	7	7;33
4900	8	20;29
4901	1	4;10
4901	2	4;29
4901	3	4;28
4901	4	4;25
4901	5	4;19
4901	6	4;14
4901	7	4;18
4901	8	4;17
4902	1	6;57;392
4902	2	8;30;260
4902	3	10;53;556
4902	4	6;42;268
4902	5	4;41;176
4902	6	8;45;378
4902	7	4;68;330
4902	8	6;38;250
4903	1	4751;5133
4903	2	4431;5105
4903	3	5281;9301
4903	4	6357;7947
4903	5	5293;7725
4903	6	3517;6193
4903	7	7284;7518
4903	8	6473;6679
4904	1	9;36;332
4904	2	8;43;180
4904	3	15;26;286
4904	4	13;40;238
4904	5	20;43;255
4904	6	11;20;321
4904	7	6;47;213
4904	8	17;22;278
4906	1	8;19
4906	2	8;13
4906	3	10;23
4906	4	10;22
4906	5	8;15
4906	6	9;19
4906	7	10;17
4906	8	8;18
4907	1	6418
4907	2	6406
4907	3	4934
4907	4	3679
4907	5	6438
4907	6	7149
4907	7	2389
4907	8	7523
4908	1	1;7;301
4908	2	1;3;168
4908	3	1;7;217
4908	4	1;5;135
4908	5	1;3;240
4908	6	1;3;180
4908	7	1;4;204
4908	8	1;4;196
4913	1	30;62;258
4913	2	36;57;262
4913	3	14;61;169
4913	4	12;47;214
4913	5	20;36;284
4913	6	32;54;181
4913	7	24;36;134
4913	8	12;74;217
4915	1	64
4915	2	160
4915	3	152
4915	4	56
4915	5	168
4915	6	112
4915	7	176
4915	8	104
4919	1	3;20;22
4919	2	6;16;18
4919	3	5;14;22
4919	4	7;18;28
4919	5	5;16;24
4919	6	8;12;22
4919	7	5;8;14
4919	8	6;14;18
4924	1	32;87;173
4924	2	61;102;143
4924	3	38;71;104
4924	4	39;70;74
4924	5	29;92;188
4924	6	50;121;180
4924	7	29;114;169
4924	8	67;126;146
4925	1	23;26
4925	2	10;14
4925	3	16;18
4925	4	15;20
4925	5	11;16
4925	6	19;20
4925	7	18;20
4925	8	11;14
4926	1	22;220;676
4926	2	11;264;692
4926	3	20;368;680
4926	4	18;222;708
4926	5	11;242;316
4926	6	13;527;546
4926	7	11;385;535
4926	8	35;165;413
4927	1	186;1681
4927	2	328;1056
4927	3	126;651
4927	4	302;1279
4927	5	208;1912
4927	6	340;1254
4927	7	294;1199
4927	8	378;1945
4928	1	2;22
4928	2	2;8
4928	3	2;17
4928	4	2;19
4928	5	2;20
4928	6	2;16
4928	7	2;28
4928	8	2;13
4929	1	3;4;7;49
4929	2	3;6;12;73
4929	3	3;4;7;65
4929	4	4;5;6;44
4929	5	4;7;8;38
4929	6	4;6;10;68
4929	7	4;6;8;62
4929	8	5;6;12;67
4932	1	9;10;16;41;52;69
4932	2	4;9;11;60;62;106
4932	3	6;9;13;37;77;96
4932	4	8;10;15;43;71;94
4932	5	5;9;12;26;31;49
4932	6	8;11;15;22;38;46
4932	7	7;13;14;31;46;63
4932	8	5;7;20;57;62;81
4933	1	2;5;380
4933	2	2;5;430
4933	3	2;5;496
4933	4	2;5;632
4933	5	2;5;514
4933	6	2;5;570
4933	7	2;5;436
4933	8	2;5;218
4938	1	36;248
4938	2	108;716
4938	3	90;532
4938	4	62;400
4938	5	49;380
4938	6	31;232
4938	7	116;696
4938	8	90;648
4939	1	240
4939	2	540
4939	3	600
4939	4	320
4939	5	400
4939	6	500
4939	7	580
4939	8	280
4942	1	193;244
4942	2	117;186
4942	3	155;263
4942	4	312;330
4942	5	323;407
4942	6	311;371
4942	7	291;576
4942	8	267;360
4943	1	348
4943	2	164
4943	3	344
4943	4	316
4943	5	184
4943	6	260
4943	7	140
4943	8	360
4945	1	576
4945	2	396
4945	3	270
4945	4	426
4945	5	210
4945	6	420
4945	7	564
4945	8	174
4947	1	3;5;22
4947	2	2;7;31
4947	3	2;9;34
4947	4	2;8;26
4947	5	2;4;35
4947	6	5;7;39
4947	7	3;6;36
4947	8	3;8;37
4948	1	1;3;5;11
4948	2	1;3;5;18
4948	3	1;2;3;11
4948	4	1;6;7;20
4948	5	1;4;7;19
4948	6	1;2;5;21
4948	7	1;6;7;15
4948	8	1;2;5;10
4949	1	15;40;151
4949	2	12;25;294
4949	3	24;25;186
4949	4	20;40;143
4949	5	15;40;183
4949	6	10;20;215
4949	7	15;20;197
4949	8	16;25;272
4950	1	4;8;11
4950	2	3;7;9
4950	3	4;7;8
4950	4	3;6;10
4950	5	3;6;11
4950	6	2;3;12
4950	7	2;6;10
4950	8	4;6;12
4953	1	27;35;44
4953	2	37;66;77
4953	3	17;26;34
4953	4	18;40;54
4953	5	35;39;60
4953	6	15;43;51
4953	7	33;51;70
4953	8	18;57;68
4956	1	5;6;14;61
4956	2	4;7;14;69
4956	3	3;8;15;63
4956	4	5;12;15;64
4956	5	3;10;13;72
4956	6	4;9;14;65
4956	7	3;8;9;25
4956	8	3;8;9;35
4957	1	9;98
4957	2	3;116
4957	3	8;127
4957	4	5;50
4957	5	6;105
4957	6	7;68
4957	7	4;85
4957	8	9;56
4960	1	12;23;25
4960	2	12;15;23
4960	3	14;17;19
4960	4	14;17;29
4960	5	8;19;23
4960	6	10;17;23
4960	7	6;9;25
4960	8	8;19;33
4964	1	12;56;272
4964	2	32;38;184
4964	3	21;91;161
4964	4	29;60;272
4964	5	27;34;284
4964	6	12;59;213
4964	7	38;100;170
4964	8	16;93;279
4965	1	8;24
4965	2	5;26
4965	3	3;11
4965	4	4;16
4965	5	4;18
4965	6	3;21
4965	7	6;27
4965	8	3;7
4970	1	5;6;42
4970	2	4;9;37
4970	3	5;6;40
4970	4	4;8;38
4970	5	3;8;48
4970	6	3;6;38
4970	7	5;8;50
4970	8	3;5;39
4973	1	206
4973	2	358
4973	3	148
4973	4	175
4973	5	240
4973	6	152
4973	7	283
4973	8	244
4978	1	30;205
4978	2	18;153
4978	3	18;72
4978	4	18;174
4978	5	30;95
4978	6	30;200
4978	7	18;168
4978	8	18;123
4980	1	4;6;828
4980	2	5;7;574
4980	3	3;7;945
4980	4	2;3;1017
4980	5	2;6;1002
4980	6	2;4;396
4980	7	3;6;830
4980	8	3;6;932
4981	1	208;4704
4981	2	109;5205
4981	3	115;5457
4981	4	254;5832
4981	5	134;4674
4981	6	183;5169
4981	7	284;5094
4981	8	228;4008
4988	1	11;70
4988	2	6;68
4988	3	15;78
4988	4	10;50
4988	5	14;42
4988	6	15;58
4988	7	17;42
4988	8	7;62
4993	1	5;7;20
4993	2	5;6;19
4993	3	4;8;29
4993	4	5;9;22
4993	5	5;7;32
4993	6	2;6;23
4993	7	4;5;26
4993	8	2;8;21
4997	1	3;4;108
4997	2	4;5;60
4997	3	2;4;96
4997	4	2;3;42
4997	5	2;4;68
4997	6	3;4;36
4997	7	3;4;84
4997	8	3;4;120
4998	1	16;27
4998	2	8;12
4998	3	7;24
4998	4	15;22
4998	5	7;14
4998	6	11;21
4998	7	16;17
4998	8	16;23
5001	1	14;15.15;26
5001	2	17;40;42
5001	3	12;31;43
5001	4	9;11.75;35
5001	5	8;35.44;42
5001	6	10;18.75;30
5001	7	12;24.5;32
5001	8	12;23.12;38
5004	1	8;16
5004	2	9;11
5004	3	7;29
5004	4	5;38
5004	5	6;28
5004	6	8;39
5004	7	8;14
5004	8	9;12
5007	1	9;11;16;18
5007	2	9;11;12;15
5007	3	8;14;16;18
5007	4	6;8;15;17
5007	5	8;9;15;23
5007	6	6;8;13;18
5007	7	11;12;15;16
5007	8	9;13;14;18
5008	1	4;32
5008	2	8;24
5008	3	4;14
5008	4	3;12
5008	5	7;28
5008	6	8;30
5008	7	8;18
5008	8	7;18
5009	1	1;2;18
5009	2	1;2;29
5009	3	1;2;14
5009	4	1;2;32
5009	5	1;2;24
5009	6	1;2;9
5009	7	1;2;23
5009	8	1;2;20
5013	1	2;43
5013	2	5;86
5013	3	3;59
5013	4	5;82
5013	5	5;95
5013	6	5;92
5013	7	3;64
5013	8	3;63
5015	1	69
5015	2	28
5015	3	43
5015	4	66
5015	5	45
5015	6	32
5015	7	95
5015	8	82
5017	1	16;250
5017	2	35;140
5017	3	20;270
5017	4	14;200
5017	5	20;140
5017	6	20;170
5017	7	32;175
5017	8	20;260
5026	1	4;6;17
5026	2	4;11;21
5026	3	4;5;15
5026	4	5;12;22
5026	5	8;10;15
5026	6	7;9;23
5026	7	9;13;20
5026	8	5;10;18
5029	1	7;17;19;430
5029	2	5;17;37;462
5029	3	7;10;23;458
5029	4	5;25;49;641
5029	5	6;18;32;527
5029	6	6;40;44;788
5029	7	6;16;36;614
5029	8	9;19;35;878
5030	1	4;6;9
5030	2	5;7;8
5030	3	2;4;7
5030	4	5;6;7
5030	5	2;6;11
5030	6	5;9;12
5030	7	3;4;11
5030	8	2;5;8
5032	1	22;73
5032	2	16;103
5032	3	50;61
5032	4	36;51
5032	5	14;33
5032	6	20;99
5032	7	50;85
5032	8	16;95
5033	1	4;7;11;17
5033	2	4;6;12;16
5033	3	2;3;4;10
5033	4	5;7;9;16
5033	5	3;5;6;10
5033	6	2;7;8;20
5033	7	5;7;9;18
5033	8	2;3;5;19
5038	1	48;276
5038	2	14;224
5038	3	19;260
5038	4	52;272
5038	5	27;256
5038	6	18;272
5038	7	16;196
5038	8	47;268
5040	1	289
5040	2	592
5040	3	341
5040	4	616
5040	5	421
5040	6	284
5040	7	571
5040	8	628
5042	1	2;6;16
5042	2	7;10;15
5042	3	4;10;11
5042	4	2;7;17
5042	5	9;11;27
5042	6	2;3;29
5042	7	3;12;22
5042	8	5;6;14
5043	1	8;125
5043	2	5;70
5043	3	6;131
5043	4	8;179
5043	5	7;86
5043	6	4;139
5043	7	5;151
5043	8	4;55
5045	1	8;9;15
5045	2	5;8;13
5045	3	3;4;17
5045	4	5;8;21
5045	5	7;9;12
5045	6	5;7;14
5045	7	4;6;21
5045	8	2;3;24
5047	1	1;5;21;165
5047	2	1;3;11;60
5047	3	1;4;29;168
5047	4	1;3;17;162
5047	5	1;3;37;201
5047	6	1;3;32;120
5047	7	1;5;13;195
5047	8	1;3;21;87
5048	1	4;5
5048	2	3;8
5048	3	5;8
5048	4	3;7
5048	5	5;7
5048	6	4;7
5048	7	3;6
5048	8	3;5
5049	1	3;45
5049	2	3;69
5049	3	4;50
5049	4	5;80
5049	5	3;96
5049	6	5;50
5049	7	4;42
5049	8	4;38
5051	1	117;130;301
5051	2	59;353;493
5051	3	87;179;424
5051	4	87;270;581
5051	5	151;280;551
5051	6	177;284;314
5051	7	131;267;331
5051	8	146;154;376
5052	1	4;17;38
5052	2	7;16;69
5052	3	6;7;36
5052	4	5;10;62
5052	5	3;12;25
5052	6	2;19;23
5052	7	9;14;69
5052	8	4;9;64
5054	1	3;17
5054	2	2;16
5054	3	4;10
5054	4	3;5
5054	5	2;12
5054	6	4;14
5054	7	3;9
5054	8	2;8
5057	1	39
5057	2	15
5057	3	18
5057	4	27
5057	5	30
5057	6	36
5057	7	12
5057	8	24
5058	1	60
5058	2	43
5058	3	38
5058	4	55
5058	5	58
5058	6	17
5058	7	40
5058	8	33
5060	1	2;3.52
5060	2	2;3.64
5060	3	2;2.88
5060	4	2;2.84
5060	5	2;3.4
5060	6	2;2.56
5060	7	2;2.52
5060	8	2;3.72
5069	1	2;5;8
5069	2	3;4;7
5069	3	2;3;5
5069	4	3;4;6
5069	5	3;4;8
5069	6	2;5;6
5069	7	3;5;6
5069	8	2;4;6
5070	1	5;13
5070	2	3;15
5070	3	4;12
5070	4	4;13
5070	5	4;10
5070	6	8;13
5070	7	5;16
5070	8	6;11
5075	1	478
5075	2	275
5075	3	388
5075	4	141
5075	5	162
5075	6	359
5075	7	240
5075	8	417
5080	1	1;3;606
5080	2	1;3;756
5080	3	1;3;354
5080	4	1;3;894
5080	5	1;3;834
5080	6	1;3;744
5080	7	1;3;564
5080	8	1;3;612
5084	1	3;7;606
5084	2	5;8;1111
5084	3	3;4;1324
5084	4	5;7;1502
5084	5	4;9;1469
5084	6	3;7;1513
5084	7	5;9;1070
5084	8	4;9;1375
5085	1	15;72684;166012
5085	2	16;69392;211510
5085	3	28;33254;145856
5085	4	19;49018;123034
5085	5	9;95255;189281
5085	6	14;65281;93664
5085	7	12;57808;200112
5085	8	25;70859;71765
5087	1	5;6;10
5087	2	8;9;13
5087	3	5;6;14
5087	4	5;6;12
5087	5	5;8;14
5087	6	6;7;13
5087	7	5;6;11
5087	8	7;10;16
5089	1	9;12
5089	2	7;17
5089	3	4;19
5089	4	8;14
5089	5	10;17
5089	6	14;20
5089	7	7;24
5089	8	8;22
5093	1	9;18
5093	2	7;14
5093	3	6;12
5093	4	10;20
5093	5	12;24
5093	6	11;22
5093	7	5;10
5093	8	15;30
5094	1	113
5094	2	209
5094	3	182
5094	4	278
5094	5	101
5094	6	226
5094	7	213
5094	8	190
5095	1	54
5095	2	50
5095	3	72
5095	4	98
5095	5	106
5095	6	78
5095	7	116
5095	8	34
5097	1	10;72
5097	2	12;72
5097	3	6;62
5097	4	5;83
5097	5	3;27
5097	6	7;67
5097	7	3;57
5097	8	7;43
5098	1	6;20
5098	2	6;8
5098	3	8;14
5098	4	8;20
5098	5	8;18
5098	6	10;18
5098	7	12;14
5098	8	12;16
5100	1	5;7;10;18
5100	2	2;4;5;11
5100	3	5;9;10;19
5100	4	4;6;7;13
5100	5	2;3;12;24
5100	6	3;4;9;22
5100	7	2;6;11;14
5100	8	4;6;7;8
5102	1	38
5102	2	29
5102	3	23
5102	4	33
5102	5	21
5102	6	35
5102	7	17
5102	8	32
5103	1	14
5103	2	24
5103	3	17
5103	4	10
5103	5	18
5103	6	21
5103	7	15
5103	8	23
5105	1	4;5;14;78;133;159
5105	2	2;3;5;84;92;101
5105	3	4;6;16;35;71;115
5105	4	4;8;10;81;84;85
5105	5	2;3;8;76;77;142
5105	6	5;8;10;90;149;159
5105	7	3;4;9;66;153;159
5105	8	3;4;14;57;74;99
5106	1	15;45
5106	2	16;64
5106	3	9;63
5106	4	11;66
5106	5	15;30
5106	6	6;24
5106	7	10;20
5106	8	10;80
5109	1	2075
5109	2	1502
5109	3	5693
5109	4	4332
5109	5	2604
5109	6	5816
5109	7	3872
5109	8	5234
5110	1	4;5;21
5110	2	3;5;20
5110	3	3;4;20
5110	4	2;3;19
5110	5	2;5;17
5110	6	2;4;15
5110	7	2;4;22
5110	8	3;4;16
5113	1	13;363
5113	2	20;387
5113	3	11;343
5113	4	6;122
5113	5	9;335
5113	6	8;296
5113	7	15;382
5113	8	18;394
5117	1	2;5;7
5117	2	4;7;9
5117	3	3;7;8
5117	4	2;4;7
5117	5	3;5;8
5117	6	4;6;9
5117	7	4;8;9
5117	8	3;6;8
5118	1	16;43
5118	2	21;44
5118	3	26;27
5118	4	17;42
5118	5	20;35
5118	6	28;37
5118	7	13;34
5118	8	9;40
5120	1	2;24
5120	2	2;6
5120	3	2;18
5120	4	2;8
5120	5	2;10
5120	6	3;18
5120	7	3;24
5120	8	2;22
5125	1	3;7
5125	2	2;10.5
5125	3	2;11
5125	4	4;13
5125	5	3;6
5125	6	4;10
5125	7	2;14
5125	8	4;14.5
5126	1	1.3;26;52
5126	2	1.9;19;53
5126	3	2;16;34
5126	4	2;22;42
5126	5	1.2;18;26
5126	6	1.5;21;23
5126	7	1.7;34;48
5126	8	1.1;11;31
5131	1	4;8
5131	2	3;4
5131	3	2;8
5131	4	2;5
5131	5	3;8
5131	6	2;6
5131	7	4;5
5131	8	3;6
5132	1	5;10;12;15;37
5132	2	6;15;18;36;58
5132	3	6;7;10;17;56
5132	4	6;7;17;40;56
5132	5	7;8;9;29;57
5132	6	3;12;24;31;57
5132	7	5;10;13;15;41
5132	8	7;16;17;29;35
5134	1	181
5134	2	198
5134	3	175
5134	4	207
5134	5	242
5134	6	276
5134	7	274
5134	8	252
5138	1	2;5;14
5138	2	2;5;10
5138	3	2;4;14
5138	4	3;4;19
5138	5	3;5;11
5138	6	2;5;6
5138	7	2;3;14
5138	8	4;5;12
5144	1	28
5144	2	47
5144	3	35
5144	4	50
5144	5	52
5144	6	58
5144	7	45
5144	8	38
5148	1	10;20;45
5148	2	16;34;45
5148	3	22;35;42
5148	4	14;33;44
5148	5	10;14;24
5148	6	14;23;37
5148	7	38;45;46
5148	8	10;32;46
5150	1	118
5150	2	68
5150	3	120
5150	4	64
5150	5	78
5150	6	90
5150	7	100
5150	8	96
5151	1	3;13;94
5151	2	2;8;84
5151	3	9;15;94
5151	4	4;18;55
5151	5	7;9;74
5151	6	6;12;157
5151	7	5;15;62
5151	8	8;22;89
5154	1	8;9;20
5154	2	2;7;18
5154	3	4;11;24
5154	4	7;10;23
5154	5	3;6;15
5154	6	2;7;22
5154	7	9;12;17
5154	8	3;4;11
5158	1	2;12;16;23
5158	2	2;12;15;19
5158	3	3;7;11;23
5158	4	4;9;18;25
5158	5	2;5;9;13
5158	6	2;9;14;17
5158	7	2;9;22;28
5158	8	4;13;23;28
5159	1	3;39
5159	2	4;36
5159	3	4;32
5159	4	2;26
5159	5	4;20
5159	6	3;12
5159	7	2;22
5159	8	3;21
5160	1	13;26
5160	2	16;32
5160	3	6;12
5160	4	15;30
5160	5	5;10
5160	6	18;36
5160	7	14;28
5160	8	11;22
5161	1	3;13;16;82;98
5161	2	3;8;56;69;73
5161	3	4;5;59;62;85
5161	4	4;14;62;64;105
5161	5	3;7;56;104;200
5161	6	5;15;38;87;117
5161	7	3;13;32;104;133
5161	8	2;8;23;103;146
5164	1	18;315
5164	2	10;465
5164	3	14;371
5164	4	12;456
5164	5	11;396
5164	6	16;480
5164	7	12;318
5164	8	10;515
5166	1	35;40
5166	2	31;32
5166	3	10;35
5166	4	25;46
5166	5	31;46
5166	6	29;40
5166	7	12;45
5166	8	27;32
5167	1	44;91;932
5167	2	42;46;466
5167	3	60;96;378
5167	4	28;86;802
5167	5	64;75;489
5167	6	35;80;458
5167	7	66;93;534
5167	8	67;82;959
5168	1	360
5168	2	396
5168	3	356
5168	4	272
5168	5	276
5168	6	264
5168	7	300
5168	8	296
5171	1	1;4;5;14
5171	2	1;2;7;8
5171	3	1;2;4;16
5171	4	1;2;5;8
5171	5	1;2;8;13
5171	6	1;2;6;14
5171	7	1;4;5;15
5171	8	1;2;8;10
5173	1	2;5
5173	2	6;9
5173	3	3;8
5173	4	4;7
5173	5	3;12
5173	6	7;8
5173	7	3;9
5173	8	5;12
5176	1	3;5;10
5176	2	3;11;17
5176	3	2;12;23
5176	4	3;7;13
5176	5	4;6;14
5176	6	3;5;16
5176	7	2;10;19
5176	8	4;10;17
5177	1	2;70
5177	2	4;65
5177	3	4;60
5177	4	3;60
5177	5	2;75
5177	6	2;50
5177	7	3;90
5177	8	4;95
5180	1	6;3864
5180	2	4;3112
5180	3	5;1470
5180	4	5;1710
5180	5	6;1104
5180	6	5;1960
5180	7	5;1700
5180	8	6;1824
5182	1	4;8;165
5182	2	5;7;132
5182	3	3;5;182
5182	4	5;7;256
5182	5	5;7;84
5182	6	4;8;225
5182	7	3;5;158
5182	8	5;7;196
5184	1	5;5.1
5184	2	5;9.7
5184	3	5;5.3
5184	4	5;8.9
5184	5	5;8.7
5184	6	5;6.9
5184	7	5;6.1
5184	8	5;7.9
5187	1	2;6;12
5187	2	4;8;9
5187	3	2;9;12
5187	4	3;9;13
5187	5	3;6;13
5187	6	4;11;12
5187	7	5;10;12
5187	8	4;8;13
5189	1	6;12;40
5189	2	13;14;26
5189	3	4;19;31
5189	4	6;16;58
5189	5	12;17;55
5189	6	5;10;22
5189	7	5;7;31
5189	8	13;20;42
5196	1	2;6
5196	2	3;6
5196	3	4;5
5196	4	3;4
5196	5	4;6
5196	6	3;5
5196	7	2;5
5196	8	2;3
5197	1	10;31
5197	2	7;24
5197	3	16;19
5197	4	17;28
5197	5	14;25
5197	6	12;21
5197	7	5;8
5197	8	18;19
5200	1	2;7;137
5200	2	4;6;116
5200	3	4;9;68
5200	4	2;8;64
5200	5	2;4;189
5200	6	4;9;61
5200	7	4;7;132
5200	8	2;9;80
5201	1	4;32
5201	2	3;57
5201	3	4;44
5201	4	3;29
5201	5	2;36
5201	6	4;36
5201	7	4;28
5201	8	2;38
5203	1	1;4.9;10
5203	2	1;1.9;20
5203	3	1;2.5;20
5203	4	1;4;8
5203	5	1;4.5;10
5203	6	1;4;14
5203	7	1;3.6;10
5203	8	1;2.5;14
5207	1	4;5;13
5207	2	3;4;7
5207	3	2;5;12
5207	4	2;5;9
5207	5	2;5;13
5207	6	2;5;8
5207	7	2;3;9
5207	8	3;5;13
5208	1	31
5208	2	26
5208	3	37
5208	4	33
5208	5	29
5208	6	40
5208	7	27
5208	8	46
5210	1	130;323
5210	2	112;282
5210	3	100;272
5210	4	79;197
5210	5	113;228
5210	6	108;306
5210	7	49;107
5210	8	123;295
5212	1	48
5212	2	47
5212	3	60
5212	4	31
5212	5	28
5212	6	51
5212	7	23
5212	8	18
5214	1	75;309
5214	2	66;168
5214	3	102;184
5214	4	87;361
5214	5	117;267
5214	6	156;354
5214	7	51;177
5214	8	132;242
5215	1	52
5215	2	26
5215	3	60
5215	4	44
5215	5	42
5215	6	36
5215	7	46
5215	8	48
5217	1	10;85
5217	2	7;86
5217	3	16;79
5217	4	17;68
5217	5	14;25
5217	6	19;66
5217	7	12;83
5217	8	5;64
5218	1	3;6;11;294
5218	2	2;5;6;685
5218	3	3;6;11;598
5218	4	3;6;19;478
5218	5	2;9;18;207
5218	6	2;5;6;615
5218	7	3;6;11;376
5218	8	3;6;11;454
5219	1	4;64
5219	2	5;70
5219	3	3;90
5219	4	3;114
5219	5	5;110
5219	6	3;108
5219	7	4;112
5219	8	4;104
5223	1	2.5;4;8;34
5223	2	1.4;4;20;54
5223	3	1.3;3;10;17
5223	4	2.5;4;10;52
5223	5	2;3;13;59
5223	6	1.8;2;10;30
5223	7	2;4;24;50
5223	8	1.7;2;10;54
5226	1	5;9;13;19;20
5226	2	6;12;15;18;29
5226	3	4;8;16;18;22
5226	4	4;9;10;11;19
5226	5	3;10;13;14;17
5226	6	5;12;13;14;26
5226	7	3;6;7;8;11
5226	8	4;7;16;17;26
5227	1	311;437
5227	2	281;325
5227	3	279;379
5227	4	460;783
5227	5	391;512
5227	6	176;240
5227	7	404;539
5227	8	374;427
5228	1	4;9;20;29
5228	2	7;11;17;47
5228	3	6;14;19;74
5228	4	2;13;23;73
5228	5	3;9;12;61
5228	6	2;13;14;41
5228	7	5;9;16;29
5228	8	4;8;9;36
5233	1	2;10;17;68;77;81
5233	2	5;25;38;58;70;86
5233	3	8;10;13;22;53;71
5233	4	7;23;24;51;53;76
5233	5	3;13;26;30;83;84
5233	6	6;28;29;63;66;89
5233	7	5;21;42;50;66;82
5233	8	7;11;14;50;67;84
5234	1	3;7
5234	2	6;10
5234	3	10;17
5234	4	10;16
5234	5	3;9
5234	6	11;16
5234	7	6;16
5234	8	13;15
5241	1	52;94
5241	2	54;96
5241	3	60;66
5241	4	48;52
5241	5	50;82
5241	6	44;82
5241	7	44;46
5241	8	40;50
5242	1	3;5;15
5242	2	2;5;18
5242	3	3;5;11
5242	4	2;3;6
5242	5	2;5;14
5242	6	2;5;10
5242	7	2;4;6
5242	8	2;3;14
5244	1	2;4;31
5244	2	2;4;27
5244	3	3;4;48
5244	4	2;4;83
5244	5	2;3;55
5244	6	3;4;76
5244	7	4;5;37
5244	8	2;4;75
5246	1	1;4;7;10;29
5246	2	1;8;9;10;24
5246	3	1;9;11;14;35
5246	4	1;6;13;16;29
5246	5	1;6;9;10;40
5246	6	1;6;13;14;27
5246	7	1;4;5;12;37
5246	8	1;9;13;16;21
5248	1	226;265
5248	2	198;480
5248	3	132;437
5248	4	126;250
5248	5	173;431
5248	6	161;310
5248	7	213;421
5248	8	98;406
5250	1	2;11;39
5250	2	3;12;55
5250	3	4;12;66
5250	4	3;13;59
5250	5	4;12;71
5250	6	5;7;48
5250	7	2;12;46
5250	8	5;12;79
5256	1	950
5256	2	1290
5256	3	1650
5256	4	830
5256	5	660
5256	6	1960
5256	7	1200
5256	8	1520
5257	1	110
5257	2	50
5257	3	90
5257	4	80
5257	5	100
5257	6	65
5257	7	55
5257	8	75
5258	1	4;9;24;49
5258	2	6;15;30;53
5258	3	8;13;18;29
5258	4	2;11;16;23
5258	5	2;11;25;55
5258	6	6;15;33;51
5258	7	4;9;11;31
5258	8	7;8;20;34
5263	1	6;1764
5263	2	4;1547
5263	3	5;3332
5263	4	4;1946
5263	5	6;2443
5263	6	5;2541
5263	7	6;3073
5263	8	5;1232
5266	1	4;26;48;78
5266	2	7;28;56;61
5266	3	3;9;56;69
5266	4	4;18;20;42
5266	5	6;20;39;52
5266	6	6;24;57;64
5266	7	2;9;40;76
5266	8	4;20;55;66
5268	1	297
5268	2	166
5268	3	217
5268	4	262
5268	5	363
5268	6	364
5268	7	350
5268	8	221
5269	1	17;26;77
5269	2	8;15;36
5269	3	13;34;81
5269	4	20;33;88
5269	5	15;31;67
5269	6	11;34;71
5269	7	14;27;66
5269	8	6;12;30
5271	1	41;44
5271	2	44;63
5271	3	48;63
5271	4	32;60
5271	5	45;80
5271	6	45;53
5271	7	55;100
5271	8	37;61
5272	1	25;68
5272	2	29;61
5272	3	24;39
5272	4	10;33
5272	5	11;36
5272	6	14;29
5272	7	37;41
5272	8	22;71
5273	1	2;7;36
5273	2	3;4;35
5273	3	2;5;14
5273	4	3;8;29
5273	5	2;15;39
5273	6	3;6;30
5273	7	2;11;24
5273	8	2;17;36
5275	1	44
5275	2	141
5275	3	142
5275	4	46
5275	5	89
5275	6	103
5275	7	59
5275	8	37
5277	1	2;3;41
5277	2	2;5;19
5277	3	2;5;37
5277	4	2;7;63
5277	5	3;4;40
5277	6	2;7;55
5277	7	2;5;21
5277	8	2;8;50
5279	1	8456
5279	2	3920
5279	3	6564
5279	4	9310
5279	5	8238
5279	6	4768
5279	7	3854
5279	8	5724
5281	1	8;10;141;180
5281	2	8;10;403;605
5281	3	7;10;173;204
5281	4	5;9;130;420
5281	5	5;8;247;380
5281	6	3;4;293;432
5281	7	7;12;311;652
5281	8	5;8;371;388
5285	1	78
5285	2	63
5285	3	72
5285	4	33
5285	5	65
5285	6	66
5285	7	58
5285	8	48
5292	1	222
5292	2	276
5292	3	210
5292	4	198
5292	5	150
5292	6	330
5292	7	288
5292	8	306
5305	1	9
5305	2	16
5305	3	24
5305	4	20
5305	5	22
5305	6	21
5305	7	8
5305	8	17
5310	1	16;46;92;115
5310	2	12;26;104;147
5310	3	34;40;120;157
5310	4	26;36;72;146
5310	5	18;30;96;185
5310	6	19;29;116;180
5310	7	19;36;108;190
5310	8	16;22;77;116
5311	1	2;4;7
5311	2	2;8;9
5311	3	2;5;9
5311	4	2;6;8
5311	5	2;3;7
5311	6	5;8;9
5311	7	5;7;8
5311	8	4;7;8
5317	1	240;268
5317	2	216;220
5317	3	132;168
5317	4	198;251
5317	5	106;127
5317	6	150;223
5317	7	208;280
5317	8	110;127
5318	1	2;3;299;636
5318	2	2;8;292;1620
5318	3	3;4;411;1480
5318	4	4;5;271;1125
5318	5	2;6;392;1838
5318	6	2;5;453;1720
5318	7	5;8;142;966
5318	8	3;4;537;1926
5320	1	10;12;31;384
5320	2	16;20;34;356
5320	3	15;16;33;189
5320	4	13;19;31;211
5320	5	9;19;53;100
5320	6	8;16;50;257
5320	7	6;9;48;134
5320	8	9;21;59;267
5322	1	2;10;14
5322	2	3;5;8
5322	3	4;11;16
5322	4	3;11;13
5322	5	2;6;10
5322	6	3;8;13
5322	7	4;8;13
5322	8	8;10;16
5324	1	2;5;62
5324	2	4;5;28
5324	3	3;4;75
5324	4	2;4;46
5324	5	3;5;63
5324	6	2;3;62
5324	7	2;5;58
5324	8	2;3;46
5325	1	59
5325	2	79
5325	3	83
5325	4	63
5325	5	67
5325	6	55
5325	7	47
5325	8	75
5328	1	14
5328	2	17
5328	3	6
5328	4	5
5328	5	7
5328	6	8
5328	7	12
5328	8	15
5329	1	21
5329	2	54
5329	3	33
5329	4	30
5329	5	60
5329	6	66
5329	7	24
5329	8	51
5331	1	3;12
5331	2	2;5
5331	3	4;13
5331	4	3;4
5331	5	4;5
5331	6	3;16
5331	7	3;8
5331	8	2;7
5333	1	4;6;26
5333	2	4;9;30
5333	3	4;8;20
5333	4	5;6;24
5333	5	3;7;18
5333	6	4;6;23
5333	7	3;8;34
5333	8	3;6;24
5335	1	5;9;13
5335	2	8;9;10
5335	3	2;10;12
5335	4	9;11;15
5335	5	4;6;14
5335	6	4;9;10
5335	7	7;11;17
5335	8	6;7;14
5338	1	3;7;9
5338	2	4;7;8
5338	3	3;5;6
5338	4	3;4;8
5338	5	5;6;7
5338	6	2;5;9
5338	7	4;6;7
5338	8	2;7;9
5339	1	4;8
5339	2	2;8
5339	3	4;6
5339	4	2;7
5339	5	2;6
5339	6	2;3
5339	7	4;5
5339	8	2;5
5341	1	1;3;7;8;11
5341	2	1;2;3;4;21
5341	3	1;3;9;10;24
5341	4	1;2;3;4;22
5341	5	1;4;5;6;19
5341	6	1;2;3;4;13
5341	7	1;3;7;8;17
5341	8	1;3;5;6;13
5342	1	5;6;19
5342	2	3;4;5
5342	3	3;7;12
5342	4	4;8;17
5342	5	4;6;11
5342	6	4;5;6
5342	7	5;7;12
5342	8	4;6;19
5344	1	4059
5344	2	5073
5344	3	2189
5344	4	4637
5344	5	4451
5344	6	2870
5344	7	6001
5344	8	5551
5348	1	8;22
5348	2	9;23
5348	3	15;23
5348	4	20;24
5348	5	6;15
5348	6	16;24
5348	7	17;18
5348	8	9;18
5349	1	4;6;81;107;1168
5349	2	3;5;91;107;961
5349	3	3;6;54;109;967
5349	4	2;3;91;105;633
5349	5	5;8;32;101;1121
5349	6	4;5;31;75;616
5349	7	3;4;63;79;660
5349	8	4;6;50;87;820
5351	1	4;10;42
5351	2	2;12;22
5351	3	5;9;41
5351	4	2;22;44
5351	5	2;14;30
5351	6	3;9;33
5351	7	2;10;18
5351	8	2;11;53
5354	1	10;29;70;161
5354	2	11;54;83;160
5354	3	10;49;78;143
5354	4	7;101;125;194
5354	5	6;67;112;187
5354	6	9;92;153;160
5354	7	9;40;51;170
5354	8	12;31;40;157
5355	1	5;140
5355	2	8;100
5355	3	9;140
5355	4	7;120
5355	5	6;70
5355	6	5;160
5355	7	8;160
5355	8	8;120
5358	1	2;505
5358	2	3;265
5358	3	2;740
5358	4	4;775
5358	5	2;465
5358	6	2;395
5358	7	4;560
5358	8	3;305
5360	1	4;112
5360	2	2;104
5360	3	2;68
5360	4	2;148
5360	5	2;54
5360	6	3;135
5360	7	3;69
5360	8	2;150
5362	1	34;102;149
5362	2	38;71;114
5362	3	30;165;196
5362	4	31;114;150
5362	5	38;125;179
5362	6	40;96;174
5362	7	35;143;181
5362	8	36;86;135
5365	1	3;12;188
5365	2	2;6;156
5365	3	4;20;115
5365	4	3;12;60
5365	5	2;14;126
5365	6	2;8;100
5365	7	2;12;120
5365	8	2;6;66
5366	1	5;12;14
5366	2	6;9;10
5366	3	7;10;13
5366	4	2;6;12
5366	5	5;10;15
5366	6	6;10;13
5366	7	2;9;21
5366	8	3;8;18
5372	1	16;30;179
5372	2	10;38;159
5372	3	8;30;191
5372	4	13;25;192
5372	5	15;28;154
5372	6	8;10;76
5372	7	13;20;111
5372	8	12;35;196
5377	1	17
5377	2	16
5377	3	7
5377	4	5
5377	5	12
5377	6	19
5377	7	14
5377	8	9
5381	1	4;249
5381	2	4;245
5381	3	4;182
5381	4	4;177
5381	5	4;230
5381	6	4;183
5381	7	4;187
5381	8	4;254
5383	1	2;7;11
5383	2	3;5;11
5383	3	5;7;17
5383	4	2;4;8
5383	5	2;5;9
5383	6	5;8;18
5383	7	3;7;13
5383	8	3;8;14
5384	1	144
5384	2	207
5384	3	354
5384	4	142
5384	5	373
5384	6	262
5384	7	225
5384	8	145
5385	1	3;5;70
5385	2	2;3;36
5385	3	3;4;100
5385	4	2;5;55
5385	5	3;5;110
5385	6	2;7;105
5385	7	2;3;54
5385	8	2;3;78
5387	1	22
5387	2	18
5387	3	24
5387	4	21
5387	5	16
5387	6	23
5387	7	19
5387	8	17
5392	1	4;6;7
5392	2	2;3;4
5392	3	3;11;12
5392	4	5;12;13
5392	5	3;7;12
5392	6	3;11;16
5392	7	2;8;15
5392	8	2;7;8
5393	1	115;225;364;2682;11016;16066
5393	2	141;256;584;2950;9691;11147
5393	3	134;137;306;2582;21553;29508
5393	4	185;257;755;2730;11516;12269
5393	5	90;108;573;1681;16348;37471
5393	6	66;173;253;2719;21532;31626
5393	7	99;269;539;3375;13821;35636
5393	8	67;220;254;2047;10137;36298
5394	1	4;15
5394	2	7;11
5394	3	2;5
5394	4	9;15
5394	5	3;12
5394	6	6;10
5394	7	5;13
5394	8	3;4
5396	1	11;15
5396	2	4;18
5396	3	4;8
5396	4	9;13
5396	5	8;20
5396	6	8;10
5396	7	7;17
5396	8	6;16
5401	1	38;166
5401	2	43;283
5401	3	73;161
5401	4	60;196
5401	5	25;185
5401	6	29;109
5401	7	52;172
5401	8	74;242
5403	1	108
5403	2	36
5403	3	92
5403	4	40
5403	5	68
5403	6	96
5403	7	72
5403	8	84
5404	1	4;17;28;44
5404	2	7;16;24;49
5404	3	6;7;13;62
5404	4	5;10;20;65
5404	5	3;12;14;85
5404	6	4;9;28;62
5404	7	7;8;11;43
5404	8	5;18;25;71
5408	1	5;10;20
5408	2	11;15;21
5408	3	11;20;22
5408	4	6;10;25
5408	5	10;15;36
5408	6	6;10;28
5408	7	12;16;17
5408	8	8;10;33
5409	1	5;42;79
5409	2	6;39;100
5409	3	3;20;36
5409	4	6;39;98
5409	5	5;42;77
5409	6	5;50;98
5409	7	3;36;52
5409	8	5;42;73
5412	1	30;174
5412	2	43;152
5412	3	42;164
5412	4	33;133
5412	5	26;163
5412	6	30;232
5412	7	31;143
5412	8	52;130
5414	1	1;3.9;10
5414	2	1;4.5;28
5414	3	1;3.3;30
5414	4	1;4.1;30
5414	5	1;4.1;20
5414	6	1;2.5;10
5414	7	1;2.5;24
5414	8	1;4.7;10
5416	1	3;9;189
5416	2	3;7;91
5416	3	2;5;95
5416	4	2;8;184
5416	5	4;5;160
5416	6	2;4;88
5416	7	4;7;168
5416	8	2;4;100
5417	1	97
5417	2	61
5417	3	66
5417	4	153
5417	5	92
5417	6	172
5417	7	143
5417	8	190
5419	1	2;4;38
5419	2	2;5;26
5419	3	3;4;18
5419	4	2;4;16
5419	5	2;3;32
5419	6	3;4;36
5419	7	4;5;16
5419	8	2;3;14
5423	1	8;12
5423	2	4;14
5423	3	6;19
5423	4	6;17
5423	5	8;10
5423	6	3;20
5423	7	5;17
5423	8	8;16
5424	1	5;12
5424	2	6;19
5424	3	6;17
5424	4	7;10
5424	5	4;7
5424	6	17;20
5424	7	4;13
5424	8	4;15
5426	1	13;228;878
5426	2	6;159;413
5426	3	13;90;890
5426	4	9;150;1008
5426	5	12;213;519
5426	6	5;140;538
5426	7	12;287;345
5426	8	13;294;300
5428	1	54;159
5428	2	91;227
5428	3	95;272
5428	4	85;248
5428	5	75;207
5428	6	92;238
5428	7	41;95
5428	8	90;232
5429	1	12;17;336
5429	2	12;17;288
5429	3	9;14;237
5429	4	8;26;260
5429	5	7;25;291
5429	6	12;14;256
5429	7	5;26;241
5429	8	7;11;131
5433	1	2;6;57
5433	2	2;10;72
5433	3	3;8;39
5433	4	3;13;45
5433	5	6;12;83
5433	6	2;11;60
5433	7	4;11;52
5433	8	4;8;39
5436	1	5;26
5436	2	4;25
5436	3	2;39
5436	4	3;42
5436	5	6;37
5436	6	5;56
5436	7	7;52
5436	8	4;35
5438	1	3;5;10;12
5438	2	2;7;10;11
5438	3	4;5;6;12
5438	4	5;9;12;15
5438	5	4;6;11;14
5438	6	5;9;10;13
5438	7	3;8;9;16
5438	8	2;8;11;14
5444	1	5;6
5444	2	4;5
5444	3	5;8
5444	4	4;6
5444	5	4;8
5444	6	5;7
5444	7	3;6
5444	8	3;8
5446	1	10;26
5446	2	6;18
5446	3	9;27
5446	4	8;28
5446	5	11;25
5446	6	10;14
5446	7	7;17
5446	8	8;16
5447	1	2;22;43;231
5447	2	3;24;27;219
5447	3	2;10;45;309
5447	4	3;24;80;329
5447	5	2;20;21;347
5447	6	2;24;56;286
5447	7	2;16;35;299
5447	8	3;24;39;408
5453	1	3;25
5453	2	8;34
5453	3	9;19
5453	4	7;26
5453	5	4;24
5453	6	5;14
5453	7	6;26
5453	8	3;16
5454	1	20;55
5454	2	20;70
5454	3	38;50
5454	4	25;64
5454	5	10;30
5454	6	12;50
5454	7	16;75
5454	8	25;36
5458	1	3;4;15
5458	2	4;6;12
5458	3	3;8;36
5458	4	3;4;25
5458	5	4;7;24
5458	6	3;4;14
5458	7	3;5;29
5458	8	4;8;30
5459	1	2;7;24
5459	2	2;17;22
5459	3	2;9;24
5459	4	2;15;16
5459	5	2;11;19
5459	6	2;11;24
5459	7	2;13;17
5459	8	2;13;23
5462	1	5;10;12
5462	2	3;8;9
5462	3	5;12;15
5462	4	3;11;16
5462	5	4;9;16
5462	6	5;8;10
5462	7	4;7;8
5462	8	4;6;11
5463	1	6;9;19;54
5463	2	3;13;23;60
5463	3	7;9;15;56
5463	4	6;10;25;60
5463	5	3;17;19;42
5463	6	3;9;21;54
5463	7	3;19;23;60
5463	8	6;9;13;34
5465	1	20;735
5465	2	28;900
5465	3	20;1320
5465	4	25;780
5465	5	25;1572
5465	6	25;608
5465	7	25;656
5465	8	25;724
5467	1	5;15;18
5467	2	2;6;9
5467	3	3;7;14
5467	4	5;13;26
5467	5	4;13;26
5467	6	2;10;15
5467	7	4;10;15
5467	8	2;14;21
5470	1	46
5470	2	50
5470	3	76
5470	4	38
5470	5	104
5470	6	30
5470	7	98
5470	8	66
5471	1	4;6;66
5471	2	2;3;63
5471	3	2;5;60
5471	4	4;5;75
5471	5	2;6;54
5471	6	2;3;24
5471	7	2;4;80
5471	8	4;5;60
5472	1	2;9;18;27;29
5472	2	2;5;17;28;33
5472	3	2;9;12;14;25
5472	4	2;5;18;29;33
5472	5	2;9;17;27;33
5472	6	2;9;18;23;25
5472	7	2;5;15;17;33
5472	8	4;7;17;20;27
5473	1	7;21
5473	2	10;40
5473	3	17;55
5473	4	16;54
5473	5	14;38
5473	6	5;39
5473	7	12;42
5473	8	15;27
5476	1	2;3;14
5476	2	2;3;10
5476	3	2;3;8
5476	4	2;3;24
5476	5	2;3;9
5476	6	2;3;22
5476	7	2;3;15
5476	8	2;3;11
5477	1	24;475;1439
5477	2	40;345;738
5477	3	26;680;1479
5477	4	37;502;1361
5477	5	12;398;1165
5477	6	24;208;795
5477	7	31;770;1531
5477	8	36;733;1416
5478	1	3;6;11;184
5478	2	2;5;19;150
5478	3	3;6;22;166
5478	4	3;6;12;172
5478	5	2;5;16;135
5478	6	4;7;12;140
5478	7	2;5;11;85
5478	8	3;6;21;174
5481	1	12;54
5481	2	10;38
5481	3	9;45
5481	4	11;30
5481	5	6;55
5481	6	12;52
5481	7	10;35
5481	8	9;24
5485	1	5;79;828
5485	2	14;54;907
5485	3	19;62;395
5485	4	16;63;935
5485	5	7;24;437
5485	6	14;41;606
5485	7	19;73;563
5485	8	12;65;546
5486	1	288
5486	2	354
5486	3	438
5486	4	510
5486	5	468
5486	6	246
5486	7	552
5486	8	306
5487	1	12;60
5487	2	11;41
5487	3	4;60
5487	4	5;59
5487	5	5;49
5487	6	4;36
5487	7	11;27
5487	8	12;26
5493	1	3;4;20
5493	2	5;8;11
5493	3	2;5;8
5493	4	2;4;12
5493	5	4;5;19
5493	6	3;5;12
5493	7	2;4;10
5493	8	4;5;15
5494	1	2;8;34
5494	2	2;11;51
5494	3	2;4;66
5494	4	4;6;34
5494	5	2;11;49
5494	6	2;7;29
5494	7	3;10;43
5494	8	4;7;59
5495	1	7;16
5495	2	3;10
5495	3	2;12
5495	4	7;20
5495	5	3;14
5495	6	2;24
5495	7	6;24
5495	8	2;14
5496	1	3;5;15;33
5496	2	4;5;8;26
5496	3	2;5;18;28
5496	4	2;4;18;32
5496	5	4;5;8;30
5496	6	3;4;11;29
5496	7	4;5;8;22
5496	8	2;3;10;16
5498	1	4;48;81
5498	2	3;84;103
5498	3	3;96;125
5498	4	3;57;89
5498	5	7;91;124
5498	6	5;90;121
5498	7	6;72;91
5498	8	3;63;100
5501	1	21;244;465
5501	2	26;332;400
5501	3	34;308;413
5501	4	64;278;346
5501	5	43;353;436
5501	6	42;130;214
5501	7	19;370;390
5501	8	32;276;440
5502	1	46
5502	2	130
5502	3	117
5502	4	87
5502	5	109
5502	6	158
5502	7	122
5502	8	76
5505	1	3;13;25
5505	2	4;9;19
5505	3	5;12;23
5505	4	3;12;28
5505	5	2;8;28
5505	6	8;11;24
5505	7	5;8;18
5505	8	5;16;28
5509	1	4;5;8
5509	2	2;8;18
5509	3	3;8;15
5509	4	4;5;20
5509	5	2;4;6
5509	6	4;6;12
5509	7	2;5;14
5509	8	3;4;19
5510	1	17;29;40
5510	2	7;13;26
5510	3	12;18;45
5510	4	14;34;37
5510	5	8;29;39
5510	6	9;19;48
5510	7	12;24;41
5510	8	16;17;19
5511	1	24
5511	2	22
5511	3	20
5511	4	26
5511	5	16
5511	6	8
5511	7	10
5511	8	28
5514	1	30
5514	2	27
5514	3	36
5514	4	21
5514	5	18
5514	6	15
5514	7	39
5514	8	48
5517	1	1.5;3;106
5517	2	1.2;3.1;111
5517	3	1.7;2.3;109
5517	4	1.2;3.6;96
5517	5	1.2;3.8;78
5517	6	1.4;3.1;101
5517	7	1.4;2.3;119
5517	8	1.2;3.7;73
5522	1	9;40;125
5522	2	10;19;107
5522	3	12;19;158
5522	4	14;38;120
5522	5	13;17;63
5522	6	10;13;133
5522	7	21;25;155
5522	8	7;34;123
5525	1	5;6;32
5525	2	7;9;25
5525	3	2;12;16
5525	4	5;7;15
5525	5	8;12;36
5525	6	3;6;31
5525	7	8;10;32
5525	8	4;10;39
5526	1	49;98;386;988
5526	2	47;96;192;664
5526	3	39;90;342;662
5526	4	36;55;378;681
5526	5	49;54;304;678
5526	6	25;64;288;926
5526	7	44;51;242;685
5526	8	32;77;368;677
5529	1	6;39
5529	2	5;58
5529	3	4;35
5529	4	7;36
5529	5	9;34
5529	6	8;25
5529	7	3;46
5529	8	6;41
5531	1	2;214;1721;2653
5531	2	5;476;1173;1576
5531	3	3;320;882;1835
5531	4	5;162;1637;3498
5531	5	4;454;1723;2772
5531	6	3;388;542;925
5531	7	4;408;784;1991
5531	8	4;346;1633;1868
5532	1	4;6;12;15
5532	2	4;5;13;15
5532	3	4;5;12;15
5532	4	3;4;8;12
5532	5	3;7;12;13
5532	6	2;3;9;13
5532	7	4;7;12;16
5532	8	4;5;10;15
5533	1	2;8;1000
5533	2	3;15;1615
5533	3	8;13;2119
5533	4	6;10;2100
5533	5	4;12;1662
5533	6	4;13;3289
5533	7	6;9;1158
5533	8	2;12;3522
5535	1	22;29;38;41
5535	2	12;28;31;33
5535	3	20;26;33;41
5535	4	15;24;25;36
5535	5	11;21;28;36
5535	6	6;13;18;21
5535	7	14;18;33;43
5535	8	14;25;34;43
5537	1	1780;111672
5537	2	692;98128
5537	3	583;127657
5537	4	668;131150
5537	5	927;109728
5537	6	737;119606
5537	7	1772;124170
5537	8	751;108774
5538	1	6;33;1105
5538	2	9;46;1045
5538	3	8;16;462
5538	4	8;37;1080
5538	5	9;30;702
5538	6	12;52;1008
5538	7	11;24;560
5538	8	12;48;495
5547	1	2;8;15
5547	2	3;9;13
5547	3	3;6;9
5547	4	5;7;9
5547	5	5;6;14
5547	6	2;5;10
5547	7	4;8;14
5547	8	4;8;15
5548	1	1;5;8
5548	2	1;5;7
5548	3	1;3;8
5548	4	1;4;8
5548	5	1;4;6
5548	6	1;5;6
5548	7	1;4;7
5548	8	1;3;5
5550	1	3;6;30
5550	2	4;7;36
5550	3	3;4;33
5550	4	5;9;15
5550	5	3;8;27
5550	6	3;5;25
5550	7	2;6;11
5550	8	2;4;27
5551	1	41;453;510
5551	2	50;553;610
5551	3	46;642;695
5551	4	54;567;656
5551	5	75;422;550
5551	6	32;625;671
5551	7	79;371;527
5551	8	55;424;496
5553	1	7;17;56
5553	2	5;13;50
5553	3	5;9;40
5553	4	5;11;50
5553	5	5;13;60
5553	6	5;17;50
5553	7	3;11;24
5553	8	5;13;40
5554	1	78
5554	2	34
5554	3	104
5554	4	48
5554	5	90
5554	6	72
5554	7	86
5554	8	82
5555	1	88
5555	2	107
5555	3	144
5555	4	116
5555	5	96
5555	6	227
5555	7	102
5555	8	133
5556	1	18;59;655
5556	2	15;27;740
5556	3	8;54;577
5556	4	9;52;571
5556	5	6;24;281
5556	6	11;80;657
5556	7	20;41;680
5556	8	13;63;382
5557	1	8;36
5557	2	11;39
5557	3	10;36
5557	4	4;45
5557	5	11;36
5557	6	8;51
5557	7	11;45
5557	8	5;51
5558	1	6;7;260
5558	2	7;10;136
5558	3	2;5;252
5558	4	7;10;357
5558	5	3;6;357
5558	6	8;16;327
5558	7	4;8;381
5558	8	7;15;264
5559	1	4;5;12
5559	2	2;4;12
5559	3	4;5;8
5559	4	2;3;5
5559	5	4;5;9
5559	6	3;4;13
5559	7	2;4;13
5559	8	3;4;10
5561	1	1.5;37;41
5561	2	1.5;18;39
5561	3	1.5;16;42
5561	4	1.5;23;26
5561	5	1.5;40;47
5561	6	1.5;35;45
5561	7	1.5;14;15
5561	8	1.5;23;46
5566	1	5;10
5566	2	6;7
5566	3	3;11
5566	4	6;8
5566	5	5;8
5566	6	9;11
5566	7	8;9
5566	8	3;10
5568	1	66;70;236
5568	2	68;78;250
5568	3	67;71;258
5568	4	41;43;144
5568	5	33;47;142
5568	6	67;77;270
5568	7	47;68;187
5568	8	64;85;249
5570	1	3;9;40;58
5570	2	2;5;12;20
5570	3	5;7;38;42
5570	4	3;9;17;28
5570	5	3;6;10;15
5570	6	2;7;21;38
5570	7	5;9;32;44
5570	8	2;8;14;45
5572	1	11;23
5572	2	13;21
5572	3	9;13
5572	4	8;20
5572	5	14;22
5572	6	6;22
5572	7	9;15
5572	8	19;23
5574	1	4;9
5574	2	2;8
5574	3	2;6
5574	4	3;4
5574	5	2;7
5574	6	2;4
5574	7	5;8
5574	8	2;9
5575	1	22;63
5575	2	50;129
5575	3	50;147
5575	4	62;171
5575	5	34;101
5575	6	62;179
5575	7	66;173
5575	8	58;171
5576	1	5;6
5576	2	3;4
5576	3	4;7
5576	4	5;7
5576	5	5;9
5576	6	5;8
5576	7	4;6
5576	8	4;5
5577	1	12;68
5577	2	12;62
5577	3	12;54
5577	4	8;93
5577	5	11;72
5577	6	12;58
5577	7	6;108
5577	8	6;112
5579	1	1;20;34;80
5579	2	1;10;25;40
5579	3	1;8;35;56
5579	4	1;12;35;72
5579	5	1;18;25;108
5579	6	1;16;32;128
5579	7	1;20;33;60
5579	8	1;18;36;54
5582	1	12.4;1304
5582	2	29.9;3039
5582	3	22.8;2326
5582	4	12.5;1291
5582	5	8.4;930
5582	6	28.6;2916
5582	7	10.6;1080
5582	8	8.2;884
5585	1	24
5585	2	52
5585	3	14
5585	4	40
5585	5	36
5585	6	32
5585	7	34
5585	8	44
5590	1	4;5;9865
5590	2	3;4;3936
5590	3	4;6;2547
5590	4	5;8;5120
5590	5	3;5;2960
5590	6	5;6;9720
5590	7	5;6;4062
5590	8	4;6;7665
5591	1	14;24;178
5591	2	12;32;152
5591	3	16;28;108
5591	4	11;15;103
5591	5	14;50;106
5591	6	17;49;117
5591	7	14;16;170
5591	8	12;16;88
5595	1	643216
5595	2	535568
5595	3	1832552
5595	4	1993656
5595	5	1321704
5595	6	542976
5595	7	1083960
5595	8	1546176
5596	1	935;3078
5596	2	1373;2406
5596	3	1043;7284
5596	4	1228;5353
5596	5	1132;3768
5596	6	1176;6566
5596	7	958;6031
5596	8	1347;7267
5599	1	4;8;36
5599	2	4;8;26
5599	3	2;6;21
5599	4	2;3;33
5599	5	5;7;28
5599	6	2;6;63
5599	7	4;6;66
5599	8	4;8;76
5600	1	192184;588443
5600	2	216217;466260
5600	3	121758;863529
5600	4	220935;834322
5600	5	169276;600587
5600	6	225881;717444
5600	7	152166;689721
5600	8	80295;396834
5602	1	2;12;21
5602	2	2;13;25
5602	3	4;30;43
5602	4	2;15;28
5602	5	4;30;44
5602	6	5;20;31
5602	7	3;15;22
5602	8	4;30;50
5603	1	8;172
5603	2	9;215
5603	3	18;246
5603	4	15;249
5603	5	20;112
5603	6	13;293
5603	7	6;288
5603	8	11;159
5604	1	3;8
5604	2	4;16
5604	3	4;12
5604	4	3;16
5604	5	2;16
5604	6	3;12
5604	7	2;14
5604	8	2;10
5605	1	23
5605	2	32
5605	3	38
5605	4	35
5605	5	24
5605	6	29
5605	7	42
5605	8	16
5607	1	3;7;13;15
5607	2	2;7;13;15
5607	3	4;8;10;11
5607	4	4;6;11;12
5607	5	3;8;9;19
5607	6	3;6;12;17
5607	7	5;6;7;10
5607	8	3;8;11;13
5608	1	4;13;196
5608	2	2;19;142
5608	3	5;15;200
5608	4	5;9;200
5608	5	2;31;106
5608	6	2;13;94
5608	7	2;15;94
5608	8	2;31;178
5613	1	4;12;1784
5613	2	4;16;4657
5613	3	8;16;3547
5613	4	7;14;3496
5613	5	5;15;3960
5613	6	12;16;4056
5613	7	3;11;4476
5613	8	6;8;3969
5615	1	3;16
5615	2	5;16
5615	3	3;17
5615	4	3;13
5615	5	5;15
5615	6	4;14
5615	7	4;15
5615	8	4;17
5617	1	34;44
5617	2	28;38
5617	3	22;24
5617	4	26;44
5617	5	26;40
5617	6	22;28
5617	7	28;50
5617	8	14;16
5622	1	3;7;13
5622	2	3;5;11
5622	3	5;6;16
5622	4	2;5;9
5622	5	4;6;14
5622	6	4;8;16
5622	7	5;7;17
5622	8	2;8;12
5624	1	4;17;68
5624	2	2;19;70
5624	3	4;14;61
5624	4	3;20;81
5624	5	4;13;49
5624	6	2;24;98
5624	7	4;21;77
5624	8	2;21;70
5628	1	84
5628	2	40
5628	3	72
5628	4	91
5628	5	56
5628	6	33
5628	7	79
5628	8	54
5630	1	20.06;50;720
5630	2	20.42;25;426
5630	3	19.5;35;406
5630	4	19.42;25;206
5630	5	10.75;74;711
5630	6	15.05;20;251
5630	7	20.25;28;397
5630	8	17.2;25;394
5632	1	24;110
5632	2	30;88
5632	3	32;105
5632	4	39;80
5632	5	33;80
5632	6	21;80
5632	7	30;92
5632	8	16;90
5633	1	5;17;26
5633	2	12;19;34
5633	3	12;23;44
5633	4	12;28;41
5633	5	9;15;32
5633	6	9;16;27
5633	7	8;12;21
5633	8	8;14;25
5637	1	11;46;120
5637	2	12;59;159
5637	3	10;57;129
5637	4	12;51;144
5637	5	12;59;155
5637	6	17;52;200
5637	7	16;31;110
5637	8	9;52;105
5638	1	9;11
5638	2	6;14
5638	3	7;13
5638	4	13;15
5638	5	10;16
5638	6	7;10
5638	7	6;13
5638	8	12;15
5640	1	15;16;27;91
5640	2	20;22;29;97
5640	3	10;11;16;66
5640	4	14;17;26;88
5640	5	17;25;27;96
5640	6	9;14;17;53
5640	7	15;17;20;68
5640	8	15;23;27;90
5642	1	3;6
5642	2	3;16
5642	3	3;19
5642	4	3;14
5642	5	3;12
5642	6	3;9
5642	7	3;18
5642	8	3;8
5643	1	2;15;26
5643	2	2;33;40
5643	3	2;32;60
5643	4	2;30;52
5643	5	2;19;36
5643	6	2;17;20
5643	7	2;29;46
5643	8	2;14;16
5648	1	58
5648	2	48
5648	3	20
5648	4	52
5648	5	54
5648	6	26
5648	7	18
5648	8	50
5649	1	14;49
5649	2	14;35
5649	3	7;14
5649	4	16;35
5649	5	11;32
5649	6	7;17
5649	7	4;14
5649	8	10;39
5652	1	439;716
5652	2	668;900
5652	3	346;473
5652	4	356;995
5652	5	331;439
5652	6	872;913
5652	7	486;592
5652	8	696;865
5653	1	20;55
5653	2	9;54
5653	3	18;89
5653	4	7;84
5653	5	19;59
5653	6	10;34
5653	7	7;89
5653	8	24;72
5654	1	20
5654	2	27
5654	3	8
5654	4	19
5654	5	25
5654	6	17
5654	7	12
5654	8	22
5656	1	20;560
5656	2	21;587
5656	3	30;507
5656	4	29;311
5656	5	26;306
5656	6	25;359
5656	7	27;260
5656	8	28;205
5662	1	4;9;15
5662	2	6;16;20
5662	3	8;19;22
5662	4	4;12;16
5662	5	3;13;20
5662	6	7;16;18
5662	7	4;9;10
5662	8	3;8;10
5663	1	2;10
5663	2	2;12
5663	3	2;16
5663	4	2;20
5663	5	2;8
5663	6	2;18
5663	7	2;24
5663	8	2;22
5664	1	4;7;32
5664	2	3;10;51
5664	3	2;9;34
5664	4	8;9;80
5664	5	4;5;52
5664	6	5;8;45
5664	7	6;7;102
5664	8	3;12;90
5665	1	52
5665	2	78
5665	3	75
5665	4	46
5665	5	27
5665	6	62
5665	7	66
5665	8	37
5674	1	1099
5674	2	826
5674	3	1127
5674	4	1050
5674	5	1176
5674	6	434
5674	7	343
5674	8	840
5675	1	5;86
5675	2	6;139
5675	3	7;68
5675	4	4;109
5675	5	9;78
5675	6	2;73
5675	7	3;106
5675	8	8;125
5676	1	2;5;22
5676	2	2;4;17
5676	3	2;3;21
5676	4	2;5;23
5676	5	3;4;22
5676	6	2;5;15
5676	7	2;3;18
5676	8	2;5;17
5680	1	810
5680	2	640
5680	3	400
5680	4	680
5680	5	550
5680	6	720
5680	7	990
5680	8	520
5681	1	6;7;12
5681	2	7;8;33
5681	3	2;3;12
5681	4	7;8;13
5681	5	2;3;32
5681	6	2;3;16
5681	7	7;8;25
5681	8	2;3;20
5684	1	10;13;14;43
5684	2	6;9;12;69
5684	3	10;13;19;62
5684	4	5;6;20;41
5684	5	13;16;21;59
5684	6	11;12;18;67
5684	7	7;16;20;54
5684	8	5;14;18;38
5685	1	19
5685	2	14
5685	3	5
5685	4	12
5685	5	7
5685	6	17
5685	7	16
5685	8	11
5686	1	4;9;15;17
5686	2	4;7;10;16
5686	3	5;10;12;16
5686	4	8;11;16;18
5686	5	6;13;15;20
5686	6	4;8;13;16
5686	7	3;5;11;16
5686	8	4;7;13;14
5687	1	2;4;7;9
5687	2	2;3;7;9
5687	3	2;4;5;9
5687	4	2;5;6;9
5687	5	2;5;8;9
5687	6	2;5;7;9
5687	7	3;4;5;6
5687	8	2;4;6;9
5689	1	5;14;20
5689	2	3;19;20
5689	3	4;5;39
5689	4	4;7;19
5689	5	3;16;17
5689	6	2;6;16
5689	7	4;19;31
5689	8	5;12;23
5690	1	8;11;64
5690	2	4;13;53
5690	3	3;21;78
5690	4	4;18;49
5690	5	6;17;70
5690	6	6;17;59
5690	7	4;11;45
5690	8	7;13;50
5692	1	10;36
5692	2	12;38
5692	3	14;46
5692	4	19;48
5692	5	9;41
5692	6	13;47
5692	7	11;46
5692	8	9;33
5699	1	87
5699	2	103
5699	3	57
5699	4	74
5699	5	94
5699	6	101
5699	7	91
5699	8	93
5701	1	2;5;52
5701	2	2;9;54
5701	3	3;6;45
5701	4	2;5;24
5701	5	2;9;58
5701	6	3;6;39
5701	7	4;7;60
5701	8	2;5;50
5702	1	3;56;132;244
5702	2	2;39;293;541
5702	3	5;37;145;559
5702	4	2;75;221;357
5702	5	4;32;168;572
5702	6	3;76;214;482
5702	7	3;61;183;393
5702	8	4;50;214;686
5704	1	3;7;14;40
5704	2	4;10;20;61
5704	3	3;16;17;65
5704	4	7;13;19;62
5704	5	3;13;16;56
5704	6	7;10;20;71
5704	7	3;12;14;45
5704	8	10;14;18;71
5712	1	3;6;13;20
5712	2	2;5;9;20
5712	3	2;9;10;37
5712	4	2;5;12;36
5712	5	2;5;10;30
5712	6	3;6;8;15
5712	7	4;7;9;37
5712	8	4;7;13;21
5719	1	120
5719	2	36
5719	3	48
5719	4	42
5719	5	54
5719	6	102
5719	7	96
5719	8	72
5721	1	2;8;10
5721	2	2;8;14
5721	3	2;6;14
5721	4	2;6;10
5721	5	3;8;19
5721	6	2;4;6
5721	7	3;4;11
5721	8	2;8;18
5722	1	5;18;24
5722	2	4;9;17
5722	3	7;8;28
5722	4	2;11;39
5722	5	6;7;40
5722	6	5;10;23
5722	7	4;9;31
5722	8	7;8;32
5723	1	4;261;372
5723	2	5;266;312
5723	3	5;239;410
5723	4	4;183;243
5723	5	5;188;256
5723	6	5;166;251
5723	7	4;188;345
5723	8	5;262;309
5725	1	4;18
5725	2	3;9
5725	3	2;8
5725	4	4;6
5725	5	3;13
5725	6	2;20
5725	7	4;10
5725	8	3;17
5734	1	8;10;12;16
5734	2	3;8;15;21
5734	3	6;10;12;16
5734	4	9;12;17;19
5734	5	5;10;15;20
5734	6	8;13;16;19
5734	7	5;11;17;18
5734	8	6;7;16;21
5735	1	3;4;32;3632
5735	2	3;4;36;1816
5735	3	5;8;19;2088
5735	4	3;5;27;3685
5735	5	4;5;20;3020
5735	6	2;3;33;1215
5735	7	5;6;34;2262
5735	8	3;4;15;2776
5740	1	2;13;86
5740	2	5;7;27
5740	3	5;8;88
5740	4	3;8;49
5740	5	2;11;90
5740	6	4;9;87
5740	7	4;20;85
5740	8	2;23;79
5744	1	39;148;218
5744	2	31;119;141
5744	3	49;75;271
5744	4	49;152;195
5744	5	33;87;167
5744	6	31;127;173
5744	7	37;120;177
5744	8	33;133;193
5747	1	1;4;10
5747	2	1;2;10
5747	3	1;4;8
5747	4	1;2;11
5747	5	1;4;6
5747	6	1;2;12
5747	7	1;4;16
5747	8	1;2;5
5748	1	4;8;7870;32146
5748	2	4;9;2841;21912
5748	3	3;5;6201;25096
5748	4	2;3;7177;47116
5748	5	2;6;4970;21416
5748	6	4;8;6129;37005
5748	7	4;5;2168;42803
5748	8	4;6;2767;21331
5750	1	32;51;55
5750	2	17;32;80
5750	3	24;36;50
5750	4	15;31;79
5750	5	20;45;50
5750	6	19;24;70
5750	7	14;38;58
5750	8	11;37;54
5752	1	5;21
5752	2	5;44
5752	3	4;59
5752	4	4;34
5752	5	3;28
5752	6	4;28
5752	7	5;41
5752	8	4;36
5753	1	50;75
5753	2	53;73
5753	3	36;56
5753	4	53;98
5753	5	17;32
5753	6	47;92
5753	7	24;39
5753	8	46;86
5756	1	9;20
5756	2	8;19
5756	3	15;48
5756	4	18;41
5756	5	13;30
5756	6	20;27
5756	7	11;40
5756	8	6;37
5758	1	3;8;66
5758	2	3;14;51
5758	3	3;5;60
5758	4	3;5;66
5758	5	3;8;72
5758	6	3;12;72
5758	7	3;7;66
5758	8	3;17;66
5759	1	7;12;14
5759	2	4;16;19
5759	3	3;5;10
5759	4	2;8;17
5759	5	3;5;18
5759	6	2;6;9
5759	7	5;14;20
5759	8	6;12;13
5761	1	4;77
5761	2	6;94
5761	3	5;55
5761	4	3;33
5761	5	2;92
5761	6	4;35
5761	7	3;26
5761	8	2;77
5763	1	13;152;204
5763	2	11;47;143
5763	3	12;112;181
5763	4	7;65;186
5763	5	6;84;151
5763	6	10;83;251
5763	7	8;108;114
5763	8	12;131;256
5767	1	1;4;88
5767	2	1;7;56
5767	3	1;4;72
5767	4	1;5;70
5767	5	1;5;90
5767	6	1;5;40
5767	7	1;7;112
5767	8	1;3;90
5768	1	6;7;103;127
5768	2	6;7;53;87
5768	3	6;7;78;95
5768	4	3;4;95;132
5768	5	6;9;86;93
5768	6	3;5;72;81
5768	7	4;5;88;125
5768	8	4;6;63;82
5769	1	4;5;37;56
5769	2	3;4;48;94
5769	3	3;8;18;58
5769	4	4;5;19;40
5769	5	4;8;33;43
5769	6	2;6;37;47
5769	7	3;6;26;78
5769	8	5;12;29;58
5770	1	2;15
5770	2	5;50
5770	3	6;43
5770	4	4;35
5770	5	6;49
5770	6	5;24
5770	7	4;47
5770	8	6;25
5771	1	8;9;12
5771	2	8;11;14
5771	3	10;11;16
5771	4	6;7;10
5771	5	10;12;16
5771	6	10;12;18
5771	7	4;5;6
5771	8	12;16;18
5774	1	9;24
5774	2	10;21
5774	3	12;15
5774	4	23;27
5774	5	11;27
5774	6	9;21
5774	7	16;18
5774	8	12;24
5775	1	2;3;52
5775	2	4;5;46
5775	3	3;5;47
5775	4	2;3;48
5775	5	4;5;56
5775	6	3;4;25
5775	7	2;5;56
5775	8	3;4;31
5779	1	3;5;45
5779	2	2;5;30
5779	3	4;5;60
5779	4	2;4;24
5779	5	4;5;40
5779	6	2;5;50
5779	7	2;4;20
5779	8	3;5;55
5780	1	20;2285
5780	2	22;3750
5780	3	25;3280
5780	4	36;1350
5780	5	40;1650
5780	6	20;3445
5780	7	40;2040
5780	8	40;3165
5784	1	1;2;39
5784	2	1;8;29
5784	3	1;7;33
5784	4	1;4;31
5784	5	1;6;33
5784	6	1;8;27
5784	7	1;8;31
5784	8	1;5;27
5785	1	2;4;44
5785	2	2;3;35
5785	3	2;4;40
5785	4	2;4;47
5785	5	2;3;36
5785	6	2;3;38
5785	7	2;3;34
5785	8	3;4;56
5786	1	1;3;6
5786	2	1;2;8
5786	3	1;4;6
5786	4	1;5;8
5786	5	1;3;8
5786	6	1;4;10
5786	7	1;4;8
5786	8	1;2;6
5790	1	15;25;55
5790	2	12;18;63
5790	3	8;12;45
5790	4	13;20;60
5790	5	8;16;58
5790	6	9;15;70
5790	7	15;21;49
5790	8	12;15;45
5792	1	2;3;61
5792	2	2;8;38
5792	3	2;4;42
5792	4	3;9;71
5792	5	2;3;21
5792	6	2;5;51
5792	7	3;4;34
5792	8	5;7;73
5796	1	81;254
5796	2	63;280
5796	3	162;179
5796	4	90;329
5796	5	182;267
5796	6	125;228
5796	7	120;419
5796	8	156;210
5797	1	2;7;9;15
5797	2	4;7;10;11
5797	3	4;5;10;11
5797	4	5;6;13;15
5797	5	2;4;9;11
5797	6	2;8;9;14
5797	7	2;8;9;12
5797	8	2;6;8;11
5798	1	90
5798	2	150
5798	3	95
5798	4	50
5798	5	105
5798	6	140
5798	7	145
5798	8	100
5799	1	8;12
5799	2	2;10
5799	3	4;9
5799	4	7;10
5799	5	5;6
5799	6	4;8
5799	7	2;4
5799	8	5;12
5800	1	1.5;12;22
5800	2	1.3;9;20
5800	3	1.2;9;20
5800	4	1.6;11;15
5800	5	1.4;7;15
5800	6	1.1;5;20
5800	7	1.5;13;24
5800	8	1.1;5;10
5802	1	11;2962;5862
5802	2	9;1926;5377
5802	3	10;2954;4414
5802	4	8;3411;3514
5802	5	7;2215;3218
5802	6	10;3324;5277
5802	7	13;3384;8591
5802	8	10;2452;5273
5805	1	633
5805	2	924
5805	3	912
5805	4	1164
5805	5	1232
5805	6	1084
5805	7	612
5805	8	1255
5807	1	14;17;54
5807	2	5;27;39
5807	3	7;26;31
5807	4	10;29;56
5807	5	17;28;49
5807	6	16;25;42
5807	7	11;18;43
5807	8	9;28;37
5811	1	4;5;10;45
5811	2	3;7;9;49
5811	3	4;7;8;47
5811	4	3;7;13;48
5811	5	3;4;6;46
5811	6	3;4;6;23
5811	7	3;8;15;48
5811	8	3;6;11;37
5818	1	8;17
5818	2	3;16
5818	3	6;10
5818	4	4;5
5818	5	7;12
5818	6	5;19
5818	7	3;14
5818	8	6;9
5822	1	132;136;141
5822	2	54;93;148
5822	3	134;165;179
5822	4	53;115;116
5822	5	62;106;248
5822	6	117;132;144
5822	7	92;108;253
5822	8	55;108;124
5825	1	6;11
5825	2	16;19
5825	3	8;37
5825	4	6;23
5825	5	4;20
5825	6	9;37
5825	7	9;17
5825	8	8;30
5826	1	3;5;7
5826	2	3;5;6
5826	3	2;3;5
5826	4	4;5;7
5826	5	2;5;7
5826	6	2;5;8
5826	7	3;5;8
5826	8	4;5;6
5827	1	394;3136
5827	2	266;3192
5827	3	393;3780
5827	4	211;2219
5827	5	175;1386
5827	6	216;1652
5827	7	366;3570
5827	8	195;1834
5830	1	4;11;18
5830	2	3;6;39
5830	3	3;18;35
5830	4	4;9;48
5830	5	4;8;23
5830	6	5;19;22
5830	7	5;19;48
5830	8	2;7;12
5831	1	7.5;15
5831	2	7.85;8
5831	3	3.7;8
5831	4	7.15;19
5831	5	3.55;16
5831	6	6.1;8
5831	7	4.3;14
5831	8	5.6;8
5832	1	3;13;44
5832	2	4;21;45
5832	3	7;9;21
5832	4	7;12;45
5832	5	4;19;46
5832	6	7;11;44
5832	7	5;14;33
5832	8	7;16;48
5834	1	1;2;42;59;62
5834	2	1;2;52;56;66
5834	3	1;2;54;64;77
5834	4	1;4;68;69;71
5834	5	1;4;32;53;56
5834	6	1;2;60;66;94
5834	7	1;2;46;68;90
5834	8	1;2;50;52;61
5839	1	2;10;20
5839	2	2;20;60
5839	3	2;12;24
5839	4	2;16;40
5839	5	2;12;48
5839	6	4;14;28
5839	7	2;13;52
5839	8	2;24;36
5840	1	4;14;69
5840	2	2;12;164
5840	3	4;10;171
5840	4	3;17;174
5840	5	2;16;188
5840	6	2;12;115
5840	7	4;14;108
5840	8	2;16;153
5842	1	8;31;103
5842	2	15;86;222
5842	3	10;29;137
5842	4	13;80;206
5842	5	10;83;93
5842	6	17;38;96
5842	7	12;73;227
5842	8	13;36;192
5843	1	19;45
5843	2	27;48
5843	3	22;36
5843	4	10;24
5843	5	19;51
5843	6	21;51
5843	7	16;30
5843	8	9;24
5850	1	1;4;376;1025
5850	2	1;3;414;1652
5850	3	1;3;408;2257
5850	4	1;3;726;3659
5850	5	1;5;560;3386
5850	6	1;4;812;2261
5850	7	1;4;788;1960
5850	8	1;3;804;3114
5851	1	4;14
5851	2	6;16
5851	3	7;14
5851	4	6;15
5851	5	7;17
5851	6	5;16
5851	7	6;14
5851	8	7;18
5852	1	3;16;54
5852	2	8;13;114
5852	3	5;20;112
5852	4	8;15;129
5852	5	4;22;107
5852	6	3;10;35
5852	7	4;19;83
5852	8	5;18;98
5854	1	4;6;24;33;84
5854	2	4;7;19;60;91
5854	3	5;6;14;31;72
5854	4	2;6;22;59;88
5854	5	3;9;15;60;77
5854	6	3;4;36;45;78
5854	7	4;7;13;48;71
5854	8	4;5;21;26;57
5856	1	76
5856	2	84
5856	3	72
5856	4	68
5856	5	108
5856	6	116
5856	7	40
5856	8	92
5857	1	5;16;27
5857	2	4;10;25
5857	3	6;12;19
5857	4	6;14;31
5857	5	3;19;21
5857	6	6;8;36
5857	7	8;9;33
5857	8	6;16;31
5858	1	440
5858	2	437
5858	3	188
5858	4	376
5858	5	263
5858	6	550
5858	7	478
5858	8	474
5859	1	16;24;49
5859	2	7;15;72
5859	3	10;18;35
5859	4	5;15;46
5859	5	12;22;45
5859	6	19;25;60
5859	7	9;19;34
5859	8	8;22;73
5860	1	2;16;440
5860	2	2;12;882
5860	3	2;12;739
5860	4	2;16;794
5860	5	2;12;887
5860	6	2;16;892
5860	7	2;20;337
5860	8	2;16;925
5864	1	5;24
5864	2	6;24
5864	3	7;25
5864	4	4;27
5864	5	3;27
5864	6	8;26
5864	7	5;13
5864	8	6;19
5868	1	3;29
5868	2	2;38
5868	3	4;46
5868	4	3;33
5868	5	2;20
5868	6	4;36
5868	7	3;21
5868	8	2;22
5869	1	2;5;13;19;20
5869	2	4;5;10;27;30
5869	3	3;7;11;15;20
5869	4	3;11;24;26;39
5869	5	4;7;24;25;42
5869	6	2;11;16;28;56
5869	7	3;9;20;26;29
5869	8	3;6;16;28;53
5870	1	2;3;36;72
5870	2	2;3;60;84
5870	3	2;3;38;100
5870	4	2;3;34;92
5870	5	2;3;60;72
5870	6	2;3;50;60
5870	7	2;3;58;92
5870	8	2;3;16;32
5874	1	48
5874	2	22
5874	3	46
5874	4	44
5874	5	18
5874	6	58
5874	7	30
5874	8	60
5875	1	9;62
5875	2	4;48
5875	3	13;74
5875	4	6;84
5875	5	6;30
5875	6	15;60
5875	7	6;42
5875	8	16;80
5877	1	4;5;9;14;36
5877	2	2;5;6;7;27
5877	3	2;6;8;13;37
5877	4	4;6;7;8;26
5877	5	3;5;9;14;36
5877	6	3;5;6;7;27
5877	7	5;7;9;14;36
5877	8	2;7;8;13;37
5879	1	27
5879	2	48
5879	3	15
5879	4	24
5879	5	57
5879	6	60
5879	7	54
5879	8	39
5880	1	11
5880	2	7
5880	3	15
5880	4	13
5880	5	9
5880	6	10
5880	7	16
5880	8	6
5888	1	7;12;15
5888	2	9;10;13
5888	3	7;8;15
5888	4	8;9;10
5888	5	7;12;13
5888	6	5;8;11
5888	7	7;12;16
5888	8	9;10;14
5893	1	4;5;8;28;39
5893	2	7;10;13;18;34
5893	3	5;7;18;21;53
5893	4	2;7;11;21;38
5893	5	8;11;16;17;31
5893	6	6;12;17;21;36
5893	7	6;12;18;27;55
5893	8	7;12;13;28;36
5896	1	9;11
5896	2	12;14
5896	3	7;13
5896	4	8;14
5896	5	7;12
5896	6	5;13
5896	7	3;14
5896	8	11;14
5898	1	5;6;2508
5898	2	5;6;6471
5898	3	5;8;4208
5898	4	4;5;6300
5898	5	4;7;4746
5898	6	3;4;6230
5898	7	3;4;6726
5898	8	5;8;2976
5901	1	3;4;8;9
5901	2	5;6;7;8
5901	3	2;5;7;8
5901	4	3;6;7;8
5901	5	4;5;7;8
5901	6	3;4;7;8
5901	7	3;8;9;12
5901	8	4;5;8;11
5903	1	7;14
5903	2	10;14
5903	3	7;9
5903	4	5;13
5903	5	10;13
5903	6	11;12
5903	7	6;12
5903	8	5;15
5910	1	5;14
5910	2	6;9
5910	3	7;16
5910	4	4;7
5910	5	9;16
5910	6	8;14
5910	7	3;16
5910	8	4;8
5911	1	0.5;3;10
5911	2	0.5;4;40
5911	3	0.5;4;15
5911	4	0.5;3;11
5911	5	0.5;4;29
5911	6	0.5;3;31
5911	7	0.5;4;37
5911	8	0.5;3;12
5913	1	4;15;24
5913	2	4;5;9
5913	3	11;16;22
5913	4	7;14;16
5913	5	11;14;23
5913	6	3;10;23
5913	7	12;17;18
5913	8	3;10;13
5915	1	3;6;7;43
5915	2	4;7;10;56
5915	3	2;5;6;60
5915	4	3;6;7;57
5915	5	4;7;10;42
5915	6	3;6;7;55
5915	7	3;6;7;51
5915	8	2;9;10;38
5916	1	9
5916	2	22
5916	3	23
5916	4	24
5916	5	10
5916	6	15
5916	7	12
5916	8	21
5918	1	19;26;79
5918	2	14;25;54
5918	3	12;21;60
5918	4	10;20;38
5918	5	11;25;71
5918	6	10;13;82
5918	7	7;22;47
5918	8	16;23;52
5919	1	2;11
5919	2	4;16
5919	3	3;11
5919	4	5;13
5919	5	5;10
5919	6	4;12
5919	7	4;14
5919	8	4;8
5922	1	7
5922	2	9
5922	3	14
5922	4	20
5922	5	10
5922	6	21
5922	7	17
5922	8	6
5924	1	11
5924	2	20
5924	3	13
5924	4	18
5924	5	15
5924	6	8
5924	7	9
5924	8	14
5925	1	458;3404
5925	2	604;3362
5925	3	300;2006
5925	4	340;2056
5925	5	224;3514
5925	6	496;2546
5925	7	217;3218
5925	8	540;3382
5926	1	2;19;50;89;5677
5926	2	4;5;72;139;5499
5926	3	2;8;22;190;2084
5926	4	3;19;75;189;4830
5926	5	4;11;68;128;4544
5926	6	2;6;58;107;2698
5926	7	3;12;39;149;2670
5926	8	3;5;31;128;5696
5929	1	3;22
5929	2	2;15
5929	3	2;14
5929	4	2;21
5929	5	2;11
5929	6	2;16
5929	7	2;22
5929	8	2;18
5930	1	1;5;8;12
5930	2	1;4;6;8
5930	3	1;3;6;12
5930	4	1;5;7;12
5930	5	1;3;6;10
5930	6	1;3;5;8
5930	7	1;4;5;6
5930	8	1;4;7;10
5934	1	65
5934	2	23
5934	3	51
5934	4	25
5934	5	30
5934	6	41
5934	7	39
5934	8	31
5937	1	7;102
5937	2	8;108
5937	3	6;78
5937	4	9;117
5937	5	8;105
5937	6	9;123
5937	7	4;51
5937	8	6;81
5938	1	6;96
5938	2	18;208
5938	3	7;97
5938	4	8;138
5938	5	15;215
5938	6	9;159
5938	7	6;136
5938	8	6;146
5939	1	7;19
5939	2	4;10
5939	3	5;35
5939	4	6;36
5939	5	3;39
5939	6	8;11
5939	7	9;26
5939	8	2;26
5941	1	25;283;429;577
5941	2	10;281;616;676
5941	3	10;411;680;955
5941	4	9;565;650;1111
5941	5	17;488;545;731
5941	6	11;438;737;1136
5941	7	27;260;323;413
5941	8	23;403;474;789
5943	1	72
5943	2	78
5943	3	54
5943	4	36
5943	5	48
5943	6	60
5943	7	30
5943	8	66
5944	1	9;13;16;40
5944	2	6;10;13;23
5944	3	9;11;16;32
5944	4	4;6;19;59
5944	5	9;13;16;38
5944	6	5;11;12;56
5944	7	4;6;19;55
5944	8	4;6;11;21
5947	1	32;2265
5947	2	30;2444
5947	3	72;2655
5947	4	42;1938
5947	5	34;1278
5947	6	20;3660
5947	7	58;1230
5947	8	64;2600
5949	1	3;5;25;64
5949	2	2;5;23;48
5949	3	5;6;36;77
5949	4	4;5;26;64
5949	5	5;6;37;89
5949	6	4;8;35;71
5949	7	3;9;38;88
5949	8	4;8;36;87
5953	1	6;23
5953	2	5;47
5953	3	4;28
5953	4	6;42
5953	5	4;13
5953	6	7;33
5953	7	8;28
5953	8	8;22
5954	1	32
5954	2	31
5954	3	34
5954	4	27
5954	5	29
5954	6	35
5954	7	24
5954	8	17
5958	1	9;134
5958	2	8;133
5958	3	3;180
5958	4	6;87
5958	5	5;154
5958	6	4;49
5958	7	7;64
5958	8	9;70
5960	1	17
5960	2	8
5960	3	12
5960	4	11
5960	5	26
5960	6	10
5960	7	14
5960	8	27
5962	1	5;10;16;27
5962	2	6;7;27;37
5962	3	6;7;45;53
5962	4	8;13;35;55
5962	5	7;8;28;37
5962	6	6;15;35;51
5962	7	9;14;18;35
5962	8	8;13;35;53
5963	1	3;556;2235
5963	2	2;631;2218
5963	3	2;693;2334
5963	4	2;663;2118
5963	5	2;441;2258
5963	6	4;299;2318
5963	7	4;517;2280
5963	8	3;366;2151
5967	1	3;4;15
5967	2	5;6;11
5967	3	4;6;18
5967	4	4;6;16
5967	5	5;8;13
5967	6	5;8;14
5967	7	5;6;19
5967	8	5;6;18
5968	1	3;5
5968	2	2;12
5968	3	4;14
5968	4	4;10
5968	5	3;13
5968	6	2;8
5968	7	3;9
5968	8	4;6
5969	1	6;105
5969	2	20;89
5969	3	8;143
5969	4	7;79
5969	5	5;188
5969	6	16;133
5969	7	7;196
5969	8	10;193
5972	1	4;7;10
5972	2	2;6;9
5972	3	3;8;12
5972	4	2;6;7
5972	5	5;8;13
5972	6	2;7;8
5972	7	3;7;10
5972	8	4;6;10
5973	1	2;5;19
5973	2	2;3;15
5973	3	2;3;19
5973	4	2;4;16
5973	5	2;4;14
5973	6	2;3;13
5973	7	3;4;19
5973	8	2;3;21
5976	1	3;16;101
5976	2	4;15;106
5976	3	5;14;103
5976	4	7;15;149
5976	5	4;14;124
5976	6	6;15;126
5976	7	7;10;97
5976	8	5;14;143
5978	1	23;920
5978	2	16;896
5978	3	23;736
5978	4	10;360
5978	5	18;288
5978	6	21;1008
5978	7	17;612
5978	8	11;308
5980	1	2;4;8;9
5980	2	2;5;8;9
5980	3	2;5;6;9
5980	4	2;4;7;9
5980	5	2;4;6;9
5980	6	2;3;8;9
5980	7	2;3;6;9
5980	8	2;3;4;9
5984	1	5703
5984	2	2871
5984	3	3855
5984	4	2277
5984	5	4626
5984	6	6519
5984	7	4542
5984	8	8628
5987	1	4;16;662
5987	2	3;12;322
5987	3	6;16;882
5987	4	7;28;516
5987	5	5;20;902
5987	6	6;24;326
5987	7	3;12;918
5987	8	7;14;736
5988	1	3;5;25
5988	2	3;5;30
5988	3	2;3;26
5988	4	2;8;31
5988	5	4;6;31
5988	6	4;7;32
5988	7	2;8;39
5988	8	2;3;35
5992	1	162;675;750
5992	2	50;950;1280
5992	3	64;647;1664
5992	4	168;966;1992
5992	5	120;920;1398
5992	6	80;880;1515
5992	7	164;808;1312
5992	8	86;645;768
5995	1	41;429
5995	2	18;308
5995	3	42;479
5995	4	31;406
5995	5	51;381
5995	6	54;376
5995	7	20;341
5995	8	18;411
5996	1	49
5996	2	21
5996	3	44
5996	4	27
5996	5	35
5996	6	31
5996	7	52
5996	8	34
5999	1	68
5999	2	70
5999	3	82
5999	4	116
5999	5	118
5999	6	110
5999	7	105
5999	8	61
6000	1	2;4;6
6000	2	2;6;9
6000	3	3;9;12
6000	4	3;8;16
6000	5	3;6;10
6000	6	2;8;16
6000	7	3;9;15
6000	8	4;8;14
6002	1	2;2184;9358
6002	2	2;688;2553
6002	3	4;780;4305
6002	4	4;904;4940
6002	5	3;1824;8645
6002	6	2;1956;7285
6002	7	2;2152;8706
6002	8	3;1050;6457
6004	1	4;5;30
6004	2	5;7;48
6004	3	5;9;90
6004	4	5;9;42
6004	5	4;7;76
6004	6	4;7;92
6004	7	4;9;66
6004	8	3;5;94
6005	1	4;12
6005	2	8;27
6005	3	3;36
6005	4	4;29
6005	5	6;43
6005	6	4;20
6005	7	3;39
6005	8	7;40
6008	1	6;9;24
6008	2	4;12;17
6008	3	6;13;18
6008	4	2;14;15
6008	5	3;13;24
6008	6	4;8;12
6008	7	2;16;23
6008	8	3;15;18
6011	1	39;49;68
6011	2	20;36;64
6011	3	12;41;43
6011	4	11;20;57
6011	5	17;39;46
6011	6	11;27;61
6011	7	33;34;65
6011	8	36;44;64
6015	1	3;8;24
6015	2	4;9;50
6015	3	4;7;37
6015	4	3;5;46
6015	5	4;6;16
6015	6	4;9;36
6015	7	3;8;45
6015	8	4;6;37
6017	1	2;3;7;38331
6017	2	3;5;12;27785
6017	3	4;6;14;60687
6017	4	5;6;9;22014
6017	5	4;7;11;52199
6017	6	3;5;8;73985
6017	7	2;3;18;71817
6017	8	2;3;13;44760
6019	1	124
6019	2	156
6019	3	103
6019	4	118
6019	5	168
6019	6	151
6019	7	74
6019	8	90
6020	1	3;4;9;29;98
6020	2	2;4;10;28;88
6020	3	2;4;5;12;93
6020	4	4;6;8;18;91
6020	5	2;4;9;20;117
6020	6	4;7;12;22;91
6020	7	2;6;7;32;80
6020	8	3;4;12;21;101
6021	1	19;39
6021	2	26;40
6021	3	11;27
6021	4	26;44
6021	5	12;14
6021	6	9;17
6021	7	22;24
6021	8	8;30
6023	1	8;13
6023	2	9;23
6023	3	8;14
6023	4	5;20
6023	5	9;14
6023	6	12;28
6023	7	10;15
6023	8	7;30
6028	1	1;2;60
6028	2	1;2;24
6028	3	1;2;48
6028	4	1;2;20
6028	5	1;2;50
6028	6	1;2;34
6028	7	1;2;40
6028	8	1;2;44
6029	1	723;1586;5774
6029	2	813;2582;7571
6029	3	788;2029;5941
6029	4	391;3093;7232
6029	5	590;2025;5575
6029	6	532;2624;6815
6029	7	1111;2581;8704
6029	8	641;3093;8719
6030	1	3;6;138
6030	2	3;7;301
6030	3	4;5;170
6030	4	4;5;250
6030	5	5;8;288
6030	6	3;7;231
6030	7	5;6;318
6030	8	3;8;280
6032	1	2;48;58
6032	2	4;54;106
6032	3	3;37;55
6032	4	2;64;96
6032	5	3;53;77
6032	6	2;44;72
6032	7	3;61;94
6032	8	2;48;60
6037	1	3;120
6037	2	3;98
6037	3	2;129
6037	4	2;48
6037	5	3;82
6037	6	2;128
6037	7	2;95
6037	8	4;147
6038	1	3;5;14
6038	2	4;6;19
6038	3	3;7;12
6038	4	2;9;10
6038	5	3;6;11
6038	6	4;5;14
6038	7	5;7;12
6038	8	3;8;17
6039	1	4;6;72
6039	2	3;4;184
6039	3	2;3;120
6039	4	2;3;63
6039	5	5;6;114
6039	6	3;4;188
6039	7	4;5;150
6039	8	2;3;87
6040	1	145;479;1948
6040	2	89;573;1983
6040	3	183;392;1915
6040	4	228;248;1831
6040	5	154;447;2325
6040	6	113;168;967
6040	7	213;360;1264
6040	8	182;306;1369
6044	1	2;3;15
6044	2	4;5;16
6044	3	3;4;16
6044	4	5;6;14
6044	5	3;4;17
6044	6	4;5;13
6044	7	3;4;12
6044	8	3;4;11
6045	1	32;111
6045	2	47;134
6045	3	14;124
6045	4	17;70
6045	5	48;117
6045	6	27;121
6045	7	12;85
6045	8	29;56
6046	1	148;517;1425;2880
6046	2	107;252;1708;3665
6046	3	134;279;1151;2683
6046	4	224;363;1121;2798
6046	5	233;682;1190;3182
6046	6	168;603;1733;4149
6046	7	158;411;1535;3455
6046	8	214;579;1603;3478
6050	1	5;6
6050	2	4;8
6050	3	5;8
6050	4	3;8
6050	5	3;5
6050	6	3;6
6050	7	5;7
6050	8	3;7
6052	1	292
6052	2	300
6052	3	303
6052	4	400
6052	5	352
6052	6	169
6052	7	203
6052	8	123
6054	1	31;303;12703
6054	2	17;646;17539
6054	3	15;313;8054
6054	4	27;473;16028
6054	5	29;323;10048
6054	6	15;665;17961
6054	7	30;484;17573
6054	8	18;615;14571
6055	1	23;794
6055	2	13;789
6055	3	12;845
6055	4	19;436
6055	5	16;625
6055	6	10;1354
6055	7	10;673
6055	8	21;916
6057	1	8;20;53;90
6057	2	5;13;32;116
6057	3	7;11;44;120
6057	4	2;9;28;79
6057	5	6;18;41;103
6057	6	5;15;23;35
6057	7	6;12;52;104
6057	8	3;16;76;78
6059	1	13;31;93
6059	2	20;34;83
6059	3	11;59;199
6059	4	9;15;132
6059	5	8;60;74
6059	6	15;37;199
6059	7	12;32;185
6059	8	18;38;138
6060	1	7;24;34
6060	2	5;48;68
6060	3	5;51;65
6060	4	5;37;63
6060	5	7;45;65
6060	6	8;38;62
6060	7	4;43;77
6060	8	7;52;98
6061	1	24;123
6061	2	19;100
6061	3	22;141
6061	4	23;126
6061	5	22;133
6061	6	16;95
6061	7	15;90
6061	8	9;54
6062	1	6;52
6062	2	3;15
6062	3	6;38
6062	4	11;43
6062	5	10;28
6062	6	9;29
6062	7	4;36
6062	8	11;19
6064	1	9
6064	2	5
6064	3	4
6064	4	11
6064	5	3
6064	6	12
6064	7	8
6064	8	6
6065	1	25;98
6065	2	28;35
6065	3	23;44
6065	4	32;81
6065	5	37;50
6065	6	19;75
6065	7	29;72
6065	8	37;89
6069	1	19;301
6069	2	10;136
6069	3	14;228
6069	4	11;245
6069	5	17;287
6069	6	9;231
6069	7	13;259
6069	8	18;336
6071	1	16;309
6071	2	10;377
6071	3	10;235
6071	4	12;243
6071	5	10;193
6071	6	16;174
6071	7	14;202
6071	8	16;534
6073	1	9;35
6073	2	14;65
6073	3	12;55
6073	4	14;50
6073	5	8;30
6073	6	14;55
6073	7	12;45
6073	8	18;65
6074	1	4;252
6074	2	7;934
6074	3	6;950
6074	4	5;470
6074	5	8;972
6074	6	7;268
6074	7	5;954
6074	8	4;390
6075	1	10;14;37
6075	2	9;10;28
6075	3	4;5;39
6075	4	5;7;27
6075	5	7;12;23
6075	6	6;8;19
6075	7	5;10;25
6075	8	3;7;23
6076	1	79
6076	2	27
6076	3	83
6076	4	95
6076	5	31
6076	6	87
6076	7	47
6076	8	35
6078	1	8;31;757
6078	2	9;12;727
6078	3	18;33;571
6078	4	15;30;514
6078	5	20;25;915
6078	6	13;36;970
6078	7	6;15;817
6078	8	17;18;740
6081	1	28;98
6081	2	30;99
6081	3	90;117
6081	4	40;92
6081	5	70;91
6081	6	60;90
6081	7	46;69
6081	8	34;119
6085	1	5;20;26
6085	2	9;13;15
6085	3	5;18;20
6085	4	14;15;21
6085	5	7;9;17
6085	6	7;12;18
6085	7	9;19;25
6085	8	13;14;28
6086	1	2.6;8;28
6086	2	1.75;3;23
6086	3	2.8;6;26
6086	4	2.6;6;21
6086	5	2.75;9;33
6086	6	3;12;37
6086	7	1.95;7;27
6086	8	1.8;8;38
6088	1	4;8
6088	2	3;5
6088	3	4;6
6088	4	4;7
6088	5	3;7
6088	6	3;6
6088	7	3;8
6088	8	4;5
6090	1	35;435
6090	2	34;259
6090	3	21;242
6090	4	36;446
6090	5	23;552
6090	6	26;182
6090	7	21;460
6090	8	32;390
6091	1	19;39
6091	2	23;27
6091	3	17;23
6091	4	17;30
6091	5	16;35
6091	6	13;31
6091	7	8;39
6091	8	7;19
6093	1	4;15
6093	2	7;26
6093	3	6;15
6093	4	5;28
6093	5	8;23
6093	6	3;38
6093	7	2;59
6093	8	9;30
6095	1	5;21
6095	2	5;22
6095	3	4;24
6095	4	3;31
6095	5	4;21
6095	6	5;29
6095	7	5;12
6095	8	5;16
6098	1	7;18;306
6098	2	9;18;306
6098	3	4;27;189
6098	4	6;21;315
6098	5	5;31;217
6098	6	5;20;200
6098	7	6;20;360
6098	8	4;27;243
6099	1	40
6099	2	77
6099	3	62
6099	4	83
6099	5	80
6099	6	26
6099	7	71
6099	8	53
6100	1	2;3;4
6100	2	5;6;11
6100	3	3;7;12
6100	4	2;6;11
6100	5	4;5;6
6100	6	5;9;12
6100	7	3;5;12
6100	8	3;9;10
6102	1	20;37
6102	2	19;21
6102	3	22;32
6102	4	23;37
6102	5	30;56
6102	6	39;55
6102	7	25;43
6102	8	32;35
6103	1	5;41
6103	2	8;30
6103	3	5;27
6103	4	9;29
6103	5	4;38
6103	6	7;31
6103	7	6;36
6103	8	5;31
6105	1	9;113
6105	2	11;170
6105	3	3;147
6105	4	9;196
6105	5	9;52
6105	6	7;110
6105	7	12;82
6105	8	11;82
6110	1	4;7;8
6110	2	3;6;11
6110	3	2;9;16
6110	4	4;7;12
6110	5	3;6;9
6110	6	2;5;6
6110	7	2;5;9
6110	8	4;7;14
6113	1	5;10;23
6113	2	8;9;15
6113	3	5;7;23
6113	4	2;12;13
6113	5	7;11;19
6113	6	4;9;17
6113	7	6;12;19
6113	8	6;7;21
6118	1	4;29;72;460
6118	2	3;29;96;723
6118	3	2;17;97;646
6118	4	3;22;117;707
6118	5	2;9;57;218
6118	6	2;11;98;362
6118	7	2;15;58;356
6118	8	3;22;82;571
6122	1	4;34;41;286
6122	2	4;27;37;266
6122	3	4;31;39;236
6122	4	3;25;26;167
6122	5	3;33;38;233
6122	6	4;32;47;295
6122	7	5;31;32;311
6122	8	4;21;38;256
6124	1	5;10.6;11
6124	2	5;7.6;13
6124	3	8;9.5;10
6124	4	4;5.5;10
6124	5	6;10;11
6124	6	4;6;7
6124	7	5;6.2;13
6124	8	6;7.5;13
6125	1	5;21;24;88
6125	2	11;12;16;89
6125	3	18;27;31;78
6125	4	8;15;35;97
6125	5	13;29;34;78
6125	6	6;20;37;108
6125	7	15;17;40;105
6125	8	5;9;44;95
6126	1	57;188;670
6126	2	110;129;488
6126	3	159;171;668
6126	4	104;155;589
6126	5	107;114;492
6126	6	49;186;569
6126	7	149;167;576
6126	8	68;86;347
6128	1	20;29;160
6128	2	15;40;109
6128	3	15;20;257
6128	4	20;21;170
6128	5	8;25;208
6128	6	15;20;133
6128	7	14;25;252
6128	8	19;20;285
6134	1	3;4;168
6134	2	4;6;201
6134	3	5;7;168
6134	4	5;7;252
6134	5	5;8;176
6134	6	3;4;364
6134	7	5;7;336
6134	8	3;4;148
6135	1	66;140;153
6135	2	90;156;198
6135	3	97;99;128
6135	4	106;168;268
6135	5	61;101;115
6135	6	39;166;201
6135	7	100;171;231
6135	8	93;216;271
6136	1	36
6136	2	18
6136	3	38
6136	4	42
6136	5	40
6136	6	26
6136	7	46
6136	8	28
6138	1	5;6;154
6138	2	3;4;57
6138	3	4;7;129
6138	4	4;6;123
6138	5	4;9;195
6138	6	5;8;185
6138	7	5;9;200
6138	8	4;6;116
6143	1	772
6143	2	682
6143	3	472
6143	4	590
6143	5	722
6143	6	758
6143	7	618
6143	8	750
6145	1	4;7;8
6145	2	3;5;13
6145	3	4;7;19
6145	4	3;5;24
6145	5	5;8;21
6145	6	5;9;16
6145	7	4;6;10
6145	8	4;7;21
6146	1	13;179;308
6146	2	25;181;264
6146	3	45;226;280
6146	4	39;295;438
6146	5	25;275;490
6146	6	49;287;386
6146	7	39;203;268
6146	8	13;187;334
6148	1	5;15;16
6148	2	10;14;17
6148	3	7;12;17
6148	4	7;13;16
6148	5	8;9;10
6148	6	8;16;17
6148	7	6;14;17
6148	8	11;16;17
6150	1	3;5
6150	2	2;6
6150	3	3;6
6150	4	3;7
6150	5	2;3
6150	6	2;5
6150	7	2;7
6150	8	3;4
6153	1	4;19
6153	2	8;24
6153	3	6;19
6153	4	9;26
6153	5	8;19
6153	6	9;21
6153	7	9;25
6153	8	3;19
6158	1	600
6158	2	514
6158	3	522
6158	4	342
6158	5	286
6158	6	650
6158	7	758
6158	8	760
6160	1	28;544;5321;11036
6160	2	53;290;5152;14341
6160	3	36;447;1718;15316
6160	4	52;383;3681;14212
6160	5	35;509;5315;12828
6160	6	36;189;2494;5061
6160	7	34;198;1670;5322
6160	8	38;453;2557;11991
6161	1	6;31;77
6161	2	7;54;158
6161	3	2;51;129
6161	4	6;25;77
6161	5	4;43;107
6161	6	2;53;153
6161	7	5;38;116
6161	8	6;45;117
6163	1	104;471
6163	2	80;360
6163	3	101;436
6163	4	105;468
6163	5	67;294
6163	6	48;216
6163	7	50;218
6163	8	81;333
6167	1	7;15;30;93
6167	2	5;10;12;46
6167	3	9;22;24;120
6167	4	5;22;25;84
6167	5	13;16;17;120
6167	6	10;25;30;91
6167	7	6;24;39;124
6167	8	11;20;37;108
6170	1	108
6170	2	90
6170	3	120
6170	4	72
6170	5	78
6170	6	114
6170	7	30
6170	8	96
6172	1	19
6172	2	21
6172	3	20
6172	4	23
6172	5	22
6172	6	16
6172	7	33
6172	8	34
6174	1	2;5;36
6174	2	2;4;26
6174	3	2;5;32
6174	4	2;3;24
6174	5	2;3;38
6174	6	2;5;40
6174	7	2;3;30
6174	8	2;3;28
6175	1	20;154
6175	2	48;110
6175	3	32;110
6175	4	12;168
6175	5	40;81
6175	6	34;191
6175	7	48;127
6175	8	40;178
6176	1	41
6176	2	26
6176	3	29
6176	4	40
6176	5	37
6176	6	31
6176	7	39
6176	8	42
6178	1	17;40;90;207
6178	2	12;21;66;153
6178	3	17;29;42;98
6178	4	35;40;88;194
6178	5	22;33;57;152
6178	6	20;33;97;228
6178	7	9;22;74;182
6178	8	13;37;63;152
6179	1	14
6179	2	15
6179	3	16
6179	4	11
6179	5	7
6179	6	17
6179	7	8
6179	8	13
6180	1	2;5;7
6180	2	3;5;7
6180	3	2;5;6
6180	4	3;5;8
6180	5	3;4;5
6180	6	2;5;8
6180	7	2;4;5
6180	8	3;5;6
6181	1	2;9;11;30
6181	2	3;6;9;39
6181	3	2;5;13;30
6181	4	3;6;7;23
6181	5	2;5;11;40
6181	6	2;9;10;52
6181	7	4;7;8;54
6181	8	2;9;12;58
6182	1	3;5;9
6182	2	2;10;11
6182	3	3;9;10
6182	4	4;6;10
6182	5	4;6;11
6182	6	3;5;12
6182	7	4;6;13
6182	8	3;5;6
6183	1	3;4;6
6183	2	2;3;8
6183	3	2;4;8
6183	4	2;5;8
6183	5	3;5;6
6183	6	4;5;8
6183	7	2;4;6
6183	8	2;4;5
6185	1	5;13;134;174
6185	2	6;14;125;155
6185	3	4;8;77;149
6185	4	5;7;80;150
6185	5	2;12;87;175
6185	6	8;14;113;121
6185	7	5;9;86;158
6185	8	4;16;85;117
6186	1	4;7;9;62
6186	2	2;5;7;36
6186	3	3;6;11;44
6186	4	2;5;6;31
6186	5	4;7;11;52
6186	6	3;6;11;56
6186	7	4;7;12;57
6186	8	2;9;13;42
6190	1	8.2;15.2
6190	2	7.5;14.5
6190	3	10;14
6190	4	11.7;14.7
6190	5	11;15
6190	6	12;14
6190	7	6.1;12.1
6190	8	3.4;6.4
6191	1	4405;49836
6191	2	9008;119468
6191	3	3662;41824
6191	4	8155;110996
6191	5	7058;30620
6191	6	7922;91880
6191	7	2696;89400
6191	8	6866;106612
6194	1	1;4;255
6194	2	1;2;225
6194	3	1;4;185
6194	4	1;4;205
6194	5	1;2;147
6194	6	1;4;295
6194	7	1;2;249
6194	8	1;2;327
6197	1	188;664
6197	2	358;757
6197	3	302;816
6197	4	262;820
6197	5	305;892
6197	6	338;821
6197	7	179;452
6197	8	133;623
6198	1	4;7
6198	2	3;4
6198	3	5;6
6198	4	4;6
6198	5	4;5
6198	6	5;9
6198	7	5;8
6198	8	5;7
6200	1	5;8;340;3696
6200	2	4;6;204;3399
6200	3	3;4;343;2748
6200	4	5;7;232;3458
6200	5	5;7;484;3969
6200	6	5;8;304;1808
6200	7	5;7;162;3122
6200	8	4;7;359;3668
6204	1	12;108
6204	2	18;81
6204	3	14;99
6204	4	18;76
6204	5	14;94
6204	6	8;90
6204	7	12;36
6204	8	12;85
6207	1	48;2600
6207	2	40;1850
6207	3	20;2560
6207	4	44;2500
6207	5	20;2150
6207	6	42;1050
6207	7	22;2000
6207	8	30;2640
6208	1	2.7;6;10
6208	2	2.5;8;14
6208	3	2.4;5;10
6208	4	2.5;8;12
6208	5	0.7;6;10
6208	6	1.5;4;12
6208	7	1.8;8;15
6208	8	1.5;6;12
6210	1	9;30
6210	2	6;17
6210	3	8;20
6210	4	3;35
6210	5	5;13
6210	6	6;27
6210	7	7;14
6210	8	8;18
6211	1	0.4;2;11
6211	2	0.7;1.4;6
6211	3	0.4;1.6;19
6211	4	0.6;2.4;5
6211	5	0.3;1.8;10
6211	6	0.2;2;17
6211	7	0.8;2.4;7
6211	8	0.2;2.4;17
6212	1	4;13;16;33
6212	2	2;6;7;16
6212	3	2;12;17;34
6212	4	3;13;16;34
6212	5	3;9;19;33
6212	6	3;13;14;28
6212	7	3;9;10;21
6212	8	4;13;19;37
6213	1	2;14
6213	2	2;40
6213	3	2;21
6213	4	2;15
6213	5	2;16
6213	6	3;38
6213	7	2;19
6213	8	2;34
6217	1	9;12
6217	2	4;5
6217	3	6;11
6217	4	5;10
6217	5	7;8
6217	6	4;11
6217	7	8;9
6217	8	7;12
6221	1	49
6221	2	76
6221	3	71
6221	4	98
6221	5	57
6221	6	96
6221	7	35
6221	8	42
6222	1	5;8
6222	2	5;9
6222	3	4;7
6222	4	3;4
6222	5	3;8
6222	6	4;6
6222	7	4;9
6222	8	4;8
6225	1	56;82
6225	2	52;95
6225	3	61;71
6225	4	54;82
6225	5	51;97
6225	6	53;80
6225	7	60;71
6225	8	57;74
6228	1	2;7
6228	2	2;16
6228	3	2;9
6228	4	4;14
6228	5	5;13
6228	6	2;8
6228	7	2;13
6228	8	5;16
6232	1	56;92
6232	2	48;70
6232	3	64;90
6232	4	52;72
6232	5	32;42
6232	6	56;60
6232	7	72;78
6232	8	44;60
6233	1	100
6233	2	95
6233	3	25
6233	4	40
6233	5	65
6233	6	60
6233	7	85
6233	8	35
6242	1	1.5;3;31
6242	2	1.5;2;24
6242	3	1.5;2;29
6242	4	2.5;3;25
6242	5	1.5;4;16
6242	6	2;3;21
6242	7	1.5;2;27
6242	8	1.5;4;31
6245	1	4;5;9
6245	2	3;6;13
6245	3	2;7;10
6245	4	3;5;8
6245	5	3;5;10
6245	6	2;3;8
6245	7	3;9;10
6245	8	2;5;10
6247	1	33
6247	2	46
6247	3	56
6247	4	45
6247	5	77
6247	6	55
6247	7	62
6247	8	59
6249	1	4;5;134
6249	2	3;12;111
6249	3	4;12;119
6249	4	4;8;122
6249	5	5;13;142
6249	6	5;11;138
6249	7	3;8;137
6249	8	4;7;170
6254	1	2;64;131
6254	2	4;19;84
6254	3	5;35;183
6254	4	3;29;107
6254	5	2;43;122
6254	6	4;26;110
6254	7	4;20;85
6254	8	4;43;203
6255	1	10;151;696
6255	2	20;202;667
6255	3	17;73;523
6255	4	25;244;672
6255	5	30;235;690
6255	6	30;162;520
6255	7	13;96;375
6255	8	25;191;730
6258	1	38495
6258	2	100528
6258	3	105460
6258	4	89223
6258	5	53408
6258	6	110926
6258	7	102508
6258	8	49890
6259	1	6;42
6259	2	7;74
6259	3	5;46
6259	4	7;72
6259	5	6;26
6259	6	4;36
6259	7	3;38
6259	8	5;34
6262	1	2;4;321
6262	2	3;9;496
6262	3	3;12;425
6262	4	4;8;756
6262	5	3;9;552
6262	6	4;10;679
6262	7	5;9;616
6262	8	3;8;550
6263	1	2;25;32
6263	2	2;20;38
6263	3	2;21;26
6263	4	2;20;36
6263	5	2;12;14
6263	6	2;22;26
6263	7	2;12;20
6263	8	2;27;32
6264	1	34;122
6264	2	33;257
6264	3	58;254
6264	4	41;197
6264	5	48;148
6264	6	33;215
6264	7	17;177
6264	8	41;127
6265	1	302;669
6265	2	258;718
6265	3	390;649
6265	4	246;370
6265	5	530;791
6265	6	314;715
6265	7	337;508
6265	8	571;648
6266	1	107;178
6266	2	60;249
6266	3	115;160
6266	4	108;171
6266	5	89;302
6266	6	136;173
6266	7	43;106
6266	8	76;145
6270	1	13;17
6270	2	14;22
6270	3	14;16
6270	4	9;13
6270	5	17;24
6270	6	12;22
6270	7	16;27
6270	8	13;21
6273	1	1;12;76
6273	2	1;12;42
6273	3	1;6;68
6273	4	1;6;70
6273	5	1;6;48
6273	6	1;8;92
6273	7	1;6;30
6273	8	1;8;80
6279	1	3;4;5;16;36
6279	2	2;4;7;22;39
6279	3	3;4;7;16;38
6279	4	3;5;6;26;38
6279	5	3;4;7;13;36
6279	6	2;4;10;23;41
6279	7	2;4;9;20;37
6279	8	2;3;11;21;37
6284	1	3;13;14;23
6284	2	5;16;17;34
6284	3	5;10;12;18
6284	4	4;9;11;35
6284	5	5;8;11;14
6284	6	5;8;9;18
6284	7	4;10;11;38
6284	8	3;15;17;25
6285	1	3;4;56
6285	2	4;5;170
6285	3	4;5;80
6285	4	4;6;180
6285	5	3;4;168
6285	6	5;7;154
6285	7	4;5;150
6285	8	3;5;50
6286	1	8;1017;5280;13119
6286	2	9;778;4938;18139
6286	3	11;1283;5794;21443
6286	4	8;1397;3245;14281
6286	5	9;1114;5435;10819
6286	6	10;1391;4548;21355
6286	7	13;999;4569;22533
6286	8	6;1341;4879;8191
6288	1	13;72;94
6288	2	39;53;127
6288	3	52;56;109
6288	4	34;44;79
6288	5	32;40;86
6288	6	38;39;108
6288	7	28;48;96
6288	8	25;43;78
6289	1	249
6289	2	183
6289	3	342
6289	4	116
6289	5	140
6289	6	282
6289	7	311
6289	8	266
6290	1	2;290
6290	2	4;280
6290	3	2;178
6290	4	4;250
6290	5	2;206
6290	6	4;188
6290	7	2;190
6290	8	4;150
6291	1	4;5
6291	2	4;6
6291	3	4;9
6291	4	2;7
6291	5	2;9
6291	6	4;8
6291	7	5;6
6291	8	5;7
6292	1	5;59
6292	2	3;38
6292	3	3;53
6292	4	5;55
6292	5	5;49
6292	6	5;56
6292	7	4;56
6292	8	4;46
6296	1	6;30
6296	2	8;30
6296	3	9;30
6296	4	6;28
6296	5	7;22
6296	6	4;14
6296	7	7;26
6296	8	9;32
6297	1	4;5;6;12;395
6297	2	3;4;8;13;388
6297	3	3;4;7;11;476
6297	4	3;4;6;14;416
6297	5	2;3;7;14;217
6297	6	2;3;6;15;165
6297	7	3;4;5;10;148
6297	8	2;3;7;11;209
6299	1	29
6299	2	25
6299	3	22
6299	4	19
6299	5	31
6299	6	24
6299	7	28
6299	8	27
6300	1	15720
6300	2	13736
6300	3	6032
6300	4	11672
6300	5	8808
6300	6	11152
6300	7	8728
6300	8	9000
6301	1	9;15
6301	2	3;13
6301	3	8;48
6301	4	5;37
6301	5	6;30
6301	6	7;45
6301	7	4;44
6301	8	9;29
6303	1	8;96
6303	2	8;51
6303	3	4;111
6303	4	4;69
6303	5	7;57
6303	6	5;117
6303	7	4;96
6303	8	5;51
6304	1	18;34;121
6304	2	13;23;118
6304	3	13;19;74
6304	4	21;39;89
6304	5	15;26;59
6304	6	16;17;78
6304	7	20;29;100
6304	8	8;11;67
6306	1	3;35
6306	2	2;27
6306	3	2;72
6306	4	2;75
6306	5	3;42
6306	6	2;78
6306	7	3;77
6306	8	2;57
6307	1	2.5;5;7
6307	2	2.5;4;19
6307	3	1.5;3;15
6307	4	2.5;3;6
6307	5	1.5;2;15
6307	6	2.5;3;15
6307	7	1.5;2;5
6307	8	1.5;4;9
6310	1	71;190
6310	2	66;191
6310	3	103;286
6310	4	57;175
6310	5	87;243
6310	6	96;256
6310	7	93;269
6310	8	102;279
6312	1	10;50
6312	2	13;78
6312	3	14;70
6312	4	13;65
6312	5	9;45
6312	6	9;63
6312	7	10;80
6312	8	8;24
6313	1	40;56
6313	2	29;45
6313	3	30;44
6313	4	32;44
6313	5	31;45
6313	6	34;52
6313	7	32;48
6313	8	23;41
6315	1	359;702
6315	2	428;1190
6315	3	343;840
6315	4	478;1117
6315	5	423;1007
6315	6	442;581
6315	7	328;930
6315	8	355;569
6317	1	3;4;5;7
6317	2	3;4;5;13
6317	3	3;4;5;14
6317	4	3;5;6;14
6317	5	3;6;9;14
6317	6	2;4;5;11
6317	7	3;6;7;9
6317	8	3;4;7;12
6318	1	32;43
6318	2	30;53
6318	3	22;58
6318	4	22;36
6318	5	32;57
6318	6	34;42
6318	7	12;47
6318	8	32;34
6322	1	4;105
6322	2	5;101
6322	3	4;92
6322	4	5;57
6322	5	3;62
6322	6	4;101
6322	7	3;65
6322	8	3;80
6323	1	15;19;124
6323	2	7;25;113
6323	3	18;36;151
6323	4	16;30;122
6323	5	12;14;84
6323	6	13;15;89
6323	7	14;38;155
6323	8	6;26;156
6324	1	21;110
6324	2	23;130
6324	3	21;120
6324	4	18;100
6324	5	24;150
6324	6	28;160
6324	7	25;150
6324	8	20;130
6326	1	492
6326	2	666
6326	3	288
6326	4	276
6326	5	552
6326	6	894
6326	7	324
6326	8	438
6328	1	334;571
6328	2	363;461
6328	3	119;235
6328	4	282;305
6328	5	141;490
6328	6	107;206
6328	7	319;475
6328	8	353;382
6329	1	2;5;15
6329	2	2;3;11
6329	3	4;5;14
6329	4	2;3;4
6329	5	3;4;14
6329	6	3;4;16
6329	7	2;4;13
6329	8	3;4;11
6330	1	6;44
6330	2	10;84
6330	3	12;70
6330	4	8;42
6330	5	10;52
6330	6	12;90
6330	7	18;92
6330	8	14;88
6332	1	13;44
6332	2	17;55
6332	3	8;29
6332	4	14;51
6332	5	13;49
6332	6	17;61
6332	7	16;63
6332	8	12;44
6333	1	3;9;10;36
6333	2	3;9;13;43
6333	3	2;6;12;36
6333	4	2;5;11;30
6333	5	3;5;11;31
6333	6	5;7;9;32
6333	7	3;4;8;29
6333	8	3;8;13;38
6335	1	192
6335	2	168
6335	3	348
6335	4	380
6335	5	260
6335	6	372
6335	7	528
6335	8	144
6336	1	880
6336	2	760
6336	3	340
6336	4	280
6336	5	800
6336	6	460
6336	7	400
6336	8	420
6341	1	2;4;39
6341	2	3;6;20
6341	3	4;5;29
6341	4	3;6;32
6341	5	2;3;15
6341	6	3;4;28
6341	7	4;6;33
6341	8	2;5;15
6342	1	15;165
6342	2	6;276
6342	3	12;321
6342	4	13;304
6342	5	12;259
6342	6	12;234
6342	7	9;282
6342	8	5;319
6345	1	8;9;60
6345	2	10;13;58
6345	3	3;6;17
6345	4	6;10;36
6345	5	7;9;47
6345	6	8;12;44
6345	7	7;11;17
6345	8	8;11;20
6347	1	7;8;9;32;67
6347	2	4;7;20;38;88
6347	3	12;17;18;37;86
6347	4	3;4;11;16;29
6347	5	8;9;10;40;42
6347	6	10;11;20;40;76
6347	7	5;10;13;28;55
6347	8	3;4;9;25;35
6349	1	44;139
6349	2	43;158
6349	3	43;93
6349	4	52;119
6349	5	62;138
6349	6	45;97
6349	7	65;104
6349	8	57;123
6350	1	9
6350	2	8
6350	3	15
6350	4	18
6350	5	13
6350	6	20
6350	7	11
6350	8	6
6356	1	2;5;6;35
6356	2	2;4;8;39
6356	3	3;5;8;40
6356	4	2;5;6;34
6356	5	2;4;5;33
6356	6	2;3;6;30
6356	7	2;3;8;28
6356	8	2;4;8;36
6360	1	17;72
6360	2	17;84
6360	3	14;69
6360	4	19;78
6360	5	13;60
6360	6	10;57
6360	7	15;66
6360	8	14;57
6361	1	18;20;37
6361	2	13;23;36
6361	3	7;13;46
6361	4	10;15;19
6361	5	14;29;45
6361	6	5;22;32
6361	7	12;13;39
6361	8	7;13;14
6363	1	3;9;23
6363	2	5;9;23
6363	3	3;9;37
6363	4	6;10;16
6363	5	5;9;17
6363	6	4;8;16
6363	7	3;9;31
6363	8	5;11;23
6366	1	3;4;9;63
6366	2	5;6;24;56
6366	3	3;5;14;65
6366	4	5;7;22;41
6366	5	5;6;19;77
6366	6	4;8;21;54
6366	7	4;5;20;62
6366	8	3;7;24;36
6369	1	376
6369	2	160
6369	3	152
6369	4	392
6369	5	248
6369	6	336
6369	7	232
6369	8	168
6370	1	11;18;69;2327
6370	2	5;23;30;2215
6370	3	6;22;113;3439
6370	4	8;13;54;3411
6370	5	9;24;77;3135
6370	6	10;23;86;2361
6370	7	9;22;57;4122
6370	8	11;21;58;3139
6372	1	4;7;11
6372	2	4;5;11
6372	3	8;10;20
6372	4	6;7;15
6372	5	8;12;20
6372	6	5;6;12
6372	7	7;12;18
6372	8	7;9;17
6378	1	14;58
6378	2	17;45
6378	3	12;39
6378	4	16;107
6378	5	18;63
6378	6	34;96
6378	7	16;68
6378	8	23;63
6380	1	56
6380	2	94
6380	3	136
6380	4	120
6380	5	64
6380	6	54
6380	7	90
6380	8	102
6381	1	9;11;35
6381	2	5;11;46
6381	3	3;9;30
6381	4	9;10;45
6381	5	7;13;47
6381	6	5;10;49
6381	7	5;10;48
6381	8	5;6;19
6386	1	3;5;8
6386	2	2;4;8
6386	3	2;5;8
6386	4	2;4;5
6386	5	3;4;5
6386	6	2;4;6
6386	7	3;4;7
6386	8	2;3;5
6387	1	4;5;9
6387	2	6;7;17
6387	3	5;6;18
6387	4	8;16;17
6387	5	4;7;12
6387	6	8;14;19
6387	7	6;7;20
6387	8	6;9;16
6389	1	4;44
6389	2	11;42
6389	3	15;38
6389	4	15;34
6389	5	5;30
6389	6	7;30
6389	7	5;46
6389	8	10;48
6391	1	122;141;685
6391	2	70;119;539
6391	3	53;108;517
6391	4	130;173;705
6391	5	113;127;579
6391	6	84;114;554
6391	7	78;145;554
6391	8	77;109;539
6395	1	4;10;26;42;99
6395	2	4;10;24;46;118
6395	3	2;20;29;76;108
6395	4	4;14;39;42;96
6395	5	2;12;17;28;70
6395	6	3;5;16;49;106
6395	7	3;17;29;41;69
6395	8	4;6;37;74;117
6396	1	7822
6396	2	5322
6396	3	6446
6396	4	2711
6396	5	7336
6396	6	2321
6396	7	3171
6396	8	2587
6397	1	8;29;32;38
6397	2	7;30;31;68
6397	3	9;29;31;48
6397	4	6;23;26;76
6397	5	6;34;38;76
6397	6	10;30;38;66
6397	7	11;39;41;49
6397	8	4;19;20;63
6401	1	38;56
6401	2	33;59
6401	3	24;77
6401	4	18;37
6401	5	21;72
6401	6	26;56
6401	7	18;43
6401	8	17;37
6409	1	22
6409	2	28
6409	3	12
6409	4	34
6409	5	26
6409	6	30
6409	7	10
6409	8	14
6412	1	24;31
6412	2	23;42
6412	3	13;31
6412	4	14;32
6412	5	14;29
6412	6	17;18
6412	7	33;49
6412	8	38;48
6413	1	288
6413	2	144
6413	3	304
6413	4	112
6413	5	248
6413	6	344
6413	7	320
6413	8	224
6414	1	6;9;16;50
6414	2	4;10;13;25
6414	3	6;9;28;56
6414	4	4;16;19;49
6414	5	5;8;17;53
6414	6	8;9;23;60
6414	7	7;8;15;45
6414	8	11;14;26;41
6420	1	10;360
6420	2	16;334
6420	3	27;399
6420	4	27;119
6420	5	12;366
6420	6	29;299
6420	7	34;320
6420	8	19;237
6421	1	14
6421	2	17
6421	3	24
6421	4	22
6421	5	13
6421	6	40
6421	7	30
6421	8	21
6422	1	3;9;19
6422	2	3;8;11
6422	3	3;18;23
6422	4	4;13;18
6422	5	3;20;38
6422	6	3;11;22
6422	7	4;6;24
6422	8	3;17;31
6423	1	22;37;55
6423	2	35;41;90
6423	3	40;43;85
6423	4	30;39;93
6423	5	27;44;84
6423	6	26;42;55
6423	7	31;47;80
6423	8	30;41;59
6425	1	0.4;3;7;14
6425	2	0.4;2;3;18
6425	3	0.2;3;7;20
6425	4	0.2;4;7;20
6425	5	0.4;2;3;6
6425	6	0.2;2;6;20
6425	7	0.1;5;7;15
6425	8	0.3;2;8;17
6428	1	1;3;6;7
6428	2	1;5;7;9
6428	3	1;3;4;9
6428	4	1;3;5;7
6428	5	1;5;6;9
6428	6	1;5;6;7
6428	7	1;3;4;7
6428	8	1;3;5;9
6429	1	2;32;39;78
6429	2	2;16;35;68
6429	3	2;24;39;68
6429	4	2;20;35;72
6429	5	2;28;35;59
6429	6	3;21;28;80
6429	7	2;12;15;50
6429	8	2;20;35;39
6432	1	4;16;30
6432	2	9;26;40
6432	3	7;16;20
6432	4	5;12;18
6432	5	7;24;42
6432	6	7;29;46
6432	7	8;23;36
6432	8	9;27;44
6433	1	5;95
6433	2	7;70
6433	3	4;56
6433	4	8;96
6433	5	7;84
6433	6	4;72
6433	7	7;56
6433	8	4;32
6435	1	4;33
6435	2	2;36
6435	3	3;24
6435	4	4;25
6435	5	2;30
6435	6	3;40
6435	7	4;35
6435	8	3;18
6436	1	129;212
6436	2	67;132
6436	3	35;64
6436	4	115;205
6436	5	126;213
6436	6	97;157
6436	7	94;153
6436	8	69;134
6439	1	3;12
6439	2	2;19
6439	3	9;14
6439	4	4;17
6439	5	7;16
6439	6	6;7
6439	7	8;13
6439	8	3;20
6441	1	8;13;156
6441	2	5;13;109
6441	3	6;11;92
6441	4	5;12;98
6441	5	8;14;184
6441	6	8;9;94
6441	7	10;12;196
6441	8	6;11;124
6442	1	8;57
6442	2	8;32
6442	3	12;48
6442	4	8;43
6442	5	8;47
6442	6	8;51
6442	7	12;37
6442	8	12;31
6444	1	9;26;71;75;78;580
6444	2	18;40;41;63;65;1510
6444	3	18;22;54;64;109;1059
6444	4	15;25;43;75;84;1600
6444	5	8;31;32;82;103;618
6444	6	9;14;31;46;66;806
6444	7	11;25;54;58;72;1140
6444	8	6;25;29;83;89;1078
6446	1	1;2;3;48
6446	2	1;4;5;35
6446	3	1;2;3;39
6446	4	1;2;3;15
6446	5	1;2;3;18
6446	6	1;2;3;21
6446	7	1;2;3;27
6446	8	1;4;5;30
6447	1	2;131;145
6447	2	3;119;304
6447	3	2;158;344
6447	4	3;54;219
6447	5	2;140;254
6447	6	3;105;273
6447	7	2;146;252
6447	8	4;96;384
6450	1	7;60;62
6450	2	12;35;75
6450	3	25;33;40
6450	4	14;35;38
6450	5	19;47;65
6450	6	18;40;88
6450	7	26;28;90
6450	8	15;21;102
6452	1	1;2;4;14
6452	2	1;2;5;10
6452	3	1;2;5;14
6452	4	1;2;5;18
6452	5	1;4;5;16
6452	6	1;2;3;14
6452	7	1;4;5;12
6452	8	1;2;4;10
6453	1	3;7;63
6453	2	5;6;84
6453	3	3;5;65
6453	4	5;6;42
6453	5	2;4;60
6453	6	2;4;48
6453	7	3;4;48
6453	8	7;8;80
6455	1	3;5;31;86
6455	2	4;5;23;88
6455	3	2;6;23;111
6455	4	4;5;25;85
6455	5	2;4;20;49
6455	6	2;5;21;69
6455	7	3;7;29;111
6455	8	3;7;20;108
6456	1	20;1585
6456	2	20;1245
6456	3	15;1220
6456	4	25;1652
6456	5	24;1850
6456	6	20;605
6456	7	16;1375
6456	8	32;1425
6457	1	1;2;4;19;27
6457	2	1;2;4;11;27
6457	3	1;2;5;15;19
6457	4	1;2;3;7;27
6457	5	1;2;5;7;19
6457	6	1;4;5;9;25
6457	7	1;2;5;7;23
6457	8	1;2;3;15;19
6459	1	2;9
6459	2	2;6
6459	3	2;11
6459	4	3;11
6459	5	3;8
6459	6	4;9
6459	7	3;7
6459	8	2;10
6463	1	81
6463	2	83
6463	3	79
6463	4	49
6463	5	73
6463	6	116
6463	7	103
6463	8	102
6464	1	7;50;90
6464	2	8;19;87
6464	3	5;48;72
6464	4	6;17;33
6464	5	5;22;92
6464	6	8;23;63
6464	7	5;36;84
6464	8	6;23;37
6465	1	25;59;186
6465	2	29;55;169
6465	3	41;47;204
6465	4	27;65;207
6465	5	50;52;193
6465	6	34;40;172
6465	7	40;66;242
6465	8	30;68;206
6466	1	3;145;250;548
6466	2	2;496;535;634
6466	3	4;326;343;361
6466	4	3;285;456;458
6466	5	2;228;326;585
6466	6	4;354;541;553
6466	7	4;222;252;626
6466	8	2;140;170;385
6467	1	22;74
6467	2	19;80
6467	3	16;89
6467	4	28;68
6467	5	29;79
6467	6	26;85
6467	7	43;89
6467	8	35;82
6469	1	4;30
6469	2	4;28
6469	3	5;21
6469	4	4;22
6469	5	8;38
6469	6	4;18
6469	7	3;11
6469	8	8;34
6471	1	2;10
6471	2	3;10
6471	3	4;8
6471	4	2;8
6471	5	3;9
6471	6	4;6
6471	7	2;9
6471	8	3;6
6472	1	3;14
6472	2	8;42
6472	3	9;32
6472	4	7;47
6472	5	4;43
6472	6	5;35
6472	7	6;30
6472	8	3;26
6476	1	3;9;77
6476	2	5;8;45
6476	3	3;6;86
6476	4	3;7;55
6476	5	3;4;105
6476	6	7;9;78
6476	7	3;7;66
6476	8	2;5;99
6480	1	20;67
6480	2	20;64
6480	3	22;73
6480	4	22;70
6480	5	22;71
6480	6	10;34
6480	7	22;74
6480	8	18;61
6486	1	15;34;56
6486	2	20;45;65
6486	3	34;49;53
6486	4	18;35;55
6486	5	22;59;95
6486	6	20;34;56
6486	7	13;36;42
6486	8	28;29;55
6487	1	6;40
6487	2	5;30
6487	3	4;23
6487	4	7;22
6487	5	9;35
6487	6	8;31
6487	7	6;17
6487	8	5;15
6488	1	5;89;112;543
6488	2	6;60;193;303
6488	3	7;82;274;555
6488	4	3;103;277;621
6488	5	8;113;222;501
6488	6	2;73;155;634
6488	7	8;129;272;435
6488	8	7;87;250;547
6489	1	33;114
6489	2	47;153
6489	3	63;240
6489	4	109;354
6489	5	49;165
6489	6	95;363
6489	7	116;372
6489	8	84;282
6490	1	3;9;55
6490	2	7;12;42
6490	3	2;13;79
6490	4	7;20;44
6490	5	5;8;91
6490	6	8;12;64
6490	7	2;24;99
6490	8	5;23;66
6491	1	200
6491	2	60
6491	3	192
6491	4	124
6491	5	64
6491	6	80
6491	7	68
6491	8	140
6493	1	10;14
6493	2	7;8
6493	3	10;13
6493	4	12;14
6493	5	12;13
6493	6	5;8
6493	7	8;10
6493	8	5;6
6494	1	4;33;35;3161;22534
6494	2	3;11;80;3764;17216
6494	3	3;21;35;3865;22437
6494	4	4;30;36;3613;19103
6494	5	3;21;69;4185;16002
6494	6	4;28;39;2188;12366
6494	7	4;31;40;4590;21499
6494	8	3;11;50;3589;21292
6496	1	35;37;115
6496	2	11;28;110
6496	3	21;45;56
6496	4	35;40;103
6496	5	26;50;103
6496	6	13;59;79
6496	7	11;23;46
6496	8	23;56;101
6498	1	59;60;639
6498	2	54;64;273
6498	3	55;64;640
6498	4	63;80;577
6498	5	48;90;354
6498	6	59;80;591
6498	7	37;72;524
6498	8	43;80;548
6499	1	2;16;36
6499	2	2;12;32
6499	3	2;12;28
6499	4	2;16;38
6499	5	2;16;28
6499	6	2;12;26
6499	7	2;16;42
6499	8	2;12;34
6501	1	7;10;94
6501	2	6;14;186
6501	3	8;11;168
6501	4	7;24;96
6501	5	4;14;170
6501	6	6;19;185
6501	7	7;27;103
6501	8	8;18;149
6502	1	35;125
6502	2	88;108
6502	3	73;142
6502	4	34;163
6502	5	55;157
6502	6	28;159
6502	7	49;105
6502	8	34;106
6506	1	8;12;16;85
6506	2	3;10;12;23
6506	3	2;23;34;36
6506	4	5;21;25;42
6506	5	4;22;34;87
6506	6	7;17;31;78
6506	7	7;11;28;36
6506	8	6;14;26;87
6507	1	3;1488
6507	2	3;2292
6507	3	9;4194
6507	4	3;4344
6507	5	5;4650
6507	6	9;2754
6507	7	9;1890
6507	8	5;4770
6508	1	2;3;7;20;26
6508	2	2;4;5;8;27
6508	3	2;3;5;12;21
6508	4	2;3;7;8;29
6508	5	2;3;4;8;22
6508	6	2;3;8;20;29
6508	7	2;4;6;8;28
6508	8	2;4;6;16;27
6513	1	8;10
6513	2	5;15
6513	3	7;19
6513	4	5;10
6513	5	7;28
6513	6	7;10
6513	7	8;11
6513	8	4;12
6515	1	20
6515	2	50
6515	3	68
6515	4	74
6515	5	37
6515	6	35
6515	7	27
6515	8	36
6516	1	47
6516	2	38
6516	3	35
6516	4	20
6516	5	34
6516	6	49
6516	7	45
6516	8	41
6517	1	3;6;8340
6517	2	4;6;4029
6517	3	4;8;2898
6517	4	2;7;5530
6517	5	2;3;6945
6517	6	3;6;5988
6517	7	3;6;7754
6517	8	4;8;2394
6518	1	3;5;66
6518	2	4;5;78
6518	3	3;4;41
6518	4	4;6;55
6518	5	4;5;54
6518	6	5;8;89
6518	7	5;7;100
6518	8	3;5;54
6524	1	2;5;7;8
6524	2	2;5;8;13
6524	3	3;5;7;9
6524	4	2;4;5;11
6524	5	3;5;6;7
6524	6	3;5;7;12
6524	7	2;5;6;13
6524	8	2;4;7;9
6527	1	16;40
6527	2	17;45
6527	3	6;31
6527	4	16;30
6527	5	10;45
6527	6	20;40
6527	7	17;19
6527	8	23;31
6528	1	615;2263;5128
6528	2	1343;3803;4478
6528	3	1445;3753;4361
6528	4	1861;3731;7155
6528	5	1404;3496;8047
6528	6	1946;3732;6707
6528	7	1118;3102;4570
6528	8	561;3039;6707
6529	1	14;20;33
6529	2	10;11;21
6529	3	10;20;21
6529	4	10;16;35
6529	5	14;27;36
6529	6	10;11;39
6529	7	10;11;29
6529	8	10;28;36
6534	1	3;18
6534	2	3;12
6534	3	3;32
6534	4	4;16
6534	5	4;27
6534	6	4;22
6534	7	5;22
6534	8	4;14
6536	1	9;11;181
6536	2	13;28;193
6536	3	20;34;182
6536	4	10;11;214
6536	5	13;16;184
6536	6	18;31;183
6536	7	16;24;197
6536	8	19;31;196
6538	1	8;60;1060
6538	2	7;83;1273
6538	3	4;30;1790
6538	4	8;48;720
6538	5	3;65;836
6538	6	7;51;716
6538	7	9;33;978
6538	8	4;30;1678
6540	1	8
6540	2	10
6540	3	9
6540	4	5
6540	5	7
6540	6	12
6540	7	4
6540	8	11
6541	1	66;260
6541	2	31;317
6541	3	60;171
6541	4	34;177
6541	5	64;155
6541	6	63;108
6541	7	31;270
6541	8	36;167
6543	1	2;7;196
6543	2	4;7;196
6543	3	2;3;144
6543	4	3;5;430
6543	5	4;7;140
6543	6	3;9;162
6543	7	2;7;140
6543	8	4;5;470
6544	1	20;116
6544	2	15;59
6544	3	19;129
6544	4	25;138
6544	5	15;197
6544	6	15;55
6544	7	19;52
6544	8	13;196
6547	1	2;3;5;9
6547	2	3;4;5;6
6547	3	4;5;6;7
6547	4	2;5;6;9
6547	5	2;4;7;9
6547	6	2;3;7;9
6547	7	2;3;8;9
6547	8	2;5;8;9
6549	1	37;89
6549	2	34;79
6549	3	14;38
6549	4	36;78
6549	5	20;55
6549	6	18;45
6549	7	9;24
6549	8	29;75
6551	1	35;92;156
6551	2	23;35;65
6551	3	39;87;137
6551	4	40;78;133
6551	5	34;73;130
6551	6	18;87;106
6551	7	21;95;118
6551	8	10;92;108
6552	1	5
6552	2	8
6552	3	10
6552	4	9
6552	5	4
6552	6	7
6552	7	12
6552	8	11
6557	1	42
6557	2	63
6557	3	25
6557	4	35
6557	5	45
6557	6	56
6557	7	55
6557	8	48
6560	1	12;36
6560	2	11;37
6560	3	6;26
6560	4	9;39
6560	5	14;34
6560	6	12;20
6560	7	15;17
6560	8	7;41
6563	1	12
6563	2	10
6563	3	5
6563	4	16
6563	5	11
6563	6	9
6563	7	14
6563	8	15
6565	1	5;39;179
6565	2	3;40;154
6565	3	6;18;114
6565	4	7;30;205
6565	5	5;26;136
6565	6	8;34;226
6565	7	3;34;112
6565	8	4;30;82
6567	1	4;8;34
6567	2	5;6;75
6567	3	3;8;63
6567	4	2;4;41
6567	5	4;7;56
6567	6	3;6;53
6567	7	2;7;40
6567	8	4;5;20
6569	1	22;288
6569	2	9;192
6569	3	22;142
6569	4	25;284
6569	5	20;113
6569	6	13;132
6569	7	12;151
6569	8	13;167
6570	1	6;11
6570	2	5;17
6570	3	4;21
6570	4	8;12
6570	5	10;12
6570	6	3;33
6570	7	7;10
6570	8	3;24
6571	1	5;8
6571	2	4;10
6571	3	4;12
6571	4	3;10
6571	5	4;8
6571	6	5;12
6571	7	5;14
6571	8	5;10
6574	1	1370
6574	2	1700
6574	3	620
6574	4	1910
6574	5	960
6574	6	1020
6574	7	1030
6574	8	2080
6576	1	5;22;97
6576	2	5;28;63
6576	3	3;11;26
6576	4	3;23;56
6576	5	5;20;95
6576	6	3;23;86
6576	7	5;23;78
6576	8	3;25;52
6578	1	11424
6578	2	16074
6578	3	15114
6578	4	16350
6578	5	18216
6578	6	19452
6578	7	19794
6578	8	12270
6581	1	1;16;19
6581	2	1;22;26
6581	3	1;20;23
6581	4	1;16;21
6581	5	1;6;9
6581	6	1;18;24
6581	7	1;18;25
6581	8	1;22;29
6583	1	20;3200
6583	2	7;3409
6583	3	6;2052
6583	4	14;3416
6583	5	18;4050
6583	6	14;3192
6583	7	7;1617
6583	8	20;3860
6586	1	60
6586	2	39
6586	3	48
6586	4	51
6586	5	18
6586	6	63
6586	7	24
6586	8	42
6590	1	39;45
6590	2	43;61
6590	3	42;62
6590	4	25;31
6590	5	40;44
6590	6	51;68
6590	7	23;31
6590	8	33;47
6593	1	3;5
6593	2	4;7
6593	3	4;8
6593	4	5;8
6593	5	5;7
6593	6	3;6
6593	7	3;8
6593	8	4;5
6594	1	32;36;73
6594	2	44;48;101
6594	3	23;41;78
6594	4	38;42;81
6594	5	42;43;97
6594	6	26;40;83
6594	7	13;31;54
6594	8	27;34;82
6595	1	2;38
6595	2	3;51
6595	3	2;34
6595	4	2;44
6595	5	2;32
6595	6	2;40
6595	7	3;45
6595	8	2;36
6597	1	1;6;11;26
6597	2	1;10;12;17
6597	3	1;7;14;25
6597	4	1;8;13;29
6597	5	1;8;14;35
6597	6	1;12;15;43
6597	7	1;9;11;33
6597	8	1;6;7;16
6598	1	5;60
6598	2	4;28
6598	3	3;57
6598	4	5;70
6598	5	4;48
6598	6	5;50
6598	7	2;76
6598	8	4;40
6602	1	5;9;65
6602	2	4;7;38
6602	3	4;6;56
6602	4	3;4;37
6602	5	4;5;22
6602	6	4;5;42
6602	7	4;6;66
6602	8	3;4;59
6603	1	3;4;23
6603	2	3;4;20
6603	3	3;4;19
6603	4	3;4;17
6603	5	3;4;24
6603	6	3;4;11
6603	7	3;4;9
6603	8	3;4;10
6604	1	82
6604	2	81
6604	3	49
6604	4	100
6604	5	85
6604	6	32
6604	7	52
6604	8	58
6607	1	312
6607	2	240
6607	3	276
6607	4	272
6607	5	264
6607	6	204
6607	7	308
6607	8	324
6608	1	5;10;20;1220
6608	2	7;16;26;594
6608	3	5;10;18;514
6608	4	8;13;30;924
6608	5	7;16;24;552
6608	6	4;9;32;1070
6608	7	7;16;19;1108
6608	8	9;14;35;1332
6611	1	12;14
6611	2	10;13
6611	3	7;10
6611	4	9;15
6611	5	5;8
6611	6	8;15
6611	7	5;9
6611	8	9;16
6612	1	2;12;14;28
6612	2	4;12;16;24
6612	3	3;9;10;18
6612	4	2;3;12;13
6612	5	2;8;13;16
6612	6	2;8;12;20
6612	7	2;4;16;18
6612	8	3;6;9;21
6613	1	30;629
6613	2	51;366
6613	3	40;271
6613	4	22;260
6613	5	50;577
6613	6	51;466
6613	7	54;531
6613	8	54;608
6614	1	3;5;6;317
6614	2	3;5;8;153
6614	3	3;4;6;381
6614	4	2;5;8;352
6614	5	2;3;4;200
6614	6	3;4;8;141
6614	7	3;5;6;133
6614	8	3;4;6;273
6616	1	2;60
6616	2	3;33
6616	3	2;28
6616	4	2;76
6616	5	2;88
6616	6	2;96
6616	7	3;93
6616	8	2;56
6621	1	2;200
6621	2	2;230
6621	3	2;125
6621	4	2;210
6621	5	3;75
6621	6	2;180
6621	7	2;60
6621	8	2;155
6622	1	4;9;13
6622	2	3;7;9
6622	3	5;8;11
6622	4	4;7;8
6622	5	5;8;12
6622	6	3;8;13
6622	7	3;4;5
6622	8	5;9;12
6624	1	21;87
6624	2	13;32
6624	3	29;45
6624	4	20;63
6624	5	24;40
6624	6	31;77
6624	7	30;70
6624	8	16;31
6626	1	2;5;605
6626	2	3;7;1008
6626	3	2;6;432
6626	4	2;6;888
6626	5	4;5;320
6626	6	2;6;486
6626	7	2;6;780
6626	8	2;4;1008
6634	1	80;290
6634	2	72;250
6634	3	90;580
6634	4	65;152
6634	5	60;536
6634	6	70;408
6634	7	45;368
6634	8	70;172
6635	1	8;26
6635	2	9;43
6635	3	4;36
6635	4	7;45
6635	5	6;38
6635	6	5;49
6635	7	8;36
6635	8	5;19
6636	1	94
6636	2	40
6636	3	72
6636	4	62
6636	5	90
6636	6	36
6636	7	38
6636	8	56
6637	1	75
6637	2	66
6637	3	52
6637	4	48
6637	5	24
6637	6	28
6637	7	72
6637	8	23
6642	1	5;6;8;23;36;291
6642	2	11;13;19;20;33;182
6642	3	7;8;12;18;40;263
6642	4	5;11;12;16;27;229
6642	5	10;15;18;20;33;215
6642	6	3;15;16;17;22;89
6642	7	9;14;19;20;27;138
6642	8	5;7;10;17;24;123
6646	1	2;3;18;92
6646	2	3;4;11;89
6646	3	2;5;6;64
6646	4	4;5;20;86
6646	5	2;3;10;36
6646	6	3;5;19;65
6646	7	2;5;10;80
6646	8	3;5;19;81
6647	1	45;55;69;89
6647	2	39;72;75;113
6647	3	47;55;71;113
6647	4	48;64;66;112
6647	5	59;72;75;119
6647	6	37;41;51;79
6647	7	43;60;63;77
6647	8	50;77;86;128
6648	1	0.68;4;34
6648	2	0.5;5;56
6648	3	0.5;5;24
6648	4	0.33;4;33
6648	5	0.4;5;22
6648	6	0.6;4;24
6648	7	0.36;4;18
6648	8	0.85;4;17
6649	1	2;8170
6649	2	3;8253
6649	3	2;8304
6649	4	2;7366
6649	5	2;7012
6649	6	3;9777
6649	7	2;3166
6649	8	2;6592
6650	1	28;526;1116;3607;6379
6650	2	56;386;965;2835;5374
6650	3	64;802;1197;4111;7492
6650	4	43;877;1484;3270;6987
6650	5	93;1151;1284;3656;7240
6650	6	42;472;1455;3317;7570
6650	7	25;395;616;4772;6919
6650	8	46;492;1006;2581;5684
6651	1	52;94;530
6651	2	30;95;352
6651	3	58;78;314
6651	4	50;86;308
6651	5	51;106;549
6651	6	59;60;447
6651	7	68;113;540
6651	8	80;92;472
6654	1	4;8;22
6654	2	2;4;20
6654	3	3;9;41
6654	4	4;8;52
6654	5	2;6;48
6654	6	3;7;31
6654	7	4;12;16
6654	8	4;6;34
6661	1	2;6
6661	2	3;9
6661	3	4;12
6661	4	2;5
6661	5	3;4
6661	6	4;9
6661	7	3;10
6661	8	3;7
6662	1	3;5;138
6662	2	4;7;100
6662	3	3;4;171
6662	4	8;9;116
6662	5	2;3;142
6662	6	2;8;89
6662	7	2;5;266
6662	8	2;6;167
6663	1	16;239
6663	2	24;401
6663	3	16;390
6663	4	10;469
6663	5	16;234
6663	6	15;309
6663	7	33;239
6663	8	31;249
6666	1	5;24
6666	2	8;33
6666	3	8;27
6666	4	4;39
6666	5	5;20
6666	6	6;22
6666	7	4;17
6666	8	5;23
6673	1	2;20
6673	2	2;46
6673	3	2;42
6673	4	2;54
6673	5	2;26
6673	6	2;36
6673	7	2;34
6673	8	2;40
6674	1	5;7;40
6674	2	5;12;35
6674	3	6;8;23
6674	4	7;10;33
6674	5	6;7;38
6674	6	3;7;26
6674	7	4;12;33
6674	8	4;5;26
6677	1	2;3;10;38
6677	2	2;4;10;38
6677	3	2;3;10;46
6677	4	2;4;10;58
6677	5	2;3;10;58
6677	6	2;4;10;46
6677	7	2;4;10;52
6677	8	2;5;10;28
6680	1	30;40
6680	2	24;25
6680	3	30;70
6680	4	25;68
6680	5	14;50
6680	6	20;60
6680	7	20;30
6680	8	30;60
6681	1	4;68
6681	2	4;92
6681	3	2;130
6681	4	5;50
6681	5	3;84
6681	6	8;120
6681	7	2;98
6681	8	3;141
6684	1	4;17;108
6684	2	4;9;64
6684	3	2;19;70
6684	4	2;19;68
6684	5	3;20;90
6684	6	6;15;144
6684	7	2;19;72
6684	8	4;17;120
6685	1	22;42;52
6685	2	37;38;75
6685	3	14;44;64
6685	4	16;46;56
6685	5	35;45;69
6685	6	34;41;75
6685	7	40;47;73
6685	8	38;40;74
6686	1	4;6;138
6686	2	3;9;90
6686	3	4;12;177
6686	4	3;5;235
6686	5	2;10;95
6686	6	3;11;176
6686	7	2;6;123
6686	8	2;4;108
6687	1	3;23;29
6687	2	3;13;19
6687	3	5;19;29
6687	4	4;26;38
6687	5	5;16;31
6687	6	3;24;30
6687	7	5;27;37
6687	8	4;15;23
6688	1	4;20;144
6688	2	4;20;84
6688	3	2;18;82
6688	4	2;30;62
6688	5	2;8;154
6688	6	2;12;98
6688	7	3;18;63
6688	8	2;32;106
6689	1	11;15;51
6689	2	5;9;25
6689	3	5;11;17
6689	4	3;13;41
6689	5	6;20;34
6689	6	5;17;41
6689	7	6;16;44
6689	8	7;19;53
6690	1	240;539
6690	2	276;561
6690	3	183;394
6690	4	249;554
6690	5	147;312
6690	6	195;396
6690	7	183;386
6690	8	297;618
6691	1	12;34;61
6691	2	4;22;33
6691	3	9;13;38
6691	4	16;42;83
6691	5	10;12;39
6691	6	10;48;71
6691	7	13;25;56
6691	8	14;44;75
6692	1	103
6692	2	101
6692	3	59
6692	4	67
6692	5	66
6692	6	113
6692	7	85
6692	8	78
6694	1	6;180
6694	2	5;155
6694	3	5;435
6694	4	10;320
6694	5	6;204
6694	6	7;329
6694	7	10;480
6694	8	6;444
6696	1	20;98;101
6696	2	19;65;66
6696	3	29;83;108
6696	4	34;44;69
6696	5	31;97;110
6696	6	10;52;53
6696	7	21;27;46
6696	8	35;85;90
6701	1	1;4;12;17
6701	2	1;4;8;15
6701	3	1;3;8;17
6701	4	1;3;10;17
6701	5	1;4;6;11
6701	6	1;4;10;17
6701	7	1;4;10;13
6701	8	1;3;8;9
6702	1	190
6702	2	110
6702	3	90
6702	4	170
6702	5	200
6702	6	130
6702	7	80
6702	8	50
6704	1	61;2311
6704	2	170;2010
6704	3	126;2225
6704	4	59;1088
6704	5	172;2115
6704	6	129;2734
6704	7	151;2261
6704	8	133;908
6705	1	2;136
6705	2	2;148
6705	3	2;186
6705	4	2;124
6705	5	2;126
6705	6	2;162
6705	7	2;184
6705	8	2;84
6707	1	224
6707	2	696
6707	3	208
6707	4	744
6707	5	296
6707	6	496
6707	7	608
6707	8	480
6708	1	3758;110800
6708	2	1513;152091
6708	3	1207;273241
6708	4	3163;278798
6708	5	2476;188589
6708	6	2430;171908
6708	7	2555;222121
6708	8	1194;261138
6710	1	6;19;48;213
6710	2	11;18;55;381
6710	3	9;13;33;156
6710	4	8;11;28;133
6710	5	7;27;29;291
6710	6	11;21;57;300
6710	7	8;10;26;153
6710	8	13;16;21;282
6711	1	6;15;18
6711	2	8;14;24
6711	3	9;20;21
6711	4	9;15;25
6711	5	6;23;48
6711	6	6;31;50
6711	7	9;16;39
6711	8	8;36;44
6712	1	2;5;8
6712	2	2;6;12
6712	3	2;3;8
6712	4	2;3;10
6712	5	2;7;12
6712	6	2;6;8
6712	7	2;8;12
6712	8	2;4;10
6715	1	8;28;31
6715	2	7;25;29
6715	3	8;28;32
6715	4	8;28;30
6715	5	7;20;26
6715	6	4;18;21
6715	7	7;26;28
6715	8	7;22;26
6719	1	69
6719	2	24
6719	3	87
6719	4	30
6719	5	42
6719	6	51
6719	7	75
6719	8	72
6721	1	3;11;13;75
6721	2	7;8;15;83
6721	3	2;10;17;64
6721	4	3;7;16;30
6721	5	5;16;19;83
6721	6	2;10;14;30
6721	7	3;6;16;87
6721	8	2;12;20;27
6725	1	9;14;34
6725	2	8;28;51
6725	3	7;27;40
6725	4	9;15;18
6725	5	7;14;16
6725	6	4;26;47
6725	7	6;20;51
6725	8	8;19;33
6727	1	4;6
6727	2	3;12
6727	3	2;9
6727	4	3;11
6727	5	3;6
6727	6	3;10
6727	7	4;9
6727	8	4;13
6728	1	5;17;74
6728	2	4;13;48
6728	3	3;11;34
6728	4	5;25;56
6728	5	5;31;84
6728	6	4;11;38
6728	7	5;11;48
6728	8	5;9;34
6729	1	1.6;35
6729	2	1.5;38
6729	3	1.8;65
6729	4	1.8;40
6729	5	1.5;52
6729	6	1.3;60
6729	7	1.8;25
6729	8	1.6;40
6731	1	2;4;23
6731	2	4;8;44
6731	3	4;6;31
6731	4	5;7;26
6731	5	2;3;23
6731	6	5;7;38
6731	7	5;6;49
6731	8	2;8;21
6737	1	4;15;28
6737	2	3;13;20
6737	3	5;7;27
6737	4	4;9;22
6737	5	8;14;16
6737	6	8;9;11
6737	7	5;12;24
6737	8	3;17;22
6738	1	1;2;12
6738	2	1;4;11
6738	3	1;2;16
6738	4	1;4;14
6738	5	1;2;11
6738	6	1;2;9
6738	7	1;4;10
6738	8	1;4;16
6740	1	13;37;99
6740	2	22;132;142
6740	3	13;74;103
6740	4	29;110;114
6740	5	21;43;92
6740	6	19;86;103
6740	7	20;83;94
6740	8	36;91;158
6741	1	1;4;18;26
6741	2	1;4;10;14
6741	3	1;4;8;10
6741	4	1;3;9;16
6741	5	1;3;8;27
6741	6	1;4;12;32
6741	7	1;3;17;18
6741	8	1;3;19;33
6745	1	3;20;426
6745	2	3;17;330
6745	3	3;19;354
6745	4	5;9;340
6745	5	3;19;498
6745	6	5;13;180
6745	7	7;14;462
6745	8	5;15;380
6746	1	4;9
6746	2	7;8
6746	3	6;15
6746	4	5;18
6746	5	8;13
6746	6	3;20
6746	7	4;17
6746	8	7;16
6749	1	17
6749	2	38
6749	3	13
6749	4	10
6749	5	23
6749	6	14
6749	7	21
6749	8	37
6751	1	2;3;10;50
6751	2	2;5;14;41
6751	3	2;4;10;41
6751	4	2;5;14;38
6751	5	2;5;10;50
6751	6	3;4;7;51
6751	7	2;5;18;47
6751	8	3;5;7;36
6753	1	5;7;51;124
6753	2	5;7;44;120
6753	3	3;6;60;117
6753	4	4;7;50;125
6753	5	2;6;29;60
6753	6	5;7;60;149
6753	7	3;4;55;121
6753	8	4;6;31;81
6754	1	6;16;31
6754	2	8;30;52
6754	3	4;27;36
6754	4	8;13;34
6754	5	13;23;61
6754	6	16;34;68
6754	7	12;36;62
6754	8	12;29;61
6756	1	3997;5555
6756	2	3489;7845
6756	3	1415;4726
6756	4	3590;5370
6756	5	1832;7932
6756	6	1947;3826
6756	7	3235;6697
6756	8	2501;2629
6757	1	24;97343;154188
6757	2	16;73498;126137
6757	3	35;94425;286800
6757	4	28;93081;310187
6757	5	25;26324;220500
6757	6	45;73383;171585
6757	7	59;96898;335738
6757	8	17;62913;231729
6761	1	8;50
6761	2	3;35
6761	3	5;30
6761	4	5;21
6761	5	2;28
6761	6	6;39
6761	7	5;44
6761	8	5;15
6768	1	3;19
6768	2	8;34
6768	3	10;40
6768	4	4;22
6768	5	6;32
6768	6	4;20
6768	7	7;35
6768	8	6;24
6769	1	3;21
6769	2	4;53
6769	3	3;17
6769	4	5;46
6769	5	3;23
6769	6	5;38
6769	7	4;39
6769	8	3;32
6770	1	61;105;236;911
6770	2	128;152;259;962
6770	3	57;239;386;477
6770	4	177;339;475;887
6770	5	53;282;373;499
6770	6	112;164;442;600
6770	7	131;177;472;751
6770	8	68;254;413;597
6773	1	12;27;80;85;100
6773	2	14;38;59;72;92
6773	3	20;39;44;84;110
6773	4	18;23;67;74;102
6773	5	24;39;56;63;71
6773	6	29;35;41;44;51
6773	7	19;29;75;77;106
6773	8	24;36;62;81;100
6776	1	6739;30328
6776	2	7390;32213
6776	3	4697;28959
6776	4	6903;29788
6776	5	2972;31916
6776	6	6555;30293
6776	7	7896;31716
6776	8	7717;31135
6777	1	47;132
6777	2	42;151
6777	3	73;146
6777	4	56;137
6777	5	103;140
6777	6	86;149
6777	7	61;134
6777	8	38;47
6781	1	4;22;34
6781	2	9;16;31
6781	3	4;29;32
6781	4	11;13;14
6781	5	5;8;23
6781	6	3;26;29
6781	7	6;22;34
6781	8	10;15;26
6782	1	196
6782	2	148
6782	3	324
6782	4	316
6782	5	192
6782	6	156
6782	7	128
6782	8	276
6784	1	1;8;240
6784	2	1;4;216
6784	3	1;8;96
6784	4	1;8;160
6784	5	1;4;64
6784	6	1;4;140
6784	7	1;10;190
6784	8	1;8;192
6785	1	2;3;10;18
6785	2	3;5;7;19
6785	3	3;4;15;16
6785	4	2;3;18;28
6785	5	3;5;11;17
6785	6	3;4;15;22
6785	7	2;5;18;24
6785	8	2;4;18;19
6786	1	3;12;27
6786	2	2;12;50
6786	3	3;15;27
6786	4	4;15;28
6786	5	3;16;35
6786	6	4;11;48
6786	7	3;12;39
6786	8	3;12;51
6788	1	20;52;159
6788	2	32;80;243
6788	3	29;85;258
6788	4	16;44;135
6788	5	26;78;249
6788	6	24;84;251
6788	7	28;88;285
6788	8	11;51;188
6789	1	10;680
6789	2	8;650
6789	3	20;430
6789	4	6;700
6789	5	10;360
6789	6	10;840
6789	7	10;600
6789	8	12;550
6796	1	6;7;28
6796	2	7;12;54
6796	3	2;11;32
6796	4	9;12;57
6796	5	3;4;59
6796	6	5;6;51
6796	7	4;7;48
6796	8	3;4;41
6797	1	6;80
6797	2	5;71
6797	3	4;70
6797	4	7;77
6797	5	9;39
6797	6	6;64
6797	7	5;31
6797	8	9;71
6798	1	11
6798	2	32
6798	3	30
6798	4	31
6798	5	22
6798	6	15
6798	7	10
6798	8	29
6800	1	2;4;8;11;28
6800	2	2;5;6;12;33
6800	3	3;5;6;12;27
6800	4	3;5;7;13;39
6800	5	2;3;5;11;38
6800	6	2;5;6;9;40
6800	7	2;3;5;10;38
6800	8	4;5;7;12;35
6802	1	5;8;9;16
6802	2	6;7;9;15
6802	3	5;7;9;15
6802	4	4;5;10;13
6802	5	5;7;8;17
6802	6	2;3;7;15
6802	7	8;9;13;17
6802	8	4;6;7;14
6804	1	3;21;79
6804	2	2;10;42
6804	3	2;20;78
6804	4	2;11;38
6804	5	4;21;84
6804	6	3;24;79
6804	7	4;18;76
6804	8	3;12;43
6806	1	2;8;25
6806	2	2;8;15
6806	3	2;3;24
6806	4	3;6;24
6806	5	4;7;12
6806	6	4;8;9
6806	7	2;4;24
6806	8	4;6;24
6808	1	160
6808	2	142
6808	3	159
6808	4	345
6808	5	354
6808	6	209
6808	7	256
6808	8	310
6809	1	25
6809	2	35
6809	3	38
6809	4	43
6809	5	36
6809	6	31
6809	7	61
6809	8	77
6810	1	6;19
6810	2	6;14
6810	3	8;21
6810	4	9;30
6810	5	4;31
6810	6	10;39
6810	7	9;22
6810	8	7;18
6814	1	8;13;15
6814	2	11;14;20
6814	3	4;5;7
6814	4	7;14;16
6814	5	9;16;20
6814	6	10;13;14
6814	7	8;11;14
6814	8	8;17;19
6816	1	12
6816	2	22
6816	3	23
6816	4	21
6816	5	17
6816	6	14
6816	7	26
6816	8	11
6817	1	5;16;20;24
6817	2	4;14;16;35
6817	3	5;20;23;35
6817	4	4;18;20;40
6817	5	6;20;27;34
6817	6	4;16;24;31
6817	7	4;18;26;34
6817	8	4;18;20;24
6820	1	5;6;15
6820	2	3;5;14
6820	3	4;9;16
6820	4	4;12;16
6820	5	2;8;9
6820	6	2;5;7
6820	7	4;8;11
6820	8	5;8;14
6823	1	15;33;108
6823	2	17;21;106
6823	3	11;27;82
6823	4	13;30;134
6823	5	16;37;165
6823	6	13;22;152
6823	7	15;18;48
6823	8	12;33;153
6825	1	20;26
6825	2	14;26
6825	3	8;10
6825	4	12;22
6825	5	20;32
6825	6	8;14
6825	7	20;24
6825	8	12;16
6826	1	2;6
6826	2	4;5
6826	3	3;6
6826	4	3;5
6826	5	2;5
6826	6	2;8
6826	7	3;4
6826	8	4;8
6829	1	5;6
6829	2	5;8
6829	3	3;4
6829	4	4;7
6829	5	8;9
6829	6	7;8
6829	7	3;5
6829	8	6;7
6831	1	25;128;201
6831	2	26;55;137
6831	3	12;127;161
6831	4	35;105;217
6831	5	20;162;178
6831	6	31;97;218
6831	7	40;94;179
6831	8	13;115;254
6832	1	8;3264
6832	2	5;5120
6832	3	4;3584
6832	4	4;2976
6832	5	4;5632
6832	6	6;4128
6832	7	3;5148
6832	8	4;6320
6833	1	5;6;14
6833	2	7;9;13
6833	3	2;6;10
6833	4	2;9;11
6833	5	5;6;8
6833	6	3;7;11
6833	7	3;4;8
6833	8	4;5;11
6834	1	12;13
6834	2	10;17
6834	3	11;16
6834	4	10;15
6834	5	5;6
6834	6	8;11
6834	7	9;16
6834	8	6;7
6836	1	2;4;13
6836	2	3;5;6
6836	3	5;6;11
6836	4	2;3;8
6836	5	5;8;9
6836	6	4;9;18
6836	7	4;7;12
6836	8	3;8;17
6843	1	1;7;18
6843	2	1;4;24
6843	3	1;5;20
6843	4	1;6;22
6843	5	1;7;24
6843	6	1;6;20
6843	7	1;5;24
6843	8	1;8;22
6847	1	4;18;702;5687
6847	2	2;8;724;2519
6847	3	3;9;566;2516
6847	4	2;20;614;5826
6847	5	3;13;867;2417
6847	6	4;10;969;2499
6847	7	4;18;957;3347
6847	8	3;9;620;6900
6859	1	9;41
6859	2	16;63
6859	3	15;55
6859	4	17;25
6859	5	17;66
6859	6	10;28
6859	7	13;49
6859	8	8;37
6860	1	9;315
6860	2	5;150
6860	3	5;236
6860	4	5;399
6860	5	10;318
6860	6	11;461
6860	7	6;326
6860	8	4;267
6862	1	6;60;72
6862	2	3;49;63
6862	3	8;38;60
6862	4	7;49;61
6862	5	4;34;74
6862	6	5;41;77
6862	7	3;54;56
6862	8	4;28;52
6863	1	3;4;972
6863	2	2;7;924
6863	3	2;8;416
6863	4	2;4;600
6863	5	2;5;340
6863	6	3;4;552
6863	7	4;8;384
6863	8	3;4;432
6864	1	3;6;57
6864	2	2;5;26
6864	3	2;5;32
6864	4	2;9;32
6864	5	3;6;53
6864	6	2;9;36
6864	7	2;9;38
6864	8	2;5;40
6865	1	2;5;34;77
6865	2	2;4;34;74
6865	3	3;4;15;68
6865	4	2;3;10;41
6865	5	2;4;18;67
6865	6	3;5;23;77
6865	7	3;4;23;73
6865	8	4;5;12;53
6874	1	7;17;39
6874	2	10;26;42
6874	3	6;19;42
6874	4	7;11;27
6874	5	12;28;48
6874	6	6;17;48
6874	7	6;19;48
6874	8	12;21;42
6875	1	10;16;70
6875	2	7;40;80
6875	3	14;24;58
6875	4	5;31;80
6875	5	18;34;56
6875	6	15;19;60
6875	7	18;31;55
6875	8	9;15;72
6877	1	8;12
6877	2	8;32
6877	3	16;22
6877	4	8;21
6877	5	10;26
6877	6	9;19
6877	7	11;23
6877	8	14;21
6878	1	8;4388;89533
6878	2	8;3600;78604
6878	3	3;3361;53462
6878	4	12;3912;95681
6878	5	5;4828;101528
6878	6	8;3599;82227
6878	7	12;1639;82262
6878	8	4;3927;92468
6881	1	80
6881	2	35
6881	3	30
6881	4	25
6881	5	85
6881	6	60
6881	7	55
6881	8	75
6882	1	2856;7708
6882	2	2904;8392
6882	3	1893;7458
6882	4	2248;7344
6882	5	1629;4796
6882	6	1964;5376
6882	7	2059;7232
6882	8	2290;4958
6883	1	3;13;60
6883	2	2;20;63
6883	3	4;18;50
6883	4	3;9;139
6883	5	2;8;142
6883	6	4;14;136
6883	7	3;13;82
6883	8	2;20;59
6885	1	5;30;539
6885	2	7;15;448
6885	3	5;27;207
6885	4	6;39;291
6885	5	3;39;222
6885	6	3;21;324
6885	7	8;29;410
6885	8	6;20;284
6887	1	4;9;10
6887	2	4;7;9
6887	3	4;5;6
6887	4	5;7;9
6887	5	5;8;11
6887	6	5;10;11
6887	7	2;7;10
6887	8	2;3;5
6890	1	3;5;22
6890	2	4;6;15
6890	3	3;9;15
6890	4	3;6;14
6890	5	4;5;15
6890	6	4;9;16
6890	7	3;4;11
6890	8	4;7;17
6893	1	1.2;31
6893	2	1.6;43
6893	3	1.8;53
6893	4	1.2;27
6893	5	1.4;41
6893	6	1.4;35
6893	7	1.1;20
6893	8	1.3;32
6896	1	2;4;7;13
6896	2	2.8;3;10;19
6896	3	2;4;16;21
6896	4	2.5;3;14;26
6896	5	2.1;3;10;15
6896	6	2.7;4;20;21
6896	7	2.5;4;10;13
6896	8	2;3;14;18
6900	1	7;11;15
6900	2	5;10;15
6900	3	8;10;11
6900	4	4;9;11
6900	5	7;8;9
6900	6	8;10;16
6900	7	6;7;11
6900	8	5;11;16
6902	1	2;242
6902	2	4;296
6902	3	2;642
6902	4	5;880
6902	5	2;570
6902	6	3;279
6902	7	5;455
6902	8	2;554
6903	1	3;9;75
6903	2	4;8;39
6903	3	3;5;32
6903	4	3;6;53
6903	5	4;7;54
6903	6	5;9;49
6903	7	3;8;55
6903	8	2;7;42
6904	1	10;1965
6904	2	7;1848
6904	3	13;1809
6904	4	4;1578
6904	5	4;699
6904	6	4;1137
6904	7	4;963
6904	8	6;1845
6906	1	119;562
6906	2	70;587
6906	3	99;629
6906	4	102;389
6906	5	85;657
6906	6	128;463
6906	7	94;407
6906	8	111;512
6910	1	6;14;35
6910	2	5;7;13
6910	3	4;16;30
6910	4	7;10;16
6910	5	9;12;18
6910	6	8;15;25
6910	7	6;13;31
6910	8	4;10;25
6914	1	6;16
6914	2	5;17
6914	3	4;29
6914	4	7;19
6914	5	2;17
6914	6	9;26
6914	7	3;13
6914	8	5;28
6915	1	1320
6915	2	1560
6915	3	1960
6915	4	840
6915	5	640
6915	6	1880
6915	7	600
6915	8	1920
6921	1	0.49;0.53;0.64;1.4
6921	2	0.26;0.4;1.39;1.8
6921	3	0.24;0.96;1.31;2.3
6921	4	0.77;0.94;1.49;2.9
6921	5	0.64;0.9;1.29;2.2
6921	6	0.27;0.97;1.48;2.6
6921	7	0.55;0.88;1.43;2.7
6921	8	0.36;0.45;0.56;1.2
6924	1	27
6924	2	30
6924	3	33
6924	4	15
6924	5	12
6924	6	36
6924	7	21
6924	8	24
6926	1	68
6926	2	63
6926	3	65
6926	4	57
6926	5	46
6926	6	58
6926	7	62
6926	8	79
6928	1	5;7;14;302
6928	2	2;3;12;150
6928	3	5;6;11;378
6928	4	2;3;18;528
6928	5	4;6;11;165
6928	6	4;6;15;295
6928	7	4;6;7;333
6928	8	5;8;16;169
6931	1	52
6931	2	62
6931	3	24
6931	4	58
6931	5	36
6931	6	78
6931	7	37
6931	8	68
6934	1	3;5;21;23
6934	2	3;6;19;20
6934	3	3;6;28;30
6934	4	3;8;17;18
6934	5	4;5;23;25
6934	6	3;6;42;43
6934	7	3;7;19;21
6934	8	5;7;40;43
6942	1	32
6942	2	44
6942	3	37
6942	4	43
6942	5	16
6942	6	38
6942	7	20
6942	8	24
6943	1	3;14;20
6943	2	3;11;15
6943	3	3;16;19
6943	4	4;12;14
6943	5	5;7;14
6943	6	5;12;16
6943	7	4;8;16
6943	8	5;10;16
6944	1	3;13;15;26
6944	2	4;8;29;31
6944	3	3;20;27;44
6944	4	3;19;24;42
6944	5	2;13;15;21
6944	6	4;13;15;45
6944	7	2;17;24;29
6944	8	3;12;22;34
6947	1	4;12
6947	2	5;20
6947	3	5;12
6947	4	4;24
6947	5	4;16
6947	6	5;16
6947	7	4;14
6947	8	3;16
6960	1	1;2;18;39
6960	2	1;4;8;38
6960	3	1;2;9;38
6960	4	1;4;25;36
6960	5	1;2;13;15
6960	6	1;2;11;20
6960	7	1;2;13;40
6960	8	1;2;9;24
6961	1	9;20
6961	2	15;31
6961	3	18;30
6961	4	20;34
6961	5	11;23
6961	6	17;35
6961	7	16;30
6961	8	11;35
6962	1	4;54
6962	2	4;56
6962	3	6;60
6962	4	7;25
6962	5	2;80
6962	6	2;58
6962	7	5;67
6962	8	8;66
6964	1	4;5;24;56;109
6964	2	2;5;17;64;151
6964	3	2;4;12;43;113
6964	4	3;5;22;41;92
6964	5	2;5;21;46;187
6964	6	4;5;21;80;125
6964	7	3;5;17;72;100
6964	8	2;3;10;48;143
6965	1	3;27;378
6965	2	3;49;490
6965	3	9;45;280
6965	4	4;12;363
6965	5	9;19;152
6965	6	8;48;159
6965	7	4;24;147
6965	8	4;14;259
6967	1	27
6967	2	10
6967	3	11
6967	4	16
6967	5	13
6967	6	12
6967	7	22
6967	8	14
6971	1	7;172
6971	2	8;284
6971	3	7;266
6971	4	3;298
6971	5	4;326
6971	6	5;179
6971	7	8;223
6971	8	4;331
6972	1	6;17
6972	2	4;15
6972	3	6;12
6972	4	7;37
6972	5	5;30
6972	6	5;24
6972	7	4;24
6972	8	5;31
6976	1	30;60
6976	2	34;41
6976	3	20;30
6976	4	28;39
6976	5	33;44
6976	6	15;77
6976	7	21;86
6976	8	25;27
6977	1	222;429
6977	2	84;153
6977	3	256;476
6977	4	262;434
6977	5	228;403
6977	6	146;244
6977	7	260;472
6977	8	152;271
6980	1	4;86
6980	2	4;78
6980	3	4;90
6980	4	2;72
6980	5	4;54
6980	6	2;88
6980	7	2;60
6980	8	2;92
6981	1	2;4;16;156
6981	2	4;5;15;175
6981	3	2;6;7;67
6981	4	4;6;8;116
6981	5	2;6;14;194
6981	6	2;4;10;70
6981	7	4;5;8;128
6981	8	2;5;15;165
6982	1	0.75;18
6982	2	0.75;12
6982	3	0.8;8
6982	4	0.7;14
6982	5	0.6;6
6982	6	0.7;7
6982	7	0.65;13
6982	8	0.7;21
6983	1	15;105
6983	2	15;61
6983	3	15;75
6983	4	20;131
6983	5	30;110
6983	6	15;129
6983	7	30;94
6983	8	20;106
6986	1	2;340
6986	2	4;287
6986	3	4.6;315
6986	4	4.5;288
6986	5	2.3;100
6986	6	1.9;400
6986	7	4.5;152
6986	8	2.2;275
6987	1	272
6987	2	468
6987	3	917
6987	4	702
6987	5	845
6987	6	311
6987	7	300
6987	8	345
6988	1	4;143;693
6988	2	3;183;682
6988	3	5;176;928
6988	4	7;105;790
6988	5	3;112;408
6988	6	2;227;500
6988	7	6;163;997
6988	8	4;118;548
6989	1	2;28
6989	2	3;48
6989	3	2;22
6989	4	2;32
6989	5	3;51
6989	6	3;36
6989	7	2;56
6989	8	2;30
6990	1	4;5;9;14
6990	2	2;5;7;8
6990	3	2;3;7;16
6990	4	3;4;8;13
6990	5	2;4;7;8
6990	6	2;3;7;8
6990	7	2;5;7;16
6990	8	2;4;7;16
6997	1	2019
6997	2	1504
6997	3	2129
6997	4	1117
6997	5	1892
6997	6	669
6997	7	1409
6997	8	612
7000	1	27;33;63
7000	2	56;64;74
7000	3	64;66;90
7000	4	75;76;84
7000	5	35;49;50
7000	6	45;58;68
7000	7	26;27;87
7000	8	24;33;61
7001	1	246;710
7001	2	593;621
7001	3	388;560
7001	4	322;774
7001	5	195;757
7001	6	492;554
7001	7	374;428
7001	8	246;566
7003	1	5;7;13;14
7003	2	5;14;15;29
7003	3	2;15;18;31
7003	4	2;5;8;12
7003	5	4;10;17;23
7003	6	5;14;20;34
7003	7	2;8;12;20
7003	8	3;9;13;20
7005	1	4;7;68
7005	2	2;3;52
7005	3	4;7;64
7005	4	2;11;152
7005	5	3;10;159
7005	6	4;5;60
7005	7	7;8;112
7005	8	2;11;134
7006	1	1.6;30;51
7006	2	1.5;14;32
7006	3	1.4;25;39
7006	4	2;24;64
7006	5	2;22;48
7006	6	2.5;16;44
7006	7	1.6;25;47
7006	8	1.5;30;67
7007	1	9;44;188
7007	2	3;17;56
7007	3	6;27;111
7007	4	4;45;185
7007	5	5;41;96
7007	6	7;31;143
7007	7	8;31;135
7007	8	10;34;184
7011	1	3;105
7011	2	5;130
7011	3	5;41
7011	4	3;58
7011	5	5;43
7011	6	3;88
7011	7	5;133
7011	8	2;72
7012	1	7;10;13
7012	2	8;9;14
7012	3	4;9;12
7012	4	7;12;14
7012	5	4;11;12
7012	6	9;12;14
7012	7	6;9;12
7012	8	6;7;15
7013	1	1.7;10
7013	2	1.3;20
7013	3	1.5;16
7013	4	1.1;20
7013	5	1.2;20
7013	6	1.6;20
7013	7	1.5;14
7013	8	1.8;20
7014	1	1;13;18;19;79
7014	2	1;7;8;21;67
7014	3	1;9;10;20;93
7014	4	1;9;14;15;53
7014	5	1;11;13;24;77
7014	6	1;17;19;23;99
7014	7	1;7;16;21;89
7014	8	1;9;10;16;63
7016	1	27;123
7016	2	31;79
7016	3	20;44
7016	4	40;88
7016	5	25;157
7016	6	24;72
7016	7	27;135
7016	8	40;112
7021	1	10;48
7021	2	28;45
7021	3	30;42
7021	4	24;50
7021	5	20;57
7021	6	12;25
7021	7	12;55
7021	8	24;25
7025	1	146;250;356;739;1026
7025	2	191;289;305;671;846
7025	3	202;284;462;535;1355
7025	4	151;194;247;563;630
7025	5	61;371;401;707;1392
7025	6	127;268;365;606;1485
7025	7	55;357;473;730;1305
7025	8	191;294;327;596;999
7026	1	9;28
7026	2	9;14
7026	3	11;37
7026	4	9;25
7026	5	15;18
7026	6	14;19
7026	7	9;18
7026	8	14;40
7029	1	5;11;49
7029	2	4;6;16
7029	3	3;9;43
7029	4	3;5;31
7029	5	6;12;50
7029	6	3;9;51
7029	7	4;8;30
7029	8	7;13;47
7030	1	3;6;37
7030	2	4;8;22
7030	3	3;4;27
7030	4	2;7;20
7030	5	5;9;30
7030	6	4;8;29
7030	7	3;6;32
7030	8	2;6;60
7031	1	5;8;630
7031	2	3;4;498
7031	3	3;4;870
7031	4	4;8;1056
7031	5	4;6;912
7031	6	3;4;684
7031	7	5;8;1090
7031	8	3;8;444
7035	1	9;112;139;178
7035	2	17;78;150;172
7035	3	4;71;85;143
7035	4	5;80;87;120
7035	5	13;66;87;89
7035	6	12;49;79;121
7035	7	11;140;143;158
7035	8	7;114;144;162
7036	1	19;28
7036	2	23;28
7036	3	20;22
7036	4	19;22
7036	5	15;22
7036	6	22;26
7036	7	12;18
7036	8	12;22
7038	1	10;11
7038	2	9;10
7038	3	6;9
7038	4	9;13
7038	5	8;12
7038	6	7;11
7038	7	11;12
7038	8	6;13
7039	1	7;21
7039	2	6;18
7039	3	3;18
7039	4	5;15
7039	5	6;15
7039	6	8;24
7039	7	4;12
7039	8	3;15
7046	1	9;10;90
7046	2	10;15;127
7046	3	6;7;93
7046	4	9;14;112
7046	5	9;14;126
7046	6	12;18;110
7046	7	10;14;122
7046	8	5;7;111
7050	1	4;12;16
7050	2	7;8;12
7050	3	7;8;14
7050	4	4;7;13
7050	5	4;7;11
7050	6	8;11;17
7050	7	6;8;16
7050	8	6;7;13
7052	1	6;62
7052	2	4;67
7052	3	6;104
7052	4	7;113
7052	5	8;122
7052	6	8;108
7052	7	6;69
7052	8	8;90
7058	1	6;7;44
7058	2	4;13;28
7058	3	10;14;36
7058	4	5;15;43
7058	5	5;7;37
7058	6	6;11;42
7058	7	9;12;27
7058	8	11;13;39
7061	1	27;44
7061	2	49;86
7061	3	49;84
7061	4	40;53
7061	5	22;33
7061	6	38;52
7061	7	49;99
7061	8	22;66
7062	1	78
7062	2	120
7062	3	30
7062	4	48
7062	5	72
7062	6	108
7062	7	102
7062	8	36
7064	1	3;5;299
7064	2	4;5;346
7064	3	2;5;288
7064	4	3;5;283
7064	5	2;4;354
7064	6	2;5;130
7064	7	2;4;166
7064	8	3;4;270
7068	1	2;3;270;830
7068	2	2;3;282;979
7068	3	2;4;232;768
7068	4	2;4;176;524
7068	5	2;3;228;570
7068	6	2;5;150;397
7068	7	2;3;246;759
7068	8	2;4;248;601
7070	1	5;18;21
7070	2	5;14;27
7070	3	3;16;18
7070	4	4;21;28
7070	5	5;6;12
7070	6	4;13;21
7070	7	5;16;21
7070	8	3;13;14
7071	1	4;85
7071	2	14;50
7071	3	15;67
7071	4	10;48
7071	5	4;67
7071	6	12;28
7071	7	7;55
7071	8	6;52
7073	1	7;28
7073	2	3;11
7073	3	2;18
7073	4	3;10
7073	5	8;38
7073	6	6;23
7073	7	4;35
7073	8	8;16
7074	1	333
7074	2	423
7074	3	261
7074	4	468
7074	5	252
7074	6	477
7074	7	414
7074	8	315
7075	1	16
7075	2	39
7075	3	21
7075	4	32
7075	5	23
7075	6	35
7075	7	33
7075	8	24
7078	1	8;9;36
7078	2	11;14;51
7078	3	9;23;34
7078	4	12;16;35
7078	5	8;22;23
7078	6	9;19;58
7078	7	5;20;33
7078	8	5;9;40
7081	1	12;25;42;92
7081	2	10;19;21;50
7081	3	8;15;48;90
7081	4	5;20;34;75
7081	5	3;6;41;73
7081	6	6;21;40;84
7081	7	3;14;43;85
7081	8	3;14;44;85
7083	1	3;48
7083	2	3;44
7083	3	3;32
7083	4	3;80
7083	5	3;68
7083	6	3;20
7083	7	3;28
7083	8	3;52
7086	1	8;39;83;138
7086	2	9;34;44;63
7086	3	7;38;50;80
7086	4	5;20;92;149
7086	5	5;44;64;70
7086	6	6;51;73;145
7086	7	4;49;79;144
7086	8	9;36;68;146
7087	1	3;6;79;140;2751
7087	2	4;15;82;161;2918
7087	3	7;8;89;94;2270
7087	4	3;6;61;208;2180
7087	5	7;10;81;152;2077
7087	6	3;14;47;228;2893
7087	7	6;11;96;115;1614
7087	8	4;5;78;175;2422
7089	1	282;1118;1122
7089	2	258;940;1064
7089	3	285;1032;1110
7089	4	116;864;1016
7089	5	289;656;682
7089	6	162;1166;1248
7089	7	190;854;1038
7089	8	184;1092;1200
7091	1	4;21;36
7091	2	4;34;47
7091	3	4;9;22
7091	4	4;22;31
7091	5	3;15;39
7091	6	4;18;36
7091	7	3;21;40
7091	8	4;19;36
7093	1	4;11;29
7093	2	4;7;20
7093	3	4;13;16
7093	4	3;19;22
7093	5	3;13;17
7093	6	4;15;27
7093	7	4;9;15
7093	8	3;12;27
7097	1	4;68
7097	2	2;83
7097	3	3;58
7097	4	5;25
7097	5	5;24
7097	6	2;79
7097	7	5;29
7097	8	3;72
7099	1	4;16
7099	2	3;17
7099	3	5;10
7099	4	4;7
7099	5	5;12
7099	6	2;5
7099	7	2;14
7099	8	4;19
7105	1	6;1605;4941
7105	2	4;1006;3926
7105	3	2;1986;4176
7105	4	8;1881;5489
7105	5	5;1099;2594
7105	6	2;700;1918
7105	7	4;1576;5724
7105	8	2;904;1900
7107	1	10;16
7107	2	16;18
7107	3	27;29
7107	4	10;20
7107	5	25;39
7107	6	20;33
7107	7	32;34
7107	8	17;30
7109	1	3;5;6
7109	2	3;4;5
7109	3	4;5;6
7109	4	2;4;8
7109	5	3;5;8
7109	6	2;3;5
7109	7	2;4;5
7109	8	4;5;7
7111	1	10;11
7111	2	16;31
7111	3	14;21
7111	4	12;19
7111	5	14;33
7111	6	12;21
7111	7	16;17
7111	8	12;31
7113	1	13;17;27
7113	2	5;17;21
7113	3	5;8;14
7113	4	14;15;27
7113	5	6;18;23
7113	6	6;15;27
7113	7	20;21;22
7113	8	9;24;31
7114	1	3;56;1262
7114	2	3;54;1527
7114	3	2;32;822
7114	4	3;64;730
7114	5	2;41;763
7114	6	2;31;973
7114	7	5;32;1602
7114	8	2;43;645
7116	1	12;14
7116	2	18;20
7116	3	6;8
7116	4	6;7
7116	5	17;18
7116	6	7;9
7116	7	14;16
7116	8	20;22
7117	1	13;23;44
7117	2	5;22;29
7117	3	10;30;43
7117	4	9;13;25
7117	5	13;37;51
7117	6	13;32;57
7117	7	8;19;28
7117	8	11;19;35
7118	1	5;8;10
7118	2	4;5;15
7118	3	7;12;20
7118	4	8;12;23
7118	5	6;7;23
7118	6	6;8;9
7118	7	8;9;16
7118	8	6;7;8
7122	1	4;7;10
7122	2	3;6;9
7122	3	4;7;12
7122	4	4;7;8
7122	5	2;9;12
7122	6	3;6;7
7122	7	2;5;8
7122	8	2;9;10
7127	1	4;62
7127	2	2;68
7127	3	3;29
7127	4	4;34
7127	5	2;88
7127	6	3;57
7127	7	4;94
7127	8	4;98
7130	1	2;9;29
7130	2	2;5;15
7130	3	2;9;37
7130	4	2;5;35
7130	5	2;9;26
7130	6	2;5;25
7130	7	2;5;21
7130	8	2;9;32
7136	1	6;7
7136	2	4;5
7136	3	3;10
7136	4	3;5
7136	5	3;8
7136	6	8;10
7136	7	6;9
7136	8	3;9
7137	1	5;9;20
7137	2	6;8;24
7137	3	5;8;15
7137	4	8;9;16
7137	5	7;9;21
7137	6	6;7;18
7137	7	5;6;15
7137	8	4;5;8
7138	1	4;582;2441
7138	2	4;496;2216
7138	3	2;561;1654
7138	4	2;569;1195
7138	5	4;358;1736
7138	6	4;294;1367
7138	7	2;464;1387
7138	8	5;336;1889
7140	1	5;6;31
7140	2	2;7;22
7140	3	5;6;19
7140	4	2;8;22
7140	5	4;7;32
7140	6	2;5;34
7140	7	5;7;31
7140	8	5;7;19
7141	1	5;9;12
7141	2	5;7;12
7141	3	9;13;16
7141	4	4;7;11
7141	5	9;11;16
7141	6	8;11;15
7141	7	4;7;19
7141	8	6;9;13
7142	1	3;37;172
7142	2	3;16;74
7142	3	4;14;109
7142	4	3;10;57
7142	5	3;21;93
7142	6	5;18;164
7142	7	5;24;149
7142	8	3;30;152
7143	1	5;30;59
7143	2	2;18;61
7143	3	5;35;104
7143	4	4;20;93
7143	5	2;30;65
7143	6	3;33;118
7143	7	4;28;41
7143	8	3;21;32
7145	1	1.2;7;19;105
7145	2	1.5;7;29;38
7145	3	1.7;8;25;52
7145	4	1.3;5;10;50
7145	5	1.5;9;30;68
7145	6	1.5;6;19;102
7145	7	1.5;11;12;47
7145	8	1.3;9;30;42
7158	1	11
7158	2	28
7158	3	17
7158	4	22
7158	5	25
7158	6	23
7158	7	8
7158	8	12
7161	1	48
7161	2	56
7161	3	28
7161	4	80
7161	5	68
7161	6	52
7161	7	60
7161	8	20
7162	1	15;4441
7162	2	37;4501
7162	3	17;3594
7162	4	30;9398
7162	5	32;6644
7162	6	29;9187
7162	7	17;3983
7162	8	20;5755
7165	1	1876
7165	2	896
7165	3	812
7165	4	512
7165	5	1536
7165	6	1760
7165	7	792
7165	8	1472
7166	1	108
7166	2	261
7166	3	118
7166	4	235
7166	5	222
7166	6	289
7166	7	196
7166	8	183
7170	1	9;20
7170	2	8;20
7170	3	3;17
7170	4	6;8
7170	5	5;27
7170	6	4;8
7170	7	7;28
7170	8	9;31
7171	1	2;4;7
7171	2	4;8;9
7171	3	3;7;8
7171	4	3;4;8
7171	5	2;5;7
7171	6	3;5;8
7171	7	2;6;7
7171	8	4;7;9
7174	1	4;124
7174	2	4;84
7174	3	3;87
7174	4	6;114
7174	5	4;52
7174	6	4;68
7174	7	3;111
7174	8	3;69
7177	1	4;6;7
7177	2	5;6;7
7177	3	2;4;5
7177	4	4;5;8
7177	5	4;5;6
7177	6	3;4;5
7177	7	2;3;6
7177	8	5;6;9
7181	1	28;46
7181	2	40;72
7181	3	40;78
7181	4	60;86
7181	5	54;80
7181	6	24;46
7181	7	34;50
7181	8	34;60
7183	1	2;9;152
7183	2	2;9;124
7183	3	2;9;188
7183	4	2;5;204
7183	5	2;5;202
7183	6	2;9;280
7183	7	2;5;284
7183	8	2;9;252
7185	1	10;15;21
7185	2	7;14;18
7185	3	10;18;27
7185	4	3;9;12
7185	5	8;20;30
7185	6	4;12;15
7185	7	4;22;33
7185	8	3;18;36
7188	1	2;5;9
7188	2	3.2;5;9
7188	3	2.2;5;10
7188	4	4;5;15
7188	5	2.8;5;7
7188	6	2.6;5;8
7188	7	2.5;6;10
7188	8	4.8;5;14
7194	1	12;47
7194	2	14;26
7194	3	36;89
7194	4	10;64
7194	5	20;47
7194	6	26;54
7194	7	26;61
7194	8	18;76
7197	1	951
7197	2	420
7197	3	1463
7197	4	1269
7197	5	870
7197	6	1593
7197	7	1501
7197	8	762
7199	1	2;5
7199	2	6;11
7199	3	3;10
7199	4	5;7
7199	5	4;11
7199	6	7;8
7199	7	2;6
7199	8	8;11
7200	1	4;38
7200	2	6;28
7200	3	3;33
7200	4	9;35
7200	5	7;29
7200	6	4;14
7200	7	6;36
7200	8	5;23
7204	1	3;5;37
7204	2	5;6;37
7204	3	3;4;40
7204	4	2;3;16
7204	5	3;6;36
7204	6	5;6;16
7204	7	5;7;34
7204	8	5;9;10
7207	1	7;167
7207	2	5;158
7207	3	9;103
7207	4	2;140
7207	5	7;143
7207	6	4;186
7207	7	5;144
7207	8	4;188
7208	1	3;4;20;106
7208	2	2;3;9;291
7208	3	5;8;20;198
7208	4	2;3;15;255
7208	5	3;5;15;382
7208	6	2;3;12;268
7208	7	4;7;14;281
7208	8	5;8;12;143
7211	1	3;7;44
7211	2	2;6;48
7211	3	2;6;60
7211	4	4;10;66
7211	5	2;6;72
7211	6	4;10;78
7211	7	3;7;68
7211	8	2;6;76
7213	1	4;6
7213	2	3;5
7213	3	2;3
7213	4	3;4
7213	5	2;7
7213	6	3;7
7213	7	2;6
7213	8	4;5
7214	1	1.35;2.75;7.59;71
7214	2	1.04;2.97;10.74;58
7214	3	1.21;3.31;10.01;46
7214	4	1.56;3.98;9.14;77
7214	5	1.23;1.81;15.59;75
7214	6	1.31;1.67;9.21;79
7214	7	2.63;2.95;14.13;65
7214	8	2.59;3.71;11.95;64
7216	1	2;16;114
7216	2	2;8;117
7216	3	2;12;141
7216	4	2;8;138
7216	5	2;8;54
7216	6	2;12;78
7216	7	2;12;114
7216	8	2;8;87
7218	1	4;11;14
7218	2	5;18;20
7218	3	5;8;10
7218	4	5;9;13
7218	5	5;13;15
7218	6	3;16;17
7218	7	3;12;13
7218	8	4;15;18
7220	1	14;17;31
7220	2	18;27;45
7220	3	9;18;27
7220	4	10;12;22
7220	5	8;26;34
7220	6	6;15;21
7220	7	11;26;37
7220	8	16;18;34
7223	1	3;93;283
7223	2	3;49;177
7223	3	2;100;284
7223	4	3;101;339
7223	5	2;52;114
7223	6	2;148;299
7223	7	4;66;290
7223	8	2;120;342
7226	1	3;34
7226	2	2;43
7226	3	3;11
7226	4	2;12
7226	5	3;40
7226	6	2;23
7226	7	2;13
7226	8	3;21
7232	1	69;216
7232	2	64;251
7232	3	41;148
7232	4	48;247
7232	5	93;391
7232	6	46;421
7232	7	96;410
7232	8	78;327
7233	1	8;33
7233	2	8;31
7233	3	8;25
7233	4	6;21
7233	5	10;32
7233	6	8;32
7233	7	10;37
7233	8	6;22
7234	1	40
7234	2	52
7234	3	56
7234	4	24
7234	5	20
7234	6	32
7234	7	44
7234	8	48
7237	1	4;6;73
7237	2	10;12;63
7237	3	7;8;65
7237	4	4;6;61
7237	5	8;10;71
7237	6	5;8;24
7237	7	4;6;57
7237	8	5;8;59
7243	1	46
7243	2	28
7243	3	38
7243	4	32
7243	5	60
7243	6	26
7243	7	42
7243	8	16
7244	1	5;18;92
7244	2	6;15;61
7244	3	7;8;110
7244	4	4;9;75
7244	5	2;11;145
7244	6	3;20;74
7244	7	8;13;55
7244	8	5;10;172
7245	1	16;23
7245	2	7;11
7245	3	16;19
7245	4	5;8
7245	5	12;13
7245	6	9;13
7245	7	8;9
7245	8	10;16
7246	1	34
7246	2	19
7246	3	14
7246	4	23
7246	5	16
7246	6	29
7246	7	21
7246	8	24
7247	1	2058
7247	2	1777
7247	3	1445
7247	4	2760
7247	5	3305
7247	6	2822
7247	7	2109
7247	8	3240
7248	1	3;6
7248	2	4;5
7248	3	5;7
7248	4	5;9
7248	5	3;8
7248	6	4;9
7248	7	5;8
7248	8	4;6
7249	1	539;705;1138
7249	2	648;1258;1617
7249	3	602;812;1312
7249	4	867;1193;1265
7249	5	433;1247;1268
7249	6	614;676;940
7249	7	313;939;1144
7249	8	716;1014;1140
7253	1	2;3;8
7253	2	4;5;7
7253	3	3;5;7
7253	4	2;4;5
7253	5	3;5;8
7253	6	4;5;6
7253	7	2;3;6
7253	8	2;4;7
7254	1	5;41
7254	2	5;27
7254	3	3;31
7254	4	3;21
7254	5	3;39
7254	6	4;22
7254	7	3;27
7254	8	5;23
7258	1	4;10;14;1819
7258	2	5;10;11;1948
7258	3	4;9;10;642
7258	4	4;8;9;992
7258	5	4;9;16;910
7258	6	2;3;6;878
7258	7	5;8;11;1204
7258	8	6;10;13;1827
7259	1	35;60
7259	2	22;50
7259	3	25;36
7259	4	25;40
7259	5	25;52
7259	6	28;50
7259	7	24;50
7259	8	12;25
7260	1	4;9;17
7260	2	3;8;18
7260	3	2;11;21
7260	4	5;9;16
7260	5	2;6;11
7260	6	4;13;14
7260	7	3;11;13
7260	8	4;13;15
7261	1	100;1567;3747
7261	2	320;1660;4573
7261	3	285;1414;3868
7261	4	213;1246;5214
7261	5	98;1646;3692
7261	6	321;1295;2631
7261	7	256;910;3250
7261	8	152;1964;5975
7262	1	13;33
7262	2	20;35
7262	3	35;58
7262	4	22;39
7262	5	9;75
7262	6	28;51
7262	7	11;38
7262	8	30;55
7265	1	84
7265	2	72
7265	3	36
7265	4	88
7265	5	68
7265	6	104
7265	7	76
7265	8	32
7266	1	2;8;46
7266	2	6;9;22
7266	3	3;7;29
7266	4	3;5;29
7266	5	2;8;84
7266	6	3;7;65
7266	7	4;5;76
7266	8	5;6;77
7269	1	2;4;65
7269	2	3;4;120
7269	3	2;4;87
7269	4	2;3;79
7269	5	2;3;115
7269	6	3;4;117
7269	7	2;3;106
7269	8	2;4;97
7270	1	108
7270	2	85
7270	3	171
7270	4	173
7270	5	106
7270	6	195
7270	7	194
7270	8	74
7271	1	4;5;16;43
7271	2	5;16;17;72
7271	3	5;11;18;59
7271	4	12;14;17;70
7271	5	7;13;14;64
7271	6	9;15;16;72
7271	7	11;13;16;63
7271	8	13;14;19;74
7273	1	784
7273	2	648
7273	3	300
7273	4	664
7273	5	444
7273	6	628
7273	7	408
7273	8	476
7275	1	2;13;27
7275	2	2;13;35
7275	3	3;12;27
7275	4	2;14;40
7275	5	2;4;10
7275	6	2;10;26
7275	7	3;12;39
7275	8	4;7;27
7277	1	8
7277	2	9
7277	3	4
7277	4	5
7277	5	12
7277	6	11
7277	7	3
7277	8	7
7278	1	233
7278	2	320
7278	3	487
7278	4	666
7278	5	245
7278	6	500
7278	7	747
7278	8	278
7279	1	83;991
7279	2	37;1430
7279	3	91;1234
7279	4	89;1890
7279	5	84;636
7279	6	63;1579
7279	7	85;1952
7279	8	36;972
7281	1	27;43;2454
7281	2	9;25;2880
7281	3	20;60;2592
7281	4	7;33;3020
7281	5	18;32;2173
7281	6	12;86;2646
7281	7	22;52;2312
7281	8	10;38;1165
7285	1	15;29;35
7285	2	16;19;32
7285	3	17;27;29
7285	4	18;20;29
7285	5	19;25;30
7285	6	20;21;32
7285	7	15;27;33
7285	8	7;29;33
7286	1	5;16
7286	2	2;18
7286	3	4;16
7286	4	3;17
7286	5	2;17
7286	6	2;20
7286	7	3;19
7286	8	2;19
7290	1	292
7290	2	264
7290	3	536
7290	4	260
7290	5	200
7290	6	332
7290	7	436
7290	8	232
7292	1	10;43
7292	2	16;62
7292	3	14;26
7292	4	19;45
7292	5	12;28
7292	6	18;70
7292	7	15;57
7292	8	15;62
7295	1	50;143
7295	2	55;239
7295	3	92;293
7295	4	65;330
7295	5	70;300
7295	6	67;211
7295	7	60;168
7295	8	57;348
7297	1	50;1118
7297	2	50;3786
7297	3	89;3600
7297	4	78;2450
7297	5	80;3740
7297	6	75;3644
7297	7	48;3525
7297	8	80;2760
7299	1	550
7299	2	440
7299	3	530
7299	4	680
7299	5	180
7299	6	630
7299	7	510
7299	8	190
7300	1	5;20;94
7300	2	3;11;73
7300	3	6;18;76
7300	4	3;15;61
7300	5	8;12;66
7300	6	2;8;34
7300	7	4;15;33
7300	8	4;18;52
7308	1	93
7308	2	84
7308	3	51
7308	4	134
7308	5	177
7308	6	112
7308	7	103
7308	8	82
7310	1	4;15;18
7310	2	3;9;12
7310	3	6;14;16
7310	4	5;16;24
7310	5	7;13;18
7310	6	10;12;24
7310	7	8;9;12
7310	8	4;9;11
7311	1	2;8;185
7311	2	5;10;78
7311	3	2;6;140
7311	4	4;12;151
7311	5	4;7;89
7311	6	5;11;107
7311	7	5;11;103
7311	8	3;11;196
7313	1	5;11;15
7313	2	5;7;15
7313	3	8;10;24
7313	4	4;7;8
7313	5	6;8;12
7313	6	5;7;10
7313	7	5;10;15
7313	8	7;10;14
7317	1	3;6;35
7317	2	4;6;33
7317	3	3;4;27
7317	4	2;6;20
7317	5	4;6;29
7317	6	2;5;24
7317	7	3;4;28
7317	8	4;5;32
7318	1	5;8;351;965
7318	2	4;7;346;908
7318	3	3;9;182;938
7318	4	5;8;297;931
7318	5	6;7;356;728
7318	6	5;7;318;736
7318	7	7;9;226;404
7318	8	7;8;237;341
7321	1	13;16;19;31
7321	2	6;10;17;47
7321	3	8;11;16;26
7321	4	10;13;14;27
7321	5	4;11;12;17
7321	6	5;11;16;40
7321	7	15;16;17;49
7321	8	15;16;19;25
7322	1	36;66
7322	2	21;34
7322	3	31;56
7322	4	27;57
7322	5	19;48
7322	6	30;70
7322	7	24;62
7322	8	38;89
7323	1	4;12;16;39
7323	2	2;12;27;57
7323	3	2;12;21;57
7323	4	3;13;27;30
7323	5	4;16;20;67
7323	6	2;9;27;61
7323	7	3;14;27;30
7323	8	4;16;26;75
7325	1	5;8;184
7325	2	6;26;285
7325	3	11;28;227
7325	4	12;27;185
7325	5	7;22;157
7325	6	4;25;125
7325	7	3;29;160
7325	8	12;13;242
7326	1	3;10;11
7326	2	7;10;15
7326	3	9;11;33
7326	4	7;13;23
7326	5	6;8;27
7326	6	5;9;15
7326	7	8;10;38
7326	8	3;12;25
7329	1	7;11
7329	2	8;11
7329	3	7;9
7329	4	5;8
7329	5	8;10
7329	6	3;5
7329	7	7;12
7329	8	6;8
7333	1	693
7333	2	1190
7333	3	674
7333	4	1912
7333	5	1443
7333	6	1277
7333	7	1012
7333	8	916
7334	1	3;34
7334	2	8;34
7334	3	8;36
7334	4	5;26
7334	5	8;42
7334	6	7;42
7334	7	4;38
7334	8	4;36
7337	1	1;8;27;80
7337	2	1;5;24;30
7337	3	1;5;36;45
7337	4	1;4;21;76
7337	5	1;3;18;33
7337	6	1;3;14;39
7337	7	1;5;21;45
7337	8	1;7;15;70
7338	1	435;1966;2059;6269
7338	2	1144;2233;5550;11156
7338	3	1104;2251;5454;10547
7338	4	404;1470;5488;8069
7338	5	851;1896;2450;6559
7338	6	735;1898;3889;7734
7338	7	576;2022;5738;9531
7338	8	1058;2153;3227;7498
7345	1	7
7345	2	5
7345	3	14
7345	4	9
7345	5	4
7345	6	16
7345	7	15
7345	8	12
7348	1	3;20
7348	2	5;19
7348	3	5;15
7348	4	4;13
7348	5	3;24
7348	6	3;10
7348	7	5;23
7348	8	3;14
7349	1	1;4;95
7349	2	1;4;90
7349	3	1;2;129
7349	4	1;4;55
7349	5	1;2;126
7349	6	1;2;147
7349	7	1;2;57
7349	8	1;2;150
7351	1	12;120
7351	2	7;84
7351	3	8;96
7351	4	13;208
7351	5	12;144
7351	6	8;64
7351	7	11;154
7351	8	11;132
7357	1	2;6;7;13
7357	2	2;5;6;11
7357	3	2;6;7;8
7357	4	3;4;9;10
7357	5	3;4;7;12
7357	6	5;6;9;12
7357	7	4;8;9;13
7357	8	2;7;8;9
7358	1	11;37082
7358	2	9;71750
7358	3	9;48805
7358	4	10;39492
7358	5	8;48971
7358	6	9;18901
7358	7	5;45625
7358	8	9;62298
7362	1	15;39
7362	2	16;40
7362	3	17;47
7362	4	19;53
7362	5	19;51
7362	6	20;48
7362	7	17;43
7362	8	19;45
7366	1	42
7366	2	59
7366	3	105
7366	4	46
7366	5	48
7366	6	117
7366	7	72
7366	8	84
7368	1	28
7368	2	29
7368	3	26
7368	4	23
7368	5	21
7368	6	25
7368	7	22
7368	8	24
7369	1	7;11;28
7369	2	3;8;16
7369	3	6;12;29
7369	4	4;11;21
7369	5	5;10;22
7369	6	3;12;19
7369	7	4;9;19
7369	8	6;11;25
7372	1	25;55
7372	2	66;84
7372	3	52;56
7372	4	49;75
7372	5	27;82
7372	6	64;110
7372	7	33;86
7372	8	34;88
7375	1	47;61
7375	2	80;122
7375	3	75;147
7375	4	48;65
7375	5	44;56
7375	6	65;112
7375	7	83;132
7375	8	75;124
7378	1	18777
7378	2	23554
7378	3	18229
7378	4	19980
7378	5	8034
7378	6	15882
7378	7	20571
7378	8	6272
7383	1	6;9
7383	2	7;8
7383	3	15;21
7383	4	14;19
7383	5	13;23
7383	6	10;11
7383	7	13;17
7383	8	5;7
7384	1	43
7384	2	40
7384	3	41
7384	4	29
7384	5	44
7384	6	33
7384	7	25
7384	8	22
7385	1	5;10;49
7385	2	5;12;17
7385	3	5;7;22
7385	4	3;12;15
7385	5	5;6;15
7385	6	5;7;46
7385	7	4;10;41
7385	8	5;6;21
7386	1	41;86
7386	2	24;59
7386	3	58;146
7386	4	26;71
7386	5	54;117
7386	6	43;125
7386	7	49;139
7386	8	29;73
7388	1	8;85
7388	2	10;84
7388	3	14;123
7388	4	13;134
7388	5	16;140
7388	6	15;176
7388	7	14;113
7388	8	10;127
7389	1	56;84;109
7389	2	68;111;132
7389	3	34;97;113
7389	4	52;109;115
7389	5	58;62;78
7389	6	54;58;84
7389	7	52;86;88
7389	8	26;99;104
7392	1	34
7392	2	59
7392	3	44
7392	4	97
7392	5	38
7392	6	39
7392	7	28
7392	8	45
7395	1	130
7395	2	73
7395	3	46
7395	4	66
7395	5	123
7395	6	137
7395	7	71
7395	8	119
7397	1	8;257;561
7397	2	17;203;1257
7397	3	14;215;579
7397	4	13;275;1250
7397	5	13;370;1163
7397	6	6;383;1019
7397	7	20;156;676
7397	8	10;301;1961
7398	1	1;2;5;8;24
7398	2	1;2;5;10;14
7398	3	1;4;7;12;18
7398	4	1;2;5;10;21
7398	5	1;2;9;12;21
7398	6	1;2;5;10;23
7398	7	1;4;7;10;19
7398	8	1;2;5;8;9
7401	1	4;8;3920
7401	2	2;4;5204
7401	3	3;7;4256
7401	4	6;8;3128
7401	5	2;3;2592
7401	6	2;4;3882
7401	7	2;3;4152
7401	8	3;4;4620
7402	1	6;14244
7402	2	3;12444
7402	3	5;5025
7402	4	4;5984
7402	5	6;10206
7402	6	4;11160
7402	7	4;12824
7402	8	3;9921
7405	1	19;46;91
7405	2	11;40;87
7405	3	11;47;86
7405	4	8;39;67
7405	5	13;45;73
7405	6	24;47;114
7405	7	14;38;69
7405	8	13;43;90
7409	1	8;392;1137
7409	2	7;438;1925
7409	3	4;516;652
7409	4	4;534;1390
7409	5	6;298;1485
7409	6	7;202;1554
7409	7	5;430;840
7409	8	4;478;522
7411	1	315
7411	2	285
7411	3	270
7411	4	360
7411	5	195
7411	6	255
7411	7	225
7411	8	330
7412	1	10;60
7412	2	20;46
7412	3	30;44
7412	4	20;52
7412	5	26;48
7412	6	28;34
7412	7	22;42
7412	8	12;46
7417	1	2;5;6;48;67
7417	2	2;5;10;24;34
7417	3	2;4;14;48;64
7417	4	3;5;7;39;73
7417	5	2;3;14;32;48
7417	6	4;5;12;32;63
7417	7	3;4;15;35;38
7417	8	3;5;19;29;35
7418	1	9;18
7418	2	8;31
7418	3	10;24
7418	4	3;21
7418	5	4;26
7418	6	9;27
7418	7	3;33
7418	8	4;19
7421	1	4305
7421	2	2160
7421	3	1545
7421	4	1890
7421	5	2655
7421	6	3675
7421	7	4755
7421	8	3690
7423	1	1.25;56
7423	2	1.25;100
7423	3	1.95;80
7423	4	1.75;72
7423	5	1.7;80
7423	6	1.55;80
7423	7	1.44;75
7423	8	1.7;30
7425	1	5;11;47
7425	2	6;16;48
7425	3	9;19;59
7425	4	6;12;56
7425	5	4;16;30
7425	6	5;11;45
7425	7	10;16;60
7425	8	8;10;58
7428	1	1;3;15
7428	2	1;5;40
7428	3	1;4;36
7428	4	1;5;35
7428	5	1;4;24
7428	6	1;4;28
7428	7	1;3;30
7428	8	1;3;39
7433	1	14;64;190
7433	2	34;68;306
7433	3	29;67;473
7433	4	14;77;231
7433	5	22;75;361
7433	6	41;69;479
7433	7	45;74;524
7433	8	15;74;164
7436	1	15;25;58;65
7436	2	5;25;35;50
7436	3	5;13;34;55
7436	4	7;16;22;69
7436	5	16;29;37;60
7436	6	6;22;43;58
7436	7	6;29;43;76
7436	8	8;18;54;55
7438	1	3926;8586;13935;37463;52311
7438	2	7041;11748;23267;48811;74996
7438	3	3507;7941;18450;32753;51306
7438	4	5579;6478;29905;53474;81597
7438	5	5551;9788;25084;46013;74646
7438	6	7950;12748;38323;79135;114066
7438	7	6957;14477;35832;75932;108849
7438	8	7068;12897;23533;51448;74652
7440	1	23;38
7440	2	14;41
7440	3	14;59
7440	4	19;25
7440	5	23;40
7440	6	11;52
7440	7	11;31
7440	8	27;35
7441	1	2;9;26
7441	2	3;8;35
7441	3	2;6;10
7441	4	3;4;36
7441	5	4;9;34
7441	6	2;5;35
7441	7	2;6;17
7441	8	3;7;33
7442	1	15;20;260
7442	2	11;44;328
7442	3	11;58;426
7442	4	11;33;272
7442	5	16;30;268
7442	6	18;35;457
7442	7	18;42;543
7442	8	11;39;370
7445	1	2;3;4;14;15;59
7445	2	2;3;4;14;23;67
7445	3	3;4;5;7;23;98
7445	4	4;5;6;11;27;85
7445	5	2;5;6;11;27;99
7445	6	3;5;6;7;24;98
7445	7	4;5;7;10;17;57
7445	8	3;5;7;13;14;58
7448	1	165
7448	2	125
7448	3	115
7448	4	70
7448	5	190
7448	6	105
7448	7	195
7448	8	240
7449	1	2;6;9
7449	2	2;8;9
7449	3	2;4;5
7449	4	4;8;15
7449	5	2;8;15
7449	6	3;6;12
7449	7	2;8;13
7449	8	3;8;12
7452	1	1092
7452	2	840
7452	3	1668
7452	4	1722
7452	5	1374
7452	6	948
7452	7	876
7452	8	1284
7453	1	2;34;48
7453	2	2;27;80
7453	3	4;24;48
7453	4	5;35;106
7453	5	5;36;112
7453	6	4;15;138
7453	7	4;45;122
7453	8	5;36;73
7455	1	2;9;40;68;433;1384;7889
7455	2	2;9;27;80;351;1399;5237
7455	3	2;5;27;52;472;1287;6512
7455	4	2;9;31;64;402;2535;7457
7455	5	3;6;21;53;592;2013;6987
7455	6	3;6;34;57;370;2963;7626
7455	7	2;5;20;64;473;1285;6007
7455	8	4;7;27;62;369;3418;6631
7457	1	26;45
7457	2	56;63
7457	3	39;117
7457	4	40;58
7457	5	79;108
7457	6	30;157
7457	7	72;113
7457	8	20;91
7459	1	151
7459	2	112
7459	3	221
7459	4	206
7459	5	187
7459	6	240
7459	7	201
7459	8	243
7461	1	51;80
7461	2	36;70
7461	3	71;120
7461	4	77;88
7461	5	42;44
7461	6	65;78
7461	7	76;118
7461	8	65;98
7464	1	117;203;825
7464	2	101;201;897
7464	3	77;81;562
7464	4	94;186;771
7464	5	87;114;798
7464	6	108;162;905
7464	7	159;174;965
7464	8	177;205;892
7468	1	2;3;17
7468	2	2;5;37
7468	3	2;4;22
7468	4	3;5;43
7468	5	3;5;38
7468	6	3;4;31
7468	7	3;4;39
7468	8	2;3;23
7471	1	5;6;32
7471	2	7;11;30
7471	3	4;6;25
7471	4	9;11;34
7471	5	8;11;31
7471	6	6;7;61
7471	7	5;12;22
7471	8	4;6;43
